             8.4880306335,           262.6279122255,         -2383.6445402014,           230.7161927873,         -2369.5238197884
           216.3969761164,           382.3029855214,         -2364.5920275552,            22.3365044862,         -2500.8447518882
           -17.7059197332,          -636.6703213873,         -2519.9334074467,           -48.3237635349,         -2312.3755089551
           100.1231734364,           129.4748578151,         -2497.3032439365,           343.6183017566,         -2269.3059084506
            16.8221658235,           108.2179997203,         -2259.1329009050,          -501.4186004288,         -2338.0320021164
          -327.8307152409,          -264.9596605609,         -2313.8548799506,          -309.8768498579,         -2160.8610935396
          -530.6690935414,            70.2961321252,         -2353.4686792448,          -372.0030720539,         -2339.5826577307
          -489.0285089209,           239.0326035148,         -2249.9333145912,           251.5043780361,         -2643.2436074754
          -350.2554097270,          -137.4039080209,         -2160.0898361399,           123.3398468299,         -2517.4076251514
          -282.2665977898,          -251.3714609609,         -2404.3924746081,            67.4908454751,         -2230.3684649242
          -140.2370017513,           149.2410035919,         -2258.6599018626,           371.6201896375,         -2272.4563705265
            78.5817816289,           131.5035775550,         -2298.2471487534,            33.0209362481,         -2389.5067817354
           229.2023290325,          -119.6715553511,         -2239.4514827420,           426.8626857328,         -2401.8423381390
           517.0194669035,           -32.6100024525,         -2364.8850128382,           206.2472365326,         -2486.0878118676
           340.1717451572,           107.7266473947,         -2293.7394702864,          -417.4084774984,         -2305.2695832482
           -37.4939282821,           127.9689948543,         -2600.6636482782,            57.0143308040,         -1974.0401163911
           755.5672669747,           336.0368341639,         -2629.7767874105,           952.1067739284,         -2497.5718733327
           665.4011253982,          -586.5252380271,         -2430.3993440584,          -921.4654145993,         -2377.6843699994
           142.0151415735,          -208.1324265951,         -2519.3495867918,          -305.4023392022,         -2136.2858167177
            76.7745700116,           319.7905550754,         -2238.3605835965,           -85.5256855841,         -2439.4209615067
           -49.3229986529,          -249.9579813211,         -2327.6746148148,          -110.7206189101,         -2336.7738962453
          -101.3147764140,           272.4532891335,         -2385.7534567116,            53.8829187029,         -2149.5235020846
          -220.1808730893,          -242.6511246249,         -2328.2440355006,          -291.1657568439,         -2570.5264027555
          -344.4843310271,           267.7969375444,         -2385.8634456767,            98.2745380449,         -2414.4833362347
            26.5579701608,            61.0673588062,         -2385.0950272363,           327.5508197275,         -2371.0253360517
          -229.8460468677,          -400.1183955321,         -2342.1052759908,          -705.9483255377,         -2346.8051449914
          -414.4432144906,           168.8467507766,         -2668.1116568653,           473.0158211011,         -2040.3129317253
           169.6745492627,           250.8316924448,         -2397.7477066395,           598.1302310181,         -2290.0853071573
           443.6446209400,          -122.9482084048,         -2432.3749729290,           -99.8367669668,         -2392.5208078652
           189.8042970688,          -457.9361657850,         -2359.1374372472,          -486.5026788739,         -2371.3456445049
            45.9807304893,            46.9050254058,         -2448.3408105222,           -21.5514656680,         -2255.9023762116
            72.3237442826,           343.4632490064,         -2321.4553626118,             1.7257143790,         -2189.0411855264
            19.9666586665,          -271.1005547482,         -2477.9484176092,           518.1610367190,         -2151.1644069959
           433.6649789563,           -22.4032641009,         -2383.6268646286,           389.5645710500,         -2369.5348632457
           433.5200857766,           363.3704807351,         -2428.9285814822,          -388.5710139718,         -2375.8607989008
           -77.5642472514,          -196.7250892880,         -2297.9106715123,          -540.1565320884,         -2494.9925693200
          -218.4527589506,          -360.1263535055,         -2333.7693633709,           113.6224820255,         -2540.9691892213
          -226.1836376472,           166.1888235094,         -2406.1972082492,           273.9016463691,         -2129.0624890720
           -48.1460525656,          -106.1347766402,         -2236.9128411622,           486.8926440891,         -2215.0374248687
           331.7458284949,           189.4060781004,         -2488.7672627534,           405.0029164680,         -2365.9160288306
           276.9583176523,           201.4091989023,         -2292.2690375253,          -344.4436524853,         -2336.5381320437
           386.3920627217,           458.9923739245,         -2578.8254223475,            90.1122930630,         -2357.9012072442
            58.7467025492,             6.5929184051,         -2319.2639671850,          -521.5312547812,         -2642.9973484977
          -139.6106028264,          -554.6475216657,         -2830.9486507228,            88.8720108480,         -2060.2475448784
            50.5236611512,           374.2210768017,         -2237.9445766346,           150.1147642806,         -2233.8316384647
          -139.3127326667,          -462.9496631057,         -2237.6359494482,          -676.2182579544,         -2470.2715969251
           106.4465134764,           179.8479009606,         -2185.2913818613,          1023.1791178712,         -2461.5327481240
           542.7109224214,           121.1696246409,         -2147.8244640339,           326.9230678597,         -2597.8230881485
           600.3999043532,           289.1680536244,         -2162.4061021037,           -23.3996463011,         -2709.9794886055
            58.6058005717,          -461.6574366493,         -2330.7590635608,          -980.3518290209,         -2186.3688957216
             2.4163581776,           -16.2153472847,         -2154.6814311684,           593.9176796917,         -2292.8575445241
           175.9599744951,           320.4982830011,         -2348.6524670764,          -125.0168540713,         -2325.0275889900
            18.2539285762,            29.8468523703,         -2235.6077875947,          -330.5102375570,         -2359.2056723136
           -94.0535332841,           123.3755391797,         -2586.8247946634,          -107.9717349219,         -2428.1867279326
          -299.3312543847,          -240.6551984460,         -2219.7237136027,          -609.0592808841,         -2214.3043406333
          -628.3978834737,          -399.7442171032,         -2248.5646160437,           134.3577316061,         -2414.3777788224
          -475.9828341842,           541.1395448076,         -2470.4745800444,           573.9168693644,         -2467.1810845087
          -381.0955191764,           659.4536313140,         -2250.4279842587,          -552.7474733446,         -2649.1313384430
          -898.8274861791,          -959.3471867486,         -2479.0491383273,           415.5763771803,         -2732.4149463723
          -347.7682011211,            69.2953454650,         -2631.2502199478,          1338.3767421545,         -2104.9234961607
           169.2152898879,           270.1740288770,         -2269.1859154111,          -108.9522039089,         -2260.9586318401
            41.3077260668,          -375.9204772300,         -2360.8485727956,           123.8298702484,         -2229.6485436220
           125.3271841413,           286.4461991916,         -2551.0607394443,            32.6223816809,         -2327.3008072036
           312.2986531932,          -119.6978860758,         -2086.4719909286,           503.9134126839,         -2486.7239832601
           147.2867368688,           105.1559097206,         -2428.7972653899,          -758.6111866191,         -2385.2905856624
          -177.9653702382,           190.8022408910,         -2126.9012696255,            -5.9332765594,         -2563.5326946771
            35.4088886987,          -567.4624174252,         -2121.4372768262,           423.6377020300,         -2431.3470971629
          -225.4815693339,           109.8488581233,         -2374.5472620786,          -780.4779477929,         -2228.9315837334
          -576.1694449317,           460.8817892678,         -2048.1516917375,            63.0670757203,         -2639.2554724283
          -423.6618524146,            39.4916476693,         -2310.7424952365,           257.1949615005,         -2664.0964605780
          -173.9775569095,          -366.3396391118,         -2374.6227376372,           290.0834820253,         -2341.0664477573
             2.8698891079,           151.5912843088,         -2271.2007372375,            24.3783017963,         -2135.6243935542
          -252.0349436304,           -80.5533719583,         -2119.4333066706,          -426.6361388232,         -2544.2095653247
          -328.8035517862,             7.3434235434,         -2359.9894111419,            -9.4988523168,         -2386.8662832225
          -308.9551700771,           283.4698803107,         -2337.2582416754,           -24.4642545941,         -2223.5869704671
          -153.2455461922,           130.2811693361,         -2459.6149933689,           135.7368942414,         -2314.5517517887
           -46.7710557663,          -113.9139874231,         -2575.4462626822,           508.2457277756,         -2249.9218889482
           578.5401871221,           -56.3299768324,         -2451.0252007702,           424.7627333940,         -2348.4696263632
           506.1650663558,             3.9931335636,         -2119.6272786923,          -573.3569999037,         -2658.8763369962
           202.5094925315,           -73.7582367659,         -2471.6556077482,          -391.6627895602,         -2405.9409371059
           -64.2720683972,           116.9094512478,         -2246.7846850526,          -718.5515776676,         -2275.3248470494
          -688.1482525153,           -89.3804821125,         -2394.5960597281,           -47.6558366765,         -2371.3600148633
          -158.2595675866,           199.2677547514,         -2425.1995343526,          -645.9170616675,         -2483.4942950252
          -829.2489846011,          -564.5326526929,         -2227.1065894492,          -291.6692960029,         -2405.7051623656
          -320.3262385050,          -142.9352906489,         -2334.2342254443,          1195.8316897159,         -2496.3498031674
            72.3068070481,           704.0786344594,         -2311.9359395830,             8.2850481179,         -2608.4588400262
           325.2107979219,          -386.0774863116,         -2332.9600224403,           493.2768537935,         -2277.3865038578
           381.1344547777,           361.3165484278,         -2867.6107086866,          -275.4549530690,         -1925.6098712440
           215.3681046820,            11.9702035505,         -2539.0697115019,          -428.0325175283,         -2417.2670651112
          -425.0222848573,          -343.0503219621,         -2416.7896289625,          -828.5098488444,         -2404.4354857977
          -201.1483135285,          -364.2068831894,         -2718.0443657302,          1089.4187314012,         -2198.7555780910
           480.2737031496,           575.6598887335,         -2288.2753809585,          1052.1154599160,         -2518.2757451026
           321.1734563038,          -202.1532450843,         -2278.6875651226,         -1410.7209225047,         -2424.5400818230
          -180.1129816596,           252.0366771660,         -2471.0562359824,           692.2587581499,         -2239.0379763058
           149.1723481667,           -57.7696445091,         -2290.6927163050,          -405.8547238843,         -2443.7548133121
           240.1763756518,          -120.7452155810,         -2266.0478950263,           947.7498084809,         -2556.1270702503
           796.0896717871,          -295.7953140307,         -2101.0652168179,           375.7861460183,         -2699.8030559258
           668.3476173890,           438.7259071791,         -2522.9481395609,          -786.1259797525,         -2141.5921463992
            78.5729067989,            71.7069753691,         -2136.2551888505,           -98.4023630843,         -2631.0963140835
           445.9775684394,          -601.6683827296,         -2434.8629684171,           703.2770547020,         -2620.7580198794
           353.3148193990,           338.1829425764,         -2201.1944065752,         -1163.1003592536,         -2204.2254852336
          -364.6996412425,          -106.4901978588,         -2217.0722944479,          -445.8646075885,         -2328.3047214416
          -159.2185214683,           132.8600044541,         -2355.0193510693,           631.9727215930,         -2424.2076484383
           174.3678892279,           242.4126644520,         -2378.0358719121,          -273.9713465655,         -2303.9484736702
          -254.0579561058,           -50.5620370139,         -2487.1319524344,           -52.0252166285,         -2380.9701921210
            74.1213371273,           -84.2385968092,         -2479.4447847650,           552.3607870365,         -2218.3440282363
             5.8946387299,           -75.3530483555,         -2399.4630487598,          -430.5212090553,         -2258.7504900143
           185.5314897608,           -22.3291652670,         -2322.4385693681,           632.7902330902,         -2410.7243196963
           546.7319199063,          -274.6536136236,         -2258.0328015139,          -182.5560214520,         -2179.6059056759
           606.2643538476,           544.2654539137,         -2471.6855279531,           371.0852666195,         -2428.8764842831
           568.1737394505,           100.0941150394,         -2246.5495554611,          -368.6829575467,         -2563.1718618489
           510.6383464320,          -387.5763923840,         -2401.3274965956,           -56.7586844196,         -2606.2046147304
           224.2914168339,           -73.1321511426,         -2338.8862737830,          -755.4764216295,         -2456.7359903361
            64.0595688908,           117.6037608788,         -2276.2977721290,           683.1731390370,         -2155.5588170020
           441.0520075536,           -94.6347469295,         -2173.4354675966,           -14.4852323186,         -2425.6476226969
           195.8235130180,          -121.4981662917,         -2311.8079487858,          -738.8192505006,         -2503.1129855563
          -495.4889380167,           -24.1963960227,         -2119.3591036422,          -603.7161548286,         -2325.6593876291
          -466.7111525668,           259.7483712388,         -2342.5145908412,           279.6908603182,         -2535.2550406101
          -301.1646938889,           327.2325595720,         -2361.1943009668,           100.7961717097,         -2470.1147741544
          -298.7828428587,          -179.3450649185,         -2351.4119002778,          -129.8733459044,         -2360.3018759261
            25.6940457125,            38.0081868984,         -2681.3059249800,           748.8251215178,         -2046.7793840030
           198.1069487779,          -405.9157029528,         -2073.0563017946,          -141.1735047044,         -2542.5237783102
           261.1475261932,            -7.6512371088,         -2363.9502214095,           177.4653045080,         -2505.5957123241
           -49.6157179303,          -317.5665146737,         -2074.2397800841,          -184.4395575485,         -2626.2614952576
           161.4536561056,          -239.5735544805,         -2528.3301266978,           850.9697998425,         -2372.2582439468
           878.5145066368,           764.7249853733,         -2273.8158296976,          1216.8448189212,         -2492.5578295152
           368.8359276556,           -83.7554403034,         -2369.3248746386,         -1946.1146972670,         -2504.3834082474
          -562.9788689569,          -382.6753950988,         -2232.3386406912,            66.1761238675,         -2416.1334963078
          -474.9595855345,           266.6161064701,         -2505.5054873747,          -134.8114128993,         -2644.3770635254
          -485.3668333823,           268.3507252084,         -1900.5763140726,           125.3875284056,         -2736.1607526053
          -125.6398521320,          -363.2355437766,         -2545.4663063722,           618.4937130239,         -2381.7637693154
           221.0339840972,           262.0501388060,         -2470.5945875554,           833.3384117508,         -2226.0056284734
           177.8983152479,           653.5368649968,         -2484.3240123204,          -813.9511749455,         -2179.5743771360
           -63.0159126668,          -986.0855323766,         -2657.3798438751,           115.4845690752,         -2294.5433117507
           -77.0165324866,           423.1371444046,         -2479.5331053803,          -309.2634327285,         -2389.6691731432
          -197.3978754800,          -267.0666989546,         -2301.9755677669,            68.5518213014,         -2700.4701478041
          -217.1349901079,           463.8098061089,         -2789.4709692380,           357.5204211863,         -2248.2701583468
          -107.8365762343,          -106.5651284537,         -2484.8745720883,           201.0061894873,         -2158.0806929237
            23.9622009882,           -34.2007047867,         -2629.2924151654,          -188.8784674322,         -2391.7537978470
          -347.4052398361,          -106.6921437964,         -2436.8302898566,          -488.8321079018,         -2445.4417118573
          -349.6378487918,           -88.3442439130,         -2428.8049445566,           271.7615762306,         -2124.2461024552
          -129.6427648277,          -227.1559660250,         -2389.8877003967,            32.7337928473,         -2175.9119145648
            98.6304211894,           -81.8714909910,         -2208.1384529688,           522.4741794364,         -2453.5606217290
           317.8603431514,           316.5617084216,         -2401.6454118425,          -217.5175497087,         -2313.7789485452
            -8.5715272212,           -75.7209553083,         -2180.6664712520,          -173.8977538240,         -2476.5343134124
           -29.4019044595,           -62.6380709833,         -2400.7105727155,          -127.9889828678,         -2479.4622210077
          -269.9957128479,            -1.1277082018,         -2256.4993650402,          -226.9790477846,         -2404.9012116722
           -54.9155279380,           181.9493338226,         -2364.0695514256,           751.4098449348,         -2425.4020426748
            -0.0261149580,            28.7658213568,         -2349.5507860824,          -546.6880932844,         -2275.4490613168
            23.1900077875,           -60.1936812691,         -2585.6999014021,           486.8591111166,         -2332.8813464817
            19.5615611457,           394.5308983831,         -2446.9588631680,          -821.1509312451,         -2442.5009109084
          -741.4116270946,          -213.6037329448,         -2667.3027399216,           -96.3023500252,         -2645.4335223050
          -418.0970944012,           249.1389478890,         -2543.3603082355,           839.9959669574,         -2253.8480293449
           170.7630447731,          -507.4810323966,         -2517.7963058703,          -240.9809614428,         -2151.7150322780
          -134.9401432596,           109.3746801089,         -2610.7850177552,          -527.1063349386,         -2153.2639660706
          -117.7435755258,           351.1587881962,         -2312.4262282015,           497.0022639382,         -2340.7106542106
           235.5553891149,          -502.9264893019,         -2348.9306858457,           -21.7761278024,         -2251.6835781200
           543.1958002669,            82.4315879319,         -2349.2513108703,           945.7070747444,         -2539.1050622372
           757.9619838013,           162.7934973079,         -1999.0010108653,          -534.4290835565,         -2741.0313340132
          -128.5402936359,          -127.8166478983,         -2554.7024378276,          -795.6534736932,         -2160.6444583848
            -8.5646421990,           -87.3794603796,         -2119.0167845327,           649.3095185712,         -2623.1716824940
          -112.7250747328,           235.4285757599,         -2503.1727761325,          -436.9023479156,         -2471.6815218252
          -261.0365236824,           -91.3135197315,         -2303.4671560750,           374.7524131626,         -2429.8047007650
           151.4143920818,           167.0928668179,         -2556.7389269788,           482.1024069773,         -2131.7230079757
           -19.5100421508,            81.3252171189,         -2410.6864007555,           571.6236146330,         -2337.5485062087
           580.8680888398,          -123.8764504019,         -2566.7000407156,           228.5934973944,         -2275.8880108041
          -107.8512003018,           475.3464387465,         -2697.1238513341,         -1414.7520735740,         -2218.0344721016
          -677.3228487508,          -893.4866217373,         -2429.6694998259,           521.4384919626,         -2337.9561519818
           -19.8473623824,            59.5396655234,         -2936.4241664099,          1675.2772178171,         -2116.9564074345
           976.8940822742,           233.9986354195,         -2063.8875243196,           164.0915215091,         -2660.1842581279
           255.9318190059,          -335.7662810785,         -2597.2334699926,          -908.7942775687,         -2170.4125310569
           163.5962062933,           -81.7607022189,         -2310.0394336850,           491.5876992950,         -2349.9851405071
          -105.2712196359,          -131.0604099377,         -2224.4527820663,          -928.6684944135,         -2451.1916415250
          -809.4876441545,            51.8345985317,         -2125.0795591183,          -585.4357751378,         -2795.2593697764
          -261.9041689122,            31.9193505750,         -2460.4324638745,          2110.5044173528,         -2467.0986891553
           719.8642544806,           234.2316017956,         -2402.8651674367,          -201.7671253662,         -2478.8615365670
           539.1939055581,          -238.7023819734,         -2541.0097007143,           195.4479856812,         -2328.9959155664
           104.3534840011,           -90.0996494555,         -2387.8915429381,         -1256.3606272571,         -2258.6164193139
          -513.9209888973,          -176.5428081449,         -2413.7281481644,          -399.9754850293,         -2511.9306879549
          -447.5061456130,            89.6403255463,         -2172.5096361892,           275.8885765392,         -2265.3685613514
          -211.0639679900,          -337.9364069221,         -2147.4551465645,           244.1936435545,         -2399.7304256157
          -312.4788360905,            43.2385006313,         -2133.9103677140,           -23.5932145204,         -2466.6837482757
           -59.2471915958,           417.2396392831,         -2340.8259412187,           867.3162351945,         -2196.2595562672
           496.3242885373,           268.8505712489,         -2345.0295206103,           246.9423432606,         -2427.3256187251
           222.9623213387,          -258.7006077906,         -2442.0649920933,          -850.6015154835,         -2464.8165250133
           -34.8552932598,            76.1122907630,         -2511.4393392707,           534.9894411039,         -2388.0129449241
           378.3642159490,          -109.6732443570,         -2268.0438019196,            97.5157795555,         -2469.7662301424
            44.7561532184,          -364.2010121597,         -2622.2167105170,          -588.2409198515,         -2045.3194364294
          -235.8146732285,           283.8933141628,         -2106.0471122944,          -168.4338506633,         -2262.5622776034
           -93.7004322048,           -99.2807020455,         -2448.3762965413,           456.7323848367,         -2519.2733027764
             9.7849560465,           288.0969367184,         -2469.8835830440,           411.3477952914,         -2323.8586650817
           -92.9444669344,          -101.1383492493,         -2452.6585602689,           184.6597451733,         -2119.9534727345
           232.5241925512,          -277.2761583029,         -2387.1816035687,           137.5946860097,         -2504.2264317863
          -217.1514653566,          -119.0306937200,         -2066.2783302296,         -1165.6857017707,         -2733.0326904105
          -609.8264558877,          -227.6839601114,         -2088.2549181305,           568.5918174892,         -2421.7910686719
          -178.9193877934,            61.3772274503,         -2330.3260551922,           442.7541477443,         -2135.3777275098
           -33.4245355668,           515.5314155104,         -2292.1376694479,          -253.9573331707,         -2622.9089951203
          -210.4383384705,          -227.1199493112,         -2471.0043581014,           187.0731037885,         -2274.5215249806
           112.1466987336,           509.4275910883,         -2929.8083942988,           141.1065954475,         -2043.5798778065
          -167.8232107810,          -450.2618150680,         -2358.2129889262,           182.8192679576,         -2412.5380020353
           117.2997736481,          -207.1153683070,         -2697.4480362306,           221.0355661785,         -2407.1963687910
            46.2038382966,           209.4811130507,         -2379.5311858993,          -514.0999613729,         -2149.7443355232
           227.8730415672,           -63.3049329922,         -2329.0545832020,            12.2661725108,         -2345.2265815993
           403.8998889800,           -13.6521845355,         -2576.6007707252,           195.3730828837,         -2444.6493265820
           114.8405054561,            99.8120150259,         -2233.9384804413,          -797.6024335716,         -2439.0966451354
          -350.6308187635,           326.6763633872,         -2471.0387996520,          -113.0331976883,         -2551.2932361496
          -298.7237501150,            27.7240126608,         -2083.9735138918,           181.0900317855,         -2482.8787633222
          -551.1700123229,          -400.6646269074,         -2276.0605802200,          -456.2477369664,         -2582.2742064748
          -179.1555822469,          -125.8976371642,         -2127.0196037979,          1145.3759243613,         -2509.5189415490
           176.0983649444,           795.1838223243,         -2633.3585148661,          -349.1159340652,         -2063.2913216890
          -495.2797733030,            74.4084785994,         -2159.0503290670,          -497.1165310158,         -2493.1997516703
          -510.3251361169,          -580.6263694543,         -2770.3373995778,           427.6767917191,         -2157.5042434429
          -216.8395685633,           280.4445240489,         -2410.0773700853,           359.3094788349,         -2140.0201270012
           355.0570953572,          -151.1963895935,         -2304.4394793928,           798.9624625535,         -2287.4828605822
           432.8816202406,          -127.8654614353,         -2439.0819824220,          -682.5827458996,         -2290.2741677645
           -30.2067953635,           579.1067492740,         -2591.8987463308,         -1033.8438070826,         -2149.3687034524
          -712.9707719066,          -119.7513076144,         -2344.2200862040,          -351.8557740803,         -2517.9754277821
          -683.7046185336,           -40.1386963689,         -2294.6998102766,           349.2144229317,         -2550.6412213739
          -257.2592167003,          -121.1051789067,         -2350.0200951367,           801.5240356477,         -2438.1446132664
           223.4814093951,          -223.0153570163,         -2145.3296589813,            52.8019396770,         -2395.8921060896
            47.4234363801,           146.7052019555,         -2178.3682226599,          -213.8819125333,         -2436.2834902655
           192.0114102744,             5.2282324538,         -2197.6473655584,           421.1542751102,         -2277.5947775185
           552.2355000667,             1.4002481929,         -2145.8582164108,           -31.7371597654,         -2305.4153799981
            45.0292983142,            52.4941527438,         -2419.8008950409,         -1394.8741085125,         -2187.2907472390
          -513.4475505388,           566.2194119600,         -2425.5018018666,           194.4809946144,         -2473.9208134836
          -259.7002906308,          -634.0037687887,         -2500.6181352278,           -85.9663132276,         -2368.8934602318
          -193.6838530368,           410.8748156974,         -2635.4046658586,           309.3700193639,         -2330.5119604504
          -119.3683213613,          -139.5760144865,         -2170.2189528713,          -341.5318057562,         -2694.0600488280
           -89.0724711541,          -480.3481230857,         -2485.3063230488,           208.4005522465,         -2156.8040406945
            49.6713882751,           291.4048705776,         -2412.5874276798,            74.6405603242,         -2173.2506994069
            68.9305127189,            72.7638779062,         -2195.2654597683,           -22.3532029105,         -2197.3634221481
          -371.0615161871,          -211.3835852899,         -2139.4269786050,          -646.6880380368,         -2398.0529053484
          -647.6331528095,           -67.0661951038,         -2331.3080709633,          -163.8611777433,         -2557.9442457832
          -236.2748967043,           575.0856985273,         -2181.5981928033,           897.8385578780,         -2512.2119374975
           460.7558002427,          -336.2772793536,         -2277.4766768779,           375.6813006381,         -2401.3436911949
           431.5025909478,          -142.1704735676,         -2362.3777482189,           -50.2997851782,         -2275.6416473069
           669.9813842546,           560.1022011527,         -2310.7920611105,           442.7006366768,         -2455.0862170890
           367.8065699729,           -88.8370564450,         -2154.5755518290,         -1211.9943412943,         -2541.9492638381
          -207.1280999862,          -283.2177965935,         -2654.1381582121,           107.0017547103,         -2268.7077075140
          -170.4696982398,           524.9098559210,         -2252.7313952481,           -65.7186365090,         -2474.5516830672
          -261.3657607153,          -375.7843396183,         -2452.2801130997,           -64.6289778837,         -2565.3969925059
           -65.8233455861,            27.4247125060,         -2232.1769596329,           151.0624277237,         -2328.8918175109
          -249.9544409464,          -113.6966682741,         -2527.4637558532,          -363.2300793897,         -2431.3974804468
          -296.4811348035,           416.1218785994,         -2323.5049924804,           527.5213483466,         -2353.0402363228
          -165.3314182773,           -93.6559820014,         -2482.2125608630,          -360.3387741445,         -2303.6425176688
          -320.2263600238,          -273.1442052120,         -2311.3160057065,           213.8852607692,         -2432.1943498689
           601.1727187312,           147.0608019335,         -2290.1110179009,          -281.3598614966,         -2533.0543315513
           -22.2704542841,          -213.7200033814,         -2510.4471463888,          -451.9496005179,         -2121.7116694594
           363.9819807949,           -88.9241896818,         -2201.4177175045,           989.9336617742,         -2427.7180487836
           659.6341648037,           107.5165598971,         -2422.3963310036,          -358.5618248788,         -2218.1525373728
           125.7438231889,            69.3373636189,         -2226.0738109076,          -903.3372899092,         -2362.0732417927
          -378.4456741318,          -341.3038880086,         -2203.1501329693,          -205.3860157025,         -2541.2367705539
             7.6686347663,           -48.9016650504,         -2092.8844901234,           845.6753629942,         -2464.0236605939
          -141.4666073652,           170.2929047506,         -2133.3149354879,          -889.4371536680,         -2379.5313362122
          -569.5316684492,           145.0604975838,         -2154.7666796400,          -160.6252618655,         -2331.9163051077
          -347.4434713755,          -157.3747501866,         -2142.9318872002,           509.1020762496,         -2373.9246649208
            82.0621480687,           273.5673021056,         -2376.3954476638,           673.2280602986,         -2280.5794990343
           139.8524718200,          -315.5983188116,         -1952.8766852935,          -131.0278878592,         -2776.5364317144
           227.2901956198,           153.7195979646,         -2386.5898737916,           298.5756417735,         -2303.4806897159
           206.3343834958,           -15.4278262766,         -2369.4872881211,          -663.9144664073,         -2343.9780250558
          -203.3590380529,           -24.7599743176,         -2285.8920743882,           272.4045675450,         -2021.3429917958
           126.5979374931,            55.2742107367,         -2385.2467939906,            67.0991881569,         -2153.6250234397
            82.8317350464,            93.4475922476,         -2397.5274222146,          -204.3572555340,         -2315.8521352270
          -119.9613452480,            64.3532917889,         -2145.2195283772,          -345.5063767042,         -2422.2945757879
          -219.6967740656,          -530.0821361374,         -2261.2210359023,           174.1857396549,         -2203.3497658907
           -92.4687106162,           800.3585734853,         -2393.0700039723,           619.4039276407,         -2508.2273174608
           196.8928792385,          -602.3997704872,         -2643.3430807144,          -267.7479805678,         -2297.8280439958
           160.0511700376,           671.9845094418,         -2710.9995472855,           392.5498193564,         -2160.5309692650
            61.1205479082,          -488.0523520457,         -2401.6876824981,          -480.0887729514,         -2474.1032390851
           132.7983135234,          -174.4157180594,         -2330.3861504954,           394.5292452789,         -2251.6416586034
           120.2286168420,            65.1534867942,         -2140.8259649378,          -598.0407421075,         -2378.4987047113
          -382.4859794688,          -191.2878030085,         -2212.2191642636,          -158.7978207991,         -2308.6433417222
           -40.2088943473,            95.2270602811,         -2197.1265884322,          1201.0288557385,         -2314.9457458444
           727.0786557265,           -69.6501983564,         -2227.4656394100,            20.2314915170,         -2433.4273834904
           310.5395102742,           514.4987669623,         -2420.2213109984,          -895.6725253891,         -2459.4333408116
          -165.3785918132,          -182.3839651514,         -2357.1256065643,           198.1703491846,         -2419.7176983044
             1.6061482696,          -236.0954449985,         -2708.2487578551,           -57.2799615307,         -2152.6236504761
          -265.1558855666,           498.9134085062,         -2579.7929184674,          -493.5798807048,         -2094.1558060095
           -85.2223478288,          -388.8123638338,         -2414.7400158984,           988.3202670070,         -2533.1229832206
           345.5318762273,          -227.6882706435,         -2586.9149637949,            -6.7111417481,         -2313.2956184209
          -158.3672231315,           234.0887294062,         -2221.7087024920,          -501.0951500908,         -2357.5500655471
            -3.2789734781,           -73.2494812440,         -2446.4485611616,           642.6135244834,         -2270.8570611872
           358.1966258617,           259.3393711054,         -2292.1321641377,           213.7245746863,         -2488.6922804724
           312.3923850543,          -419.7936710559,         -2469.4795490240,          -505.2445832581,         -2113.4560868441
           -21.8712487097,           405.3699260883,         -2506.8140410991,          -119.7643752993,         -2196.6767320324
            87.8848088768,          -107.5245221195,         -2177.5547915022,           192.0611518153,         -2670.3086991791
           130.5713808281,          -207.8144261267,         -2380.9201263190,          -112.0485981569,         -2307.9232954286
          -402.8633531962,          -207.9660829018,         -2191.6944995984,           -46.8982845967,         -2523.5593205257
          -254.7615263706,          -178.4954589288,         -2650.1356099343,           252.9793207150,         -2230.6776804873
          -347.6929723390,           292.6635603970,         -2219.9060614107,          -552.0051720698,         -2188.4369987940
          -241.5385593165,           105.3322499751,         -2550.9511717127,           540.9940467979,         -2235.6044340865
           113.6468556317,          -195.0581293094,         -2204.4197882929,           263.7730038685,         -2542.5612176897
           303.0328461354,          -251.5135893508,         -2600.8404198660,            85.3070007270,         -2123.3157751138
           597.2194625675,           473.7070732491,         -2186.5424173831,           649.3192535590,         -2392.7805982770
           589.6422714555,          -591.4030101706,         -2181.3978424044,          -724.6342691504,         -2563.9385462254
           311.4002074481,            37.6886808890,         -2514.1659945996,            49.5713361863,         -2128.8272736191
           396.1982581908,           128.9153999124,         -2101.2441876857,           143.8208528959,         -2446.1837250226
           320.8297279094,           353.2391020215,         -2431.8241852476,          -539.2946865418,         -2427.8084196351
          -383.5452705812,          -659.5757686796,         -2531.8553920226,          -405.6047477126,         -2247.7183259429
          -116.6465516266,           644.8334206710,         -2602.7823475524,           924.6838801054,         -2129.0356019566
           112.5321679689,          -661.6672563545,         -2141.8353031690,          -681.1292387230,         -2490.1644127543
            75.4155916374,          -153.7698134303,         -2631.3462512497,            47.7143433529,         -2416.2484108412
            59.7268259454,           283.4176294407,         -2142.0307462393,            41.1074824238,         -2405.1491597005
           -38.9051335282,           -48.6759387086,         -2353.5625353069,           -96.2352225974,         -2147.7504965382
           121.1269424080,            10.6742056848,         -2251.3551469434,           535.8279790102,         -2399.0497993418
           748.0986413698,           -57.8778103247,         -2588.3115188106,           474.8569915972,         -2486.0099182443
           473.1903314851,           826.2299429841,         -2416.7961785520,          -982.8319180244,         -2500.0651289610
          -205.4922673384,          -742.4008411219,         -2685.4168524922,            32.3951844009,         -2034.8734121400
          -298.1722592145,           551.0569501169,         -2114.0443678016,          -599.8774890267,         -2596.5671705350
          -539.5131626462,          -467.2210718744,         -2305.4231452275,           234.7012743629,         -2360.6010468698
           108.1780951154,           363.4697425159,         -2415.3197330465,          1149.4386430296,         -2325.2592353603
           404.6067784427,          -337.0360391137,         -2172.3611959515,          -490.4124085840,         -2549.2745925338
            94.2113660845,          -231.8726535717,         -2553.6891878277,           -89.8824447552,         -2067.2127060700
           158.1319707026,           891.6921595518,         -2522.1817272795,           290.9308628395,         -2210.9304296223
           397.5214933033,             5.2368510418,         -2390.3253653723,            67.1507757521,         -2428.4000952113
          -192.6585677130,          -492.6612948554,         -2473.1582187276,          -877.5412737729,         -2361.9840113444
          -399.1027669934,            65.7097611782,         -2541.1494327367,           319.7571938091,         -2398.1940624988
             1.4462654957,          -214.6883551802,         -2226.2106759614,            68.6045819516,         -2355.0611938488
          -111.0959212113,           195.2805450691,         -2446.8360609756,          -284.6826107968,         -2463.7057132169
          -270.0919385668,           167.7690801481,         -2242.5796132777,           -33.7958457722,         -2438.3152113059
          -255.8650072642,          -283.1628591008,         -2459.7249419201,           157.8130719411,         -2084.5566293131
            47.4207126273,           130.2806290058,         -2271.9301189458,           422.4102242628,         -2539.0393602051
            61.9424642721,           -28.0137571329,         -2340.8270373260,          -615.3068652070,         -2463.9158597886
          -479.7969375406,            35.4368409778,         -2083.0824951433,          -500.5254403901,         -2390.3879447884
          -446.6253900969,          -433.0377905306,         -2274.2612790834,           706.1985614028,         -2442.3953040626
          -167.3761455406,           405.5030375845,         -2524.1587667952,           275.6532754001,         -2159.0924863511
          -364.4559836188,          -104.8016953414,         -2182.9826803499,          -382.6919359505,         -2272.7265294458
          -150.5791955119,           -71.9457617021,         -2432.2647960264,           554.8405786282,         -2192.5443145701
           181.2359932018,          -238.9026763773,         -2295.7563667367,          -153.3578119619,         -2573.7394831907
            42.2732688515,          -231.6248666250,         -2195.2103123444,          -429.1511285233,         -2088.6827457986
            51.7651153577,           113.9755077664,         -2185.7222655576,           265.7127528783,         -2433.6673687994
          -214.7856173263,           314.5102949518,         -2215.3640922252,          -217.4105654193,         -2430.6366672632
          -145.8730591276,           123.6163453161,         -2224.9910926581,           602.0232624038,         -2417.1124817120
           160.0768760473,          -187.3549985333,         -2692.4518100616,          -346.9537876899,         -2235.1422055227
          -270.7569200252,           562.4605307258,         -2666.4321637807,          -612.1840681576,         -2214.4333326224
           -50.4585734125,          -486.8129951284,         -2479.9232699474,           850.1810376007,         -2285.7018827206
           219.3651638556,            80.2465744340,         -2586.9010033034,          -444.7359070139,         -2232.8365032336
          -136.5001324323,           140.7678271379,         -2496.3948806223,          -303.9376511102,         -2413.1389376528
            89.8872290290,           173.1846598040,         -2302.9276011211,           524.6434746670,         -2446.4213025237
           470.7015586469,          -763.5201835230,         -2738.2382210924,           257.3419160265,         -2456.5036261783
           191.3964506157,           902.8864432142,         -2400.8859981323,          -809.4542957060,         -2328.0560675582
            82.5763954343,          -323.4533125633,         -2486.3913559429,           927.8379378289,         -2325.2498060716
           693.7806049304,           240.4176618822,         -2687.1882464985,           -99.6159006615,         -2183.9920267652
           380.0583034658,           -64.2109031298,         -2266.4070465361,          -311.4284392625,         -2473.2813316648
           245.3414811950,          -139.9136971446,         -2478.4379453831,           -78.2657586612,         -2478.6077697051
           243.7471963416,           302.6750148814,         -2530.6141350008,          -239.1175730803,         -2423.2386700386
           -78.6220042461,            10.1133546387,         -2549.4774008679,          -412.7921253380,         -2134.3629574983
          -381.8542736056,          -292.2761624187,         -2245.7033129767,          -373.1656912604,         -2543.0845348823
           -66.2793022422,          -262.5986590830,         -2570.0839337029,          1126.5944730784,         -2523.5588428244
           525.7637220497,           523.3466289726,         -2050.1438094864,           340.6875499852,         -2593.4925118030
           589.4663682701,          -339.3838360475,         -2795.2927146516,          -211.8628135657,         -2389.4678062703
           370.4171894600,           777.6155673440,         -2594.4148914590,          -491.5116164719,         -2384.4062826509
            57.4129628771,          -467.8899248664,         -2533.0550453102,           191.2539646080,         -2341.1794372080
           372.2433422425,          -257.3780273825,         -2554.7189313663,           152.8825063781,         -2212.1295795549
           -67.4580183575,           385.1459298468,         -2501.4363041079,         -1345.6868185473,         -2278.1039809342
          -768.2003012978,          -152.9099048232,         -2272.1056079859,            69.7754109475,         -2396.4149853830
          -177.1289064344,          -105.0732149007,         -2623.3871456654,          1348.3278182613,         -2151.5047793784
           452.8873333004,           437.0801639613,         -2204.7195747046,           344.3483046651,         -2685.2025047395
           322.9357461198,          -250.9156281615,         -2177.9724385032,          -459.5126516852,         -2580.3294120835
           -83.4983718990,          -160.1952721319,         -2336.3834167913,          -541.8354996604,         -2151.9163466610
          -228.7704642757,            -1.9132543527,         -2110.6356523700,           312.3344214471,         -2462.9040277324
           -95.6094223197,           -53.5538015582,         -2186.2619515037,           570.4264440818,         -2582.3215889718
           158.3296595674,           454.6479920795,         -2359.3551280627,           -69.4532801027,         -2125.8525453160
           166.6487077455,          -349.3024094836,         -2418.9675252119,           112.9874512206,         -2260.2956719933
           257.0985682226,          -206.6419261945,         -2366.1552488797,           -25.6349980659,         -2384.7758613919
           425.7231978547,            66.5125157438,         -2214.3395539732,           693.1049717058,         -2396.9781363524
           384.6505830067,           191.1844091818,         -2024.9337895991,          -727.4635458146,         -2532.4745659780
          -105.5107493277,          -339.0328884657,         -2364.1123383347,          -163.3809191954,         -2439.4227433289
            88.6251231665,           456.0436020485,         -2194.7074819055,           390.8978700569,         -2352.4801762955
           -98.5462615212,          -142.7713360913,         -2371.8928816921,           598.3566373278,         -2322.8424598533
           394.4630181221,          -136.5968653500,         -2360.0940931934,           624.6077896094,         -2489.0636042248
           779.3246083495,           243.4577179714,         -2323.5810501436,           246.2221019572,         -2503.4589858924
           338.9751798179,          -297.4310557505,         -2280.5949084923,          -878.6392864951,         -2556.2390770625
          -156.4380466834,           276.2646499469,         -2519.3014714292,          -460.7594345782,         -2419.3115952464
          -459.8429274911,          -352.1703747425,         -2229.5455607560,            46.7995134305,         -2066.4695162418
          -444.3874958225,           258.4768968429,         -2306.2998738351,             5.9115329147,         -2465.5736724585
          -113.4000279991,           411.0222493512,         -2230.3195882020,           726.5645259253,         -2849.4208652183
           217.8405075729,           -51.8012271938,         -2334.3601717955,            -2.6736275468,         -2427.1322543521
             9.6873859023,          -112.2699712391,         -2662.1675698513,          -103.5026229160,         -2279.8617321610
          -147.4673809092,           548.2261524292,         -2497.1213956189,          -232.3430317494,         -2594.4345005749
            63.6274721933,          -491.6713901060,         -2482.7882692148,           287.0714184677,         -2207.6189620480
          -274.4533864900,            55.7192048193,         -2532.9171154617,          -644.9541344514,         -2253.0012931820
          -364.0012688973,            83.2505554057,         -2245.4023944376,           153.7582023425,         -2738.2807638563
          -492.0895021713,          -105.9805241387,         -2176.7891600978,          -633.6373756361,         -2672.1710854600
          -963.8332720268,          -239.2656501797,         -2279.9996924478,          -123.7350572062,         -2391.8006116289
          -687.2189747316,           131.6238837483,         -2389.5752064936,           670.7575333798,         -2233.7894752153
          -309.0993375476,            79.8913830080,         -2040.5491565814,           -66.1150989953,         -2666.1752251137
          -382.3601248128,          -126.6123319153,         -2300.1776689853,           323.2929859045,         -2715.4801519653
           -51.8035347514,           177.8646453539,         -2352.0716989657,          1097.0846119049,         -2568.7752764939
           532.8425027180,            50.2831413080,         -2613.7771274918,          -246.8441821569,         -2169.8226122067
          -178.0847066847,           227.6546141555,         -2592.0412149589,          -801.9158978785,         -2284.6048985413
           -11.5560789041,          -295.0426508620,         -2809.5428007267,           550.8360916819,         -2245.3202603676
          -347.8474813424,           -40.7152443796,         -2354.5047343660,          -656.4179814724,         -2516.8379168244
          -239.2444277897,           -63.6755354323,         -2581.4051751103,           713.5843692412,         -2628.0867972279
             5.5324431330,          -162.0285548275,         -2353.6254383662,          -287.5874150643,         -2257.4770712693
            26.9873386912,          -165.0236968093,         -2212.9880024762,           450.8168158352,         -2241.7379241238
           -94.4661439758,          -321.8424403463,         -1985.0487910843,          -372.1611731399,         -2651.6230997404
             6.9054115675,           361.7269398115,         -2425.2555773680,           442.2970679426,         -2288.3407617237
             6.3820244791,           453.9615012818,         -2234.1721262985,          -760.4499970132,         -2377.3211192619
           -38.3265391253,          -336.7017487670,         -2495.8274672466,           849.0403341737,         -2399.1827850943
           352.9405103912,          -305.9213540807,         -2255.8652931101,            10.6697899319,         -2556.0915584243
           261.4636346172,           272.2483639507,         -2581.7661438433,            57.1143066561,         -2061.9983862358
           520.2429591021,           110.1271394050,         -2047.8719015423,            65.9979956619,         -2473.5603700269
          -195.0828708541,          -432.7431607892,         -2451.4876569651,         -1642.7848219645,         -2529.7572411364
          -378.9192569265,           442.7873881739,         -2365.2456794666,           828.6080952178,         -2553.6018220179
           353.9179288016,           -93.4596813505,         -2379.3541430590,           -55.1757196055,         -2459.2356790843
            79.8617115189,           108.3291800249,         -2575.3073486382,          -448.6747365936,         -2166.3597493334
           120.7970074391,            14.5425391350,         -2415.1094816478,           344.7067606288,         -2261.7423749335
           450.6902957046,          -432.8095250855,         -2552.3221820143,           103.4072198299,         -2274.7875157502
           234.9865767873,           271.1079442659,         -2584.9402378559,          -568.6440563601,         -2230.4349919408
          -154.8605944401,           132.9771952609,         -2383.0789718027,           -90.0241020025,         -2297.1490860440
             2.7384690877,           385.7529728772,         -2581.6516498772,           322.0692634763,         -2239.2217042269
            99.8892486168,           152.6668524978,         -2619.6462239228,          -212.8264362604,         -2489.8011550880
           308.3519968702,          -371.3556720602,         -2666.8096250762,           657.5751619009,         -2398.8842616030
           274.9972267246,          -330.1146457422,         -2066.7292783791,          -795.0828377523,         -2583.1456228311
           189.1541998529,          -359.4133922766,         -2268.9729778137,           188.6294340916,         -2630.7581472320
           321.8865179404,           382.0723597212,         -2155.4411517133,           301.9974225897,         -2316.9001128999
           107.7296497678,           412.9607907511,         -2543.4737447002,          -417.1534772092,         -2002.8533776538
          -109.4495810162,          -347.6362662026,         -2446.9055122696,          -300.1466960980,         -2438.2468344206
          -190.7708711688,          -193.4634928627,         -2635.7974647684,            73.4646334477,         -2090.8300528450
          -204.9842880740,           207.3306192288,         -2275.1364776302,          -298.6854498352,         -2435.4047891080
          -377.3885245476,          -442.1753961495,         -2297.1117401743,           151.3567592129,         -2477.9971965097
          -119.7570567187,           100.6181397318,         -2523.8819677901,           681.1483882874,         -2157.5671861038
           444.5253363092,           347.0369640933,         -2423.7104862128,           688.4369384102,         -2271.5802041082
           719.3224333631,          -380.0801491664,         -2084.5901922047,            82.0908602815,         -2704.1259225247
           266.0744170140,          -660.5395793055,         -2437.9001447725,          -974.4740059622,         -2162.6199922207
           311.8505686180,           836.7908204674,         -2233.9212329444,           875.9516805249,         -2394.4729569399
           569.8707311184,            10.8428168164,         -2213.5605694760,          -110.1527635009,         -2608.8820163354
           623.6261605818,           119.5887945832,         -2505.4669831119,           -70.1206597232,         -2360.8103705136
            39.1414964247,            38.3325030551,         -2357.0985846170,         -1307.2664765884,         -2376.4108781472
          -657.5184376035,          -258.0852427146,         -2495.6214744569,            -9.0155708509,         -2342.2093821640
          -276.5876713925,           421.9858158322,         -2492.5296684896,           760.5957557117,         -2463.6063980076
            52.4515397087,           -26.9525076074,         -2232.7085733103,           139.5252425117,         -2746.1368942526
          -311.6905349346,          -429.3493233734,         -2784.5198232189,          -442.8379413633,         -2085.6410043188
          -144.9345156825,           522.5170838064,         -2158.0416693929,           591.0225648573,         -2404.7212643770
          -182.4339801391,          -646.8447576849,         -2336.2575491001,          -717.5152557906,         -2540.0863095634
          -269.9380098215,           200.7910895544,         -2341.4283311518,            30.3580935039,         -2457.0304454209
            70.6471757911,          -187.9032298977,         -2294.3596879411,           465.4860677625,         -2259.6095829232
           171.5904464440,           480.6801656128,         -2538.3927987836,           151.8786080315,         -2081.7203957001
          -201.1962481285,          -161.9076009486,         -2410.3415755584,          -168.6443335976,         -2518.8032556416
          -103.9545053702,           273.7738636088,         -2599.3083340883,           367.1438337653,         -2482.0586379706
           168.9376899105,          -155.6185952439,         -2402.9206125626,           277.9342069250,         -2264.0679310476
           161.2733605046,           -68.6635166516,         -2749.9635635660,          -648.8288484049,         -2344.9639664197
          -281.6285404776,           361.6643763013,         -2445.2034064286,          -667.0470080318,         -2602.9805549808
           176.8130377910,          -435.4197024987,         -2712.7508526112,          1276.3172163355,         -2010.6380023348
           478.4388568145,           593.2898777893,         -2732.5981652634,          -331.5982533053,         -2387.0558542715
          -264.1205969460,          -416.5685604647,         -2373.4499195615,          -632.3191763476,         -2225.2157137548
          -198.4665988768,            -6.5697623794,         -2420.0033773300,           524.2789477265,         -2434.6344848486
          -199.7175190036,           237.2610104346,         -2342.8418484045,          -369.6529821764,         -2671.9645367051
          -327.5754293117,           -94.6558557466,         -2265.2588856846,           212.8787226553,         -2298.6463533515
          -209.2886064051,           -21.1604510187,         -2545.5489897580,           -54.4607317805,         -2162.3390365280
            72.8029780675,             7.7285297761,         -2365.3344420790,           -71.4487733473,         -2450.7685877153
          -200.5630681879,           325.1980694713,         -2367.3742282256,          -554.3558838469,         -2432.4658239906
          -550.3994649758,           173.3004959981,         -2552.3195413880,           135.1932953145,         -2316.0745436790
          -281.7142911250,           -25.8137182382,         -2589.2622033451,           118.0227087982,         -2504.0286240118
            -2.0166724040,          -109.5489742785,         -2606.6264942800,           602.2230459220,         -2363.6009380470
           517.2955464783,          -162.9584540103,         -2512.5201014367,          -147.7454790026,         -2105.9812748871
          -238.0191192257,          -245.8762084705,         -2377.1483493720,         -1271.4509475274,         -2149.7492425670
          -808.3787872158,           135.1583636779,         -2137.5521588285,          -182.0015886181,         -2507.3089739671
          -538.4804643055,          -117.3443386252,         -2116.5779268837,           788.7895417300,         -2465.5015858266
           187.5526886978,           268.9962445239,         -2254.9072347593,           499.3684564193,         -2595.5281281449
           182.2893075129,            87.2850061433,         -2093.9822470626,          -245.5574227688,         -2612.5088775006
           317.2975438371,          -203.4154990562,         -2262.6408504591,           523.2812272929,         -2471.8287691795
           238.3815596593,           117.1653924990,         -2295.3030201113,          -914.5233499784,         -2439.6121144120
          -574.2336184266,           220.4880053359,         -2470.3609263040,         -1168.3389944968,         -2287.3820535216
          -839.1511830654,           160.0379903225,         -2283.5851323530,           732.9034893766,         -2451.1733976238
           295.7175233579,          -639.8546775649,         -2987.3364346269,          1101.1110716581,         -1851.5175876986
           423.2038685480,           828.4949587772,         -2591.6156354861,          -466.2806592535,         -2077.4350519924
          -415.2711212530,          -475.4157991560,         -2579.5250286405,          -849.3186758036,         -2375.0005996431
          -657.5933413584,           126.2140526479,         -2299.7005853977,           -18.8307426492,         -2595.6545118679
          -442.6107841726,          -328.6179584197,         -2196.3460264871,           732.1321618163,         -2359.7431088245
           113.0001964584,          -115.4345976390,         -2305.0102941636,           781.7135143982,         -2507.9582547042
           264.2871051999,           371.5056069594,         -2320.0549492606,          -858.7427974498,         -2394.0657500137
          -379.8393722145,           -99.6992405306,         -2124.6496615510,          -217.5431435744,         -2407.1061358468
            72.9168080784,          -475.4209642725,         -2516.7500713822,           833.0024573479,         -2324.7979469905
           159.8914304847,           587.2202285814,         -2295.5835254958,          -861.8437271330,         -2527.3725922554
           241.0307703473,          -293.1328648810,         -2452.9738005437,          1191.7616483456,         -2130.3304661683
           776.3172388618,           398.8939743826,         -2329.0668374739,            71.7805324077,         -2564.7458226550
           960.9996068558,           106.1500154431,         -2508.3923934110,           391.3299658120,         -2558.7173256646
           476.5754084528,          -107.4468087655,         -2196.8190768883,         -1429.5653397607,         -2629.7742903512
          -136.6804140385,          -241.4978035863,         -2726.2040210033,           -27.9631052663,         -2172.2205944977
          -176.1046979006,           228.8731922523,         -2204.0239066367,          -240.9728962238,         -2425.9039521447
          -215.0492128008,           114.1258448122,         -2535.7354520552,            90.0440465321,         -2617.4462208601
           -69.0262284459,           -10.5924162327,         -2372.5236200488,           341.5216937507,         -2223.7659972924
          -165.8997783151,          -279.0266236880,         -2497.3916499382,          -932.3897488442,         -2304.6714488051
          -347.8330558351,           126.9111220751,         -2359.2661196049,           160.0974782178,         -2477.5301313495
          -495.4429989709,           -16.7980595307,         -2029.4522217251,          -575.1297822774,         -2593.8317793757
          -348.6582283322,          -251.8358876429,         -2438.0193212192,           948.5998411838,         -2357.3464504255
             4.6249755976,           289.6812710803,         -2370.7974029099,           202.6299378078,         -2237.7093545933
          -309.3231373843,          -278.4186279814,         -2283.8940069508,          -405.9489490625,         -2125.3791077899
          -238.2195587762,           113.8615658194,         -2167.0365320586,           560.1712837775,         -2431.0383625740
            23.8953770912,            94.3873703625,         -2183.1605800305,           -32.1879486940,         -2477.8466410416
           260.7955166884,          -158.4790556743,         -2282.4376304384,          -353.1336367319,         -2255.4375905465
          -136.7075040470,          -239.5881201342,         -2290.0752238010,          -173.1660657566,         -2361.8951438367
          -365.1571655019,            33.6672832241,         -2192.6142529625,          -439.0238833269,         -2507.6623547072
          -442.9750261799,           288.3993885199,         -2218.6358588316,           453.9165070159,         -2443.8540808204
           -69.1523589462,           141.7327676424,         -2334.7507621941,           -99.9116472879,         -2710.0613730310
          -303.9198641614,          -229.0780328409,         -2268.2104181073,          -187.1891143757,         -2403.1116233630
           108.9580035473,          -403.2129767785,         -2360.4942842285,           970.0604677618,         -2188.4431221093
           563.9861644697,            47.3751784006,         -2081.9514927716,           418.3256809625,         -2454.1503640758
           494.8081901882,            88.3793695746,         -2011.3959090946,          -264.7288337393,         -2620.4130042873
           451.8671824146,           451.2317852817,         -2385.5442219431,           -77.5888195945,         -2231.9594938664
          -139.9624528048,          -338.6802332546,         -2635.9004201010,          -297.5094899729,         -2230.2502785751
          -101.0558987039,           213.8109659209,         -2638.1505702494,           469.5915607048,         -2130.8413748260
            94.8737952754,          -363.9033620337,         -2253.6194116257,           330.8791247366,         -2233.1354740153
           190.2412320100,          -262.3855434119,         -2143.8797399897,           -87.5794137862,         -2713.2521886744
           118.5380626842,           545.3703405047,         -2178.5352125903,            41.9121283433,         -2838.7050225338
            23.0125894351,          -192.4160568011,         -2261.6790831350,          -603.0870565418,         -2196.9532480188
          -440.4861557694,           333.3352532791,         -2706.6235369739,          -237.5300292776,         -2190.5927075249
            21.0620274548,          -228.6770768816,         -2180.5754864501,          1241.5706517901,         -2520.9604741829
           453.9521119534,          -118.5385249328,         -2320.4588030103,          -222.1557650652,         -2392.6430451565
            85.2142475111,          -136.4313112096,         -2415.6877231701,          -298.2780842677,         -2166.9016949777
           296.0646992307,           441.2388222944,         -2333.4971557344,           240.5540581737,         -2239.6176497587
            33.4264443774,          -315.4473108630,         -2401.5993288755,          -400.9239879277,         -2330.8945156279
            87.6320552624,           194.1317377514,         -2468.7197760714,           577.6847822985,         -2547.8204911471
           527.2121086124,           244.4883508391,         -2344.6512215041,           563.7151116262,         -2457.9638286349
           337.9082433328,          -110.1103784938,         -2439.5371359509,          -696.7480873028,         -2419.7659413609
          -103.3128932486,          -119.0564895603,         -2628.5784981649,          -378.3760841112,         -2410.0488652115
          -493.3692005525,           169.2109227896,         -2452.3013385399,          -848.9863452419,         -2302.5292008764
          -992.1522965313,           133.6575094532,         -2643.7225019588,          -265.4451648633,         -2345.6176717072
          -743.9408827494,          -426.4631339085,         -2400.0260252662,          1060.2719876741,         -2442.2833723629
           -26.6980381099,          -195.3504133731,         -2512.1546389890,           521.4370818551,         -2395.3792604247
          -152.0519705670,           -68.8430515746,         -2236.6164041579,          -862.2320716161,         -2345.1581299690
          -390.3702814469,            96.2691386814,         -2129.6115052204,           167.3850333591,         -2205.1527282279
          -565.8561859929,          -116.5850486399,         -2297.1120849935,          -174.8838251405,         -2480.0058693990
           -23.6583940982,            95.0492627445,         -2333.2290778170,          1460.4222687025,         -2309.7564991593
           632.7506792775,           266.4141759018,         -2266.9617968429,           491.9860465429,         -2636.1418987677
           297.4076512217,          -455.1717615257,         -2121.6285417952,          -870.2190499556,         -2685.9779734415
           104.6967768380,            -6.0566937722,         -2324.5980490928,          -287.6342431462,         -2233.5676444125
          -107.8224985983,           109.5318128881,         -2006.5091189185,            68.1569217482,         -2381.1033918242
           252.3871538969,          -155.9126512530,         -2118.3171336391,           916.8684736419,         -2717.6731705592
           579.6599062574,           252.9670450839,         -2172.9702559194,          -310.9718141786,         -2635.0248079403
           110.2359126910,           -61.6868953034,         -2248.4337500820,          -447.5238026460,         -2284.7081153553
          -278.2682792393,          -312.4306135612,         -2322.3300241512,           197.4691663631,         -2410.6232143652
            14.8687631413,          -139.3572438028,         -2381.8265737946,           576.8776057672,         -2286.0739518578
           281.5378347110,          -132.7214264872,         -2328.7835641110,            67.0023483746,         -2116.8637767329
           303.2505156444,           467.6975294228,         -2363.0681175010,           213.5097122678,         -2517.7198351269
           277.9112612150,           189.5223351969,         -2168.4491151184,          -196.9743812912,         -2526.8986552953
          -123.9981823082,          -622.3931571617,         -2393.1288550925,          -535.4447630769,         -2400.0146368239
          -220.9142259610,           138.0510539551,         -2362.4476453437,          -147.6950539713,         -2287.7878426413
          -173.1952083241,           436.0798026686,         -2242.6186425687,           115.9341425383,         -2265.1166759564
           -24.8860429827,           -74.8125223323,         -2530.8821474782,           -63.3842540863,         -2013.7912082787
          -438.0624776581,            10.5440113688,         -2371.8639063371,          -538.4929509235,         -2285.1342658966
          -116.5627461078,           -84.0708950010,         -2367.4796120770,          1141.9271009760,         -2454.2477168703
           113.1033887195,           119.2708018854,         -2117.5213048372,          -778.3666862315,         -2664.8875763983
          -106.5857796916,           132.9511347999,         -2566.9506882512,           410.2123985018,         -2472.0428218969
           609.7454265644,           143.8229709452,         -2377.6906023996,           662.3849270202,         -2289.7009559632
           141.5982782053,          -285.9967419585,         -2492.3410751261,         -1464.5955836628,         -2094.7450432745
          -204.3825293887,          -324.0762609524,         -2290.4016828313,           964.0581828192,         -2318.0825755163
           -93.6198621729,           365.4431471184,         -2296.7204168289,          -203.0344998696,         -2358.7462859246
          -472.7890516328,            24.7947240194,         -2156.1644619460,          -546.8773317554,         -2314.6523576184
          -623.6698949538,          -231.2316775927,         -2170.3317840202,           109.2420777323,         -2241.6101235046
            36.1337805911,           231.2410925132,         -2636.3043837724,          1306.9980229402,         -2159.1575258352
           382.3220414311,           372.1103776693,         -2142.9886015699,          -520.4851616961,         -2719.2061786926
           -38.1456444314,          -568.7924713873,         -2421.9201937664,          -338.4785918399,         -2461.0179178597
           -32.5718201044,           334.4553977513,         -2671.6981901903,            64.0861747451,         -2140.5064641394
          -507.2757916707,          -140.7492862381,         -2364.6749629201,          -980.0996597747,         -2307.7752112757
          -862.1375089326,          -202.6191033836,         -2474.5066245477,           401.7606155463,         -2216.0689004689
          -237.2922656117,           -87.5617327970,         -2180.7165777965,           519.3843796015,         -2358.4194950888
           -99.0660478984,          -194.5025085864,         -2215.1696355457,           154.5078032332,         -2265.1802314431
           -81.3203595964,           134.2742916059,         -1963.9326085837,           334.5979597337,         -2767.1045283168
           384.6441659620,           242.5728019961,         -2310.7282170296,           298.1582682693,         -2712.7289975644
           477.2462634166,           240.4739127536,         -2084.3676477773,           -19.9673128346,         -2402.2144145510
           204.0394788377,          -612.8510594565,         -2523.5511545509,          -522.0839778373,         -2288.8290236534
            70.2207385450,           134.7209520053,         -2165.4752347313,          -201.1306645742,         -2378.9203918132
           340.7784975762,            -6.3761629143,         -2060.2351810814,           659.6921449238,         -2626.2326905052
           401.0811938179,           259.3374956289,         -2306.9596871951,          -887.3995359495,         -2489.9915798246
          -229.1231186161,           474.4059054035,         -2481.6225241648,           204.5664269587,         -2323.9876937079
           244.3179788346,          -503.2848824843,         -2485.2237546634,           815.0933594643,         -2374.4230590780
           661.5071831562,           -88.6691856465,         -2541.7905495162,           105.3147610768,         -2296.3817058399
           494.5395540916,            53.9057665521,         -2373.8642889823,          -484.0980305095,         -2444.4665571262
           413.0193558011,           557.7469577408,         -2798.4099640295,           216.0478537339,         -2132.2788967035
           466.4392957773,          -302.4904993581,         -2521.4116000645,          -730.2487114789,         -2363.3999794790
            70.2229913435,          -332.0930654793,         -2514.1148470950,           126.4356633086,         -2306.1901670556
           -96.7605080860,           111.4321108123,         -2372.8323003160,           798.4031785079,         -2353.0223225130
           305.7531444076,           152.7780742897,         -2053.0576238750,            54.1043033013,         -2585.8653865326
           159.3184233449,          -148.1816582642,         -2579.2966094582,          -272.6497033187,         -2200.6727470068
          -111.2413976285,           354.3419450635,         -2204.2027398756,          -186.0378150531,         -2334.2443599099
          -414.7580453034,          -253.0472871680,         -2452.8382267966,          -206.4940997124,         -2548.4208172425
           351.2661085284,           -61.4140366000,         -2411.8400030545,          1740.0451451227,         -2369.7108204512
           968.7550240689,            68.0299786736,         -2193.9978945550,          -371.2342542247,         -2626.3355704516
           284.7899020469,           -44.4969054665,         -2327.9239199525,          -884.9716726000,         -2508.9686844753
          -122.9951244785,          -293.1552872986,         -2105.4653201759,          -148.4690715256,         -2514.2921808005
          -224.4298593721,           -84.4112739477,         -2334.5687606315,           -82.1726115451,         -2274.0813377717
           -47.9900615962,           559.5463626234,         -2423.3421589171,           274.7686858009,         -2205.1750896032
            73.2405452644,          -147.3590302427,         -2327.2344296934,           -13.7652544672,         -2213.3684689588
           -42.3039010733,           191.1551457268,         -2795.6778755381,          -664.7754957266,         -2096.4355055024
          -480.9449443679,           169.2694335470,         -2204.0185095448,          -164.1816242868,         -2632.1934746153
          -224.2456438997,          -727.6918948209,         -2483.0839955607,           635.9514014973,         -2453.6325680848
           410.5717035739,           259.6625986917,         -2320.4748550504,          1088.4670984320,         -2447.6853064335
           462.0865671149,          -155.6977205872,         -2021.0719498395,          -799.0729373743,         -2432.4639777693
           -32.9293243241,          -311.7976399506,         -2199.7505884887,          -127.6119516340,         -2309.8757515675
           303.7358349577,           279.6827691646,         -2285.5489646612,           478.7309625783,         -2345.4595295542
           315.4823742145,           746.4160302422,         -2393.9770290739,          -498.9956023367,         -2287.8530568299
          -504.4530905489,          -291.3748477714,         -2445.5546926235,          -294.3884836589,         -2445.7916352086
          -235.5095396640,          -308.8045491409,         -2609.9467615073,           676.8128763211,         -2141.9467889892
            -1.9889098532,           298.2192552504,         -2086.6971188422,          -200.0660497745,         -2519.5308413319
            24.9296519243,          -619.2790379733,         -2041.6743333037,           149.9736956452,         -2638.1793705937
           -67.6119480416,           -72.8764525905,         -2218.6254859084,            76.6868188542,         -2384.0997710309
            14.7530140647,           345.8093629902,         -1945.8951499337,           382.5411538211,         -2360.0435717878
           314.6010296216,          -110.8110541456,         -2414.9520951926,           136.1163623912,         -2287.1387218805
           296.0025657744,           391.7723534625,         -2455.6772706615,          -300.5141608528,         -2209.8128180061
            61.9765936908,            39.0241133493,         -2566.3019443654,          -641.5996448808,         -2022.9801163392
          -564.4703483688,           -76.4416417071,         -2471.1481909108,           199.0627696765,         -2472.1432705299
            96.3227066924,          -259.2902162557,         -2387.7349681525,          1157.0688017870,         -2335.4455633939
           433.0422680515,           128.6710547860,         -2621.9891633144,          -343.3095603331,         -2215.6312123999
           250.0042038209,           485.9508458215,         -2523.6552822114,            -4.8315127560,         -2146.6476448887
           184.1123050430,          -457.9579702176,         -2568.1050554146,          -722.3237025604,         -2257.8797870115
          -177.4638343974,           319.5162983098,         -2614.4005212319,          -360.9338614714,         -2552.8467026370
          -618.1230943960,          -395.2310690607,         -2286.3449396072,          -593.9661184323,         -2411.0368774931
          -695.6105376991,           169.6396053941,         -2516.3041896999,           284.4499867294,         -2339.0101733556
          -331.7098058418,           -42.6488935081,         -2187.2751797942,           374.1705291243,         -2501.9830359311
          -698.8248123456,           284.4701774115,         -2574.9428685731,          -870.4604025352,         -2422.3579273620
          -729.4221454437,          -460.1213229398,         -2387.2611394976,           784.2426081189,         -2600.9309490204
          -262.4266751683,            17.2372994463,         -2683.0244914641,           827.7536133616,         -2296.6569526478
           577.3815808093,           384.9744368951,         -2484.2697512005,           209.0004329167,         -2532.7311661900
           431.3805864478,           330.8901143852,         -2365.7794317823,          -131.8847312603,         -2481.4130802297
           204.9611397797,          -684.1510990840,         -2687.5764139212,          -676.0116908343,         -2214.7762795141
            42.5339213089,           391.9604466557,         -2633.8922785122,           263.3780998240,         -2342.8052796956
           133.3763816798,          -410.3082775485,         -2422.1007755885,          -364.2245749036,         -2351.9140135407
          -116.5806956177,           510.2147484906,         -2883.1078228468,          -415.7833700963,         -2087.8236342138
          -254.8643581524,            99.5958716812,         -2393.9688734120,           279.2505205714,         -2398.1804044157
          -180.8988778141,          -497.3932956449,         -2704.3865501481,          -112.5878893705,         -2358.1434005376
           -64.0669693205,          -200.5083442295,         -2284.5189418293,           547.1898465265,         -2177.7560382159
           537.5005083068,           104.6425595556,         -2261.6466497311,           589.4077532938,         -2504.6156046955
           225.1180859971,            90.4368772676,         -2095.9372427558,         -1371.5652423985,         -2780.8748853400
          -585.1723762832,          -244.5169434696,         -2196.3945423469,          -177.2203358695,         -2477.2312757975
          -502.7698318362,           -55.8177733867,         -2173.5107040071,           312.4841640578,         -2249.3928710569
          -223.3741914419,           346.8424503449,         -2331.2296660642,           394.8412230369,         -2491.6489987094
           118.4812590708,          -141.4971112347,         -2478.4644436114,           433.3984188443,         -2267.6911999619
            77.1065028622,           435.3431395420,         -2612.5173035504,          -410.9664248067,         -2106.0518282870
           -99.6362369777,          -428.0771214187,         -2331.0252486016,           319.3411755113,         -2321.0642730154
           179.8434098053,          -212.4880344353,         -2569.1784812549,           154.4604668947,         -2072.7751328916
           231.1050591222,           311.6327464983,         -2348.0988986679,           -95.7475380674,         -2096.7051138337
          -338.4252207981,          -107.1544494189,         -2299.8842173082,          -492.0618001732,         -2380.2359306577
          -165.8604060283,          -100.8276124056,         -2217.0876764854,           892.4746154129,         -2619.6900116950
           350.0866697905,            71.8193707140,         -2269.4636458767,            81.7722949950,         -2528.0842748094
           107.9398038288,           128.6702134923,         -2294.1952713290,          -728.9335673197,         -2360.1792215007
            31.2085018754,          -115.1188527604,         -2385.7112754703,           834.1785361222,         -2043.6057357729
           690.1038517032,           -48.1516322994,         -2288.1263865291,          -172.0769379682,         -2373.5386917558
           251.9839948734,            78.8707843375,         -2156.8253572120,         -1067.2860227972,         -2501.8502590764
            -1.0448249537,           216.8146725723,         -2337.5153121066,           630.4491465040,         -2190.6748570698
          -402.2443353957,          -284.5405679505,         -2348.1669500177,         -1039.7163412187,         -2271.4955503913
          -344.1075194149,            31.9857590233,         -2068.2782806676,          1069.2938333198,         -2603.5432779015
            92.7657161940,            55.0811204025,         -2370.0491295496,           248.5787949814,         -2568.2608567652
          -228.6038979799,           122.8390864889,         -2280.8859762487,          -453.5536287308,         -2096.3081472392
          -174.5016703521,           -10.9825513609,         -2370.6752185720,           457.4381515240,         -2171.3171909367
          -568.4776842561,          -196.0116513149,         -2252.0134444097,          -971.8333512055,         -2726.8175930042
          -651.6885701166,            88.9243781640,         -2302.8653908392,          1113.8067868866,         -2392.7390082558
            81.2190461004,           104.5255110914,         -2344.5412438316,           114.3821446278,         -2342.2038130607
          -134.8783462292,          -598.8541930015,         -2253.0281085793,           133.5804640816,         -2247.5639373781
           116.0443707475,           475.0797627915,         -2354.2056005635,           410.3975571565,         -2225.2201984045
           438.2291113548,            36.1369280054,         -2004.1892859452,           234.1627902633,         -2573.2902209504
            60.7975500357,          -329.5315800708,         -2329.6099390844,          -865.6561977395,         -2574.4008372372
             0.6055355433,           170.4074988052,         -2238.5526515560,           458.9667803237,         -2342.0010341750
           269.1820447699,           294.1515367258,         -2295.1967759310,          -274.8702144544,         -2421.5981777492
          -190.7954794008,           133.8853023163,         -2488.2996404713,          -262.2123450837,         -2269.6430985497
          -671.9562855518,          -308.2288447734,         -2352.7729245389,          -609.2668179928,         -2682.2908338757
          -564.0697193219,          -445.3658004273,         -2563.1207236934,           886.1192114440,         -2272.3550730735
          -134.7563803047,           596.6925608583,         -2205.2212668526,          -168.1285957853,         -2390.0616816689
          -275.8719458615,          -540.2340009259,         -2307.8093995248,           182.6483380199,         -2296.2515277521
          -371.4078988830,            82.4430586225,         -2314.6764444254,          -390.5536079538,         -2280.2006211024
          -433.0657584364,           563.5801074155,         -2341.7648622013,           379.2324380017,         -2671.6071940465
           151.7629640195,          -427.8537621129,         -2230.7273058350,            98.9169703234,         -2659.9722829577
            53.7124079571,           -58.3259625419,         -2783.2919001092,          -373.3164259675,         -2083.4486560067
           464.7281695239,           899.4493987411,         -2663.7099914258,          1144.6491103704,         -2261.6874338304
           532.4907811796,          -925.3102486693,         -2456.9675574743,          -682.3314098790,         -2468.4032096085
           289.0975852223,          -355.7793285488,         -2543.4106564025,            12.1508924315,         -2154.9077091760
           396.0232499434,           336.5248223878,         -2106.2229958038,           531.9747275759,         -2366.1317555380
           607.3908449103,           443.3769394245,         -2338.2836955796,          -190.5124830149,         -2577.3242867586
           261.5061209316,          -254.7299094099,         -2240.6864406754,          -552.5366915688,         -2541.2046159570
          -291.1348816846,          -225.9795285752,         -2454.3669633677,          -985.2210851955,         -2380.0381676682
          -578.3291276188,            25.4479153612,         -2321.6508803715,           648.2093773255,         -2293.7523417362
            99.6588586694,            15.8975841605,         -2403.5906544337,           379.7534334952,         -2239.0788991041
           273.8275821685,           152.9627452760,         -2216.2372705428,           -13.6122323391,         -2628.4640046846
            88.3241004100,          -343.9155513497,         -2322.7931382896,          -177.1521779108,         -2648.7310218826
           -58.4577190625,           238.2532629428,         -2406.1383015999,          -475.3901485473,         -2124.8107753300
          -132.5277107784,           137.5993775768,         -2323.0644303588,           108.1465231012,         -2140.6829673593
          -343.0002563024,          -525.3722908050,         -2318.6643615158,          -173.3505720311,         -2284.4726435437
          -362.3662593524,           375.6209980809,         -2645.7976360907,           218.3638643066,         -2358.8299461123
            43.1330929164,           430.7909261504,         -2361.7152349676,           535.8863290506,         -2180.9211129773
           482.7322589586,          -294.4634927261,         -2728.9846024880,           292.1651560926,         -2171.0092740744
           250.1062640477,            24.2264923831,         -2402.1620945805,          -718.7420567559,         -2472.3703283957
           210.7884315396,          -555.6555149651,         -2319.7010760827,           441.2111458103,         -2607.5514463626
           422.2940511358,           372.3433455900,         -2444.3828949596,          -254.3470010687,         -2417.5812574847
            88.1810221129,          -201.7130041923,         -2099.8404491283,          -533.0042765745,         -2258.9284175146
          -246.3974390667,          -355.8013673283,         -2311.1313766039,          -110.8912173889,         -2513.8083150624
            -7.5428945767,           672.1777199732,         -2238.2568137780,           616.3391678176,         -2707.4993939745
           333.1479632465,          -578.0083547352,         -2031.8865784368,          -169.7178541338,         -2577.1025568714
            94.5160338452,           171.7051235859,         -2485.0602353806,          -796.0067995683,         -2231.8871267816
          -280.7919665942,           114.3612089179,         -1928.4447564182,            89.8427492033,         -2358.7684083462
           126.3107019697,          -266.5066617930,         -2450.0285341691,           836.3785313804,         -2177.1555001397
           506.8693514130,           537.7736284269,         -2343.0569199426,          -152.2212009144,         -2415.5665939568
           104.4375617099,           131.3680551597,         -2265.5077868873,          -768.5659955987,         -2693.8060149622
          -280.6700798209,          -682.6582854724,         -2597.9372629467,            86.6753944379,         -2070.9445657959
          -119.0335000397,           505.6772170369,         -2604.4414947296,           420.2971219625,         -2023.1632468641
           125.3719263122,           226.3447692332,         -2255.6623415496,           -15.2691754539,         -2426.2438959864
          -426.2870261880,            12.1545204626,         -2119.2521868285,          -414.7485215663,         -2690.5898697911
          -295.0558554739,          -127.5227537459,         -2229.6619559238,           876.2668113059,         -2260.1988937270
           418.7365098092,           105.1586535391,         -2397.3470530420,           839.7333454180,         -2446.8048529493
           492.2819423361,           329.5338328678,         -2075.5195369662,          -731.0708095173,         -2564.0382634882
           140.2405312700,          -480.2808765314,         -2373.2356277634,           172.3107559544,         -2398.7562025807
           243.7763844475,             5.9678084811,         -2271.5057442730,            -5.1344076405,         -2064.3786552379
            87.9321485241,           569.0381995349,         -2469.0748109773,          -434.6224618092,         -2264.7385029581
          -161.3452541333,          -195.7555015975,         -2179.0824578055,            39.8035876902,         -2412.6204860568
          -238.8640973197,          -263.9536046860,         -2733.5932368913,          -420.2334569552,         -2057.5235812975
          -777.1609425856,           944.0429265746,         -2462.2619635827,         -1093.9555908048,         -2604.4043989835
          -427.7337406706,          -385.5378575610,         -2320.9357770439,          1499.7271697624,         -2934.2333970560
           210.1638610091,          -300.1676809580,         -2638.6232852815,           -20.5092642924,         -2043.2598543309
           -85.9115297178,           305.6137593701,         -2497.5474704056,          -517.0819985386,         -2062.9766131427
          -626.6097137800,            58.6244263441,         -2355.0591681668,          -503.2060469480,         -2491.4245496779
          -405.0245561816,           -99.5819286551,         -2248.5491585005,          1020.8558289131,         -2476.3158191140
             8.6939111764,          -514.1891289982,         -2239.6834857901,          -146.4344741182,         -2310.3915160333
            43.4823836401,           352.2514261910,         -2354.7270189807,           225.9619776450,         -2313.7233891997
           258.8852411453,           448.9874898643,         -2138.5919649981,           139.2925973364,         -2540.4602116236
           472.4359581898,           400.9901634018,         -2738.6089774569,           302.6804784702,         -2448.9715494622
           616.7406512126,          -657.0779310481,         -2410.0014814860,          -454.5085392439,         -2455.3702914946
           108.8583882640,          -212.5640664922,         -2659.5015440000,          -517.3939516213,         -2206.7906222252
          -262.0934380733,             0.5030315129,         -1999.5575910758,          -247.3821620921,         -2430.8979862154
           347.8549202781,            43.7609940090,         -2304.7693044026,          1341.8812304609,         -2524.0416593627
           632.4399816251,           290.0721945441,         -2188.2282018267,          -867.7238963720,         -2456.6688175823
          -508.2792171652,          -151.0695676958,         -2416.7613090875,         -1248.3943808429,         -2467.9093657711
          -968.4844414477,            63.8534172479,         -2310.4298114619,          -103.9867389643,         -2395.4784725688
          -482.7077134166,           163.3662385834,         -2582.1708288959,           903.9129805068,         -2409.2418638942
           214.9773372690,           242.0947995357,         -2505.1118423274,          1097.5918272954,         -2413.8868462274
           372.9935274557,          -128.7662674057,         -2572.8761344392,          -921.2369044245,         -2321.2053617578
           118.5966457833,           -17.9228599583,         -2459.1245162971,           496.7728649876,         -2424.7140195200
           790.8338101561,          -153.0021701111,         -2549.7641439045,           688.5896445295,         -2289.1232461396
           811.6263970110,           584.4042272630,         -2481.3378677054,          -650.3116610253,         -2491.9550371347
           132.0159868080,          -529.3607070992,         -2657.0747340065,            54.6099887772,         -2119.4620352164
           681.4724827364,            35.2476541401,         -2384.2882031049,           285.6231564620,         -2346.6738052822
           445.4664679926,          -311.3035335790,         -2209.1211693494,          -735.9622913611,         -2585.8717927831
           215.6866979279,           258.9071912650,         -2544.4703903665,           252.6875474578,         -2280.1662198422
            92.7073995022,           353.6616676512,         -2456.5481054248,          -278.7092077854,         -2220.8003362522
           -25.9786471960,          -369.5253164385,         -2421.9002516195,           255.1227766681,         -2439.5356989987
            59.4163552586,          -670.4669371441,         -2489.1349020552,           -80.6392840055,         -2241.2231065193
            -4.4719646056,           663.4791100448,         -2276.8224427745,          -336.2392412967,         -2180.3237910882
          -238.6658227294,           -53.4555564597,         -2149.4511502172,          -262.1740761072,         -2505.5120605087
           581.9829925621,          -156.0116902550,         -2074.1139776487,          -119.6393199458,         -2717.6952410995
           263.9083651303,          -180.2451730271,         -2271.6981601373,         -1000.8217629226,         -2412.0767629209
          -121.0985269661,           554.5754157123,         -2479.2064724756,           -18.7191479354,         -2062.6648312177
          -263.5704452459,          -173.8818706262,         -2352.0220479961,          -104.3053870533,         -2480.0116567025
            64.4712444782,          -261.4122878533,         -2466.2904864798,           573.2215597341,         -2264.1642296588
           206.1491545410,          -111.6634569395,         -2336.4101007303,          -323.9593722570,         -2427.3639412618
           -49.7201122005,           246.7533052242,         -2248.8059700339,          -210.0717747767,         -2390.7140250453
          -271.0971430804,          -196.9651491681,         -2107.0535023675,          -157.8992420909,         -2495.3352858287
           131.1644297373,          -146.0441580931,         -2247.4672778353,          1043.4318541102,         -2297.4781463160
           372.1230218375,           353.2922218260,         -2292.8332331388,          -458.4739469201,         -2470.9486001757
           182.5335168542,           334.2042085745,         -2330.0306781307,           301.2752079686,         -2680.9083552404
           133.7609455319,          -515.1877887787,         -2636.2770449753,          -311.7901322011,         -2243.0374654124
           171.1476643221,            48.2736930203,         -2455.0002497296,           396.4185160888,         -2225.4549747107
           115.0186215516,          -273.8551163792,         -2129.0687927762,          -256.2997880438,         -2474.0272542059
           177.4301889335,           383.6575229223,         -2225.3686527608,           183.8516503895,         -2591.5913485654
           323.6254244853,          -384.6134011758,         -2276.3723961560,            48.2992650204,         -2370.1738937278
           403.7868476900,           428.5667243814,         -2704.1115982774,           175.5155685736,         -2025.8369210631
            96.3974706488,           158.4943610482,         -2427.4954856467,          -628.7868296324,         -2447.4832697941
          -492.8454213279,           247.9029808664,         -2709.0246764009,          -464.2672065093,         -2495.5067103776
          -790.2406995192,          -677.9566797948,         -2510.8728038032,           189.9942308897,         -2507.2754263258
          -135.2765042746,          -247.6214384153,         -2435.0031629858,           536.9634004730,         -2062.1449358413
            37.0800103040,            35.0028679833,         -2545.9368906237,           -25.3195059904,         -2224.0811184410
           226.7059125634,           759.5131108098,         -2411.3259321956,           628.2424035217,         -2280.9891371022
          -170.9682457225,          -622.8513096956,         -2396.8592337273,          -730.6608042390,         -2361.8098329718
            31.2481258724,          -339.5621728071,         -2137.0780306368,           902.3306693603,         -2334.6533851176
            22.4124310257,            49.9814388245,         -1971.4411850779,          -294.9441018821,         -2614.8099152023
           179.1088704011,           641.2028214737,         -2267.5159419506,           414.0051014840,         -2470.2638052941
          -261.5724311654,           -39.4312370958,         -2276.2727893958,         -1073.0189583610,         -2546.2948426451
          -707.3058874511,          -441.4250584091,         -2483.2957113621,            64.8902597265,         -2315.3169376127
          -683.1758221399,           230.0036491640,         -2450.7749581938,            22.4501354714,         -2222.7063495397
          -612.5699588938,           110.7641649416,         -2565.1475229724,          -198.6120029936,         -2252.2589158993
          -695.1891403604,           100.0187944092,         -2155.6855026546,            37.3174287815,         -2708.0740065833
          -586.6240987065,          -461.3758267738,         -2576.3831150238,           305.1193274250,         -2640.2490543283
          -536.9433945855,           481.0532098629,         -2492.2973510748,          -266.2672030143,         -2329.9019575612
            35.7060643669,            87.5531754452,         -2654.9146480496,          1341.1985780622,         -2137.1888882527
           322.2935337962,           -76.9125096110,         -2412.8356099976,         -1012.3219932223,         -2499.5085322169
          -728.3660906424,          -410.7300018261,         -2535.8349968456,          -858.3194503618,         -2499.5883949154
          -639.5086184414,           324.8721099872,         -2199.0718570860,           854.6076988385,         -2620.8971001040
           259.5710088657,          -437.2827650441,         -2280.1731464751,           704.9757057550,         -2431.3895795866
           190.5844904822,            97.6625022710,         -2329.8586990980,          -920.4687506655,         -2313.8541226321
          -286.9846099366,            19.7527816469,         -2178.6479316010,           497.5985012614,         -2455.2406975038
          -264.0001574748,           152.2720163214,         -2408.6438825220,           -54.9466921307,         -2183.6374794677
           202.1164188941,          -413.0997239897,         -2627.2192124958,           739.3206918898,         -2046.3737413259
           215.3773499851,           284.5617854248,         -2452.7691874272,          -483.0531358274,         -2556.1721185634
           -28.8367149804,           -85.0381408556,         -2425.6954302893,            98.9032321645,         -2372.9012716708
            37.9861156468,           163.4357416711,         -2461.6245407759,            10.8767886826,         -2301.0992539178
           348.4215505391,           -98.4616523715,         -2412.3128998359,           478.8646064234,         -2306.2248123596
            35.0276196030,          -346.1758875929,         -2373.5076393162,          -942.8381933895,         -2285.8728905135
          -222.2398488740,            21.7170078150,         -2415.6748028122,           420.3606350358,         -2077.2887651264
           186.8850337279,           438.1400335844,         -2375.6891003432,           428.3779484446,         -2265.3077659857
          -106.1142081581,          -189.2202888921,         -2463.1202736567,          -957.3121056977,         -2300.0296188292
          -632.6483543810,           245.8566548440,         -2430.4289908954,          -344.0685544502,         -2438.4076070211
          -394.2807922656,          -488.2508986503,         -2308.4644106279,           442.5469038966,         -2521.8062204292
          -378.2883788141,           151.2674731403,         -2134.9858464212,          -345.9778034756,         -2382.7709279242
          -114.7133605538,            90.5055770012,         -2510.3625093156,          1025.1083176099,         -2169.9582935758
           411.2972560419,           579.5687711028,         -2496.7025292305,           297.4341978961,         -2481.1572938587
           196.8264293917,          -533.9949797016,         -2569.7671688257,          -386.7852261616,         -2289.2098909032
           -54.5331262911,           282.8862128187,         -2436.1712436337,          -454.9011986578,         -2356.1336557885
          -620.9178601394,          -507.0093061405,         -2378.8164064987,          -613.1331295115,         -2429.4249904031
          -524.8350104395,           391.6600224239,         -2258.0517597828,           788.4432043632,         -2456.6557219716
           125.1651827814,          -372.6791259422,         -2389.0531182925,           589.2289045788,         -2752.7983857929
           389.0548320898,           383.9717666664,         -2198.5548648143,           220.4584864149,         -2566.6643281791
           521.7151824165,           -93.0911249320,         -2541.8872811527,          -143.1841440696,         -2321.2822517873
           -61.1042682206,           446.7185798610,         -2446.7941796548,          -925.3432249774,         -2322.8469758775
           -53.2315805281,          -718.1617545818,         -2514.6976041097,           548.2332148361,         -2590.8611025392
           505.1721528063,           219.6750155516,         -2344.4607032534,           523.5599497920,         -2440.4791820860
           608.7655980677,          -164.7124974166,         -2333.8034647900,          -393.6987726284,         -2247.1829410935
           101.0549924871,           349.4998369250,         -2512.3635081959,          -593.1382054501,         -2241.1062983666
          -286.3900887496,          -475.1798478248,         -2220.2403238874,            70.9012228152,         -2382.5937102540
            33.1765311282,          -229.8248400978,         -2214.2304142899,           601.5999424081,         -2131.3376261654
           145.0277616572,           241.7844118534,         -2113.0942126905,            56.2419437240,         -2410.6748045046
            -1.2847532574,           125.8911951798,         -1977.6924293215,           134.9811039707,         -2534.5400795130
           127.4599691628,           177.7442854393,         -2236.0501493506,           -89.4991608167,         -2438.8229104792
           616.9922485007,           -59.5730540180,         -2217.8747628185,           964.5417762114,         -2558.8814595203
           200.4586061691,          -205.7869626137,         -2221.2504708784,         -1708.4178614359,         -2589.5879617681
          -404.4569993380,           602.4121534527,         -2506.2645442898,          -189.9449145129,         -2539.7157325311
          -494.5387364473,          -400.8772334008,         -2145.2407613493,            22.6231271731,         -2526.1032231047
           238.5487954645,          -278.4430865767,         -2474.8744224959,          1439.0262732743,         -2202.9204983838
           549.1670022821,           412.1738611785,         -2437.3941279986,          -565.9284220878,         -2294.7931118440
           391.2875099887,           313.3517265894,         -2313.6490403297,           527.9451092270,         -2355.2671380726
           508.5117300879,          -594.1085322633,         -2585.6910879313,          -415.1457172256,         -2285.0610812689
           466.0442658525,           189.0414558271,         -2450.4727853209,           513.0965727723,         -2511.6642253894
          -593.4809466330,          -467.0760129178,         -2239.2506933669,         -1111.4341410284,         -2470.3280486296
          -584.7508041718,           563.1714381218,         -2309.6146255874,           936.4843252410,         -2399.6019482381
          -154.1390598648,           -68.1905498481,         -2191.1961281481,          -522.2987007828,         -2243.6422316920
          -183.5886362575,            40.0804439004,         -2261.4632837227,           480.5923560521,         -2401.0960395581
          -390.6577525380,            -9.9886671574,         -2511.9563164508,          -578.7406783842,         -2432.2480943063
          -313.3469222500,           563.1090756107,         -2271.4293780873,           777.1209375412,         -2472.1675158279
           132.1050128934,          -773.1740438885,         -2336.3299030102,          -182.4730971302,         -2436.2512578768
            47.7777303105,            54.6985785279,         -2481.8563985018,          -147.3884613170,         -2107.3131862926
           -98.8233417586,           545.4447720897,         -2159.6006653635,          -246.5201969648,         -2370.9468630291
             6.0946505979,          -521.8595667325,         -2218.2326706027,           397.0801258214,         -2585.8674236962
            69.2223132376,           322.2144265208,         -2437.0005432276,           203.9580299262,         -2286.2595952257
           650.1570756022,            33.3746863574,         -2106.9572164723,          1082.9714555328,         -2713.3435678431
          1071.7329464658,           -48.2426621052,         -2320.1165764567,          -263.7694075987,         -2936.5145897304
           544.0257064031,           104.6877281804,         -2483.2757890609,         -1091.9284262234,         -2372.5955022060
          -400.5829056034,           298.1025857655,         -2538.3923845612,          -490.4256504263,         -2160.6355016564
          -213.3221998722,          -461.5819290334,         -2738.8504863538,           665.0070348914,         -2514.9640770465
            43.8464944610,           147.7470898622,         -2178.9156304428,           155.9270250700,         -2419.0502346395
           164.9169252227,          -649.3161190586,         -2475.8295025513,           226.4699357347,         -2145.9927563082
           342.5996742821,           781.1914860372,         -2594.3581047857,            90.2756608241,         -2218.8829442440
           578.9061476493,           231.0772670744,         -2299.9176314806,           485.4105300977,         -2527.5995605387
           362.0204111981,           -35.2413616482,         -2662.2309442838,          -943.9049217897,         -2459.4448651561
          -232.0965384899,          -451.3707691998,         -2545.5708544884,          -420.4561810952,         -2160.3042623386
          -420.2067084055,           222.2206377153,         -2527.1905555397,           149.1142497371,         -2413.3275817430
            18.5739786116,            38.7657432526,         -2542.7860341443,           719.1535899014,         -2336.8894059628
            90.6534507734,           295.3414018990,         -2612.5388739656,          -332.1843578498,         -2268.3980786901
           152.0955429917,          -201.6198780051,         -2713.0246567784,           565.3869761180,         -2313.3861831408
           421.6576567950,           -14.2846012862,         -2221.2875769319,          -176.9104730096,         -2853.0856399238
            80.4578502499,          -770.8997809530,         -2343.3906004771,          -788.9250207820,         -2505.6317941418
           -36.6990907278,           333.4988628923,         -2362.7038359335,           675.2454156697,         -1923.2837829597
           320.8397684812,           125.3955209261,         -2104.8000577858,          -167.4878296075,         -2208.1469025396
            47.4828411421,           -70.7354447638,         -2450.1370279500,          -436.1073714950,         -2245.8219498694
           -14.6118774517,           336.6439814941,         -2491.8938263233,           119.7365291741,         -2367.6161762717
           177.8863956600,           412.8317492518,         -2549.7839858926,           215.2065961960,         -2431.3265471978
           291.0627581771,          -845.6256645720,         -2803.9262508059,           133.3561904587,         -2196.0932046226
           244.2501245691,           369.1740053482,         -2456.9843985361,           -84.2368511107,         -2232.5010163391
           -29.1407746858,          -522.5650636949,         -2409.7183304750,          -313.8909779816,         -2449.5280021727
           -64.9817352399,           346.4908282884,         -2432.2578955298,          -477.2947992788,         -2252.9002273562
          -280.9853977068,           -78.7005803572,         -2232.3953867686,           -38.2280655995,         -2404.5234088955
          -673.2481063238,           270.4552393216,         -2437.2592217040,          -570.0822395240,         -2668.3642647986
          -593.7376286724,          -239.7997143822,         -2531.9275454380,           752.0964685680,         -2255.3318728567
          -242.8347036835,           363.0792726047,         -2599.8021805701,            16.4799326838,         -2124.6489203665
           709.4316008462,          -476.7585768370,         -2320.1887634362,           926.9162628445,         -2425.1229433552
           563.3697983745,           483.9422322154,         -2263.0693714946,         -1103.5275317716,         -2441.0623519158
          -155.2040960987,          -262.2926524955,         -2181.4342790513,           147.7349001202,         -2331.9589980934
           310.5480211461,           536.4181233552,         -2543.6956244895,           743.2668722505,         -2418.8840891494
           564.3361659344,          -501.3756997252,         -2172.3859287866,          -344.7283360989,         -2616.1206230355
            99.0606711349,           259.8516961690,         -2836.6438354542,         -1089.8817313246,         -2217.3930460389
          -130.0869837515,          -441.2576324101,         -2133.8221340201,           483.4843013814,         -2330.2303129040
           129.9250987963,           -24.4137242408,         -2654.8112867006,           291.3482574594,         -1889.8269755613
           293.7260318843,           575.5013514811,         -2421.6649463090,           233.5314956833,         -2399.5009944176
           618.5584245173,          -271.4625608342,         -2181.0601486468,           249.4106163266,         -2728.9815659046
           248.3487468049,           -85.3198709346,         -2803.9362613908,         -1210.6028813528,         -2201.5387351285
          -611.9300198254,           444.6956302599,         -2690.4733581608,          -735.1187864324,         -2217.0715782232
          -443.9002206300,           120.2590789768,         -2506.8269645470,           631.4576395791,         -2209.7684457487
          -366.2293949027,         -1020.7851216717,         -2550.2861957797,          -350.1354432950,         -2494.0948686191
          -477.5132667389,           394.1627798433,         -2611.9387423882,           500.5299051098,         -2468.4677732300
           -38.5576392900,           -49.9186563587,         -2074.8405273853,           284.7397569922,         -2534.7276909151
          -251.2053137620,          -133.5025929512,         -2285.5737342750,          -493.5475818282,         -2473.4480638913
          -271.9174227477,          -344.1523357843,         -2337.5628041673,           432.1131256437,         -2107.0652699827
          -174.1986416082,           609.2413759166,         -2540.5895873851,          -315.5291698434,         -2029.8949528008
          -631.6733524190,           200.2681839502,         -2344.7029214318,          -451.7607700705,         -2580.7850732681
          -690.5894784275,          -439.2145976967,         -2389.7176488286,           324.0330154348,         -2444.7273923663
          -218.3110789623,          -220.9531489641,         -2375.8611336099,           898.7782386272,         -2374.7674657851
           144.4118035443,           346.6545195049,         -2241.4756549644,           166.7129726235,         -2507.5066430914
          -110.2184983784,            21.8900462163,         -2156.1532761302,          -462.5504138086,         -2579.3037067740
          -634.2499540610,          -195.9020400188,         -2297.3214856754,          -696.8555041803,         -2486.9663044539
          -731.8008093199,           410.5374837201,         -2605.5537339630,           633.3825670186,         -2443.1730819306
          -201.6299173149,           543.2998052873,         -2469.4545740344,           401.7471693269,         -2485.9823278898
           407.3876434602,         -1036.1346473384,         -2576.8619839048,           217.5799226459,         -2245.9424722407
           134.4974086240,           -50.4797004329,         -2657.0660840908,         -1061.0353484913,         -1993.8828958219
          -263.0312749533,           300.6402744009,         -2038.4482469297,          -135.6643152736,         -2400.3050299930
          -198.6996282951,          -101.9244573706,         -2374.8184383252,           222.1344282833,         -2156.5072367146
          -183.9499593862,           235.7564765143,         -2365.8555443592,          -145.5673000044,         -2233.8349409873
          -506.1105729740,           312.3197614013,         -2493.9150915841,          -229.6940601875,         -2619.0617169940
          -148.0948066324,          -580.0787221561,         -2412.3760581288,           573.4880564835,         -2490.8957530946
          -176.4582519872,            71.4813815557,         -2336.5510024803,          -694.7206086507,         -2481.8051322048
          -123.7179722649,           -54.8404323899,         -2185.3633626449,           919.0455965299,         -2390.9511680756
           343.7617811813,            92.0948927920,         -2267.6144463022,          -208.3732180554,         -2314.2866210059
            46.7022259112,           -92.8559979435,         -2379.7102458737,            22.0399664049,         -2129.7475433970
            80.5804867629,           -35.9638978487,         -1954.1021566152,          -410.7833779961,         -2629.1029111912
            12.1916843760,          -283.0542110265,         -2275.8538747286,          -432.8995442708,         -2303.8997237141
          -168.7202708595,           494.5251691211,         -2220.9324859013,            87.3889209382,         -2535.5308012695
            68.5203984243,           168.0278165164,         -2394.1204752735,            75.1957540755,         -2194.1055354485
            26.2036179645,          -378.4123091939,         -2346.1810053948,          -135.4613173041,         -2322.1470271553
            91.1994496108,          -203.5479421433,         -2427.7132621097,           220.0624312185,         -2527.7715807290
             1.9573808694,           713.8907712518,         -2556.9832897212,          -484.0888641070,         -2120.2177842987
          -223.1210841130,          -260.5180555943,         -2295.7928004159,           729.5513267139,         -2449.2746893521
           210.0987551857,             7.1692310691,         -2494.7280545329,          -260.3968623393,         -2458.7763862756
          -121.4122395206,          -494.4864904240,         -2149.1152651074,          -330.3211946586,         -2459.7363123218
          -115.8479917765,           195.9694019817,         -2406.5605930384,           122.5060165264,         -2260.9134886574
          -418.9832765911,           550.1698113763,         -2498.2951591167,          -537.0623179995,         -2248.9300945882
          -630.4439639752,           -70.5513167107,         -2255.5338272960,           530.4437106815,         -2484.8944637088
          -152.6022332176,          -636.9093754312,         -2528.6192266258,           108.2742108147,         -2179.5890453757
          -272.7813894399,            15.0709082119,         -2109.0414985642,          -437.0681825044,         -2493.8238853101
          -551.3348406532,           552.8932779115,         -2277.3280659534,          -285.1155597277,         -2616.8073508386
           458.2845592985,          -336.0229320764,         -2153.0106636888,          1666.6960299270,         -2515.3387746452
           510.6020729420,           189.7341554214,         -2354.4485427994,         -1604.2574483151,         -2320.7560865705
          -155.9548414694,            62.1150078090,         -2271.9503824040,           506.5973509660,         -2430.5073002796
           338.4001182003,           -20.9982918982,         -2308.0234486665,           590.6194063208,         -2468.4940699884
           568.4563919215,          -206.8803320775,         -2230.7638155847,           -91.6642246819,         -2393.8941491106
           234.7035393141,            62.3132884471,         -2393.6313280092,          -772.5395550260,         -2208.3223124929
           -81.0223267651,            37.5567547544,         -2165.8088726699,           267.4167995700,         -2446.4849909010
            53.6279522577,          -211.2752945341,         -2065.6678731921,           255.7422137150,         -2715.9247676734
           268.7662654812,           140.6546954795,         -2394.6680940250,           328.8521292392,         -2325.7926891666
           241.2175458051,           243.6196709712,         -2300.3520721824,          -286.3620306983,         -2177.0418270119
            66.6792683569,          -242.8640683934,         -2420.4448788738,           -36.2467039000,         -2265.9159967267
           326.8983958893,          -359.8939779666,         -2188.6097946186,           274.8422535540,         -2502.7642473480
           366.4383746423,           427.3026922259,         -2398.5795956191,          -310.3219953782,         -2439.6400401871
          -731.2615806158,           -87.1889876213,         -2159.3442776622,         -1301.9152014464,         -2551.8243270422
          -646.0706887048,           -50.7779321926,         -2378.2187729206,          1500.9153236946,         -2326.8871477509
           468.3465609688,           -36.3269049432,         -2396.3118864398,           678.0985805048,         -2265.4650725107
           459.1989048407,            54.2353252032,         -2169.5802302088,          -335.6053630669,         -2479.5954185706
           100.9510677463,          -234.3760901693,         -2277.7691630816,          -590.6648495720,         -2313.1052678056
          -102.0595876057,            82.5656894438,         -2226.3656269064,          -212.8289764345,         -2289.6162990391
          -240.7396638112,           222.9026823989,         -2386.4753356208,          -116.0046881310,         -2411.5325951489
           -44.3360820151,           -11.0716645037,         -2315.6382238431,           523.3085624008,         -2389.8144092363
           426.4782841406,           -12.6628291953,         -2436.5281647650,           311.2270991982,         -2272.4174607898
           234.3249501404,            99.0636085865,         -2368.6092451855,          -510.9852414696,         -2441.1751868247
          -236.5394336350,          -339.3721347707,         -2115.2909964622,          -360.5333576638,         -2326.2306715298
          -288.1664488520,            40.1247593722,         -2568.8522086607,           156.2587073516,         -2221.9960261547
            -1.4194847148,           309.8206302362,         -1999.3276659050,           362.0571678336,         -2523.7400289992
           374.4995937507,          -205.7764294038,         -2508.6447669260,           563.0741872161,         -2159.9395176597
           491.1426738039,           417.5809355327,         -2302.5428710753,          -192.7304371773,         -2430.5341312242
          -248.3525034262,             3.7992926541,         -2410.1506324750,            68.4768706864,         -2589.3871046661
            23.2660869992,           316.0519351381,         -2525.6553959393,           948.4875297664,         -2484.0615067256
           556.9414540203,          -170.9650511825,         -2458.0917193366,          -352.6173691990,         -2295.0417401353
           -97.4358462319,          -233.3692758974,         -2508.0240697915,         -1031.9139115969,         -2369.5728066360
          -215.2427370692,           345.4797781058,         -2461.9234303013,           805.9579909493,         -2553.7629780820
           172.6443001311,            -9.3637621389,         -2325.4584589758,          -243.8395003662,         -2541.8593299577
           188.5972627881,          -317.8373928067,         -2603.0285911563,           741.9025980859,         -2079.6219578943
           594.0175870512,           251.1330291261,         -2319.7981419884,           134.7074031479,         -2312.6172031375
           164.0227399603,          -243.9065800022,         -2203.6975286725,          -932.0835149106,         -2710.9435755286
          -123.1499130869,           -28.9504909210,         -2357.2327187475,          -587.6324197858,         -2517.5750816206
          -185.6100962552,          -215.8289233972,         -2152.4841305323,           529.2972013899,         -2225.6102144417
           344.7871238310,            -6.7338492350,         -2208.6069778758,           662.0914582988,         -2160.4717632255
            87.8289732139,           251.4768616898,         -2458.6649975401,         -1075.5530453130,         -2293.9224627716
          -385.2586677863,           529.5740626902,         -2355.4052307181,          -340.6050770085,         -2471.7269192575
           -79.9959466072,          -461.9305069855,         -2436.6242619414,           291.1104213939,         -2260.3156596608
            85.4876096357,           268.2653145129,         -2578.1174589688,           419.7908422795,         -2325.1732321532
          -122.5286959732,           -46.9952312265,         -2367.6829576615,          -758.8961196712,         -2325.6072425772
          -352.8116378691,          -173.3745532982,         -2342.6268824176,            72.8911143517,         -2287.6434455587
          -179.6583333942,          -253.3163427081,         -2332.8125951604,             3.5975995228,         -2375.1044222015
          -276.2661823763,           100.5552987975,         -2198.3716909651,          -390.7628945578,         -2394.5421250725
          -186.8614243725,           174.1862606675,         -2328.6377581590,           612.7962653203,         -2144.2540892181
           205.3251989202,            94.3617724278,         -2401.4005539814,          -127.9856082099,         -2316.4321100109
          -163.4177371747,          -229.7535816378,         -2248.7094204275,          -625.3884408737,         -2702.5738595714
          -247.7303125709,            44.4710307311,         -2492.0472374941,           466.9561595063,         -2404.1977693429
           271.7166092650,           149.5951369232,         -2334.0100144086,           747.7946344103,         -2322.6823762245
           218.7966246466,          -208.3168564177,         -2326.5738675036,          -894.0156981094,         -2173.0551580983
           182.7615512094,          -465.8843128540,         -2229.0810535240,           730.7913661528,         -2440.9307600627
           117.0737042116,           233.6587641773,         -2242.2599582267,          -356.0362678469,         -2515.5420201038
          -110.2110193581,           396.7581802233,         -2181.6505328051,          -240.4180928305,         -2277.9945771633
          -569.8519692832,          -379.4999824984,         -2371.6665861494,          -504.4291820877,         -2238.3958755520
            39.1102398335,            29.5006334870,         -2159.6848495567,          1407.6385356147,         -2318.4850666942
           370.2763158619,           -94.8808114014,         -2230.4559206743,          -487.0901424372,         -2460.5213797546
             6.0893105639,           101.4650307804,         -2198.4578322226,          -266.3803153093,         -2362.5738604448
           -96.6774413453,           158.6345797381,         -2365.1294531689,           -71.3983341602,         -2394.0752601900
          -329.3760795703,           143.9626307008,         -2543.6775874615,          -137.6007147715,         -2068.8287301175
            34.0834061127,          -135.1967977927,         -2277.6795919272,           292.6687994859,         -2362.7853315871
             4.0256275319,          -557.8459191032,         -2590.8083578592,          -215.5192455336,         -2148.7098445785
           183.2728421849,           318.6966933043,         -2449.6557871136,           843.1403338434,         -2030.6907950366
           125.7847232237,           132.1988632137,         -2138.5635974158,          -703.5422083393,         -2323.7681469208
          -144.6497204640,             8.4294959041,         -2634.7081426407,            53.5540984370,         -2164.2070869668
          -322.9489251389,           103.9807576395,         -2262.7261012239,          -190.1638348584,         -2419.7017762431
            84.1837369557,           -63.2535376282,         -2259.1049430573,          -159.2886427330,         -2320.0341107249
          -565.0993275310,           223.0691832110,         -2498.9616544829,          -889.3929062673,         -2144.4546327199
          -490.1867819258,            44.2445338449,         -2009.7106375583,           554.5983754183,         -2899.4258894466
          -395.5455920233,          -581.5587744599,         -2458.1727013116,          -147.9430065762,         -2241.5845226922
          -245.1068403470,           908.1937644323,         -2590.3147407298,           591.0675381838,         -2121.1290462302
          -126.0025169510,          -443.2652060798,         -2276.3500989426,          -513.9173468365,         -2506.3442158455
          -373.3537035700,           -67.3521915354,         -2685.0711252408,           -32.6284274327,         -2158.9482499252
          -252.0929074490,           513.2217304703,         -2299.0209062600,           133.3465237041,         -2520.1219294380
           167.5742066779,          -210.6640415354,         -2302.1499165356,           711.8976150831,         -2488.0247176814
            86.3582403792,          -476.3283325046,         -2351.8642267818,          -917.0052095874,         -2208.4105370955
            51.9872626303,           293.4537164032,         -2263.8740596198,           685.1299349446,         -2440.9342510031
           379.4984056226,           413.5586817161,         -2188.0857963387,            73.6633611246,         -2512.9164744655
           374.7055469273,          -315.8927359225,         -2212.6336451313,            38.4363605411,         -2363.4109140821
           177.2395120219,           193.1688701026,         -2539.3095440931,          -464.7071687845,         -2427.2528018065
           125.4561864664,           -59.7836340486,         -2172.0244097040,           588.5079527693,         -2649.8793555050
           149.8969249808,            44.4420641853,         -2488.7118833851,          -854.0499330906,         -2359.1924929246
          -391.2682846171,          -422.6519163763,         -2279.1954883634,          -162.0837922671,         -2357.9800107385
           141.4574301164,           533.9062523497,         -2402.8905794370,          1183.5897722962,         -2355.7906713358
           604.6790768241,          -142.7904166404,         -2079.9925257319,            87.3468701492,         -2535.7306696152
           262.9523332648,          -216.9199186309,         -2428.7485830113,          -431.9569352818,         -2175.0573330031
           149.9098428928,           574.9715349967,         -2607.3444786741,            35.2650085856,         -2309.5976401773
           506.7736442988,           299.2314984530,         -2175.3603771732,           590.8815304129,         -2706.0385265735
           426.8320389017,          -562.6740285955,         -2781.3646305658,          -677.4755627354,         -2390.7491111801
            19.6914033696,           257.8384212905,         -2408.9941730573,          -269.3685367434,         -2179.9619143476
          -398.6570237847,            42.1591970980,         -2324.3250171847,          -363.2380414988,         -2354.8081933220
          -182.0251323525,          -207.6362318133,         -2464.3047396124,           694.9784301155,         -2545.2918831558
           333.0101350133,           161.3470246606,         -2395.1862420126,           486.2944399368,         -2349.8273405904
           365.3882842838,          -177.2597869749,         -2427.9622673978,          -437.4260532921,         -2273.7887038733
            18.0734167426,            52.6829337107,         -2121.8961991107,          -181.2051578971,         -2534.4311170241
           154.9100107538,          -187.2685803733,         -2611.6781887580,           537.0138003259,         -2340.6838338493
           349.2422580114,           721.8327864671,         -2371.7289929724,          -156.8832276153,         -2293.9042599288
            89.1677931435,          -379.6518857960,         -2640.8486523458,          -124.8813590077,         -2126.4531973568
           105.8409110657,            24.9841664019,         -2365.5822768260,           142.4454944818,         -2245.2473458832
            41.6256797408,          -119.5672278876,         -2117.5485111925,          -296.3977605064,         -2465.4311646217
          -240.9247141839,          -239.7638849494,         -2235.3227121616,          -660.6647053757,         -2732.0568656743
          -376.1191637202,           634.8421051850,         -2129.4658131562,           629.5143413733,         -2615.6180549287
            72.8342085171,          -692.9493374628,         -2332.2152573370,           -83.8828677630,         -2225.8097148490
          -219.1075366605,           323.8915533969,         -2572.3570999691,          -674.3614410663,         -2098.3358751685
           -89.6032873075,           179.9788421844,         -2223.3901161552,           908.5447677541,         -2428.5985515637
           169.8084457080,          -200.4078095469,         -2236.7553515478,          -304.4310920155,         -2520.0563210351
           -62.3996789413,            49.7174048144,         -2431.2629662397,            73.2104894059,         -2389.4818725635
          -129.1787504313,          -586.3880865769,         -2297.2160859390,          -517.1203713024,         -2315.9432191335
           -84.6621476879,           160.0598341451,         -2410.9674271568,           878.5416474795,         -2270.3909762473
           325.0574925120,           336.4786503020,         -2100.9455909188,           -41.2847755184,         -2393.9941409480
           586.9759531567,          -614.3689128351,         -2441.0923389729,            97.0624379471,         -2388.5195418323
           222.0891346661,           563.3378164307,         -2465.1358824609,         -1404.5250556260,         -2381.2106088186
          -248.8348707737,          -233.0984201142,         -2009.7189052849,           781.5359290959,         -2751.7017507118
           178.8985945773,          -183.0425267501,         -2392.4223566466,           317.8089899614,         -2366.5584947758
           154.9755130745,           367.5036652375,         -2390.7077561735,          -422.5088410047,         -2358.9284515672
          -262.1664523109,             7.3554432264,         -2350.9780682456,           -89.6706025983,         -2350.7582391563
           178.5436879227,          -342.1843676851,         -2686.9574012276,           891.6790596093,         -2105.9291845244
           614.2325368398,           500.2699855932,         -2745.8396382742,           186.2763705561,         -2176.8003657293
            80.5620225213,           -24.9257454398,         -2586.0808336545,          -470.8371568798,         -2326.0115004524
           211.0239560979,           -97.6069804722,         -2536.2754334612,           559.9298365373,         -2517.8762324150
           117.9504891150,          -216.3801041348,         -2675.1525152948,          -744.5849375036,         -2252.7262341246
          -224.5636426352,           286.1032874059,         -2649.9877288198,           144.1707467783,         -2226.9240040088
           238.6112494136,          -231.0143113656,         -2280.0481273662,           357.0089556658,         -2497.7159473307
           374.5594149030,          -368.3608806464,         -2672.7847289423,           -69.8993088380,         -2266.9590196662
           119.3314233135,           642.7935093424,         -2654.3358608074,          -852.1067453418,         -2052.2228278750
          -499.0463605457,          -501.4591221325,         -2418.4296569110,           108.2801103291,         -2425.0302642579
             8.6918224844,           -42.1217719406,         -2515.2682459592,          1156.5180133509,         -2383.2508677062
            95.8148055619,           134.8016740198,         -2421.1017115548,         -1119.8466215122,         -2462.0991426571
          -618.8172318064,           552.5939922585,         -2373.3753564354,           -56.3195048724,         -2692.3495185264
          -289.0655645899,          -859.6949619364,         -2689.0106403954,            74.6744274685,         -2188.5266343583
          -299.8484786618,          -102.7502088221,         -2328.2219793885,           -44.5779184337,         -2354.0466795322
          -279.5822537482,            71.7186099806,         -2211.9020225043,           210.1282720522,         -2355.0881201705
             7.0574457062,           283.5299085034,         -2309.0611921203,           413.5820910699,         -2330.8680831601
            51.7661893135,           229.1217981186,         -2573.9490233962,          -182.5667049363,         -2352.5563446232
           153.7216974749,          -178.0560335302,         -2456.1133968958,           387.1496181878,         -2352.2830184346
           -19.0258168104,          -364.8816832167,         -2366.8057111584,          -647.5641718133,         -2234.4727524987
          -244.0982179212,          -168.6395015196,         -2445.3530885819,          -105.7259151026,         -2094.8374103150
          -323.7199977073,           497.0804275453,         -2186.9227851179,           -89.9449293104,         -2567.3400222803
          -281.3126557111,          -311.4198808936,         -2204.2491285572,           286.7193896459,         -2579.4976557021
          -268.1675051973,            33.4417712403,         -2394.9725010524,          -199.0211507040,         -2257.8309910330
           -58.7253031514,           341.2703651604,         -2480.1453031710,           887.0771494961,         -2142.3753740633
           855.4889916330,          -285.1410536891,         -2353.2307558134,           666.6771499429,         -2329.4481652821
           457.4793489715,           272.0614357347,         -2373.7267659451,         -1331.2362219723,         -2484.5465435263
           -88.9631140338,          -418.2622203663,         -2420.2943467287,           534.2700628494,         -2060.5360061061
           221.2404642430,           267.7927073465,         -2374.4139229517,          -173.7293800772,         -2227.5119694927
            16.5214049078,           324.3711407309,         -2334.1063865584,          -581.8502810048,         -2317.6694619367
          -198.3823357381,          -339.0063671583,         -2366.5534261729,            78.9747249811,         -2414.2754964057
            65.7211708219,           226.6129182311,         -2544.7987027580,           559.7675622461,         -2181.1066631010
           245.1207558773,          -570.3509327292,         -2506.1934827008,           449.4471722193,         -2317.7748171462
           264.5206551380,           329.2164891746,         -2499.3109469767,          -475.7684931049,         -2125.9784913152
          -335.8269486963,            29.0107167579,         -2304.1593897619,          -767.6385614157,         -2542.3331259019
          -161.6285148239,           118.0349650548,         -2430.3127664983,          1188.3199370661,         -2153.8979955993
           385.5364298663,           -54.9534421389,         -2673.9052016459,            79.0213543730,         -2065.0025281524
           298.8487028428,           -25.6080737204,         -2423.3674724412,           -69.5708928690,         -2444.5032929869
           293.7819498042,           -13.1735996828,         -2472.1905797819,           -88.8433622616,         -2245.4678229969
           -97.8565554687,          -210.0305151389,         -2315.2782907788,          -729.7752722270,         -2337.4795290200
          -273.9846925039,            73.7527622620,         -2280.8183784316,           237.3915831134,         -2586.4497446779
          -112.5176037231,            -3.4919593006,         -2218.9026272952,          -306.8932024896,         -2477.6700392192
          -492.7121066188,           173.4939557954,         -2289.7275011083,          -731.5014002231,         -2493.8451152550
          -628.5939407982,            99.7836911687,         -2533.4089194033,           696.1108887723,         -2419.5007159966
          -340.3332466521,            97.6286521471,         -2273.0557397779,          -242.4111970941,         -2488.6537298748
          -240.3832010819,          -522.6589230384,         -2358.5977474697,           466.3812719229,         -2543.2828114149
          -215.0029377841,           289.2890950690,         -2473.2025391193,           -52.0057431189,         -2453.1167812616
          -349.6224869478,            63.0658416170,         -2161.1557794990,          -164.4078614381,         -2590.3574410408
          -482.3611422380,          -498.7901428226,         -2251.0860889767,           -91.3711702664,         -2228.4619612565
          -397.1755425698,           298.4307241161,         -2245.7903015157,           319.5357932576,         -2320.9135556199
          -228.5135577429,          -218.2867543193,         -2088.5279289487,           544.6023013075,         -2481.5831688163
           265.4974902566,           713.3156287651,         -2583.9499732681,           227.3748388476,         -1958.3066683315
           329.3216915813,          -533.4889190056,         -2580.7917863884,          -313.1891294040,         -2268.1966171088
           155.8907005739,           393.2772368287,         -2353.0418045147,          -120.0641970228,         -2720.6061585762
           178.2008759801,          -445.6729801518,         -2328.8390846990,           415.5137256024,         -2513.3768049517
           446.4372328821,           -49.7351630649,         -2320.0880177179,           112.1448559553,         -2259.2898508424
           562.6078145085,            93.5796210649,         -2335.4782776737,          -112.6393814828,         -2548.7078710108
           308.0420560045,           265.3898053636,         -2214.4014448977,          -503.7961366654,         -2659.1821089666
          -231.0222112684,          -149.1926854030,         -2414.0274551324,          -640.2018165163,         -2408.3969349488
          -699.4452175655,          -192.2502589587,         -2299.2314517987,          -256.1758671686,         -2509.0481765813
          -100.7870115048,           328.8170358763,         -2508.3953729582,          1685.9262162574,         -2287.0589562887
           795.4770445620,          -144.2485775744,         -2123.5548751999,           352.6144213912,         -2620.0477601386
           479.2880869128,           139.4944829308,         -2561.3920989731,          -958.1523510201,         -2292.9009541752
           334.7467024051,          -109.5320600188,         -2184.7341770077,           520.9983021483,         -2424.8349159471
           481.3778641621,          -325.3613639262,         -2346.6052808664,          -304.9737906103,         -2413.1250883278
          -279.8734332566,           167.2273475854,         -2472.6970194423,         -1456.9023370784,         -2218.9019241934
          -700.7484544024,           402.0112234432,         -2329.3169066583,           383.5051676754,         -2550.3254098424
            36.8852355125,          -198.4575936353,         -2317.2456414355,           562.6475918773,         -2518.0510413709
            38.8785670063,          -540.1857376362,         -2504.2821473373,          -484.1987710180,         -2409.6221399924
          -335.7159862226,           116.7250399643,         -2291.5116101226,          -492.9015826682,         -2065.1024744278
           180.5363673943,           485.4517665050,         -2366.8341290844,          1092.4597503877,         -2533.8951044191
           347.6342367951,          -524.2931360443,         -2308.4942997889,          -621.8020566368,         -2637.2746926560
          -174.9360569449,           269.8323742589,         -2460.1792335795,          -557.1935420662,         -2219.8921309632
            26.3678792681,          -216.3334754562,         -2403.4830991679,           252.6587108979,         -2263.8466148316
           110.4473087895,            50.5013007825,         -2411.5605158885,            41.2568611011,         -2271.0752062465
          -114.4124746201,          -367.3474303411,         -2460.5905855674,          -749.5385978783,         -2280.1083041931
          -390.0115237685,           405.9066853826,         -2137.1972852282,          -359.3716108260,         -2605.7951155330
          -405.5356644788,            15.1852894165,         -2102.9666832172,          -128.6683298232,         -2840.5854180147
          -565.4955811340,            50.3571285391,         -2433.7875442925,           305.2368685138,         -2375.0745014719
          -106.7149284363,           186.1764699298,         -2270.8819225154,           738.2964940052,         -2535.4996417026
            44.6088523496,          -540.7183300245,         -2505.4541065180,          -224.4140551151,         -2380.2885103734
           -24.5537398428,           168.1451392459,         -2419.0356789749,           233.8460382498,         -2077.1975495865
           217.6772019545,            84.5696429121,         -2343.7049499731,           803.6815661790,         -2142.9567194529
           218.7962889695,          -320.4767879664,         -2204.6462871146,          -678.5845468351,         -2473.3994512683
            18.2821622193,           220.1934723897,         -2309.6640733845,          -243.2995511225,         -2356.0639660893
          -108.3076608695,           100.9416217970,         -2251.1754698918,           -21.2208489984,         -2522.7897709150
           321.7946878767,            72.8098801526,         -2292.0356657969,           939.0236887093,         -2408.7975686475
           326.8955107296,           -23.4119817515,         -2311.8311474857,         -1001.4373141525,         -2339.4616491142
          -175.0892304507,          -156.3109887103,         -2255.0631667403,           234.6567314025,         -2123.1721242409
           382.1904825862,          -192.0426406119,         -2212.6170830622,           588.9816477342,         -2520.9049949149
           403.2580137842,           294.8486425413,         -2120.7732090608,          -610.1005613695,         -2348.0444394551
          -156.4344785501,          -212.2186762842,         -2383.1102803482,          -644.7770501486,         -2106.3340940357
          -643.4684961264,           440.5681482944,         -2274.6048129330,         -1025.2266628600,         -2539.9802687872
          -670.7653991298,            -5.3805183143,         -2335.9114759495,          1114.7366144623,         -2538.9801299015
           -89.0971481256,           397.5788871122,         -2478.0020779412,           164.0161440679,         -2389.6333074204
          -265.8960327637,          -517.7518013706,         -2496.3186610048,          -237.9960788895,         -2333.5916841192
          -320.1153572127,           350.1000490365,         -2908.5270889175,           322.9942853744,         -2018.5824725675
           484.4123562733,           287.5223009572,         -2523.1588478099,           632.1921742452,         -2362.3385691604
          -162.3971680634,          -671.5388817978,         -2683.4891984514,          -997.3339891338,         -2197.0770460224
           -12.8121114371,            75.6384702879,         -2360.5184967314,          1271.6063946822,         -2270.0910437160
           493.8831971965,          -215.8639551380,         -2169.7734066419,            97.9084088960,         -2717.0756958144
           117.7359209613,           426.7984632561,         -2618.4787320607,         -1449.2384151146,         -2134.1709840459
          -552.9254390088,          -191.0862724749,         -2136.7487893155,           199.5841116268,         -2425.4056131967
          -626.6356343985,          -270.4938013374,         -2775.9912736278,          -443.1885426563,         -2082.1310843198
          -646.2820408444,           421.7723170303,         -2210.2437761677,           -62.7201133227,         -2535.3391027255
          -344.2550815297,          -208.9201754086,         -2250.4511042525,           509.7954423932,         -2353.9402981881
           203.2432494238,          -136.4177103431,         -2342.5537213876,           782.4559347886,         -2232.6881428470
           444.0728728259,           542.6536393428,         -2425.8354929761,          -133.1298157949,         -2672.1268659931
           405.0256703927,           331.4597603810,         -2313.2199553064,            -7.8256008289,         -2741.9477455232
           486.1271454007,          -943.9914016877,         -2422.2375647708,          -110.2569153878,         -2322.9415017446
           363.3019618391,           157.2468738022,         -2752.8778170794,            -0.7944514442,         -2260.0714947254
           264.5672822406,          1005.9308994757,         -2389.7567047959,          -237.0527732121,         -2463.7782458896
           -77.2000114033,          -829.9978292594,         -2628.6071230476,           306.4958362195,         -2169.9691399920
           107.5552940057,           -34.7986676339,         -2763.2564352939,           -52.2872139274,         -2113.9511409400
          -182.3727596910,          -116.3704956577,         -2258.0285701306,             2.2690370259,         -2584.4496927053
           -41.9853198242,           229.6367743860,         -2287.4632560664,           294.5164452513,         -2426.1153034659
           262.8664978207,          -441.5773273509,         -2512.4141002561,           476.2845490711,         -2199.7667175206
           675.2190424626,           532.7632571884,         -2685.0211242807,           889.7095684015,         -2204.8192336900
           937.1235163706,          -172.5387054562,         -2148.5954634299,          -156.9746205914,         -2858.8567692203
           579.9383120599,          -159.7478804868,         -2739.2281228270,          -913.5562391445,         -2443.8173940331
            72.5351386793,           363.5940568344,         -2486.9248010994,          -737.6028332291,         -2234.0286406735
           193.5997608322,          -567.7172963367,         -2518.2912476737,           172.1913459514,         -2281.2953627336
          -176.6555532444,          -109.6100910790,         -2286.3330294883,          -815.9035864378,         -2210.6273639468
          -248.4358349716,           594.9733740225,         -2444.1910753228,           505.5411056791,         -2299.3629975334
            52.7460289068,          -440.6851619050,         -2380.7662296260,           158.2105877182,         -2436.0844790754
           101.8520503579,           138.5276289830,         -2518.1572067748,           129.5929418907,         -2076.6743492264
            94.0995749319,           -18.1530933225,         -2478.1722039750,          -369.0912034289,         -2287.1526202848
          -322.9911632029,           101.7136201171,         -2324.0289530379,          -806.2516362369,         -2470.0202812934
          -297.2020162306,          -421.0102245617,         -2156.7182746742,           492.7925099482,         -2280.4665721181
            11.6625382844,           108.9393233679,         -2608.9148177102,           227.8317950664,         -2373.4195482753
           177.8489245183,           296.3726703099,         -2040.0732586848,           179.5433135216,         -2302.1018626198
          -105.8307134011,          -278.8996178271,         -2416.8787504216,          -204.7904461999,         -2266.6901689019
           226.4353395390,          -105.9459746255,         -2182.6510172466,          1031.6014594537,         -2396.9186719851
           525.7269177886,           -33.5857777780,         -2086.8803066987,          -446.8760221744,         -2468.0554270522
           179.0017638639,           165.2469623978,         -2285.9716818818,          -370.1070159037,         -2404.1140582828
          -340.7718793081,            94.5163559934,         -2215.2515197781,          -381.2278848018,         -2329.5926437339
          -155.4253241509,          -451.5430523103,         -2179.3015019548,           646.4504923627,         -2374.8498494221
          -262.5231609946,           358.9327796050,         -2483.6109760886,          -919.2662354783,         -2316.2611233312
          -701.1044318004,           500.6980098026,         -2004.2382356491,          -466.7656138371,         -2812.5706637537
          -568.6486627198,          -875.4196459880,         -2509.5413054239,           681.3702384829,         -2407.7998319033
          -210.0265352598,           613.6516879354,         -2635.5859438957,            63.3145773420,         -2194.6688721682
          -164.6561553671,           -41.6224936021,         -2178.4356147292,           148.6376580528,         -2276.3901236890
           132.3994724652,          -193.0805813772,         -2414.8879417764,           318.3160099638,         -2351.6468006817
           -19.0515686573,          -127.9196215306,         -2199.5139136159,          -260.1630969847,         -2590.1374986551
            80.8350200614,          -310.5747292495,         -2137.8086476086,           442.4133819327,         -2248.2585159595
           365.7471925889,           371.2978475797,         -2263.8712954037,           163.4817623242,         -2282.9422801938
           513.1642744164,            -2.9566481005,         -2098.3228300438,           191.9204438241,         -2883.7276597748
           367.0870764499,           115.2076886784,         -2419.4699034794,          -711.6949747448,         -2353.5831988329
          -267.8202708822,           114.3458156933,         -2606.8129342322,          -737.8303931515,         -2221.0315275623
          -796.5053233699,           306.2925752896,         -2609.2850278223,            11.0310406995,         -2406.1426454046
           -44.6410786756,          -313.0842151726,         -2603.2589449873,          1178.1964210531,         -2512.6293044652
           346.0025869278,            -2.5967220135,         -2682.4926916024,          -727.2451965603,         -2136.3247048862
          -813.3617991757,          -177.1848296780,         -2215.6224512966,         -1147.1065235773,         -2500.9054968219
          -637.6593369849,          -225.2716672726,         -2239.8900775844,          1349.6786132539,         -2688.6982076561
          -147.1604340955,           105.1491613989,         -2192.2150421225,          -205.6970391516,         -2297.6629163493
           276.6803261929,          -221.1460175385,         -2525.9168749703,          -656.2485040133,         -2292.5839589836
           -23.7783257046,           336.7658710088,         -2251.5073509004,           -21.5100494638,         -2404.2080184315
           -26.8686061304,          -311.2884638759,         -2485.3572971443,          -265.7272728666,         -2268.2556270265
          -583.9772419472,           401.4782699321,         -2625.1270815777,         -1157.2077131221,         -2270.9366487565
          -887.0368692638,             9.2822920252,         -2412.2843178750,           158.6326100888,         -2446.8795579770
          -398.8863256148,          -292.2087508690,         -2486.8825070946,           887.8724867487,         -2310.3122443181
          -353.1257888368,            23.9893175122,         -2427.2894052758,          -378.0860556103,         -2481.3204566959
            -8.5467747341,           -76.6701367287,         -2065.7116691836,          1054.3920446551,         -2556.1899403447
           331.7833224365,          -444.0913583110,         -2619.5597811871,          -228.2388939769,         -2204.4170736347
            45.9866646822,           680.1222485813,         -2405.3973637855,          -336.6407814778,         -2184.3483442885
            72.8424251382,          -248.7753061692,         -2224.5799675162,           447.0551164881,         -2416.1982557369
          -178.1823504308,           -88.5896382246,         -2454.5211308495,          -812.7998044123,         -2307.1446521101
           -71.7561207240,           301.4563703782,         -2252.3063525263,          1068.9733757841,         -2248.7447353796
           244.1562580848,          -321.3551861127,         -2359.6836549938,          -474.8247926072,         -2496.3534809116
           173.8681698909,           126.7669556250,         -2391.6947586191,           234.7831217893,         -2296.1722780193
           470.3581683513,           153.7144785262,         -2434.8315235832,           -40.7146642693,         -2193.3176274089
           -88.0187469540,           -94.0432939813,         -2462.9795590797,          -263.8641500004,         -2205.3869760939
           512.6450678858,           258.3314633691,         -2635.9799223950,          1567.3381677783,         -2564.9497830860
           831.9458091569,            52.9587120900,         -2293.8227175282,          -973.7529184188,         -2654.6363165752
          -108.6534997125,          -517.0280538013,         -2712.3054541782,          -736.6055801188,         -2110.0550501404
          -112.2787615692,           -82.8715995645,         -2324.4019452373,            70.1420894306,         -2059.9923223457
            73.9503741136,           -20.6292097021,         -2203.4725495180,            34.8211514474,         -2704.0978281236
           193.1581480311,           118.3900875297,         -2292.8021075432,           303.9713745093,         -2311.5103112466
           561.8554837221,            28.3271824764,         -2218.2977591804,           360.9391803028,         -2263.5761584154
           330.7653428078,             6.1163306846,         -2240.2536529472,          -590.3398262872,         -2600.7398110817
           277.4088674064,          -374.6204768407,         -2207.2393979652,           402.2916196860,         -2383.8410774774
           211.7780871763,           396.8571427725,         -2187.8815682862,          -693.2854436547,         -2293.4885163286
           -78.0917735232,           -46.2860562708,         -2274.5298970372,            71.7443026276,         -2669.0979565326
          -208.3276333490,           -79.5258866229,         -2198.9452134830,          -654.3735546063,         -2331.2279449917
           -65.0567547310,           -31.6126331943,         -2204.2744024979,           725.9272181259,         -2359.5816352321
           143.2335481548,           -48.2401062139,         -2274.2412004823,           125.3256086152,         -2306.6524136207
            31.2535827858,           417.9801196111,         -2561.4637920282,          -431.9052096267,         -2108.2389216758
           -55.6716693362,           277.6010662804,         -2417.9344070107,           283.0360662434,         -2346.6369924411
            72.3946953154,          -377.2991952380,         -2643.4444121547,           -47.6703843737,         -2350.8134924934
            62.3150010814,          -251.8344589663,         -2194.6893525353,           127.8093025664,         -2500.9026728830
             5.0948909948,           147.7596343227,         -2405.1610224279,          -355.3403685613,         -2660.2726291865
          -165.7504110653,           345.0764227992,         -2245.1660997942,           -65.9020813087,         -2594.0547487236
          -372.7029244926,          -544.1125422538,         -2301.3356171727,          -146.9794394311,         -2334.9855981974
            16.3599128216,           -14.0640027289,         -2327.1240419030,          1177.1330422018,         -2279.6086758151
           544.8898109880,           394.8554968715,         -2187.5539786795,           321.0221430167,         -2456.1225501001
           419.2674027809,          -117.0794488798,         -2199.9402468752,          -429.5446433090,         -2372.5588469032
          -260.9841775690,          -500.9390933565,         -2450.7435775199,           249.5551353087,         -2473.7725515082
          -340.7831797010,           236.4382061132,         -2467.1639919394,          -228.8913743350,         -2184.9248565234
          -165.0652784879,          -193.1350246665,         -2142.7183339235,           651.5980821889,         -2428.4338963869
            29.2220355165,          -144.1566606360,         -2205.5085916996,          -137.3348267958,         -2343.1363670633
          -107.9850995607,           107.2748999791,         -2096.0585630268,           155.8880909286,         -2456.4935092202
            -1.3141632790,           202.7326870586,         -2185.5874478800,           212.2037944470,         -2591.8226204861
           416.0403183775,            55.1596003189,         -2548.9456048409,           467.6731343753,         -2319.8314479427
           396.9132955379,           516.3743302213,         -2431.2326439167,          -149.1618425593,         -2639.5515425576
           199.9025595963,          -678.7095642311,         -2622.1200278628,          -369.5638434194,         -2037.8922943447
          -306.0333772885,           281.0110974549,         -2274.6474505137,          -507.3248747237,         -2260.3491350123
          -153.3791962238,           239.4849778320,         -2198.1130508711,           727.0145133426,         -2518.6559029387
           141.4622924308,          -511.8765783947,         -2356.7283502133,          -384.9623798313,         -2268.9221506639
          -262.2452172925,           459.5001765280,         -2481.7511815151,          -745.6954799087,         -2183.1633828733
           -98.6155412823,            10.0124530772,         -2014.9928337013,           733.1287864223,         -2645.8943680635
            10.6364566826,           -44.8396680365,         -2516.5609467577,          -407.9561825631,         -2310.5155097897
          -213.4293050430,             7.5937691364,         -2177.6317619483,           -83.0553487179,         -2345.5434630220
          -167.0334168868,          -232.6102248076,         -2529.9402587219,            83.2778896003,         -2421.6032723214
          -400.5805951401,           837.6308272822,         -2666.4654325036,          -714.1910392726,         -2298.0585044778
          -555.1328595132,          -448.6502508436,         -2418.0218244296,           933.4745835688,         -2320.3513672338
           106.2901286561,          -474.2980037332,         -2770.0593296285,           417.7024087198,         -2404.6481340580
           319.6773866826,           503.3721855450,         -2478.4825353726,           599.5185913262,         -2409.3056961133
           717.2755270586,           111.4165968037,         -2295.7694518176,           106.6896095129,         -2438.8092586763
           130.5793810083,          -379.0925198252,         -2688.4707965826,         -1314.9632748822,         -2051.9562374030
          -548.4716306129,           166.5329470330,         -2491.2147054477,          -111.2676938968,         -2315.3105566909
           -34.2758123092,           308.4588567957,         -2442.8374235389,          1029.3053815104,         -2460.5718109620
           455.8139477383,          -242.1060905825,         -2490.2065386810,           175.3376991052,         -2463.6212688663
           314.3611616157,            32.2275496611,         -2518.5898841512,          -301.1825539467,         -2256.6048779455
           225.2625426341,             9.7485899454,         -2399.3613272198,           188.0038329342,         -2272.4117384267
           304.4665682180,          -311.2614834634,         -2569.5378818119,           112.6843894993,         -2339.3779510673
           343.6975007270,           408.4626391365,         -2342.0250638662,           489.7007494811,         -2514.4429110709
            61.9530472367,          -329.1097993408,         -2407.4410985559,          -704.9452376978,         -2121.8578931351
          -110.5718196685,           216.0405716583,         -2479.5910720635,            53.6574359234,         -2231.4071861354
          -267.0003283296,           182.4541708536,         -2308.1986142490,          -349.6736943197,         -2588.5534779820
          -237.8135569315,          -248.8327819154,         -2414.4404483353,           225.3516314995,         -2491.3633703309
           -35.8449328674,            37.0866639182,         -2474.3594599273,            72.2112632106,         -2394.1065427533
            95.7195457399,           -35.6545742243,         -2352.9677699487,           -44.7992973190,         -2124.4877983863
          -217.7172945218,            39.5941463957,         -2370.1039884288,            50.8218653596,         -2275.4858281096
           110.9293911139,          -425.0592418462,         -2186.9849558392,           480.9255762256,         -2622.7827546829
           263.2585236030,           209.5567080142,         -2445.2527580986,          -559.3075087409,         -2150.6109327961
          -319.0328518280,           127.3872519274,         -2242.0212954804,          -656.7486639837,         -2239.7690098537
          -306.6172019102,           -52.3940537208,         -2411.8411009370,           731.1328486337,         -2299.2870022793
           468.7400459633,          -298.2986358815,         -2177.6550900950,           393.1799875377,         -2573.8655896801
           472.9048496944,           -42.2063869207,         -2429.8817667944,          -292.8866267929,         -2539.9633763102
           246.3861410594,            64.1350091878,         -2133.8685094542,          -111.1722382702,         -2564.5752723407
           216.6111466418,          -107.3725966255,         -2325.6503957546,           306.3267142608,         -2189.4184664256
           351.1110957919,            94.1187870373,         -2341.0305768377,          -151.7799492696,         -2392.3914829263
            87.2620077612,           165.9870336763,         -2316.8762281127,          -466.9519730819,         -2251.1862317067
          -264.6709002819,           150.5017531712,         -2619.5484954427,          -151.8461841668,         -2167.5507035236
          -346.7538248469,            41.0443298785,         -2272.1787984817,           -35.4483586863,         -2520.2175774523
           -42.3444800177,          -689.5858728284,         -2446.4092776284,           623.6622104410,         -2482.7977447455
            74.6884857025,           -67.7769444458,         -2319.2806261333,          -198.1139003025,         -2199.9967526065
            -0.0363294959,           484.4005381571,         -2221.6846248343,          -199.7481909876,         -2364.2138665417
           -91.6864321229,          -532.0937813823,         -2193.4843777059,           180.7451426262,         -2239.5094850196
           121.6618619597,           148.1885079340,         -2685.7504676667,           273.9578275322,         -2004.3192778089
           119.2405867699,           267.6303333098,         -2182.7972676434,          -192.1360361530,         -2367.0535616810
            17.4151628738,          -313.7388580666,         -2498.0536009868,          -196.8120474905,         -2297.0591780523
            75.6011730862,           247.8901922149,         -2212.4940087861,           534.0700767593,         -2579.7324679123
           250.5372475146,          -200.2118603938,         -2456.0031643553,          -363.4102990246,         -2129.2095947676
          -252.3812853161,           107.0111456345,         -1881.0299986767,          -547.5949162659,         -2817.0582737940
          -257.3580069428,           -37.6630806068,         -2378.3906519436,          -282.1101481691,         -2858.9098615146
          -101.3888387361,            78.4743505403,         -2140.3388946167,           368.8222813767,         -2253.7803734363
          -409.2098810630,           209.2990554694,         -2577.2060675205,         -1139.6653092222,         -2268.7763245869
          -868.2299080873,           -46.2404129754,         -2120.1092452376,           168.2418456443,         -2710.7329151230
          -339.3825734834,          -501.6121700030,         -2415.2442881834,          1183.3073092605,         -2277.1774885818
           143.3269368217,           256.7574561784,         -2477.2518200604,           365.5450371753,         -2278.0894615778
            81.7592113303,           653.9729264352,         -2505.1371411165,          -338.4025216007,         -2238.4643107114
          -164.9175136591,          -474.5241268592,         -2491.8387663894,          -550.3170134801,         -2425.4262389825
          -386.8994269468,          -193.8659091871,         -2515.2830478025,           130.6811960828,         -2413.9587699250
          -393.1287239259,           113.8089067560,         -2354.0294809023,           -50.7287890025,         -2478.1390669174
           -24.2281465313,           162.8347387087,         -2600.1197966516,           903.4237650526,         -2188.6964193507
           172.3725812963,           139.3367873165,         -2170.5021595119,          -525.9220164023,         -2516.0389722320
           -42.7372390526,          -637.8074766156,         -2710.2857123072,           115.5323103407,         -2351.1909502932
            94.7252161466,           327.3474789425,         -2322.7694809140,            11.7521122841,         -2265.5847542628
            81.4489173320,            52.7307032983,         -2490.0557292007,           -81.8206043327,         -2395.6698735560
           178.1899045895,            71.7387788226,         -2239.7424465239,           410.6077329234,         -2549.5226992927
           175.7948701604,          -146.8195511831,         -2479.6042020724,          -557.0774112608,         -2310.4126868926
          -167.3072114379,          -294.0337956553,         -2156.7985283636,          -213.0248398593,         -2508.2670517890
          -236.5465573499,           209.3206149458,         -2437.0681782251,           240.0872210648,         -2316.2014635799
           -71.0084847714,           111.0340032418,         -2214.5437469483,           220.8292439945,         -2269.4625812859
           174.1787359179,           -73.9347526820,         -2372.4424974670,            99.2368836271,         -2185.3395275159
           450.1735035952,            69.2730472862,         -2423.3231131892,           625.5107883082,         -2408.2262357679
           384.2588242255,           184.0750980788,         -2255.6483616849,          -325.1012989651,         -2667.6528408804
          -368.0016545817,           316.8162877808,         -2415.2452299003,           485.4971418389,         -2501.3075362522
           431.6194065932,            15.4082856354,         -2676.2666829857,           608.0876226461,         -2401.8159473371
          -285.3174123372,          -788.5507108240,         -2652.7429778898,         -1118.3622805238,         -2132.4280845345
          -271.9724455088,           460.1244044795,         -2690.9596786327,          1033.7168957885,         -2116.1049357793
           114.1022073920,           -93.5465402612,         -2498.4710338481,          -491.8947039399,         -2166.7365556187
           261.1512590692,           -12.1204706376,         -2112.3162257712,           612.0688277152,         -2611.1601723369
           118.4348070414,          -249.5860419927,         -2382.1691312817,          -981.0436382598,         -2626.3210948963
          -221.7187328740,           327.1628759522,         -2309.0107449881,            94.7146376267,         -2557.3532244114
            67.2060070977,          -217.8963239173,         -2240.1645117369,           241.4508498189,         -2298.6749170077
           166.9059967144,          -124.8655512573,         -2566.4667128893,            79.8023153826,         -2125.7615454264
           105.2290455535,           304.8139024062,         -2210.1168961685,          -327.5141260479,         -2433.9596869975
           -72.3790396608,          -375.3563989137,         -2522.8989314131,           236.8074119363,         -2255.4494187979
            97.5245831262,           448.8626411908,         -2318.2986962029,           220.2681325217,         -2168.9211948687
          -153.2309929371,            23.7111724369,         -2428.8932222661,          -277.5629543657,         -2368.1134521643
           209.4714788638,           -79.4757871778,         -2278.6407801804,           892.2854730456,         -2553.3865078271
           277.6390547613,           187.3774759028,         -2450.7372813244,          -663.5671529728,         -2388.1997961965
           -25.6436165922,          -365.3007918005,         -2655.9316288462,            67.4812991163,         -2314.1539122066
            78.9753055353,           314.3294539523,         -2513.0502685435,           318.1066662236,         -2194.2409127968
           406.5952117160,          -255.5363219057,         -2403.2228483710,          -465.2517847803,         -2151.5129163132
             6.7377029667,            53.1385762167,         -2587.7371014519,           -65.7335784884,         -2134.8893476547
           322.4236203871,           -30.8621989670,         -2144.3358826645,           613.9854111388,         -2519.4530375585
           487.2881321708,           -57.8480231243,         -2246.4319994067,          -150.2565050370,         -2643.7096364432
           375.9201808194,          -115.6572628871,         -2166.6792115554,          -363.2475762395,         -2452.4029948616
          -119.8046021632,          -114.5934194502,         -2262.3837144171,         -1141.6437468004,         -2237.6071818750
          -609.0039756657,           467.1524252459,         -2255.7570966455,             8.1990500757,         -2607.1488562185
          -497.0033459238,          -464.5906967439,         -2141.6933856684,           315.0427543937,         -2607.9371208865
           214.6649000798,           385.4603140883,         -2485.7730447470,          1479.3637838383,         -2279.7939562178
           331.7850320452,          -275.9725363400,         -2132.4709413801,         -1217.9625855689,         -2567.4671138792
          -253.9397665919,           218.5919961191,         -2691.5465182332,          -402.5818179961,         -2285.8098987287
          -397.5053035701,           177.0375977254,         -2183.3971874511,           -52.3775919231,         -2594.6183702132
           -43.5364033333,          -426.8314257983,         -2492.6318065883,           589.7068585924,         -2217.3375646320
            18.8658315646,           118.2914998012,         -2395.7656044738,          -450.8689434720,         -2303.1492855924
          -226.8021591241,            70.2804977071,         -2485.7325056841,           107.3798404986,         -2138.3209100132
          -331.0895687552,            93.0491972470,         -2328.7548783446,          -150.4846684334,         -2399.8308092913
            28.0205245719,            72.8846257581,         -2483.1615702556,           876.5354582365,         -2428.1583019490
           523.7932203417,          -145.9260784629,         -2557.2734631207,           370.6392828724,         -2354.2275941083
           652.6512066469,           194.1257962360,         -2322.0188486230,           -27.3993304486,         -2330.4052978832
           400.8431855478,          -211.5398397359,         -2456.0399013478,          -597.7848393064,         -2609.2441666422
            23.4284533975,           -58.6967523761,         -2289.1891526753,          -461.0019414902,         -2463.2249070585
          -171.6448352576,           285.7057832773,         -2658.9893933070,          -138.2743478313,         -2239.3923183341
          -260.2185856054,          -398.8636182129,         -2377.0073149137,          -225.7095079387,         -2299.5316846416
          -103.1733721833,           645.4184100799,         -2738.0861826010,           151.3516744032,         -2069.9071153028
           -96.5457979631,           216.1361381493,         -2206.9628069796,          -485.8570073442,         -2581.8056770214
          -258.4787371194,         -1166.0892468257,         -2829.6789247179,           535.5734101782,         -2161.2516469963
             7.9872694898,           923.5507509289,         -2261.4886473970,            15.8263433626,         -2391.9922913162
          -369.8404709151,          -408.8293948294,         -2441.3294115314,          -356.7957184560,         -2396.7001350807
          -468.5341093683,           523.7450978818,         -2583.5416320188,            20.9454407031,         -2187.2849955815
          -104.2768158326,          -432.1228671497,         -2553.9732062618,           397.1787405121,         -2073.1038386669
           -12.7690178658,           231.4358057647,         -2286.2822957693,          -122.1933148168,         -2400.1487583536
           -68.9964808622,          -104.8992424648,         -2167.3270757636,           110.9490520794,         -2655.9371742267
            39.1602543558,           177.0916799464,         -2555.1040695149,           352.8379716060,         -2199.8676939810
           223.9408365941,           114.3081010059,         -2152.4753811385,           182.4483324616,         -2466.0700314649
           369.0979495481,          -385.3739500017,         -2596.1030492431,             5.1983103188,         -2276.4240346987
           -79.4511843219,            73.6677629386,         -2341.5236076262,          -753.7082242135,         -2067.7875188727
          -336.2656940803,           -49.5858011682,         -2561.1929773888,           -55.9252402651,         -2149.2138125307
          -296.7503845112,           452.2222275091,         -2323.3219370089,           224.3485360950,         -2260.1094938584
          -249.0064012567,          -295.6156575821,         -2589.9895409835,          -400.3218416948,         -2339.4847373663
            -4.0724211314,           -55.3885770893,         -2243.7125397990,           954.6888002796,         -2344.5284336405
          -404.0675387137,          -214.1550669054,         -2354.5993237647,         -1447.1435674516,         -2325.2065050894
          -437.1032123087,           211.2364895096,         -1996.9523431241,          1376.4107134130,         -2499.0281632340
           209.6054765136,            97.7206966271,         -2485.1758024260,           120.4176815960,         -2434.7039906776
           -81.0865300501,           115.9529765943,         -2320.3619148519,          -699.5772971010,         -2410.2920082216
          -308.0622060705,            72.9554628649,         -2716.7470852685,           163.6864461075,         -2033.4622593266
           384.8071178115,             3.9024232293,         -2321.0779160901,           993.2045332612,         -2404.8453860813
           549.5205663661,          -631.4345547502,         -2644.9957065580,          -444.9821908800,         -2205.5100635990
           438.5104832939,           561.4999541555,         -2084.9186609762,           425.0300855091,         -2492.2689105014
           422.6862413171,          -411.1501731312,         -2605.7284487290,          -460.9828617263,         -2253.7805098584
           174.2208610819,           831.5775807732,         -2578.6065795666,          -506.6469991234,         -2301.7624229815
          -218.7094203418,          -737.3887558999,         -2493.7386736689,           233.7682217410,         -2238.3716498963
           105.7480039383,           123.0099233391,         -2609.2018670032,           353.6748175067,         -2104.0910685152
            73.1428768923,           -94.1591154056,         -2257.5875800875,          -217.6064550608,         -2526.8407352739
           -94.5183205505,            16.8032626597,         -2290.8155609814,           210.8447643015,         -2440.2369278941
           184.0804286155,            37.9184342176,         -2243.0234187423,           307.6273350385,         -2354.7069080124
           126.1696851524,          -194.0369276855,         -2303.8561047463,          -486.3194926029,         -2537.3438642315
          -155.0016282609,           -13.7102225021,         -2251.0074800055,          -172.6527223425,         -2345.2661222530
          -202.2453201225,           391.7536923519,         -2349.7698192280,           -83.2899292230,         -2372.7026229140
          -640.2278444049,          -501.6688702736,         -2331.5440709036,          -846.2776438446,         -2448.4604864312
          -969.9130756238,           456.7628606522,         -2580.9521876970,           312.0911481472,         -2367.8853575199
          -220.6133839300,           -69.4014203019,         -2433.8506209675,           774.6555033871,         -2284.6750928001
            74.4151585552,          -220.3176238984,         -2519.1552794128,           235.4152408751,         -2363.7354478210
            52.4965911733,           219.9114388116,         -2241.3188271471,          -136.8651564133,         -2654.7056036009
            57.7694328789,          -333.2856688342,         -2240.9524121609,           284.4111232235,         -2557.6246630755
          -453.1339010518,           154.6540682641,         -2340.7969815379,         -1173.9077485449,         -2202.5140043755
          -587.1087235750,           268.7602759808,         -1940.6987011392,          1041.0102098171,         -2885.6385666293
           285.2666061149,          -526.8963126654,         -2658.5646708201,          1286.6349484196,         -2230.9190722360
           473.8735543667,           649.3924904816,         -2228.7634357727,          -549.0638192824,         -2265.3884163446
           152.1129742063,          -762.1966253046,         -2503.9573714014,          -186.6484511476,         -2263.9849466075
            86.2860218075,           364.2306832116,         -2158.2554611934,          -310.5192840423,         -2494.9762599372
          -126.8962025230,           -59.8442007435,         -2054.6150638517,           371.8340209744,         -2654.5657225943
           118.6648998147,           239.3109784684,         -2449.6359993930,            79.5194081772,         -2231.8874082506
           354.2520258627,            71.4586908457,         -2252.8260245602,           454.5278599088,         -2542.6872728257
           223.8527264439,          -190.3559446036,         -2579.2628626654,          -947.3256815633,         -2582.4957434060
          -574.9827006301,            24.0384247666,         -2181.7251459475,          -458.7029069804,         -2395.7460505687
          -412.4243043685,          -247.6764415286,         -2218.3953658359,           707.9766066402,         -2427.6076839938
           -77.9775680888,           -95.8182011727,         -2059.9179753967,            77.3984851016,         -2600.3128901947
          -227.0321844507,           -78.6440085343,         -2142.3751408748,           -23.3442514633,         -2144.8635496766
          -337.5439403594,           432.9505687777,         -2081.0578833353,           -85.7370756795,         -2519.2848274441
          -296.1469709501,          -326.1300581075,         -2320.1448058948,           234.6042640520,         -2432.2475085584
          -130.2479969707,           440.9908867614,         -2326.6592978391,            58.0427794389,         -2504.6304501322
           192.3753373891,          -586.2755644585,         -2232.5936139596,           461.5833905052,         -2359.6995173071
           313.2456123178,           463.6382251813,         -2429.3524790019,          -149.2945986896,         -2351.2160341139
          -157.9938281061,           -99.2603444294,         -2248.7721490471,          -785.9589955157,         -2230.5038280070
          -207.0946619058,          -134.8332638294,         -2129.4990068091,           642.0860966395,         -2338.5587673488
          -273.0643410466,            91.4082315112,         -2546.2026918897,          -599.1741121353,         -2521.6439531757
          -470.7676687770,           597.2135122778,         -2133.1048537048,          -481.8024956468,         -2732.0971705357
          -309.1228393159,          -537.1610454809,         -2869.3324825488,           356.6604946986,         -2009.8556136959
          -402.0644206080,           432.3571859391,         -2440.6298269572,          -553.4490226440,         -2263.8851122135
          -509.4521030427,          -529.7302644730,         -2343.4824850132,           254.6989863350,         -2259.4890746808
          -357.3061004805,           525.7466370965,         -2203.0996363645,            82.7266314987,         -2350.8467439748
          -119.8441073268,          -567.9996145771,         -2569.6369489274,           428.1863017661,         -2477.7925685097
            66.4449642649,           413.5679702293,         -2293.5682909890,          -342.2028085988,         -2370.2456020511
            12.2687391795,           -36.1770001936,         -2327.6644997226,           281.5183554018,         -2216.3376874291
           -48.8818184138,           -96.0049343139,         -2394.5240505331,          -508.4114968489,         -2227.6660245327
          -252.8529891494,           213.2494992425,         -2521.7222722276,          -344.1959076419,         -2425.1531272331
           239.8947097780,          -197.2961129106,         -2221.6434594467,           594.5150401767,         -2354.1162782496
           264.4564325056,          -354.2715512128,         -2479.3730937610,          -572.5649847508,         -2317.0432549424
            31.6218004493,           430.9085316044,         -2264.4213100312,           221.7317002153,         -2355.1052475718
           224.1919141604,          -683.5780069061,         -2247.9899787398,           352.7367888804,         -2255.9540714476
           262.4702353545,           592.4040898248,         -2290.3362471747,          -174.8593451269,         -2563.1418183340
           101.4206549959,           245.0142002076,         -2145.9539631179,          -463.6192223131,         -2517.1108232985
            91.5670515386,           -83.9135133488,         -2458.5663951464,           208.9643561314,         -2444.6500028169
            29.3596524957,            19.0230187808,         -2454.3981279346,          -314.4968456236,         -2366.6584319034
           -41.3726437323,          -191.5387844124,         -2394.2796491013,           219.6135517467,         -2418.4951734345
           469.3400564146,          -121.4800666237,         -2232.3940489386,           -83.6541152511,         -2501.9740190404
           462.7755570555,           693.3843364811,         -2274.3900732917,            39.1616644215,         -2712.0311492371
           118.4543409231,          -332.3260720143,         -2449.3875603533,         -1035.1851431205,         -2152.4048853227
          -593.3240836292,           207.8816913090,         -2652.4688093174,          -443.6676149068,         -2116.3433660479
           -43.6993874049,          -448.1647472755,         -2499.7047284455,           864.2379866783,         -2156.6813574354
           361.1505512680,           374.9351498667,         -2449.8397716256,           194.2688785920,         -2235.8837569940
           379.5472383485,          -181.0794248508,         -2306.0850974747,          -318.9286986313,         -2524.6564031469
          -145.1625455105,           -56.8287931383,         -2604.5519657462,          -870.6774291174,         -2222.7822291620
          -180.1522107457,           781.3637321908,         -2655.0016785221,           812.3125766911,         -2307.0217715812
           435.3032268438,          -768.5400390241,         -2445.4042758883,          -699.8510748105,         -2478.7739969749
           206.9326814288,          -134.5094233497,         -2622.8557082401,           394.4793883786,         -2147.8042707894
           440.0020725300,           314.4369091109,         -2255.4051608378,           517.2614315540,         -2459.2032099439
           756.0271934641,          -103.6618241111,         -2067.2992423252,            25.1234763720,         -2471.5132107257
           495.2090668698,          -369.4799228680,         -2349.1270361267,          -561.1720575113,         -2261.8697082314
           357.1966119334,           497.2416603683,         -2293.8526700263,           217.8668593309,         -2316.1843971753
           509.9135574077,          -102.3868398715,         -2281.8724096232,           180.4485370489,         -2393.3206982573
           563.9735428807,           447.6276496693,         -2384.8483584088,          -104.8562993889,         -2489.9272001633
           413.7537551451,          -439.7944746386,         -2563.6973264468,          -458.4240395056,         -2295.4272644297
           135.6828875992,           107.1662271848,         -2528.0280002976,          -359.3327683634,         -2115.3848546433
          -200.9462253806,          -499.8762336219,         -2378.2336506485,          -221.3982458138,         -2325.0348250501
           195.4271611929,           572.8658563480,         -2408.3551505670,           512.9544722654,         -2417.4615662534
           645.8988578279,           -75.1629817151,         -2243.5578951950,           269.3999249722,         -2320.8016379025
            66.6137135751,          -159.9229394405,         -2245.2774652147,          -808.4150471366,         -2406.0219963522
           -95.8085449516,          -293.9517553335,         -2245.5406035323,           357.3313253618,         -2360.1399470763
           186.3323763344,           290.8330850170,         -2127.0327172795,           174.1730258467,         -2480.3120873455
           326.5658729681,          -262.6920514296,         -2284.6694122290,           462.9210687657,         -2544.5178913461
           234.1599926075,           485.0331802275,         -2329.6023008326,          -606.4407382410,         -2294.7270404577
           209.8641993939,          -262.9410943374,         -2359.9652309586,           189.3281557628,         -2209.7364594698
           -48.0677102350,            95.8297092372,         -2285.8775992818,          -227.6677380923,         -2078.9720921880
           -99.7614750892,           -86.2131201037,         -2445.6849801830,           -51.4356113538,         -2381.3988809548
           181.9018138459,           156.7710219834,         -2240.9022381778,          1003.8762971455,         -2481.4604769697
           423.8215091261,            53.4911687987,         -2506.9153461741,          -675.2265901771,         -2543.8206809005
           -35.6954093292,           256.4029178173,         -2380.4149896453,          -364.5320867001,         -2401.9677630748
            45.7162138763,          -408.6601053892,         -2569.0598590870,           252.7545840034,         -2061.4797240034
          -144.1194353676,           133.9188040745,         -2266.2255102083,          -688.2336735399,         -2249.7342442854
           -44.8028744184,          -206.0893986296,         -2505.4986884294,           667.8331661556,         -2231.0274901775
           108.9849224090,           315.6585006691,         -2278.3182979070,          -402.9062100950,         -2261.9592702757
          -362.4626562291,          -125.0261631732,         -2479.3950838825,          -174.5264185620,         -2309.9446543051
          -395.9129984395,            62.7948048786,         -2333.2991446274,            21.6322457812,         -2290.2446132750
           -46.0939533961,           217.1656891965,         -2573.9303882621,           890.4220167280,         -2222.7568013563
           302.5833029239,          -169.8333396297,         -2306.9236207921,          -334.0608400418,         -2574.2558538965
           360.4042750365,            13.2055300069,         -2497.8556959383,             6.4663499957,         -2210.3790213123
          -209.5821061499,            49.1103004117,         -2531.3884968658,          -784.6747971458,         -2280.6364181927
          -181.5917288703,          -596.8111372465,         -2166.7685975450,           930.9138740760,         -2348.2103567035
          -115.3043832175,            21.2577516419,         -2217.1503143689,          -622.0809483936,         -2480.9998530810
          -339.1579548846,           224.9622332020,         -2092.1460176183,           424.3714071195,         -2379.3877380684
          -124.6189200230,           521.9510725990,         -2417.4615499898,          -104.4083761861,         -2450.9736329925
          -293.2978856878,          -452.3650112691,         -2241.7066942616,          -159.3392235524,         -2455.1315044365
          -237.0012265155,          -193.8475951344,         -2536.6158081680,            58.9459305523,         -2220.6227519686
          -643.8548250836,           631.5785960670,         -2376.9030762539,         -1476.5630995951,         -2409.1519873105
          -579.1002447725,          -379.8665576257,         -2162.5529380013,          1457.8474426002,         -2773.7889505242
            87.4979355662,           -45.8827401879,         -2734.4908226451,           624.0778437456,         -2238.4011189787
          -302.8868827496,            81.2017990669,         -2487.4437947930,          -876.9667824335,         -2147.8013634056
          -489.1433746694,           295.0877311054,         -2442.2977953650,           437.3791274399,         -2370.6877667557
           -78.3322480897,          -580.7520862416,         -2813.4125800619,          -117.8603759610,         -1966.6068626516
          -205.1488989756,           554.2448311734,         -2595.4687677313,           -18.8544811165,         -2102.8517983769
          -119.1685777512,          -150.1478425005,         -2404.5727107738,           -50.1999798415,         -2468.5065545981
          -708.7211670075,          -103.3991888985,         -2511.5893155824,         -1363.6807078643,         -2466.5342775385
          -667.5717565871,          -181.5618101085,         -2255.5554910774,          1259.0199715902,         -2338.6146007212
          -217.4888679793,            36.2392507209,         -2237.6771364678,           146.2317690200,         -2423.1461297311
           179.4696844725,           -77.6957044834,         -2384.6318362191,           866.0551821577,         -2345.2859203352
           541.6392922014,           579.6644424583,         -2425.6170012023,          -231.0254659686,         -2446.3240820533
          -307.2670475457,          -411.8811484988,         -2453.3341764716,          -826.0743871728,         -2509.8512811394
          -389.2465898799,          -149.5443159882,         -2454.3449113236,           653.2649013481,         -2234.5798126436
           272.2585943708,           118.4821287408,         -2281.2025680224,          1045.9956752175,         -2333.2068978567
           504.8004800558,           268.0297822898,         -2535.8661768350,          -368.0668927083,         -2361.5964964316
           105.4883693711,          -291.1225339718,         -2300.1445941299,          -280.2019328963,         -2220.6834058568
          -239.1651927841,           -51.0789248917,         -2526.1993984118,          -370.9224278570,         -2392.0352628491
          -252.1615156014,          -233.5096015253,         -2049.8787675556,           236.3135682781,         -2505.0717169690
          -280.8130956855,          -111.4226307258,         -2276.7772776732,          -434.2524337443,         -2446.2783646553
          -340.0419594695,            76.5815794481,         -2143.6036334744,            64.5457110358,         -2199.7246041330
          -280.8968573605,           418.5889515900,         -2453.5355675038,          -204.9128364150,         -2078.0600357439
          -436.4433859932,          -324.6614991084,         -2327.0079778164,           -60.6126456482,         -2310.5353615018
          -530.8229785835,            57.2114945396,         -2259.6065501680,            26.5774274554,         -2422.4577152664
          -336.3978198473,          -117.0431157987,         -2113.5984844168,           374.2978926189,         -2456.2179906346
          -158.9502589070,           -16.8795861261,         -2279.3116329578,            87.4076439804,         -2304.8149565911
            85.1816996135,           209.1199583559,         -2293.0619403323,           549.6827957025,         -2304.1641553647
            43.0120944264,          -144.1541304692,         -2159.5702071776,          -311.0632168483,         -2453.6601006973
             2.8722528747,          -133.4313183412,         -2265.1632450552,           262.7649518646,         -2404.7032391823
           -16.2185236397,          -147.8900819213,         -2095.1196424776,          -417.1436106061,         -2461.5371395889
          -319.2421372396,           621.5654244163,         -2490.4240617691,          -114.8098755813,         -2455.2430200321
          -227.2284899691,          -200.9508362313,         -2209.2124890743,           340.0677944872,         -2558.6650281584
           156.3237646290,           178.4123215359,         -2358.0981212951,           806.7157717564,         -2562.8406941924
           278.4293876833,          -569.7511324773,         -2425.4087202581,          -717.5636575060,         -2842.3346209774
           -60.7327061380,          -170.4944918219,         -2564.8555496615,          -394.3556942013,         -2090.0817097489
           660.2814515670,           186.2350341543,         -2299.2591052046,          1092.0562284474,         -2195.7529833493
           683.1641846871,           -40.6762709587,         -2151.2418940139,          -768.1515908697,         -2498.2971696924
           123.1739533534,           245.1240316824,         -2589.8243716621,          -204.1002898289,         -2237.1966278000
            85.1251015047,          -437.9846902495,         -2427.6321661337,            56.5209675187,         -2492.6198159664
           306.1543756894,           -78.2903094303,         -2129.4177493897,           532.7489603314,         -2371.3685106045
           248.3727393020,          -169.6882579049,         -2375.1279989602,          -539.9227550800,         -2414.3444736519
            70.6424106191,           404.3658876258,         -2065.3564516627,           404.7360546998,         -2656.1812073334
           -83.8097697609,          -152.5671993725,         -2183.7439752139,          -881.8427177701,         -2171.7001057589
          -342.9653540957,          -231.9558692410,         -2350.9451309710,           417.4007245473,         -2155.5839031859
           -89.2739242845,           680.5739587606,         -2315.6680971114,           231.9034163982,         -2489.5943000039
           374.3334970175,          -453.0843550402,         -2068.9603015181,           734.6223308179,         -2724.4946319992
           195.1722328179,           -43.2421943692,         -2524.5289731155,         -1376.7044927400,         -2399.4427494018
          -388.0241410763,           156.3621493028,         -2166.6170101082,            50.2335111020,         -2385.2530745241
           266.5683275208,          -349.9580162346,         -2292.1305844718,           462.7242985410,         -2671.0423554436
           542.2990042614,           216.6484503315,         -2119.4741347792,            -7.2396679975,         -2901.0165521016
           353.2006795144,           102.3285021456,         -2124.9202513190,          -456.9917492800,         -2509.7444019024
            70.6844313835,           147.8623127519,         -2640.3424912635,          -233.4159790735,         -2172.4628541429
          -210.9969859689,           333.1005551983,         -2431.2554065492,          -180.8212890469,         -2335.3517067872
            98.1846837824,          -683.9302797478,         -2515.8104856472,           431.9651087405,         -2536.1940146233
           400.5401113624,            81.0267359102,         -2558.2552265357,          -147.0434645860,         -2203.2907416408
           217.3015294090,           543.5567430479,         -2396.7664082261,          -345.9654709219,         -2362.8331887135
          -318.2782764201,          -374.3288404234,         -2477.4954705455,          -785.8143372558,         -2250.7043819707
          -259.6130018138,           131.3786918688,         -2418.3919159654,          1004.8246257144,         -2579.4972064896
           221.7823263135,          -181.5210173321,         -2489.3878692571,          -332.8773079374,         -2327.0354837905
           119.9162157688,           178.0112179007,         -2208.9523106974,           737.1200727568,         -2145.8663100107
           769.4192781675,          -172.9225889055,         -2058.3403333403,           114.5060044446,         -2687.8535394537
           380.6924988288,          -421.8243213671,         -2239.2453259207,         -1245.7311392750,         -2531.2656316518
          -230.2923447522,           280.6841811635,         -2154.2831127300,          -374.1038246717,         -2381.9388462132
            14.6451967832,           -91.6546419648,         -2091.7716596537,           789.5090166306,         -2573.3140540726
           381.6906872003,            48.7958972545,         -2094.7344615256,           -79.0793234869,         -2555.7839376753
           317.9741083430,             7.1297292170,         -2310.6016824749,           -55.9809798336,         -2315.6856841278
           530.1814512460,           241.6165213327,         -2343.6665915283,           412.5877790456,         -2416.5569694593
           392.3057634059,           123.9264262868,         -2287.0794442483,          -617.6897115321,         -2443.0367627868
           382.4572324727,            -3.9584617153,         -2591.5545112304,           569.8925262538,         -2516.6675196928
           568.1872407593,          -148.3168362777,         -2265.1394649614,          -439.4853635229,         -2513.1195185302
           389.2390696877,          -160.0907409233,         -2662.9926517380,           386.3860711216,         -1996.9753131941
           426.5447498258,           265.8911319165,         -2299.9282288363,          -723.0582336036,         -2392.7750359474
           -84.7379616197,           -73.6183737674,         -2510.6660804095,           -46.1857928217,         -2142.1224336609
          -550.1438117633,           488.2197317539,         -2538.3567946970,          -753.1026633266,         -2468.7558256183
          -404.1171934471,          -299.7310512253,         -2172.4951302283,          1086.0341242244,         -2410.6999986896
           -17.3845951570,          -193.6454199711,         -2800.3648514428,          -368.6641650103,         -2229.7757741120
          -267.2321197972,           688.4472273946,         -2331.3475745273,          -514.0563611585,         -2391.9125097924
          -501.1599870912,          -530.5612015882,         -2409.2339986114,           126.7768652586,         -2421.1288995403
          -405.1777768189,           378.1809616068,         -2515.8353351741,           299.4048430924,         -2297.2297896972
          -138.9732374123,          -216.9300566506,         -2430.1474331475,           256.0628925515,         -2308.5402419136
           -42.2956126725,           197.5451694953,         -2470.8261828718,           -14.3319755659,         -2203.1831561854
           464.5473826814,          -138.2050730358,         -2533.8458287906,           602.9565689320,         -2183.8563341601
           136.7584431492,           -82.4570448041,         -2218.3466475046,          -976.6577498660,         -2385.6715333327
           -52.6760589554,          -356.2841652398,         -2160.0593000328,           494.0160519495,         -2478.2414016864
           336.4272692929,          -115.7759637233,         -2169.5036235399,           303.7071471870,         -2435.3898452067
           228.9492590969,           586.5904763872,         -2467.1273169820,          -454.1534000602,         -2187.3391864752
          -148.4524680150,           102.2300025517,         -2328.8325193038,            11.0417928692,         -2319.5119600491
           254.6223153847,          -426.7132671506,         -2424.8265619842,           887.6732885669,         -2191.4381063209
            87.6069207985,           -65.3435069702,         -2414.4635305184,          -806.9246084734,         -2503.0598008797
           134.7665752408,           553.1689835180,         -2346.5281901495,           873.1538247821,         -2329.0555339945
            56.9765013693,           -95.0870668739,         -2640.4700459751,          -419.3071572404,         -2142.6244368518
           102.5487413632,          -197.9012652062,         -2538.5089498565,           133.5895536085,         -2282.6741160095
            32.0323059821,          -212.3907183820,         -2460.4810426768,          -555.4807754911,         -2425.9993729863
          -393.9413176503,           168.4092230774,         -2307.6006983506,          -259.8226705926,         -2553.4448968304
          -295.8356923693,          -134.2077766445,         -2351.1684839541,           319.5460172314,         -2303.1338410135
          -145.1565573387,            12.7126275673,         -2399.3120837825,           -29.8257509674,         -2292.9965073865
          -471.9162925752,          -120.1263161800,         -2077.6812956425,          -475.4906382122,         -2566.3925113538
          -226.7889732956,          -161.6327758183,         -2334.6877183916,          1217.3948858698,         -2429.5525048261
           244.0710004867,           689.2628536692,         -2474.3056597671,           313.4994181540,         -2464.1600137551
           268.9777737667,          -592.1199783799,         -2273.5799114473,          -373.4126471277,         -2535.0726782425
            57.0252563383,           116.0854213354,         -2871.8340677933,          -346.9563251611,         -2398.4364139325
            60.4643938320,           415.6761405848,         -2314.4075640050,           155.9102305923,         -2341.2667035268
           190.1819733527,          -564.9318381869,         -2783.2551056022,           962.9662380087,         -1881.9874004857
           622.9599708955,           256.5509154284,         -2507.1903422184,           -57.6744713153,         -2439.5433917788
           557.7663638840,           337.4220873052,         -2280.2314284723,          -122.3816977236,         -2590.4768953948
           236.6610034893,          -210.4964117630,         -2399.8733465026,          -705.1007307866,         -2265.9185087060
            20.6063033233,           113.1779179195,         -2684.8032025719,           335.6723468553,         -2130.9189241292
          -252.1352194263,             0.0397564999,         -2327.3989262007,          -921.1828730017,         -2260.6260940913
          -821.1797661327,          -116.5845644032,         -2618.5128288621,            85.5974420793,         -2140.3916883657
          -544.6125716832,           407.6710535564,         -2545.6378906073,           224.1477927511,         -2300.4435130381
          -580.8023682544,          -437.7393986088,         -2430.0242184032,            36.4335120791,         -2275.0161656230
          -395.7176613407,            75.5039384103,         -2280.8603225485,           -43.0556553582,         -2413.7270466160
          -441.3445625231,          -246.0522348899,         -2003.7251619277,            58.7273248958,         -2633.4695601052
          -419.5560127452,            75.3433926381,         -2384.7461541956,           265.5306619416,         -2410.9939913186
          -206.4388455418,          -183.1812523853,         -2234.4607444223,          -961.0596765804,         -2483.0188909191
           -86.2706957205,           637.2959390417,         -2438.4823538309,           654.6677132356,         -2492.3976986780
           489.8408398460,          -207.4435292379,         -2155.1625528504,           285.2463572828,         -2339.8044055622
           230.3888917977,           227.9725742899,         -2430.4385143030,          -197.0897779717,         -2374.9565331035
           419.7277087908,          -386.8509416284,         -2130.7177527567,           450.1295070925,         -2727.1128329527
           266.1104172601,           129.8941727485,         -2340.9379751759,         -1089.4222427431,         -2370.8775734933
          -175.5424058726,          -185.4717210589,         -2149.3415953004,           -21.4175984161,         -2412.8820465108
          -358.8370888690,           234.1622101682,         -2409.8288433791,          -239.5841961774,         -2279.3029833576
          -238.2875309420,           337.5682348320,         -2362.9615897351,           401.1839748148,         -2309.2629241785
           -40.3257928470,          -336.4859873413,         -2558.0152315202,           221.8882432256,         -2374.5487440593
           318.4842359864,           256.2419034315,         -2538.9892956309,           453.1713134675,         -2331.0673857621
           417.2318273674,          -174.8619265430,         -2348.9209398988,          -605.0310325798,         -2191.1272905943
          -360.6794275077,           -76.2469133235,         -2467.7189976212,          -655.7603375617,         -2135.0241667041
          -532.8692774703,           113.5577359853,         -2111.6447198295,            26.4016490694,         -2614.5970172861
          -321.4659290375,           345.9846746672,         -2386.3956707961,           400.0568578959,         -2502.6756681732
           179.0425583475,          -212.4508156066,         -2620.6524649882,           177.3060899239,         -2128.4034337715
           -84.0456084965,           382.6211371839,         -2530.1287253884,          -669.4239952677,         -2326.0869977757
          -648.3802543819,          -574.5597896783,         -2434.9998266895,          -184.4999942418,         -2585.9678316989
          -459.3625017572,           480.1892939785,         -2407.1730743451,           590.6659994977,         -2638.2079232934
           133.2214585331,          -176.4719130363,         -2145.3512755569,           496.0535368957,         -2521.1774930683
            47.4461272351,          -230.5317130740,         -2473.0595155627,          -524.4163677585,         -2183.7878370036
           144.2175285260,           255.0705091629,         -2220.0059683037,           772.4667872563,         -2525.7876168924
           490.6880056917,            -5.6127339815,         -2195.2235233099,           -85.7627737186,         -2662.9877928033
           314.5967732277,          -249.6100876530,         -2365.0492307769,             3.3828917791,         -2316.6711567467
           429.6445801486,           252.5642219964,         -2447.2549814658,           -85.2272773852,         -2258.4172548210
            -0.4925513554,           401.3094277963,         -2481.9974135516,          -762.8307949093,         -2428.8899658067
          -212.9278375457,          -392.9640046728,         -2486.2751612547,           416.0747439958,         -2267.7560513462
           106.9159117981,           206.7260303661,         -2630.8369741926,          -328.4809630760,         -2164.4059586374
          -395.6402292322,          -190.9610660852,         -2140.1557270961,          -494.2431058600,         -2725.2537404555
          -295.6300169062,           123.4572293697,         -2667.1748182687,           612.1745483682,         -2552.6950203963
            50.0120378493,           371.6149343910,         -2395.7478089952,          -166.7675195176,         -2404.9981874794
          -316.7215763400,          -198.9059854819,         -2623.6726587009,          -383.4470986159,         -2346.7832811313
           -42.5920809136,          -329.5470224920,         -2526.9231090763,           687.9264946088,         -2528.6392446039
            70.7994325295,            44.1294898791,         -2384.4684759700,          -452.6423649325,         -2506.8259271674
          -163.2273061993,          -593.0431982437,         -2007.7092136954,           222.6774331661,         -2684.1751571881
          -102.9375956111,           -95.9144221142,         -2120.5666746328,           297.6925163115,         -2497.5978149884
          -184.4785605292,           425.0267815650,         -1895.7871354897,          -194.8405636048,         -2463.2435387188
          -168.6394477183,          -217.8328036176,         -2161.6446436016,           536.2157561503,         -2606.6442872238
           358.9357640613,           266.4013763256,         -2155.9322831536,           584.9749616987,         -2463.6238593064
           616.2139741367,          -143.7756326797,         -2283.0906705692,           134.4281749598,         -2463.0068225114
           480.7787970878,           -18.5716864879,         -2265.4574795222,          -670.9339694820,         -2319.2567426272
           229.7971746786,          -377.8511074112,         -2356.2128536681,           301.1637466918,         -2231.0904841514
           117.6119525528,           475.0418710446,         -2587.3410955290,          -697.5672578239,         -2143.5465882768
          -351.0142547941,          -332.5692159981,         -2302.0702685639,           191.4826488368,         -2495.6829498217
          -292.5540195219,           135.5751457522,         -2794.8761869263,           -25.4688476870,         -2163.3405550705
          -331.1375142626,           142.0142804136,         -2368.3997414809,           193.0869094021,         -2365.2725399737
           242.2589633829,          -175.4802543583,         -2516.8298869495,           374.3743741039,         -2205.4509284632
           300.6940945247,          -270.6933228153,         -2300.6150629479,            31.6156238064,         -2356.2644173721
           170.7731273906,           -88.0447684688,         -2264.2463345383,          -418.6882092483,         -2295.9830466200
          -238.1950949581,           237.7673744034,         -2191.5035857242,          -686.8178906257,         -2418.3822824540
          -291.9895606824,            59.3628878060,         -2215.5167436930,           499.2216518036,         -2417.9176426293
          -154.8631477092,           335.8305300280,         -2460.5804250278,          -239.1024595717,         -2323.1051403605
           -84.6724940065,          -498.3431638385,         -2264.2426050924,           449.3432411464,         -2479.4254820639
           140.5750862598,          -301.5556539283,         -2401.3248780255,           262.4821046580,         -2351.3909562502
           322.8806654079,           148.1958544103,         -2205.7220198734,            66.5737458784,         -2230.3548013066
           117.5024834912,           264.6140553707,         -2286.4830811702,          -553.0636535216,         -2424.4337684544
          -171.1320624911,          -215.7678562054,         -2287.7009007932,           -78.1172272959,         -2378.3474048567
          -235.3637244486,            44.2787609393,         -2303.7235701844,           -22.8717577187,         -2391.2522069274
           164.6432248848,          -210.9459413266,         -2167.9817867343,          1161.9093588203,         -2472.5732765089
           423.8988630427,           431.2645656356,         -2379.4805737654,          -850.3968347286,         -2347.2949645118
          -222.2749420320,          -225.2935422935,         -2232.6875975171,          -149.6225766163,         -2367.6041345080
           -56.0290147492,          -192.9632564872,         -2614.8932428816,           234.6883716901,         -2178.4465743915
           -62.9706848596,           579.6536320743,         -2502.3499934182,          -258.1598957442,         -2242.6878797286
          -429.8537385535,          -303.2823576359,         -2424.5419469365,           -38.2296250628,         -2307.1521640894
          -185.4759526509,            -9.0405400131,         -2573.6536621108,           332.1641797242,         -2188.2523738070
          -203.9003830943,            37.1195355055,         -2331.1452197002,          -288.5786383757,         -2334.3422782745
          -355.0614456596,           -90.1191522006,         -2213.2047177227,           -33.4632052259,         -2524.5576087224
          -259.6308832193,          -137.7942081226,         -2375.4258198467,           271.0352727060,         -2502.2216351234
          -207.2225402471,           199.2056415072,         -2304.1866307918,           126.9950147850,         -2380.4758420168
          -137.7392862425,          -147.8016439467,         -2262.3740416304,           268.1556462427,         -2333.1778660158
            64.8038052246,           169.2569214687,         -2449.3960056087,           -28.3555325338,         -2166.1953702175
          -389.1219705010,            23.3172798452,         -2258.1137867818,          -426.6603185157,         -2452.9934125634
          -562.2529425703,          -336.4282368264,         -2429.4587510621,            39.0987365449,         -2463.0480495244
          -368.1696333013,           473.9988483474,         -2520.0464922184,           565.5113700340,         -2294.3531544221
           168.7060049619,           -83.2590283585,         -2315.3066677248,           283.3882527887,         -2412.5816011378
           613.3708877983,          -241.7740733359,         -2453.4236865692,           789.4073132161,         -2404.6740756893
           687.7793979154,          -145.4922683648,         -2277.1219404279,          -808.9955063585,         -2155.8679621460
           262.1563111214,           144.2859627420,         -2340.4638251272,          -206.4499444357,         -2243.5040630914
           197.5605719155,            37.7916547749,         -2401.2988624575,          -185.2188353878,         -2174.8472485863
          -169.1927642476,           294.7853883081,         -2475.2495329764,          -495.0263569500,         -2271.9852782098
           -75.2245506123,            48.5786477771,         -2579.1475495464,           266.6520067528,         -2277.4980208728
            89.6790258075,          -327.2624289538,         -2445.7623081553,            27.5724788135,         -2271.3071466949
