             1.4044158801,            45.5631740068,            -4.7584324936,             4.1534600346,             0.2253614813
             0.3760061826,            41.8573568310,            -0.5537530934,            -0.4649483393,            -0.3253726563
            -0.0130039281,            45.6809972071,             1.5814566018,             3.9293936277,             1.2306116255
             1.0041056931,            45.9187894475,             2.3175635780,             1.2355713507,            -1.4564176654
            -2.1581530224,            41.3992647101,            -2.8244242310,            -4.3891214165,             1.4699775119
            -0.2513423339,            42.3132682908,             1.0183072125,            -1.7874771386,            -1.9297004339
            -1.1714073940,            44.3872450405,            -1.9091598130,            -6.6230936468,            -0.8797469517
             0.9472775776,            42.3878060837,            -1.9713409397,            -5.4031452145,             1.0159042831
             0.2577912761,            41.4482546530,             1.1897711977,            -3.9048967383,             2.3341866073
             0.1499372164,            44.2442820996,             3.7993258250,            -1.1042717144,            -0.5925340809
             0.8296491738,            43.5641013783,            -2.0454152624,            -2.4965753178,            -0.4402369605
             0.9992768078,            42.0305423099,            -2.5761462310,             0.0278406769,             0.4051093945
             1.7536629654,            43.3722449149,            -1.2729156459,             7.7645523649,            -0.4164325514
            -0.1964323668,            43.8805967484,            -1.5566294122,            -2.0597819147,             0.8768138759
            -1.8256156476,            43.7471890247,            -3.6806526363,            -0.9357809603,             2.4321627317
             1.7598832945,            46.3385008187,            -5.7813622360,             9.6934111776,            -0.1933801440
             2.3169674762,            44.1786089089,             0.5192537852,             2.6809749545,            -0.8222559138
            -3.6756794166,            43.6955376727,             3.6421639637,             6.1906960848,             1.0399080021
            -0.9175292669,            46.7136063319,             5.7333339430,             8.3574814879,            -3.3799045781
             0.2238682082,            41.1202589195,             1.2966248359,             0.6319925203,            -1.7916008138
            -1.1262511874,            43.1396957949,            -2.2157247847,             2.3599202934,             2.1116195206
            -0.1048682071,            43.3001224030,             2.5786466796,            -0.7593380852,            -1.0363742039
            -0.4387003165,            42.5172759560,            -3.3214512459,            -3.6904259724,             1.1845905240
             0.0871241126,            45.4827335504,            -1.7853358722,             2.3403020909,             1.6599095561
             0.2114885393,            43.0968870767,             1.6498305462,            -3.8909399597,            -0.5486091521
            -1.4488432407,            43.5839672031,             0.6156821868,            -2.9364145576,             1.3597794157
             0.2602488108,            45.6961732242,            -0.7762376442,             0.2927031055,             0.8159765292
             3.0083871340,            43.5528569611,            -3.8004669102,            -0.8878837699,            -0.0234198492
             0.1981650439,            43.4278699998,             1.4776765454,             2.6991939878,            -1.0303737664
            -1.9981088861,            44.3641852211,             4.2410100455,             5.1943055111,            -0.4546585913
            -0.5790435421,            45.0770385152,            -1.3029620509,             0.3686761517,             0.3100612827
             0.1906747709,            41.7930775433,            -2.0460037647,            -0.9990666737,             1.2176595634
             1.7252375875,            43.2120921938,             1.9846628734,             1.7370848616,            -0.5972676837
             2.0755005342,            44.4877561734,             0.1835072387,             1.9469079446,            -1.6067799213
            -0.5209277485,            43.6737303770,            -2.3761571968,             1.3200993191,             0.2266204703
            -1.1536047345,            42.0178922899,             1.8466041901,             2.4417124508,            -0.7078152665
             0.8993582150,            44.3692478284,             2.1637559681,            -0.3751667522,             0.2201013630
             0.4309008211,            42.6223243488,             2.1708218652,            -2.2418133375,             0.1780305782
             0.7796517299,            41.6984900768,            -2.4801320676,             4.7593655181,             1.7934079195
             1.8041102209,            44.9348780401,            -3.2651132389,             2.1458429005,             0.1438518392
            -0.3405674273,            43.0733682863,            -3.3508840855,             4.1943627367,             0.7283286238
             0.4569183919,            46.6991785191,            -5.1179402991,             2.1228986555,            -0.0859129068
            -3.3252442557,            42.5165402670,             3.9715845103,             3.6995870540,             0.5873376125
             1.2711228989,            47.8214227337,             1.9842490996,             0.0463490536,             1.0172977920
             1.5996858906,            43.8091592420,             7.2140492042,            -4.6940049228,            -3.7178793933
            -0.5232427467,            40.7777510042,            -0.9071822002,             2.8897718485,            -1.0227751802
             2.4800238512,            44.2666165881,             3.8530717871,             5.8263976755,            -0.2468615261
             1.8688985961,            42.2526303559,            -3.2532502807,             0.6453154526,            -0.1768625774
            -1.6758984600,            41.2505957032,            -0.2022222007,             1.4629130475,             1.0544409759
            -1.4214430416,            42.6375476938,             2.8140759436,             4.1463677066,            -0.0238537138
             1.6159255054,            43.6142697293,             3.3713364361,             3.3385768282,            -2.0395311899
            -0.9255444398,            42.7386605075,            -4.6125819374,            -3.0616591278,             1.8809582596
            -0.2005278216,            42.0455743959,            -3.5362080540,             0.8190989444,            -0.2023464916
            -0.9478206710,            44.1765818250,             0.3434863109,            -2.1638449256,            -0.0080375444
            -0.8037622958,            41.4117797474,             4.4730000953,            -5.1297889529,            -0.9848166691
             0.1840736683,            43.8763647168,             0.8099675767,            -2.2669138021,            -0.5379230142
             0.2701214033,            46.9849177214,            -6.1720236155,            -6.1196576996,             0.3082744630
            -1.2457352730,            42.0652440439,            -2.5574228119,           -12.6581850265,             0.4789191169
             2.2447738269,            46.1850845812,             2.0842488426,             0.8459565331,             1.7026252874
             3.3095513320,            47.7673491660,             3.0821489428,            -7.7228969826,            -0.0678192704
             0.3787498468,            40.4187537653,            -0.4780956566,            -2.8936606386,            -0.9750305882
            -0.0584767940,            43.4784198435,            -1.1750230006,             3.4975744477,             0.5113320872
             0.0874914087,            44.3354225776,             1.7899818817,            -0.3292049713,            -2.3161261012
             0.8969767551,            40.8737851903,            -2.2523809765,             1.0705710233,             0.6432728275
            -1.5259124764,            45.6539860947,             1.5722437260,            -0.6572258542,            -1.1175290479
            -1.0710956080,            41.4585680646,             4.3158210897,             5.2630863129,            -0.1645699714
             1.1161179506,            41.5594129332,             3.4783921990,            -3.8028750174,            -0.8430328878
            -2.2429427698,            44.8655522881,             2.1089042937,            -3.1740818189,             0.1685224270
            -1.0524650919,            42.4986125943,            -5.4439786003,            -0.9279848460,            -1.1181135609
             1.8052402695,            41.3518239564,             0.1295983715,            -2.9703527619,            -0.7724425040
             1.1521583469,            44.2314250465,             1.7656873246,            -1.7795097843,             2.0348185889
            -0.7888301038,            42.7586063205,             2.6126949330,            -3.2080116533,            -1.3039549299
            -0.7008904674,            40.4633511181,            -0.5663579168,            -0.1950370532,            -2.1438837923
             0.5325655111,            42.9999977910,            -1.3808688275,            -0.8079205512,             1.3777918835
            -0.3171100542,            43.5686232343,            -2.4803699663,            -2.4092676143,             1.9580273807
             0.0998946192,            43.7628807902,            -3.0082216303,            -0.2809187613,            -0.8414670615
             2.4447357180,            44.8442200213,             1.8678573339,            -0.2169338910,            -0.2576573881
             2.1867280730,            45.1775142741,             2.6268367422,            -0.1679620370,            -0.9411335522
            -1.7209616659,            42.3591285008,             1.2162296050,             3.2773882900,             0.2068441127
            -0.4554504218,            43.7847444916,            -0.6716430655,             6.6087891561,            -0.5123845352
            -2.0711913962,            43.1254653411,            -1.4179991582,            -2.9843915894,             1.3747448556
            -0.3142192717,            43.3962524309,             0.4871478567,             1.0820181598,             0.0136944390
            -3.3523654541,            43.7898169109,            -0.5821728399,            -8.7614572314,            -0.2024747511
             0.6569327600,            42.4529448198,             3.8255229745,             2.3220704110,            -1.0026260024
             4.7633818468,            46.1069002967,            -0.4128765845,            -6.4779271983,            -0.9864933995
             0.9363245580,            42.7696598088,            -2.6150902442,            -0.8163304082,             0.9984408783
             0.7004476436,            43.0397320957,            -5.2217816538,             1.6614301603,             3.8599581327
             0.7958829543,            47.8288102808,            -0.4236722808,             6.2188944469,            -0.5877188074
            -2.2223031853,            43.5982531901,            -1.6160076484,            -1.7039509491,             0.1717950801
            -1.9481766628,            43.9398196284,             5.0538422855,             1.4085586989,            -1.4379365818
             4.1970110907,            47.1756622630,            -0.6789285562,             6.4722388935,            -1.8108325897
             3.3230106510,            44.3899938006,             2.6374860425,            -3.2684092934,            -1.9058429843
            -3.7256873565,            42.5175567651,            -4.4746441454,             2.7549974035,             3.3103767985
            -0.0428576691,            45.8186435626,             2.2856533423,             4.6459906022,            -1.3315088306
             0.1912068818,            42.8604519160,            -1.3525309188,            -2.4190276725,            -0.3707523744
             2.9592589762,            43.5710476846,             5.6724291687,             5.8639033061,            -2.4852015152
             2.4330628923,            43.0797275128,            -1.5138595454,             2.4215550175,             1.5718232348
            -2.1407102261,            45.3275235619,            -3.0609619783,             4.3979219205,             1.0181050301
            -1.2408342544,            40.3190307601,            -0.0720837600,             8.4291171814,            -1.5880943840
             1.8069488077,            45.1674453541,             0.6487229997,            -1.6064328113,             2.8525250302
            -2.1960516107,            43.4543386955,             4.2268913706,            -3.3397344668,             0.3127123739
            -1.3560726568,            41.2057662692,            -0.6210606705,             5.8864264019,            -0.3773164430
             1.8792961969,            43.6182138686,            -1.6312788794,             0.3773761321,             0.6681764856
            -0.5027589127,            43.4011031528,            -1.8249608333,            -5.4203603124,             0.1442364122
            -0.1030750599,            43.6569855668,            -0.4435317048,             3.1239781369,             1.3712873352
             0.7616876876,            44.0781316521,             0.6541566914,            -2.2028206461,            -0.8884808820
             0.4117572575,            43.6946670054,             0.5858021147,             2.6475967399,            -2.2454740401
             1.4833613338,            42.2047271439,             1.1809402369,             1.9737539120,             1.4584805978
            -0.2403168173,            43.2704674479,            -1.0331131455,             4.0973472544,            -0.2588184747
             1.1376906128,            45.6548221464,            -3.8171624471,            10.2858770851,            -1.2951402026
            -0.0182015714,            41.6963090904,            -2.9951223402,             5.1981376889,             0.9214624271
            -0.3940084913,            45.0028575636,             4.6854672222,             4.8007422861,            -1.1131891056
            -2.5911205529,            43.9594556925,             1.9088750485,             5.1359770134,             2.1584193856
             0.6196134466,            42.5333916781,             0.9787346143,             8.2381231815,             0.2798109608
             0.5389148373,            41.2496133019,             0.7501577174,            -1.6598501936,            -2.2927098326
            -3.7838729222,            42.0658960568,             0.8236772943,            -2.4072761778,            -0.9062023724
            -1.8938344053,            42.5360863870,            -1.5013213872,            -1.5209406873,            -0.3106364854
             0.7450809886,            43.4007688904,            -3.5948108392,            -5.1561021380,             2.2279086116
            -0.2038737036,            42.8898612883,            -2.6948773258,            -4.8221264427,             1.3208522876
            -0.2158026625,            43.4634592624,            -1.4905694940,            -2.6680695328,            -0.1095730021
             0.9425579141,            44.9837635426,             4.8944143251,            -0.9150059465,            -2.1584970406
             0.0896745027,            42.1872913482,             2.9070298802,            -0.3479556522,            -1.7386767825
            -0.1313577969,            44.1712407843,             2.2789634157,             2.0675879207,            -0.2767935779
            -0.5530289263,            41.6466267472,             5.8094974890,             3.1486895444,            -2.9135131030
             3.0998129619,            46.6717248389,            -2.4733106626,            10.8297447161,             2.7783175190
             3.4692252443,            43.9436762390,            -1.5661397490,             0.3383543663,             0.9179180821
            -5.7088497305,            41.3779220054,            -1.8183837051,             3.2591266811,             2.0438441238
             0.7397936542,            45.6770218238,             6.1477135069,             6.6999361396,            -3.9973951496
            -0.4656816595,            45.3855243252,            -0.8318329913,            -9.5101975606,            -2.0526089837
            -0.6225199458,            40.4145094979,            -0.2841817193,            -1.7614664452,             1.1439490132
             2.5052859775,            44.1228334231,             1.2925018792,            -1.3081268574,             1.3978615000
             2.4721046656,            48.0471125065,            -7.5830814580,            -4.8602122222,             4.9234519429
            -1.7926663276,            42.6562513593,            -2.0222507600,            -3.9795244305,            -0.5941734817
             0.0085684799,            45.8327015419,            -0.9006097165,             2.4986998296,            -1.9252166021
             0.5543506699,            46.3498095659,             8.5369398141,            -0.8588399745,            -3.8867468863
            -0.6123635400,            43.7542450707,            -5.6960119222,             1.5400611894,             2.8268587556
             0.7697482298,            46.8658962141,            -1.9652101221,             1.2117181228,             2.7865004130
             0.4777127308,            44.1707878420,            -2.4372533058,            -0.6436748344,             1.0742748030
            -2.1872237434,            47.1403760263,             5.5149696618,            -1.1158675379,            -3.0758216230
            -1.0639275046,            44.2620134762,             1.8254575560,            -3.2770033286,             1.0782027300
             1.1378889091,            43.8093500200,             1.2352601293,            -4.6069923640,             1.1453956666
             1.4649738304,            42.2120487281,             2.9984512113,             0.5997717056,            -4.5666657959
             1.9951271941,            43.0903228448,            -0.0937745852,             2.7745414993,            -1.6411474116
            -1.0180781886,            43.3607423901,            -2.2636187351,             0.8538891265,             2.5876376185
            -1.1125353289,            42.7837230489,             1.1002242889,             5.6403838064,            -1.2802294166
            -1.0405588355,            44.4074148253,             3.4461208131,            -1.9879351332,            -0.2196125851
            -0.4055471577,            43.7157306217,            -1.3811387317,             4.0991919036,             1.5656483219
             0.8373315449,            43.8328386371,            -2.4302486412,            -4.2136563860,             0.0975570177
            -0.4229201561,            42.7089953285,            -0.3813529676,             1.5574571649,             1.4172572115
             1.4914724517,            46.5751393465,            -0.9772064617,            -1.3736475773,            -0.2846497186
            -1.7845417493,            45.1594383996,            -0.0027063083,            -6.3147855135,            -0.7671889943
            -1.0122996958,            46.8720978299,            -2.0707931317,             0.1936598838,             1.7863007963
             2.1573386427,            44.4807524184,             4.0084442904,            -5.8515568013,             1.3187373896
            -0.6154804422,            44.9090747957,             3.4254403907,            -6.7822161196,            -1.1425915142
            -0.2002752301,            46.4850540041,            -0.7802281470,             3.6740118229,            -0.5049616645
             2.1138874288,            41.5020595123,             0.2135527193,             2.8389678632,            -1.4533522798
             1.2607992382,            42.9831604600,             0.3155029783,             2.7870752934,             0.0549671682
             1.6944867836,            44.4463166292,             3.3537502363,             7.6063711867,            -2.7936563361
            -1.3363005261,            41.4335082851,            -1.9603219558,            -2.9682803554,             1.2959824827
            -2.7316189112,            44.4507165459,             1.3390980118,             8.3387258711,            -1.7046424600
             1.8544147454,            43.1893389245,            -1.5940270364,            -4.5824143719,             1.0944152599
             0.2568718726,            43.9791328295,             0.8395928991,            -5.0845533137,             0.8366306138
             0.8257572026,            44.0612105132,            -1.8484040463,             6.7027836688,             1.7595438797
             1.8004767637,            44.9322152324,             0.0850970056,            -0.3240582273,            -0.0869548476
             2.7812417028,            43.4343239530,            -0.4502466115,             6.4896685313,            -0.4723125407
             1.3307334099,            47.7876742367,            -7.4998483995,            -5.9272501273,             3.5574357883
            -4.5653560269,            44.3193194725,             2.6673361650,            -1.9996269098,            -0.4701160904
             1.3861209030,            43.2205299825,             0.1122693147,             2.6825865936,            -1.2166635472
             5.9877980748,            48.6050607198,             4.3998182512,             2.8880233495,            -2.4544531947
             0.8901791465,            41.5420293399,            -2.3289531686,            -6.4941740947,            -0.6524355223
            -2.5427993386,            44.3522542549,             1.7673638451,            10.8930019922,             0.0966440436
             1.4510369628,            42.9439604442,             1.1387346765,             0.2284323440,             0.4595171095
            -3.1298059702,            42.3027349524,            -0.5028211041,            -6.8094650442,            -1.9360371310
            -2.5908011535,            43.3709787184,            -1.4616297295,             3.2351068971,            -0.1825636463
             6.4904781063,            45.6814936506,            -4.8359580463,             1.4789748294,             2.7141231190
             1.0166880100,            44.5812465850,             0.8760685440,            -4.0366349649,            -1.0642230808
            -0.2089530530,            44.9395681581,            -1.4277269048,             6.8276228676,             0.4507797705
            -3.3045950884,            44.2660004826,             4.3130800542,            -3.2733646327,            -2.5175410751
            -2.1052194547,            43.3733046473,            -0.2323816902,            -1.1953274598,            -0.6107638920
             1.6065740043,            41.9704313458,             3.9839418568,            -7.8464463881,            -0.5875165961
             1.0695447067,            40.6554064400,             1.4754635664,            -4.9468351878,            -1.1073406305
             0.4161622796,            42.8400822942,             1.3087610291,             1.3041405942,             0.0738010357
             2.2957429900,            44.0167140042,            -6.9326922465,             5.1927309918,             3.5015351723
             1.9567158343,            42.3418458188,            -2.6015330071,            -1.2855813595,            -0.3378410166
            -2.8070169942,            44.8200522842,            -2.7788204448,             0.2571281166,             0.6059826222
             1.5011482950,            46.4008795206,             0.3027187455,             9.1604600700,            -1.1344477942
             0.5604147955,            42.2675593501,             2.8755393006,            -2.7248283611,            -0.8951195947
            -1.6586832140,            44.9037136636,             0.3192644914,             1.5774861222,            -0.1594566192
             0.2816735469,            42.0847807237,             1.8619111601,             1.6755439159,            -2.0965210200
             0.5640692865,            42.7723829078,            -3.7963778431,            -1.5866474209,             0.5641285687
            -0.0727601852,            45.2122872664,            -0.0405699230,            -2.4215661522,             2.3203664961
             0.4377410386,            42.7868028747,             1.0957465599,             2.7589604374,            -1.3373878840
             0.6337293722,            45.0801496086,             1.5538481684,            -9.3352592714,            -1.0708391941
            -2.4118390940,            41.4953414757,             3.9011568433,             0.5480512492,            -1.3893264322
             1.3240788615,            41.3288844002,             1.0754201212,             2.1062037253,             1.4780918550
             1.5539083332,            44.2618886829,            -1.5686381640,            -6.3703625751,            -2.0917246323
            -1.5067878349,            41.8237270072,            -2.9458354102,            -4.7364457156,             0.5945911306
             1.1326959163,            45.5533524478,            -6.4873230603,             2.0441669157,             3.9541286667
             1.9243121484,            47.2792055572,             1.1024417880,            -1.8994560287,            -0.6422540884
            -0.5617535921,            43.4481421087,             1.1331922093,             6.4574009178,             0.2999267613
            -0.5515948283,            47.1192305525,             6.0747724016,             0.8788229421,            -1.6228752852
            -0.6871720974,            43.5924505479,            -1.5173409316,             1.4798343335,             1.5264572313
             1.0240573188,            42.9783332554,            -0.6542647638,             2.2766510561,            -2.4862501840
            -0.5529389720,            45.0798404137,            -1.0801929269,            -0.0387890283,             0.0290688004
            -1.5177770074,            43.7386048802,             2.0430738715,            -1.5206981670,             0.5062859859
            -0.8607867926,            44.1152173136,            -1.0904112127,            -2.4511370117,            -0.1641230207
            -0.6759041084,            40.9507858122,            -0.3888128925,            -6.1595191831,             0.0918688396
            -0.9565718815,            42.3171043979,             5.6077664238,            -2.8909880647,            -4.7081728769
             3.6648900054,            44.0060687056,            -2.6062034697,            -3.1634774598,             4.6440282010
             1.0027223446,            46.5222803541,            -6.0794083166,            -8.6341277011,             3.5635193394
            -2.8278178134,            39.8526099677,            -1.6118949404,             0.1480149749,             0.3110626892
             1.8549828281,            46.7490085295,             3.4184988912,            -7.2870162810,            -0.4703394476
             1.1027092226,            43.7947648570,             2.5773620208,            -3.1414605964,            -0.9039801633
             2.2305029839,            41.0439178256,            -1.1140246539,             3.4129745603,            -1.1978004876
            -1.7218408670,            44.8249144857,            -1.5633789149,            -0.5216816751,             0.8524318204
            -1.6409590450,            43.9706060507,            -1.8468281124,            -0.7789938468,             0.1104516725
            -2.2969836043,            43.0663113199,            -2.0464444620,            -0.9242841813,             0.6190365527
             2.6089213451,            44.9739460549,             4.6277131800,            -6.4300383433,            -0.6607918571
             2.4348424142,            42.2017441247,             2.7982380968,            -2.1596498635,             0.2420680929
             0.0941052483,            42.6084092989,             2.2749398926,            -3.7550051974,            -0.7057622263
            -0.8199233934,            41.3277093016,             0.9620220106,             3.8550943496,             0.4605435606
             2.2882478983,            40.4440619588,            -1.8180185167,             5.1052158119,             0.9644950507
            -1.2017660280,            41.2937731346,            -0.4067925682,            -2.0204853387,             0.6821071945
            -3.2543889755,            44.8692629227,            -6.9172251018,             0.5415914240,             1.4675792988
            -0.1693017177,            42.8326009598,             2.0342309232,             2.7737418461,            -3.8381036522
             0.3815534458,            45.5908750630,            -3.8271299981,            -3.3349917474,             2.7447413905
             1.7361928307,            48.4484660902,             2.6248204938,             0.8972933372,            -2.6214138648
            -0.0550861959,            40.8108875953,             1.7293255409,            -2.3068426160,             1.6085763625
             0.0344242090,            45.3804978161,             3.3630649819,            -1.2272328363,            -0.5139503485
            -0.5201112361,            43.1454039467,             1.4156218297,            -2.1745357114,            -1.0834225035
            -0.3130424817,            40.9179151959,            -3.9119834768,            -5.5706423906,             2.1354328296
            -2.1657529541,            42.0479369377,             3.6567716344,            -2.1366418685,            -2.7050188154
            -0.8223247118,            44.6474426870,            -4.5645764472,            -1.8716703207,             1.1946869787
             2.5443037651,            42.4252899222,            -2.3040261875,            -0.2445942313,             1.5968585864
             1.1523372125,            40.5655059527,             1.5030862284,             0.2502127631,            -1.7541897928
             0.3851771471,            45.0252751585,            -0.1648732645,            10.4710557087,             1.0063691784
             1.8602071943,            43.2292300481,            -1.5985705402,             5.1151793307,            -1.0674042899
            -3.0610454873,            40.2106944855,            -0.9045511138,             0.8554964446,            -0.2233895349
            -1.0989683907,            47.0584994188,            -0.2741100165,             2.8491314531,             0.6918772960
            -0.8480861830,            44.2571373862,             0.3751345748,            -8.8029912081,            -2.0555446539
             1.4503082760,            43.3386486567,            -2.1691523405,            -0.8116148590,             2.7296634130
             1.5570314182,            43.5838249195,             4.9502748606,            -4.2399678997,            -0.9716068192
            -2.1800976427,            44.4495869633,            -2.8911516526,            -0.3822748581,             0.6383074178
             1.4027894094,            43.6950901728,            -0.8736558149,             0.3949254965,            -0.1459124342
            -0.2103446614,            42.6223953899,            -0.3431019289,            -6.1651346762,             0.5258720211
             0.5516298862,            44.2620839521,             2.8452517771,            -1.1000466972,            -0.4902530476
            -1.1876919330,            43.0290965041,             0.3527946236,            -2.9769703133,            -1.1989451528
            -0.1417514325,            43.7179924644,             0.2506761792,             9.2507744368,             0.4099210321
             2.1574546599,            43.0630492691,             2.7208345598,             2.8749070849,            -0.1718511541
             0.7101171720,            42.8787634352,            -1.6829707187,             2.1245973851,             0.5454479889
            -3.4224716879,            41.2954382856,             0.5727027474,            -0.3329194032,            -2.4692943727
             0.0326262889,            42.3241835780,             2.1883970884,             5.8387485401,            -0.2005567380
             2.8375690753,            42.6690295956,             2.6203154252,           -10.0186665268,             0.0249821653
            -3.2606736266,            41.2260370581,            -2.5133982031,            -2.8239091278,             2.8966789553
             0.4024380386,            40.2467950083,            -0.0082757861,             1.5768853678,             0.5721986651
             1.6342118875,            41.6802956941,            -3.6111659082,            -0.8934986432,             0.3350275715
            -0.0113973150,            43.0539241412,             2.7009795361,            -3.4991985028,            -4.0344392299
            -0.0754471337,            41.5863061597,            -4.1380107597,             1.4731798424,             2.0511061517
             1.4600587451,            44.4037577036,             2.6614972163,             4.8223830750,            -2.3085427275
            -0.7859820001,            41.4050961735,            -1.1539050407,             0.4948097034,             3.1027924781
             0.9253185048,            42.9351551361,             1.0766885301,             4.5703527548,             0.1945508630
             1.1871797775,            42.7324397657,            -1.4288203784,             1.5764110037,            -1.7485821207
            -0.7087840717,            42.4105957107,            -1.9803953451,             1.5840590713,             0.9212118009
            -0.1566762556,            40.8375818441,             5.5487225953,            -0.7177297798,            -0.4571273826
            -0.1343692503,            44.5992180822,            -4.9020348120,             1.7148487027,             0.5632820209
             1.7603958741,            43.3506848520,             4.5783349557,             0.4538991409,            -5.1576605786
             0.4365746476,            46.3105358238,            -9.3798422774,             0.2733853118,             6.1341992178
            -0.3628342482,            47.8450544952,             4.5585266667,            -0.0053505258,            -1.6959745152
            -0.8511176740,            41.3433951951,            -0.9444031035,             4.1393316171,             1.9047487140
             2.0890452416,            45.3801830369,             5.6281454239,            -1.6983891829,            -1.3115250536
            -2.7088918230,            40.9914388535,             0.8762245838,            -4.9278886956,            -0.4703134284
            -0.8340292626,            42.5130816409,             0.2860698895,             8.3389668210,             0.6617919459
             4.0676623940,            41.5191339501,             2.6630239335,             4.8589891096,            -2.8877225630
             1.1622992269,            43.2791333804,            -4.9136600589,            -3.6426990437,             1.3114776054
            -3.7402308194,            44.2368585267,            -2.7777772019,             3.4182038051,             1.7200486680
             1.0611989634,            42.8433523241,             1.9045341053,             1.0463276925,             0.5441948694
             0.1011945266,            46.7043279646,            -1.8907433612,            -3.2664265815,             1.0571703178
            -0.8588424179,            45.8979716929,            -0.2402896226,             2.3297808175,            -0.8580037482
             2.6622830834,            42.4372803574,             0.5896686615,            -0.0552898376,             0.2898184870
            -0.8106065494,            46.8009289098,             2.4242689275,            -4.8483313611,             1.0797286807
            -1.6615525355,            42.7198652996,             2.7069409731,             5.8208987768,            -1.8267414361
             1.9491712707,            44.4542942631,            -4.1166889069,             0.0505351664,             2.2857868012
             0.7802082442,            42.4873302321,             5.9181627321,            -3.2964813406,            -0.4508801043
            -1.4978594753,            44.3189601776,            -2.6444734604,            -0.0398672332,             1.6266401435
            -0.6206670701,            45.2996596777,             1.3144749243,             0.8020911960,            -3.5300378337
             0.8404610890,            40.5491470041,            -1.6742742791,            -2.1991625588,             1.3604415997
             0.6245102282,            44.7954380825,             3.2761388307,            -1.2435391994,             0.7281636158
            -0.0378050271,            41.7789841559,             2.1303766438,             0.1554937033,             0.1992383244
            -0.3193521751,            45.3896866173,             2.2953931453,            -3.9894975562,             0.6681075998
            -0.0926734545,            43.6528662205,            -2.7919980203,            -0.3261984189,             0.9902256689
             1.3000224976,            43.7953640280,            -4.3639193283,             1.5066863113,            -0.8939589866
             1.2357790985,            41.5424499711,             3.5865889373,             0.3078136507,            -2.5932313493
             1.3319443164,            46.3345719164,            -1.6383374728,             5.7130650623,             2.5382035614
             2.1762165862,            41.3883022825,             2.8391668977,             5.4253097377,            -2.1410068770
            -2.4643139371,            40.7935419680,            -1.2022634145,             5.3964143214,             1.1764162309
            -1.6638157642,            44.9980924047,             3.4611397787,             8.5373715925,            -1.1130274734
             2.0987914705,            42.9613117642,            -7.2830660635,             3.6497762312,             2.0530439686
            -1.7466586347,            41.1572091052,             2.0011214150,            -0.0175897382,             0.3171123916
            -1.4093842315,            47.3743196124,            -6.0698533005,             6.4048965496,             3.3790561872
             3.1001396112,            45.0733481599,             6.0105406927,             2.8451544711,            -4.6469593834
            -1.3145907337,            40.3222992925,            -2.0649325458,            -2.0218211845,            -0.1076053165
             0.0459264678,            47.5709808252,             4.3967064223,             5.9402678126,            -1.6346849238
             0.8366412753,            41.2053929102,            -1.8779624384,            -2.2697246937,             1.0131833140
            -0.4935054064,            42.6616194370,            -1.9139970046,             2.2518071326,             0.4983218940
             2.4502273422,            42.4125323339,             2.1374028204,             6.1725253770,            -1.3818124484
             1.2081962602,            47.0854108486,            -6.2080871114,            -1.4434314290,             2.7697212011
            -3.2778445470,            42.4379667261,             2.8276238246,             1.1175157746,             0.6635888280
            -0.5270547313,            46.1046562010,            -3.9280325616,             0.6875128838,             1.0700461123
             0.1715617975,            44.5160992545,            10.6671507902,            -6.9393113998,            -5.7539479818
             0.7515481680,            43.1843845932,            -6.5435205398,             4.6562368515,             3.0048204729
             4.1692033189,            45.4975527336,             3.2696590044,             0.3183252396,            -2.2813642804
            -1.7275429084,            39.4581203769,             1.6980619098,             2.6116876939,             1.0385490811
            -0.5617150294,            46.7238461762,            -1.7523906407,             6.7476889073,             1.2276625021
             1.1888106502,            44.9285680134,            -3.4581528660,             5.4817129078,             0.7831273089
            -0.8010539029,            41.1390871332,            -4.3485231693,            -1.2073919023,             1.8491670156
            -2.3147409566,            46.4746098086,             4.7380790374,             0.0208046824,            -2.8435334510
             1.1536361559,            44.6674551760,             4.0846058981,             1.6389928185,            -2.6569178941
             0.0689801998,            43.4247985543,            -0.5384901386,            -8.4240891412,             0.3971146905
            -1.5708285230,            44.2789713918,            -0.3037123824,            -3.6880908198,            -0.1686385845
             0.1169955709,            41.8452899163,            -2.1333060136,            -4.4408268833,             2.5461467884
             1.5063249598,            44.3744290651,             1.3007566917,            -1.0391328343,            -1.3051793034
             1.3938051183,            43.6651142715,             0.9130802839,             0.8217484600,            -3.4214824053
            -2.1706900148,            43.7079597148,            -4.0073667693,            -5.4787147187,             2.5021295435
            -1.2703110874,            41.6180418725,             5.7220155900,             3.0374768173,            -1.0947744386
             1.6418903638,            42.6158569464,            -1.7728482587,            -1.8945465251,             0.0404635261
             0.7743724074,            44.8820461705,             0.5222100886,            -6.4423465249,            -1.1838665317
            -0.5388999862,            40.4273609758,            -2.9961797790,             0.1756107420,             2.5617322241
             2.5011069906,            44.8202350214,             4.4934034712,            -5.3539733614,            -1.9506281095
            -0.8614016261,            42.3733352878,             4.4725143237,             2.9454772522,             0.2791597013
            -0.1438084634,            42.1591128659,             2.5506013674,            -1.6363540830,             0.3696296263
            -0.6542860786,            41.5477552745,             0.1549136520,            -0.7354305099,            -2.3501722804
            -0.3671330851,            42.9113750354,            -6.0388372167,            -2.5183529902,             3.1288603807
             2.0843476284,            41.3494892628,             0.1261444161,             0.2425437932,             0.8591729403
            -0.2775982666,            47.1265904199,            -4.3598065049,            -8.5855760233,             3.0278583710
            -2.1444744060,            45.7285172420,             1.8948716119,             1.7325947474,            -1.4948437398
             3.2914335855,            44.2002681143,             0.2602750329,            -2.7751928965,            -0.2343629522
            -1.1306836224,            45.9833549721,             4.5264704003,            -0.3543395627,            -1.1795681002
            -1.9595856271,            46.7642074007,            -6.8663096311,             2.6681489902,             1.3882608170
             1.0313853869,            42.0518875754,             4.7056613968,             2.3280180577,            -3.5958679143
            -0.1743595005,            48.6956549074,            -5.0005804775,            -0.1084168343,             3.9166672868
            -1.8189139543,            45.5952360234,             3.8962067122,             4.2565074519,            -0.9485181763
             2.9217169350,            43.3944121996,            -5.4189418333,             4.0432856309,             3.4037732179
            -0.3022052183,            47.8064643581,             6.2062544804,            -2.9029814931,            -0.8187657354
            -2.0070828902,            42.7266930263,            -0.0558860404,             6.4000999165,            -0.4672711280
             0.1851987148,            46.7245809141,             1.9540356757,             0.8560323406,            -0.7887111712
             0.3793367856,            45.6889321558,             1.0442027530,            -1.6936493249,             1.3617524221
            -1.0432862212,            44.7714588844,            -2.3662312195,            -2.7401245202,             0.9566312593
            -0.4063876800,            43.3362938770,             6.8026338135,             2.9144744314,            -5.6537315112
             3.7019031993,            47.5323485168,            -2.6627917903,             1.9256058268,             2.8051616038
             1.0486320652,            41.8620124586,             3.4400691863,             1.0873945166,            -2.1122298023
            -0.0754144739,            47.4618877047,            -7.5526355404,             3.9263558689,             4.2189837724
            -1.6839113967,            46.6858327034,             1.4598567944,             2.6292914424,             0.2438675588
             0.6067918320,            42.5106267216,             0.9130868463,             7.9055377095,             0.5115354865
            -0.7706591299,            46.7791076724,             1.5721022016,            -3.7755101153,             0.7318782274
            -4.4547783712,            44.7217231762,             0.2109882864,            -5.5155170207,            -2.2672330556
            -0.2053311175,            40.8806793810,             0.2614819901,             0.0259392683,             1.2796426246
             4.9940941105,            46.0945768307,            -1.4441050288,            -1.2720523645,             0.0907499207
             1.3332982006,            43.4893722251,             3.5648206217,            -2.4488873943,            -1.9133123056
            -1.8982314073,            41.5997002395,             0.1466293447,             4.5193921663,             1.8553527499
            -1.5956687290,            43.4828237427,             3.8947481509,             0.4691550117,            -0.7665749846
             1.1383007464,            41.1284200065,             0.6657728257,             3.1503029079,            -1.1460505067
             2.2178697323,            42.5815239582,            -3.6317028109,            -0.9332385491,             0.7979453549
             0.0884101454,            43.0613680042,            -1.8868632935,             0.8934563148,             3.0870777325
             0.9029595074,            41.7821825449,             1.3413620680,             1.2066126471,            -3.4895949665
             0.5250137701,            43.3516304443,             2.8802628811,             3.8706061664,            -1.8997438667
             1.7030511404,            43.2388014758,            -0.9836568674,             2.8987058126,             1.8535872436
            -2.3430067936,            39.8401544651,             1.6155132116,             0.0771222493,            -0.8179141371
            -1.2921602646,            44.0745288538,            -0.6054652966,             8.0920602827,             1.5129358566
             1.5875841133,            43.2463295140,             2.1437929570,            -1.5717524288,             0.2665173062
             2.4162099010,            43.4402775049,             2.8600654358,            -0.0967375900,            -0.9657056516
             3.3392517409,            44.1826939842,            -0.0420951488,             6.0868162754,            -1.9484168652
             0.9201769795,            42.7334525799,             1.5510818272,             4.0053060057,            -1.1009768483
            -3.4460616331,            43.2613890694,            -2.6563914142,             4.3123115015,             1.0343103168
            -2.1166180880,            43.1126317599,             2.7778253003,             3.1580638983,            -0.0097089611
            -0.2142982629,            41.7038110144,            -0.6256354424,            -3.4348049926,             0.7221537551
             0.8641800655,            44.3224223025,             0.2839999903,            -4.6905582707,            -3.0442943241
             2.7804853077,            42.6829496894,            -4.4649236858,            -0.8551949711,             2.7508046684
             0.2957015457,            43.3065847123,             0.4779166073,            -4.3202175877,             0.5485499328
            -1.5094932208,            48.3179538179,            -0.9257621161,             1.6208936124,            -0.5623903544
             0.1198065377,            43.7811839856,             1.8373662717,            -0.2149242397,             0.1576765617
             0.2821183383,            44.6591509115,            -1.4808458136,            -3.9726898048,             3.3336633127
            -2.9766013103,            47.2635205098,             4.6051115154,            -5.1581702060,            -6.1853545334
             0.4592637800,            43.3983146240,            -2.2664696385,            -4.2895562282,             0.2027173579
            -1.6756690923,            42.7041903032,             2.9415995790,            -9.6397049469,             0.4283397322
            -1.3444916729,            43.0767969736,             0.5656743749,            -2.8506717263,             1.5102874286
             2.9671444290,            43.6021956642,             0.1179096730,            -8.3939567507,            -0.5452144029
             0.1108508162,            41.1203223691,            -1.5865787591,            -9.6325636822,            -1.8534228788
             0.4711595519,            44.3922663537,            -1.6858570605,             1.4276925191,            -0.4652701499
             3.3044065303,            44.1191156789,            -0.0942658497,             0.6985765237,             1.1330377186
             0.3416744544,            46.7204174797,            -5.8226212164,            -3.9412602071,             4.7252438365
            -0.8565117215,            46.2483716303,            -0.1597063031,             5.9936057003,            -3.1980285482
            -0.1923149440,            46.7424277983,            -1.7792235413,            -5.0143323300,             1.3433914326
            -1.7826075708,            46.7242424115,             2.4536391801,             1.4417636562,            -1.0784945359
             2.6578140363,            44.7393273411,             1.1064607463,             0.3181754303,            -0.9759697725
             0.0928793821,            44.0407638003,             1.8011160549,            -4.0580591402,             2.4892725031
            -0.8113596411,            42.7343151819,             7.3340336881,            -0.5538282583,            -4.0611521885
            -0.1289814326,            41.1702711855,            -0.4825781580,            -0.2415582796,            -0.0786341044
             2.2225220445,            45.2415118141,            -3.9906429039,             1.4397943491,             1.7533439271
            -1.6864661464,            42.1741986520,            -4.3231715117,            -2.7817921088,             0.6727769247
             1.7858525609,            44.8494549270,             4.8175368844,             5.8675260707,            -2.4514591406
            -0.0869787423,            43.9775798541,             3.5458013350,             0.8973235306,             0.1005216744
            -0.6425922331,            45.5281776426,            -2.5644963292,            10.5829445483,             3.4204699116
            -0.9012777780,            40.5786342633,            -0.8393047352,            -5.3471382213,            -0.7490058655
            -3.3746709955,            44.4357331486,            -2.3874577385,             4.2819139997,            -0.5398120695
             2.0876711473,            46.8212411828,             1.7427955284,            10.9484759084,            -0.5084467576
             0.2600695503,            43.4870412808,            -2.1777812952,            -4.9010278356,             2.5832998187
            -1.4731095176,            46.4816396889,            -1.8102161454,             2.2138274403,             0.8350445260
             1.2446235025,            42.2834888701,             2.7537717034,             6.5853979062,            -2.7727159192
             0.0298159857,            45.2850347857,            -1.0111132902,             0.2591831512,             1.5829910918
            -2.1372847581,            45.8527639439,             1.3021778311,             0.7237542929,            -1.2066180160
             0.5690920401,            44.1130462639,            -3.0590239182,             1.4342374268,             1.5947629334
             0.9803904476,            46.4279565550,            -6.8442127121,            -2.2393036115,             1.6140311687
             0.6762606875,            45.2515009880,            -0.7336758442,             2.2566543065,            -0.1691561998
             0.4934816047,            46.5220960181,             4.6300517140,             4.2294863679,            -0.7813749962
            -2.1304530275,            43.4021030645,             7.6336616422,             2.5956328623,            -3.2063587701
             0.7519326704,            43.6140590652,            -0.2941307810,             8.5765286971,             0.8283276192
             0.6107006359,            43.8353888211,            -3.6348563504,            -0.4956571116,             2.7628322153
            -1.4901852732,            42.4090049123,            -3.9141721339,             0.1729685640,             0.1758204720
            -1.2358700515,            42.9546721781,             0.7472728466,             1.5350978880,             0.8823753819
             0.5910711733,            46.3498775647,             1.3113957462,            -3.3249974749,            -1.2021767721
            -1.2193493407,            41.9593944941,             2.6421528782,            -5.7545749355,            -3.1845243594
             1.1560337298,            42.5975798228,            -0.4319769555,            -1.3592291538,             2.0200680904
             2.0915338020,            45.9826134095,            -0.8263567316,             1.2552168108,            -0.0612044986
             1.7955014620,            42.7321028615,            -2.8825740397,             1.8773674896,            -0.3921276957
            -1.8074307194,            39.8057351406,             5.6408042143,            -1.7589756461,            -3.1610201551
            -1.4305816632,            46.2947120809,             1.4476287063,            11.6069312667,            -0.2055081122
             2.2903322628,            44.4705083458,            -0.9483103175,             9.6643605581,            -1.4625661673
             0.3699483962,            41.0863914890,            -6.5263524045,             6.4746811458,             3.7044156873
            -1.1377680579,            45.7467645236,             1.3222830371,             1.5894136931,             0.1574560145
            -3.1750996788,            43.1533293912,             2.6692418627,            -1.1003324582,             0.3550298761
             0.1248418736,            45.9862495074,             1.3259381918,            -1.7899118583,            -1.2645662741
             1.6857837917,            45.5040088643,            -1.3327956790,            -4.0551148194,            -1.1791851624
             0.3337233547,            42.2271575100,             1.2427882415,            -8.7421787899,             1.8025293099
            -0.3895743096,            47.7887743529,            -1.3671556794,             1.6482883949,             1.0803616485
             1.6925632999,            42.1175221323,             5.0534976805,            -4.3090997172,            -2.0664581107
            -0.3536586424,            42.6230752595,            -2.5291134133,            -3.2315053223,             2.0549396872
             0.9321963306,            44.1375591479,             6.5808463207,             4.1356938173,            -2.1780262499
             0.9849125148,            42.3876527075,            -5.3448418480,             2.8973719736,             2.3292149739
            -0.5251330674,            44.0469117242,            -0.9789108243,            -1.7314961514,            -0.4275906914
            -1.2426161132,            43.7829518368,            -4.3434109389,             3.0914507798,             0.5734004171
             2.4800207972,            46.0270249572,             0.6593137750,            -0.7811514944,             1.0528357768
             1.4787052797,            43.8548181560,             1.4107050825,             0.1448534346,            -0.1660822328
            -2.3013703559,            47.6229502617,            -1.7979067980,            -1.2409401220,            -0.0442187432
            -2.3200580228,            43.5235882708,             2.7418796729,             4.4417069759,             0.4538155439
             2.9037821596,            46.6450618663,            -4.2498917765,            -2.7948505413,             1.7829628616
            -0.8214134455,            46.4822958618,             4.1176594896,            -2.3809167785,            -1.6653102056
            -1.5892398484,            42.3107449154,            -1.8990596693,             2.4951201460,            -0.2528952929
             0.9529487590,            46.7034740262,             4.5327342565,            -5.8727906376,            -2.9850764031
            -0.1121936758,            43.7370856323,            -2.0014647395,            -3.9494140999,             1.4156440116
             0.1962926521,            43.4737961705,            -1.9565861407,            -2.5643046367,             1.7390296822
            -0.7771062167,            45.3168734499,             0.0252797589,            -6.8531940773,            -1.8895373806
            -1.9178061257,            43.7827325836,            -1.6893261798,            -1.3091253876,             1.3668981643
            -2.7726077667,            44.9263885325,            -4.6730545213,            -4.0573404255,             1.5092017280
            -0.4959829861,            45.0780774169,            -3.4374571925,            -3.5797241419,             0.2312661550
             2.5008773385,            45.9112379091,             0.3430821046,            -6.0993420882,             1.0295703882
             2.2470304772,            45.9696691321,             3.7174788869,             3.8645302322,             0.3912734960
            -1.1112757059,            44.1321467011,             4.5014334258,            -3.3469921545,             0.2053937975
            -3.1961987471,            43.6449483121,             3.0818557898,            -2.7979808018,            -1.6547745197
            -0.1316744155,            41.8097777775,             3.7594059547,            -3.5795399155,            -2.2643111494
             2.8869650669,            41.4414658007,            -1.8466216978,            -2.8181690922,             0.7865402270
             2.1273214819,            42.9035261925,            -0.5484662592,            -5.6193449025,             0.0170798512
            -0.7355966159,            41.1044556762,            -1.1534262038,             3.1504901848,             0.6783285749
             0.9733956938,            43.3189518123,             1.5143540153,             1.1985430144,            -0.0713566843
            -3.2874043841,            44.8098245236,            -3.6128858978,            -9.2920953090,             1.9924932492
            -4.5880761231,            44.4657097726,            -4.3440407400,            -1.9408051446,             1.7117641658
             3.8833828065,            41.3043442127,             3.0490822420,             0.1508789418,            -0.6524881937
             2.7895086686,            48.9932167726,            -1.1524967065,            -6.6699673606,             0.6461860004
            -1.1939035233,            45.3811270575,             3.2971165221,            -0.9450518659,            -2.2830755414
            -3.6050738889,            43.6416020226,            -6.7612905679,            -3.7460913567,             0.6536555410
             1.1602134370,            45.3783293931,             7.7991201280,            -5.8680539364,            -0.8490838589
             1.5927698360,            41.4992284807,             0.7070900197,             0.1240755708,            -0.6289112057
             3.0974784991,            44.6714936017,            -0.5593731590,            -2.1981509930,            -0.8442245128
            -2.3824305753,            43.0808739589,            -3.3891620660,            -5.1729465176,             1.2502522407
             0.4708197353,            40.6642414243,             1.4109738665,             7.9968321909,            -2.0621600718
             1.6918098179,            46.2381153159,            -1.4291670446,            -3.8285091154,             0.1885500710
            -0.9248442797,            43.1589440193,             1.6739865605,             1.9962659385,            -1.0815056774
             2.3791617414,            44.6054894899,            -3.8787275817,             7.4722147748,             2.7302300903
             0.7517521676,            45.0923651979,             2.3822159525,             7.2291802597,            -1.4043560799
             0.2115315576,            44.1089617226,            -3.7304317702,             5.9333458950,             1.4815550053
            -4.4165657438,            43.4972200505,             3.1687860501,             5.3281212787,             0.0737592347
            -0.6722055624,            46.2784503781,             1.5356223977,             2.2863515430,             0.1854326513
            -0.4250745537,            44.0218409601,            -0.1812548711,            -4.2148489576,            -0.9253306020
             0.2028799566,            43.9087894783,            -2.6973545052,            -1.9697293333,             0.1193117678
             0.3082518888,            43.3516079737,             1.6405165676,            -4.2046704869,             1.1160639680
            -2.3986826747,            45.3147536925,             4.2804341375,             0.1914243077,            -3.2543357669
             1.1110463117,            44.0903963434,            -0.2849785489,            -4.8556163405,             1.5756848346
            -1.3257401616,            40.4651664194,             1.2099682606,            -2.9200359586,             0.3183995357
             2.6956195792,            43.9096861469,            -0.4118477885,            -4.3434295437,             2.0321673736
             1.1469955456,            42.9422215755,             2.7444828614,            -9.9704486382,            -0.1972557278
            -1.4676798951,            41.5908639599,             0.1698091674,             1.1596375450,            -1.1610963391
             1.7755597197,            42.0831374496,             1.5656121753,            -2.3680487556,            -0.3349237255
             0.7962298586,            41.9527542154,            -0.7958353987,            -5.2789630049,             0.6937423902
            -0.8279931905,            42.4416946133,             0.1630784469,            -0.1087308986,             0.2839245425
            -1.6397292623,            42.5479197107,             3.6942448882,            -2.9489582080,            -2.4259910347
            -1.8646674912,            43.1347622275,            -2.4403254751,            -5.9888670505,             0.0862973749
             1.1379976794,            43.2137205497,            -3.2578477419,            -1.1112947092,            -0.3160776657
             0.9457987200,            44.4687872478,             1.2075863637,            -9.7296370035,             1.1032185129
            -0.4583787148,            42.3315956444,             2.8764830312,             1.8463460198,             2.3696089357
             1.9769176881,            43.3096796162,             4.0487773182,             2.2973069336,            -1.9485716647
             1.3101335869,            42.1621807584,             1.2191744189,            -2.1588191822,            -2.1902231271
             0.7752235800,            42.5105699466,            -6.3103104211,             7.6956512290,             2.5604799939
            -0.8002385412,            43.0351862084,            -2.5789423815,             1.0253869590,             1.7978501415
            -0.3763444543,            44.8357986771,            -1.6465826034,             1.6928584042,            -0.0986529346
             0.6446231452,            44.5273356389,             3.4553839259,             2.5960193492,             0.5304057697
             1.0587821429,            42.1994238061,             3.4954722501,             5.7111595671,            -2.6875566754
             0.1435325192,            45.1418538325,            -0.1691251018,             2.8665705136,            -3.4772126467
            -1.4013255554,            40.9298302739,             0.6538668483,             2.1017812484,             3.0864916711
            -0.2151699526,            44.4124691872,            -5.7005411096,            -8.2128057661,             4.6146086181
            -1.1673187826,            45.4128112624,             2.2666544151,             0.5835819343,            -2.8427039893
             2.3722961720,            41.0972895487,            -2.5087167599,            -1.1458039554,             0.3944918432
            -1.5447240546,            44.2418541560,             5.4094545649,            -7.5269850821,            -1.8971489205
             1.4791221434,            43.8711801686,            -2.5546355303,             7.5877442158,            -0.4507477857
             1.5216268477,            42.5527703748,            -0.4578546561,             0.8003239293,            -0.0254901503
            -2.3636634979,            44.0041061295,             0.2776892283,             6.1333170776,            -0.5375859431
             2.6146067724,            46.2533496759,             1.7220260818,             4.1315067523,            -0.5886227022
             2.4960289156,            44.5247307655,            -3.5684126198,            -0.0904832663,             3.1960775983
            -3.2958902230,            44.5052839943,             1.9836878771,             3.2961695970,            -1.7985956006
            -1.3578835149,            46.0050601374,            -1.7694134172,            -3.7709149537,             1.5447775859
            -2.5503965432,            45.3800805221,            -1.6570090281,            -9.2851760999,             0.4468057520
            -1.1845129325,            44.0385266621,             0.2400979143,            -7.1312559244,            -1.3919098107
             4.4362057063,            44.4600153127,             2.8233179530,            -3.6304463723,            -1.6766770008
             2.5335659053,            45.2928122896,             5.5279058022,           -11.7962971309,            -0.8020791984
            -3.0354005128,            42.2731540074,            -1.2960757807,            -0.5645761129,             1.6714902835
            -0.7662727147,            41.2306799968,             0.8531467190,            -6.1932569646,            -1.6950888652
             1.4136466953,            41.6190732959,            -0.5278976845,            -1.3000887750,             0.4028524616
             3.5810521479,            44.0986026321,            -1.3675068076,             1.9516695169,             0.4840835711
             1.8256733720,            42.2619751418,             1.3561050193,            -2.8919477897,            -2.2195513436
            -2.6684280305,            41.3567819213,             1.7731647254,             6.2524688064,             0.7765234495
            -0.5226142644,            43.7015328824,             2.9722662046,             3.6361234903,             0.2273423801
             0.0568260945,            39.6648343594,            -0.5783792693,             5.6062475281,            -0.8407883251
             2.4850846577,            41.4631891289,            -2.1005380390,             4.4500657203,            -0.6248068699
             0.2206960714,            42.8277475960,            -1.0752853258,             0.3387939111,             1.8659225068
            -2.5904599754,            42.4596169109,            -0.5760208130,             7.2575555373,             1.8360876449
             1.6036539475,            42.7124487598,             0.4760116047,             1.2843842354,             0.2303506245
             2.0634760322,            42.4509446487,             4.1378597331,            -0.5235755399,            -1.1077805436
             0.4846694001,            42.8456697666,            -2.6536938018,             2.9330492249,             0.9315004621
             0.9804561702,            44.5154344421,            -4.6062243554,             4.6569656881,            -0.5610894345
            -1.1855106454,            40.9426943446,            -1.6366060742,            -1.1508938848,             1.0102534533
             0.0339592062,            44.6847562305,             5.7683336163,            -0.2973535751,            -1.9714092342
             1.0114655612,            44.2296897848,             0.1207303597,            -0.6547998681,             2.5566499171
            -0.7515114586,            41.2232724690,            -3.0268201200,            -0.6285274090,             1.4564259304
            -1.8627408219,            42.7921413525,            -3.4280197027,            -3.2507745166,             1.3972625859
            -1.0157283698,            44.4900239579,             0.5753429843,             2.1520812062,            -1.5455940872
             2.8416037410,            43.8871495667,            -0.6816045591,            -2.3714441051,            -1.5052307130
            -0.4840449468,            44.4787747518,             1.9226571079,            -7.0033986344,            -0.3643554975
             1.5469409347,            47.8647285262,            -6.8373414923,            12.1481381832,             3.4480863656
             1.4232548607,            43.7315117495,             0.1803095714,            -2.9632594802,             1.5881056649
            -4.3213552250,            42.4305977155,             4.8981727750,             4.7000480346,            -1.0527708029
             1.8331510474,            43.6771627654,             2.8819665827,             1.2447707085,            -3.0290749230
            -0.3526748887,            43.5022630104,            -0.1060647365,            -7.6007417611,            -0.5118635584
            -1.4293356882,            39.2144934890,            -1.2589844586,            -2.3056064235,             2.1676152482
             1.7463007600,            42.9165382144,            -2.6897322211,             3.9640242475,            -0.6108675273
             3.6007882422,            46.1140979749,            -4.2473476863,             0.8157649407,            -1.4008335988
            -0.6386368846,            41.9377175967,            -1.5545779932,            -2.0391797392,            -0.2334280932
            -0.5666854313,            45.3366782925,            -2.0147825860,             5.0016792801,             1.5902951619
            -0.4286719158,            46.9867500971,             1.3374304374,            -6.4116165113,            -0.3674221959
            -2.4508758804,            41.9553873617,            -0.9155059564,            -5.6499094367,             1.6488287327
             1.0657061746,            44.1893548814,             3.0352602023,            -2.3869750607,            -1.5361577106
             2.1465784776,            41.4340129967,             4.2069853922,           -11.1963254281,            -2.0653928383
             0.0393140918,            41.6545248399,             0.0029711842,             0.1363766531,            -1.2404471384
             1.9028824757,            42.1460664299,            -0.5459070850,             0.6012903941,            -1.9598986915
             1.8889680227,            43.4769616603,            -6.3330394632,             0.6704711284,             3.6194472963
             0.3815299486,            40.8888672793,             1.0509920129,             1.6205595468,             1.6522518746
            -2.3642668031,            44.1650054457,             3.8957316450,             4.3775708130,            -1.8387326931
            -0.1611130717,            43.0957602600,             2.2461859266,             6.1894333725,            -1.0357878936
             2.4305372518,            40.7347465626,            -3.1716180921,             0.3228408671,            -0.6749163121
            -1.8261657717,            44.7493938588,            -6.8931191081,            -0.2764296735,             4.6783992461
            -0.5252063665,            44.7834548448,             0.9306511905,             9.8259231159,            -0.2691397568
             1.3415143209,            44.6239776521,            -1.9713069505,             0.3376432896,             1.4221348950
             0.1532438347,            46.0103469095,             5.4194448527,             4.2930125614,            -2.1814123342
             0.4144504127,            45.1338327570,            -5.3032799640,             9.2748900483,             0.7968016991
             0.1155898045,            46.4008610106,            -1.8688577278,             5.1100216258,             0.7878331859
            -2.7226206575,            43.7732744985,             1.7222795160,             4.9379525732,            -0.1472609912
            -0.5477610090,            46.3045446834,             6.0787239152,             5.7317757787,            -2.5024187304
             2.1951069415,            44.9022922001,            -3.3473426180,             0.9370508257,             0.0999981395
             1.5452887916,            40.6994057146,             1.0974546619,            -1.1085544965,            -0.8412661938
            -2.1643826602,            45.5319743837,            -2.8894467693,             6.5608711524,             3.9707541804
            -1.0948782463,            43.1825658715,             2.0099154307,            -2.7557575501,            -2.7643517938
             0.8003918879,            44.3767871480,             0.5920621784,             3.7689707993,             0.9038649813
             4.5912997290,            45.1662685630,             3.0979803769,             3.7485112811,            -1.4290912418
            -0.7800617116,            44.0865493818,             1.1695252839,            -2.5210884811,            -1.0414650287
            -3.7008714770,            43.3679041163,             3.4154810330,             9.5567391623,            -0.8894809185
            -1.3961379603,            41.6481539618,             3.0946996731,             1.2440362862,             0.1047569927
             0.5379362291,            43.9576089031,            -1.0169344824,            -0.9224968884,             0.9723886574
             0.4988290428,            42.7591863627,            -2.7407122185,            -3.0253225999,             1.6556553576
            -0.0469438417,            42.5442625392,            -1.3208001353,            -3.3664799410,             0.5433260987
            -0.6888884247,            47.7568487699,            -0.5613541015,            -6.6538184938,             0.3457382985
            -0.0807446330,            41.5946911071,             3.1179009523,            -0.1794421632,            -3.2570553549
             2.0418273821,            44.8780422959,             1.8423556236,             2.3791676500,            -0.9196872417
             2.6362328196,            44.9399404412,             5.3088479863,             1.4673800127,            -0.3103389761
            -2.7144766165,            39.0584199199,             0.3404942551,             2.7195946887,             0.7046665449
            -1.5095454282,            41.5714206783,             2.3627040206,             9.0039976769,            -0.2802545312
             2.1888030964,            43.9468854299,            -3.4934407418,            -2.4835368733,             1.8759073261
            -0.4653785037,            43.6966095750,            -6.1662772341,            -4.0655250119,             2.7622945643
            -0.6753562407,            41.7011213398,             0.9065398732,             1.8207838818,            -1.0325684185
             2.3229028388,            47.2034285870,             2.5233474800,            -5.4517740352,            -0.3778758058
            -0.0136199121,            41.8983029865,             5.7887912272,            -5.2370430233,            -3.0432268066
             0.4622993928,            40.2825795505,             2.1887847428,            -0.9613607315,            -0.5987384222
             0.3026784886,            44.2446196270,            -0.1956405450,            -2.8780929771,             1.5747070657
             1.6022079157,            38.7624227272,            -1.2127532229,            -0.0582971684,             1.1958873866
             2.0086126580,            42.9689050314,            -6.0122521109,             4.1097173681,             0.8600132709
            -1.8494765539,            44.2182895818,            -3.0488851639,            -0.8224823510,             2.2001659329
            -2.6831121604,            43.9580879146,            -5.2404616790,            -5.7961934043,             0.3246977304
             1.5607770397,            44.7875005049,             2.9233547591,             3.9659710496,            -1.4067898672
             3.7290424801,            43.6856361681,             1.3442689846,            -1.8326531313,             0.2585338868
            -0.2735075421,            45.7979005774,            -1.1613428509,             1.4664688990,             0.6209584553
            -0.7154839090,            43.0969100866,            -0.8599201958,             5.5726162348,             1.2366615030
            -2.4205178289,            45.7541732600,            -1.3414440870,             1.5065897563,            -2.1460283616
            -2.5841225500,            46.2363092693,             5.3429631277,            -5.2121290940,            -3.9583902357
            -0.7926053314,            43.4411939670,            -2.5081271809,            -3.8544032232,             2.7940236624
             1.5793822954,            45.1065882883,             3.4720902573,            -4.4572702542,            -1.9997184558
            -0.5486628302,            43.1285330755,            -3.8318455429,           -10.6907519990,            -0.6996541321
            -2.8122578280,            45.2515897261,             0.7222317877,            -8.0420302929,            -0.5868757710
             3.0023645006,            44.3699788532,             0.0745272240,            -4.9003923912,             0.2998416925
             3.2865396217,            45.9106530551,             3.5616897955,            -5.8081378285,             0.1028396612
             1.7658105303,            46.4804939712,            -5.7866793647,             3.4447591258,             1.4908942222
            -1.8316158858,            41.8599550885,             0.1767536265,             5.5491883917,             1.7865280341
            -1.8625344734,            47.5436831938,            -1.6787850738,             3.2160235326,             1.1090450128
            -0.1682450333,            46.0913574525,             6.4721671560,             1.6956063512,            -4.1475347538
            -0.1961063417,            44.3223551905,            -5.5574094138,            -4.4712500793,             3.9513863537
            -0.5817225822,            48.6779026059,            -2.8606776535,            -1.0662727523,             2.3375776491
             0.5038245668,            42.7639694505,            -2.6653391771,            -2.4877738926,            -1.3121852751
            -0.3372193515,            46.1727842201,             7.1750933956,            -0.4518279042,            -1.2765068340
             2.0017421174,            44.3472093982,             3.6156337723,             7.5086194255,            -1.2246899239
             2.4451107524,            43.1125672505,             0.1225372331,            -1.0236544288,            -3.1619515511
            -5.3900183920,            40.8179622834,            -0.5062923365,            -0.1017637662,             2.4046263770
            -0.8743371824,            42.5079220601,             3.4180995853,             1.8704313318,             0.9870680903
             0.9093985222,            43.0425635974,            -0.6714610413,            -8.0766853942,            -0.5437255844
             1.1344442521,            41.7173061135,            -1.1499295522,            -0.7873422006,            -1.2086457238
             1.8124557573,            44.9909873104,            -5.8049821581,            -2.2918844310,             5.5400946985
            -1.6515978526,            45.5065459526,            -0.6330635900,            -2.5575028241,             0.5335731360
             0.4031251319,            41.6699313761,            -0.3030611670,             0.7245254729,            -1.0036633021
             0.9910307076,            45.3117184919,             3.9714297504,             2.8171054192,            -0.2179061334
            -0.2711725223,            42.6049771233,            -0.9619725326,            -0.4102385367,            -0.6336426943
            -2.8880839954,            42.3665100923,            -2.6876748134,             0.5048994215,            -1.0884138013
             2.0644200817,            43.6977026208,             2.3727209065,             1.3259495516,            -1.0507408992
             1.1242108494,            43.7222830553,             0.3005190468,            -6.0756191225,             1.7609199337
            -2.6201055742,            43.0010646790,            -2.1043389856,            -1.4762007851,             1.7938592313
             3.5112125328,            43.4827628476,            -1.2642395666,            11.8121553967,            -0.3035475065
             0.6801698065,            42.4942939582,             1.7400792063,            -1.2973724280,            -2.9813895854
            -2.4339828597,            42.5125864440,            -1.9877018982,             8.2205710574,             0.5241100687
            -0.8410584662,            42.4410308132,            -0.9291345896,             2.8065473661,             2.4941465248
            -2.3557911943,            42.8732443360,             0.7108389719,             0.4865027927,            -0.8835115252
             2.8181038181,            42.9646405261,             2.2648325175,            -0.7973613234,            -1.4525391892
             0.1945439963,            43.3548674826,            -2.0756873694,           -10.1862157151,             0.4965323023
            -0.9198563115,            43.0112732268,            -1.0675480206,             3.7679755466,             2.4823711670
            -0.0415331210,            43.0078399467,             0.9502708130,            -8.2044941728,            -3.6772317488
            -2.0178246413,            42.7826947711,             0.9700502163,            -4.1840771421,            -0.0173411998
             2.5237525864,            44.5965387091,            -0.9560330035,             0.9829452215,             2.7593160682
             0.1715394412,            43.5741279362,             2.2796365731,           -14.6406626160,            -2.1720084808
             0.0351691897,            42.1176585512,            -0.0466918649,             2.8334797923,            -0.1398012477
             2.3844212190,            45.0418358692,            -0.8412958027,             1.9741624603,            -1.3868506633
             0.0771151968,            38.7286492764,            -1.6482000816,            -1.8207631227,             1.3501510944
            -2.8778058774,            43.8890775835,             2.8187208102,             5.0832642822,            -0.0462898800
             1.1897135943,            44.0474818398,             0.0150021495,             6.0981272728,            -0.3771764279
             1.0638292457,            43.2554105134,            -3.2790445080,            -1.5309464931,             0.7048916249
            -2.4415422107,            44.4336257727,            -0.9703837799,            -7.5263462475,            -2.5503543104
            -0.1393255067,            43.5138815827,             7.0026726512,            -4.0486786129,            -2.1703953843
             3.0943461050,            47.5224374604,            -0.3635566078,            -5.6383692206,             0.8474691338
             1.5025849015,            43.1479544826,             7.4051765798,           -10.4391645200,            -2.7482508600
            -0.5561201795,            41.0047024593,            -0.9585214044,            -2.2799205249,             1.0942588963
            -1.8263609349,            46.0518973351,             0.9657080807,            -8.2245276657,            -3.0982401935
             0.8715182988,            42.9505441227,            -3.5156512341,             0.9478054199,            -0.2073527855
             1.1840191572,            43.1127368250,             1.7274005101,            -7.6866199972,             1.6820758847
             0.3370671047,            51.0985439067,            -8.6135491645,             8.2887044268,             4.3019503769
             3.5420971570,            45.6419502344,            -2.0787368120,             5.6648455828,            -0.4742363254
            -1.9483434472,            42.2390786204,             3.0407269698,             6.2906027401,            -0.7965741606
            -1.1742898387,            47.3628639870,             8.6325155335,             9.5181700194,            -1.6703606212
             1.2684880956,            42.4917339087,            -3.7577942746,             5.4711944736,             1.3508850943
             0.5571841526,            42.2299094527,            -4.2152272614,             3.2550371322,             0.1460912192
            -1.6436655760,            42.6955182403,             0.4540614549,            -2.2895361585,             0.4449919152
            -3.4363428152,            44.8168297819,             3.3960244823,            -4.5773722945,            -0.8684289881
             2.8022680048,            42.4718822134,            -0.0200275479,             0.4220064459,             1.0012480739
             2.6675889852,            43.6877811993,            -1.1160541519,            -3.9575465702,            -1.2262995442
             1.0982950940,            42.1202099510,             1.3265345127,             4.5702389515,            -3.4360942142
            -1.9112119785,            42.8339673859,            -1.3451661712,             1.6850933505,             2.8324066882
            -0.9315177482,            44.6946567448,            -0.3548874387,             2.8145810586,             3.2743967128
            -0.6741683385,            40.2219691075,             0.2182116373,            -4.2342316398,            -0.7230699198
             0.1988382704,            43.9826572812,             1.4355096298,            -2.6418850923,            -2.1917807419
             1.6015481751,            46.0093361097,            -2.2619988931,             0.4301689734,             0.3664668871
             1.5209959840,            42.4748114442,            -5.2048294213,             2.3909268409,             2.7014020298
            -0.1127306876,            47.0303527871,             1.9982089471,            -4.4083129157,            -2.1039137710
            -1.2343349868,            43.7032672990,             6.0297452990,             5.6416459367,            -2.7372196319
             0.9813980323,            43.9948996104,             0.3472056191,             4.3185125734,            -1.2457773281
            -0.4234526300,            44.9999534866,             0.8446619141,            -0.1475808175,             1.6739925650
            -1.8214099144,            39.2840507911,             1.1680860732,            -0.4500998975,            -0.6951990651
            -0.7900981895,            44.9270831770,            -1.0663174540,             5.7928102161,            -0.6273344550
             2.6259096392,            42.3973345281,             1.7585263421,             3.8493538188,            -1.5180267936
            -1.2361634471,            40.5807924831,            -2.3445855464,            -1.3655810166,             2.2046277507
            -1.5853584988,            44.3959751620,             3.5502212074,             1.4182610135,            -1.0718443222
            -0.3756754777,            38.1562337657,            -0.9977084564,             3.4582649245,             1.8022585551
             3.3554626809,            43.5176057270,            -2.6188002792,             2.8438814654,             0.0294793912
             0.7915851933,            44.9896247426,            -2.8211543731,            -1.7017029120,            -1.1459562963
            -2.4666894605,            41.0896865848,             0.1898858561,             6.4044737365,             0.9074329175
            -0.0142760446,            46.4423949192,             1.9813343908,            -1.1420491085,             1.9655054979
             0.8627452374,            45.8675384339,             0.9760795221,            -0.8885533130,            -2.3284298904
             0.2181664544,            40.9805748892,            -3.6884052083,            -1.8297933262,            -0.7308560189
            -1.3977415879,            41.9739400227,             0.5022852154,            -2.3716697996,            -0.4597702127
             2.6575912797,            41.7682456716,            -0.3424842553,             0.4470786086,             2.2114770745
             3.9194590883,            44.3246815852,            -2.5659725526,            -2.0459705597,             0.3085012800
            -1.1910535726,            40.8433831437,            -0.0713866359,             0.8904887546,            -0.8118870677
            -0.4987952736,            41.7899023744,             1.5852946506,             6.0029831326,             1.7059059395
            -0.6063021483,            44.0684060892,            -1.3286745912,            -1.3819873478,             0.7300380302
            -0.4981166808,            42.6334264571,            -3.3355997335,            -0.1123957314,            -0.2914268111
            -0.5272977661,            39.4634756227,             0.8506896724,            -0.7893683384,             0.3651976000
            -1.5069483567,            48.8418693368,            -1.4575543428,           -11.9032666013,            -0.9604586979
            -2.9782979881,            46.3796357364,            -1.6231005130,            -5.3742141089,            -2.8538830819
             4.0391957606,            42.5232566688,             0.2180349707,            -2.8467160184,             2.3284943229
             0.1591708288,            47.3715263272,             4.8950760981,            -4.4174082850,             0.7454393999
            -2.0812207604,            44.2697827761,             1.1717016106,             1.8340003634,            -0.4156102068
            -2.1495865488,            42.7769519125,            -2.3710275654,            -0.3522710268,             0.0381378817
             3.5592108326,            42.0334733939,             5.8423628196,            -4.8999048690,            -1.1039359442
            -0.2859951276,            43.4438258293,             3.4365554181,            -1.0617360585,            -0.9703936737
             1.5760295089,            44.0840370198,            -0.8553295022,             4.4745569121,            -1.1331918167
             1.3635587162,            43.5098489568,            -8.7987515448,             2.8176095469,             2.2284433688
             1.0963884425,            45.0756930408,            -0.0666757561,             6.0139293006,             0.8606151465
            -2.0995866109,            44.5721048750,             2.6147567601,             1.7279129830,             1.0994583068
            -3.3597298161,            46.9661411933,             9.2006373762,             3.1549884241,            -3.1825519191
             0.8358536242,            41.3803116184,             1.0599419028,             5.2846843456,            -0.4981188755
             5.0222202196,            43.4972241336,            -3.3215093724,             4.2602787316,            -0.1569029300
            -3.0926695433,            42.7910279141,            -0.9738983920,            -7.9957317142,             0.9653961583
            -5.0834633336,            43.4132994844,             1.6256723647,             2.5426333140,            -1.0848586564
            -0.1020705467,            43.3453530002,            -0.2616426366,            -4.5927030694,             1.2365584079
             3.8701491072,            44.5312699314,            -3.2588827222,            -2.8513551123,             0.0459582597
             3.5824782492,            43.9979743569,            -1.7129649037,            -1.4747622573,             1.4929469493
            -2.5843359965,            45.7700842607,             1.6324472924,             5.8155008564,            -0.6704912242
             1.7692938229,            45.5525083411,             1.3408988936,            12.2254735639,            -0.7187397715
             3.4003234372,            46.8614747407,            -4.7316796790,             3.9321100003,             1.8980323662
            -2.5718586786,            44.0290751537,             2.6732190055,             6.6633467829,            -0.8576221243
            -0.5345508165,            46.4320941496,            -1.2882202851,            14.3744112603,             3.2918124971
            -0.3847513486,            45.3158696972,             6.9214900815,             0.4785833795,            -4.1793662334
             0.6145820399,            43.3355143468,            -3.4663233689,             8.9409433692,            -1.3865159690
             0.2748789577,            46.6091403839,            -4.6471261819,             7.4338565963,             3.7922364126
            -1.8539146516,            45.0608954024,            -5.2708522967,             3.7258886327,             1.7082187131
             0.6931929649,            42.9621396203,             8.3673397980,            -1.7554320274,            -3.3600878323
             0.5507717068,            46.8135115977,             1.8577928487,            -2.2383231045,             1.7304484926
            -1.3779995238,            43.4202914395,             2.6312622396,            -3.6074714045,            -1.3382452632
             0.0421240854,            40.1188552489,            -3.8748059378,            -1.9181523215,             1.0391632986
            -0.9265262055,            41.0533601406,             2.4608625174,             0.3677751329,            -0.8251976550
            -1.5316197865,            44.4647177584,            -4.3709142138,             6.5020641879,             3.0425128687
            -0.4297150777,            43.9585368346,            -1.5384845258,             2.6002090267,             0.3776476315
             0.5101750490,            42.2255368271,            -2.4945589972,             1.7007454223,             0.7301269336
             2.3928911106,            44.3661852214,             4.5085954650,             0.8120013531,            -1.8871023555
            -0.6733188171,            43.8352210319,             0.6585351713,            -0.6445529297,            -0.0454090956
            -2.6422745703,            42.4988508882,             0.9197933762,            -1.7488772352,            -0.8005778523
             0.5642758318,            40.8665570354,            -1.3270673812,             4.6987545473,             0.3065276843
             2.7594741077,            43.8811308242,            -0.6530751408,            -0.9978197664,             0.1911665048
            -1.4872898664,            45.1447140706,            -4.8791183795,            -3.1835867458,            -0.8451200373
             1.1642992825,            42.4971119834,            -2.1721237008,             4.7132690149,             1.3772584405
            -0.0699365723,            45.9158174583,             1.7575608931,             0.4098966620,             1.1501128328
            -1.0847708740,            44.6335190995,             5.3363224717,            -0.7123193437,            -2.7173513046
            -0.4629471743,            42.7474924352,            -3.7005740283,            -1.8189665530,            -0.6700368636
             1.9161123306,            42.0960195682,             3.4476516102,             3.4950601087,            -1.0130691787
             0.0343985649,            43.4012208130,            -4.4592083396,             5.6309363500,             4.6786696957
             0.0017499031,            46.3523580496,            -0.6652576382,             3.8426928127,            -0.7090137770
            -2.9441436511,            45.3239184627,           -10.0351682349,            -1.6107156365,             1.5210613424
            -2.0394487382,            46.1421047541,             3.8914742965,            -6.2800909262,            -3.4435295724
             2.2688815297,            44.8929052826,             2.2911575865,            -1.5118405223,             1.2285131217
             2.1385182854,            45.1048677570,             9.6564973526,            -6.5842837281,            -3.9093853074
             0.9500037756,            45.5332273774,            -7.5917460923,             2.9761683734,             2.9451355732
             0.8968784189,            42.9182066076,            -1.2276883513,            -0.2641792460,             1.3499922117
            -2.0861597764,            41.7414843573,             1.6297026653,             7.3383955562,             0.6272173915
             1.5697237911,            43.3651183295,             8.2724364017,            -1.1589368816,            -4.2493471471
             0.6956686449,            42.7575721062,            -3.8613343355,             3.1210097590,             1.0575498257
             0.7623335078,            43.5947559001,            -6.5958099026,            -0.1715177378,             2.1677420058
            -2.7778366323,            40.4567828344,            -0.4336366595,            -2.8593479407,             1.0478550690
            -1.0703493173,            45.0739406773,             1.6287908648,            -5.5783093164,            -0.1048890096
             0.3068509027,            44.8105588488,             0.6118333607,           -10.8842836270,            -0.5520924069
             0.2473843996,            44.8593037380,            -5.2818727794,           -10.9116662725,             2.0030215265
            -0.6171759644,            42.9486680200,             2.8061131172,            -7.5414137674,            -2.9175389028
             1.5392465453,            46.7481334416,            -0.6550596787,           -10.1999054982,             2.2095023395
             0.3028975915,            46.3436107138,            -1.1644031010,            -2.5362200187,             2.8207824257
             2.6881189718,            44.0310249995,            -2.8196837638,            -1.7903303714,            -0.5743035149
            -4.1611800336,            45.3337367264,             3.1050477564,            -8.1114910080,            -0.8728036496
            -1.8607507258,            46.0375060236,             2.0387867954,             1.1218558233,            -2.5434685713
             3.6892359051,            42.7035920359,             2.6600266939,             0.8902544276,             0.1443293314
             2.0616774839,            42.4040275577,            -0.1921758188,            -7.1137584285,             0.8976239017
            -2.6749476326,            43.7980950707,             1.2264760074,            -1.8195051016,            -0.0157724233
             0.1339555930,            41.5356550806,            -1.3897355248,             3.9065791406,            -0.8406776090
            -0.8239644188,            42.1181646796,             0.3969837350,             0.6409591922,             1.9730084388
             1.5307188493,            46.0806325688,             1.9434276266,             0.0124221351,            -3.3165953107
            -1.5673089454,            44.8190269980,             2.3641318319,            -1.7918052922,            -2.6654581909
             0.1272377307,            43.4851980736,            -2.4940167716,             0.8975457925,             1.7286370931
             1.3351195069,            45.4253190319,            -0.8803047651,             2.8874297484,             1.9123886477
             1.7942585722,            43.3302731791,            -0.2504168810,             1.7700443205,            -1.6645108778
            -3.1624443889,            42.6469252176,             3.5544493785,             2.4723279067,             0.5618973496
             1.3153345972,            44.4718597231,            -1.6822833359,             3.9950331702,             0.9974379807
             2.2688456480,            42.4246916140,            -1.8176065127,            -1.8133244080,            -0.1775764960
            -2.9770256913,            44.3222182050,            -3.4957424402,            -5.1762455680,             0.7227060168
            -0.6837163549,            44.3879787298,             4.9340080179,             0.7616211405,            -3.0995481407
             1.7661325481,            43.0562193065,             0.4193340177,            -9.0467100183,             0.3487503954
             1.0134839297,            43.5950649186,             4.1498363696,            -1.0496163327,            -0.6740902371
             1.7632048944,            44.9012518010,            -7.0929022546,             4.0010528591,             2.3394798393
             0.4616454376,            43.5190824859,             0.4563349784,            -2.2819154306,            -1.8405648807
            -0.6672489306,            46.1331792218,            -2.7136207952,             2.2887004675,             1.9243608971
            -2.1857103443,            45.4422131365,             9.5997244253,            -1.5147351376,            -3.1995425823
            -2.0923449647,            43.8866620753,            -3.3461457799,            -2.0461730113,             1.9169028580
             2.4126260639,            43.7643658515,             5.3541543997,            -0.0686811778,            -3.8312517923
             3.2535213213,            43.5076416012,            -4.1660541353,            -1.2131168045,             2.8944213751
             1.6520573075,            43.0694097766,             3.3362892437,             3.3347751000,             0.5257297013
            -1.4846076938,            45.4798407628,            -8.7092448990,             0.8870887289,             4.4150484913
            -2.7603418020,            44.9016079317,             3.0181963867,             3.9721404642,            -2.5856936396
             2.9646569858,            45.0551393232,            -3.7396957209,             7.3724574818,             0.4438260811
             2.9260650169,            44.6832198533,             6.1238166872,             3.7953243423,            -0.7778065551
            -1.7426058407,            43.3760651541,            -4.8196170679,             4.4672105327,             2.7227092589
            -3.2070540292,            43.5478169163,             1.9565697640,             4.6809778196,            -0.7944495689
            -1.4090700118,            40.6713215243,             2.4780193945,             2.9537462649,             1.0065995086
             2.4803097776,            42.7909480715,             3.5709850567,            -1.9005116739,            -1.4240907259
             0.0107398415,            40.7937551774,             0.2492896737,            -4.2413399180,            -1.7861123713
             0.1103772595,            40.4803274330,            -4.3837942217,             0.1101141065,             1.0618326677
             1.5435153759,            42.7408575899,            -2.3299861813,             5.0643541335,            -0.4024331610
             1.8948293606,            41.5750679486,             0.7329473787,            -0.3066493377,            -0.4691095121
            -4.9966796097,            45.6624889476,            -2.0235990717,             2.4240359713,             1.3074136510
            -1.8664357997,            44.4638655888,             1.2294818100,             2.2294954841,            -1.3883950444
             1.0944659127,            41.2801673199,            -0.9846796412,             2.2199059287,             2.7689330183
             2.6905598431,            45.6883854193,             3.3542544348,            -3.3253624425,            -1.4717452819
             0.2097958795,            44.4219701337,            -4.7513436740,            -0.9483587935,             1.1118312625
             1.3361198465,            41.4522333097,            -0.8290006192,             7.5869325191,             0.5624510663
            -0.7405929382,            45.9735587610,             1.9628128075,             8.5980387506,            -1.5146255802
            -0.2671344292,            45.1923918572,             3.0852078046,             8.8000984018,            -0.8878821942
            -1.5685262711,            44.1112498085,             0.3007812070,            -0.7465965877,            -0.1290191791
             2.5600022208,            42.8764637632,             0.4436074719,            -3.2522127065,             2.3669984938
             0.0423126546,            41.1284094322,            -3.2120421972,            -6.8678698804,             1.5962712557
             1.4118406788,            43.0895581463,             4.1024680519,            -3.9415578064,            -2.2904557753
            -1.6746414076,            45.6449512645,            -5.0771576368,            -1.3268933708,             2.1649032534
             1.9208005596,            42.1403110121,             3.2770623581,             0.9399909508,             0.1387984315
            -0.2158873149,            42.4900518324,             2.6220180440,            -4.3384771353,             0.0907776164
            -0.7851389468,            46.8842109681,             3.3014604870,             3.5824995660,            -0.3024345507
             0.2007480639,            40.3984351674,            -0.4597329817,             1.8844195348,            -2.2931486794
             0.7032659290,            42.0859632266,            -2.6302690532,            -2.0294063057,             2.2107300428
             0.6547537391,            45.4403980141,             1.6498982048,             6.7085805024,            -0.3938247040
             4.2403451774,            41.7162799851,            -2.4976651135,             5.4523699301,            -0.5820284637
            -1.4295470072,            43.7344425453,             0.8641799731,             3.6704183765,             0.3726536684
            -4.3632743038,            46.4311897112,            -5.3814045276,             4.7135368608,             6.2516277645
            -1.7567152664,            44.6716857283,             2.1255232627,             3.5975995306,            -4.0293237383
             2.4996702002,            46.4209957115,            -1.9182141954,            -5.9412931254,             2.5081373646
            -0.6129327260,            43.0283068997,            10.1284738559,            -2.5347891403,            -2.0121866483
             1.3831301951,            44.6476110643,            -3.3810761634,            -0.1596692527,             1.8865629045
             1.9264530815,            46.8248745954,            -0.8800929420,             6.0162038331,            -1.4270081856
             2.1415817875,            43.3761949917,            -9.2831898332,             4.3455774459,             2.4079819263
            -3.6702398216,            45.6687410899,             5.3731306195,             4.8523967948,            -0.0088189658
            -1.3436167506,            45.7211368101,             1.3696273600,            -1.0823170667,             0.1702969959
             0.8500617715,            45.4598596409,             3.1812084920,            -1.5434931416,            -2.6663859011
             2.5622750325,            45.7825382679,            -4.8534005952,            -4.6987106765,             4.0517321583
            -0.5373749603,            45.9374698968,             2.2361294378,            -1.3476464885,             0.0276337307
             1.7023816434,            47.7564222323,             0.0586384178,             6.8213310687,            -2.0566996597
            -1.1430896720,            43.7011902694,             8.3771235741,            -1.0469700778,            -3.8776303343
            -1.8571968713,            43.9187599586,             1.9435904671,             5.1525632197,             3.7493985612
             0.6776391974,            44.2222718024,             3.6753250498,             6.3792589603,             1.2721922677
            -0.5986859008,            39.2464297410,            -2.5879911829,            -0.6306485649,             0.0638729920
            -0.6867672937,            42.9068554500,            -2.7575376432,             4.5254150069,            -0.6768830068
            -0.2308956976,            47.0106699657,            -6.1980001559,             0.6002053119,             0.4577621030
             1.5415061280,            43.0473338079,             1.4239114795,             3.5043687575,            -0.7821422926
            -0.4054826088,            47.5709493263,            -0.0107483172,             1.1617017601,             0.7599401183
            -1.6800878354,            45.7178269729,             9.4727569964,             1.0635872971,            -4.8959116977
            -0.2877534746,            42.6587031740,            -3.9417633536,             1.5471619468,             2.5948859433
             0.3767761164,            44.7929031150,             1.7880885813,            -0.2954403666,             0.9460572304
            -2.5253089699,            42.2364670716,            -4.5811299297,            -4.2327257943,            -0.9280938443
            -2.1490410930,            44.3685524223,             0.8291346874,            -6.7855052017,            -1.3220963814
             2.0806491612,            46.1491554353,            -2.6194378750,            -7.3336289348,             3.5752577858
             1.8365100282,            45.2688203878,             2.5985265411,            -7.6728276506,            -0.9156058272
             1.2705698972,            44.1047529904,             0.0578914333,            -0.5249282446,            -0.4093226347
            -2.7742696845,            42.1812982446,             2.9413433477,            -0.0742732597,            -0.4996857063
             0.0551148944,            43.0749797752,            -5.2142875129,            10.5840825514,             1.1278870913
             3.3996228267,            44.0357305849,             2.8147508560,             2.6213279795,            -2.7327078826
            -1.7259299061,            43.7154717439,            -5.5165428647,            -0.9390860987,             2.1857079845
            -3.6686793396,            46.8362107348,             5.6349789017,             3.3224608463,            -3.1707947786
             0.7474350969,            40.4893528888,            -0.9931306747,             2.0835198896,             3.4445623418
             1.2282745397,            46.7450540700,            -0.7724308525,             1.2333697239,            -0.5126173253
             1.4815837667,            43.7666872643,            -4.3932859389,             6.0072200748,            -1.9200306864
             1.1564111725,            42.2704189025,            -1.8351070864,             1.3264179210,             1.6537864368
            -4.3572224358,            47.8021307138,             0.2909808773,             1.4530894055,             2.3985531296
            -3.2590414886,            47.3227143957,            -5.3965896459,            -2.0488025281,             1.3554565117
             1.4780403152,            42.3110795678,             2.3784612478,            -5.4845025872,            -2.2227624668
            -0.2152571182,            46.8967899884,             3.0726606672,            -7.7222740575,            -3.0046974162
            -0.4856390015,            47.7159153651,             4.2152342074,            -1.1958665173,            -0.8647056681
             1.7202605945,            41.3868028469,            -4.0878539758,            -8.3969566721,             2.6619328572
            -0.8792690779,            42.2379882101,             5.6046753579,            -0.9055447442,            -3.3654921461
             1.3472043405,            43.1108852235,            -2.9567255364,            -0.7303141704,             2.8296218672
            -2.1961045875,            45.6318250935,            -3.0579443425,            -7.9748038536,            -0.5971112491
            -2.4036365704,            41.6396541856,            -4.0483436413,            -3.9739682188,            -0.9046489266
             1.4849326582,            44.4243935926,             6.1192171309,            -7.1877203195,            -1.6798902706
             3.5927783339,            45.0718950618,             2.2309938800,            -3.0278851486,            -0.4048876462
             0.5198888683,            43.8669706259,             0.7555920498,            -4.5196449812,            -0.6328594803
            -2.7428969206,            41.6214359351,            -2.6121184441,            -5.4765232261,             0.8293120105
            -2.9357701396,            44.2779013328,            -1.6495297032,            -6.4693477550,            -0.0081312963
             1.7392938951,            47.8529962335,            -6.1677494187,            -3.9970499717,             2.5261389642
             1.6492534978,            42.2791073633,            -0.2218229379,            -6.0142151708,             0.8786411530
             0.1180829274,            45.2169307312,             4.6013785278,            -1.5289797891,            -0.2578691796
            -1.6073874720,            46.2730611046,             5.7140659432,             1.4822803089,            -2.3588490062
            -1.4364389766,            39.6444602497,            -0.5297488728,             2.7071251464,            -0.6348125039
             0.6707133262,            42.6681836503,            -3.0007379562,            -4.9917977732,             2.9157938427
            -1.4120135954,            45.3292213372,            -4.5423427804,            -7.2352543673,            -0.3618327427
            -0.8726655693,            43.2680848239,            -0.2795244987,            -1.8215882744,            -2.0903463377
             1.6494976516,            45.6713824174,            -0.0215303225,            -7.5862432649,             1.9164259698
             0.1780929700,            45.3844046101,             6.7877707140,            -1.5586462580,            -1.7782115554
             1.5869590473,            42.0270372000,            -2.3689422663,             4.0494827585,             1.4653064083
            -0.8511898272,            43.9102727539,            -0.3975963847,            -5.2345444134,            -0.3679075720
            -0.5688207518,            43.0989697426,            -2.6181916547,             2.8186597054,             0.7554742690
            -1.0569876244,            41.1341498752,             4.7661206748,            -5.8811783664,            -2.7269731482
            -0.7812955554,            42.7466100870,            -2.2565593623,             0.8026457742,             0.1970363521
            -0.4216578141,            43.5137217198,            -1.8465463678,            -2.6941463467,            -1.0353806373
             0.7269520783,            43.3732224646,            -2.1389860299,            -0.5853215267,             2.8187302092
             0.0041618158,            43.5462556375,             5.5390311722,             4.8860918827,            -4.6396080232
             0.3651264672,            45.3387592900,            -2.7067131231,             2.1760211729,             0.9904008508
            -1.1824061097,            44.8196150433,            -1.3974732739,             0.4397041633,             1.1324552920
             1.4812705225,            43.6627647040,            -3.9216753729,             3.1046296565,             0.1470266247
            -1.5096265645,            45.2465269187,             9.2702221049,            -3.6284648995,            -4.2493698403
            -0.5393875529,            42.5227697010,             0.8832091435,             4.2900024671,             1.2129293945
            -0.7034295888,            45.8636676358,            -1.7963528374,            -6.0071150425,             0.2329418795
            -3.2729826942,            43.7418469443,            -6.6986312871,            -2.6600699907,             3.2182813209
             1.9165730305,            41.4955493256,             2.2242410347,            -1.5003846279,             0.5360645176
            -0.1988012366,            45.4181132189,             7.1105007803,           -10.6851696630,            -3.3925515335
            -1.8420037924,            44.2965816660,             1.3118625811,            -7.9514875820,            -2.5438246835
             0.0251851204,            42.2151557890,            -3.3935965387,             2.5823362742,             1.7501945249
             4.5630235860,            42.6823887168,            -1.9080414009,            -5.8505243187,             2.0494833134
            -3.1141544784,            45.1613106027,             2.1601974482,             1.2117143586,            -0.1372774681
             0.4138170248,            43.7225649921,             0.4243736438,            10.6805635595,            -0.9569654103
             2.0695128326,            42.1521783749,             2.5886752716,             1.7803358934,            -1.5407711832
            -0.6847899808,            42.4523488086,            -0.3416239333,            -0.8632997892,             1.7168579903
            -3.0692185800,            43.7258178756,            -0.7620082174,            -0.3839410989,            -0.9907475034
            -0.2933474181,            41.4170323215,            -0.9365424445,             1.0449496061,            -1.2794683301
             1.5888445987,            42.3016924128,            -0.6310780430,            -2.2342370626,             0.6507957293
             1.1179126002,            44.7159877951,            -1.0068381276,             3.0314845096,             2.8067970833
            -1.4185966480,            41.9610218420,            -1.7381668032,             0.6979719496,             0.2846955586
             0.2771703652,            41.7974353696,             3.0265197732,             6.2930741321,            -2.8878855591
             0.9329939018,            43.9299509575,             1.2981211570,             2.1260101648,            -1.2916950312
            -2.7055215077,            44.5156765519,            -1.9174322793,            -6.9684624524,             0.9664769148
            -3.0019632212,            41.5240847842,            -1.2686658583,             0.2154173305,             0.5016683821
             5.4761324401,            43.6909372772,             1.4878328881,            -1.0064578640,             2.1547746219
             2.2935892873,            43.8564060082,             2.5652644793,            -7.4496292278,            -2.6668135395
            -1.2908334915,            41.6388749877,             0.2109275666,             4.4599975851,            -0.1623772393
            -0.8866611066,            41.6914084327,            -0.0782269076,             1.2571865667,            -0.2423715624
            -1.4820994282,            43.0318884360,            -0.1183958041,            -0.0805671221,            -0.0174740950
             0.1828110086,            42.9332959585,            -3.2813974062,            -0.5959737851,            -0.3015974737
             2.6672723836,            42.9630612514,            -1.5237733269,             1.0904026017,             1.8534071302
             0.4635090471,            44.6043162195,             0.5652061051,            -1.3572389308,            -1.8059795165
            -1.7939341129,            42.7129324469,             2.2089332474,             0.7814664356,             1.0399234944
            -1.9279567803,            42.5548162033,             2.4875617157,             5.1125748754,             0.3248220755
             1.8336197939,            44.9021151266,             2.1099701076,            -0.4852152168,            -1.8556672851
             1.7070658606,            40.4442346428,            -0.0626053619,             1.8708136108,             0.1055951808
             1.1265575175,            45.0125177248,            -5.6247473978,             0.6458866583,             1.6087756963
            -0.6186566225,            43.4713899913,             1.0249509979,             2.1715726479,            -1.9991169693
             0.6253428081,            45.1826947165,            -0.9408778954,             0.0222600385,             0.3181032618
             2.8807997560,            44.7579207441,            -1.8642638984,             3.3568959047,             2.0117615493
            -1.3277597500,            44.2461075905,             1.3427877162,            -4.3576578215,             0.0272650913
            -4.4626514241,            46.2010190361,             0.5424403005,             0.0991713308,            -2.4549204311
             2.6437167084,            46.2624683246,            -1.3289021766,             2.6052338367,            -1.8069482245
             0.6307501710,            43.0062520006,             1.1852553831,            -2.2687871385,             0.9736675134
             1.2357078811,            46.3577295703,             1.5887972307,             7.5260836996,             0.8991507137
             0.7722314623,            43.3818540314,             3.4209589461,            -0.0769570841,            -3.2301214854
            -3.7636249971,            41.7197631914,            -2.0374856440,            -0.0756383538,            -0.6794648742
            -3.0376076916,            42.8178184903,             3.6464673105,             1.1783088455,             0.1759523859
             3.0302054743,            40.6264474042,             0.3128780596,             0.6886113083,             0.6985452259
             1.9475615277,            40.9944570975,             0.7083675265,            -2.2788388662,            -1.2652121062
            -3.3802109599,            43.7737167657,            -5.9728498909,             0.2584753346,             2.2226579569
            -1.3693935050,            43.0276382286,            -1.3259725564,             4.9483659630,             0.3294134738
             0.1418160882,            44.1691055539,            -0.5456903082,            -0.2547101400,            -1.2617432090
            -0.0978185359,            45.6754740213,             2.6040953265,            -0.1543030789,             0.3011428737
            -1.1938067037,            42.3842386736,            -1.3918591848,            -1.1775903475,             1.4327698004
             1.7546642152,            43.1663006546,             3.7859176283,             4.7447986771,            -3.3324859085
            -0.7977254531,            42.4913785550,             1.9134739834,            -3.6423761510,            -0.0225298073
            -1.6267689616,            42.4093688089,            -0.3253039664,            -1.2790919583,             1.0406371874
             2.3996436261,            43.2173552746,            -4.7163934931,             4.8808850403,             0.0396166821
             0.2944636540,            43.4585433943,            -1.6847846114,            -4.2425556524,            -1.1025646710
            -2.8260153360,            44.0809792214,            -0.5579238190,             3.2327801365,             1.2690395347
             2.3249908055,            45.6801250779,            -1.6845651113,             3.7465950777,             0.9225116742
             1.5854717528,            44.2056562612,            -3.3562579659,            -2.6165195350,             2.3887361741
            -2.1903238920,            41.9498949580,             4.0903676283,             2.8703839020,            -1.8632756244
            -0.0882236343,            42.6707383823,             2.7946402705,             0.1617436434,            -3.4631276064
             0.2677329731,            44.3038788965,            -2.7338701813,            -2.1070290439,             2.6989813327
            -1.4574170282,            40.6964184321,            -3.3346442369,            -3.6767414555,             2.0008121238
             0.1956316503,            43.1320993188,            -1.8922207084,             4.2615273666,             0.2159127206
             2.9827426550,            43.4387342695,             5.3689071386,             0.2807604363,            -3.2300995433
            -1.1797523625,            41.5718670688,            -1.2135095781,             0.2485515725,             1.2488128666
            -1.0744418835,            42.9539256997,            -2.0306794866,             3.2490312986,             0.0139222907
            -1.0698737012,            43.3874191022,            -4.1049394457,            -2.9778163114,             2.0570198485
            -0.7271838313,            45.2835419570,            -4.7607815216,            -1.4853655623,             2.2083153625
             1.1572623317,            41.8288957136,             4.9504324145,            -3.2625836640,            -4.2620867534
             0.3471262808,            44.8408822140,            -0.2641984904,             2.7363639227,             3.1987914382
             1.6883232066,            44.7776218417,             1.0111620697,             0.2709146585,            -0.7950597462
            -0.1564170120,            40.2933725740,            -3.3098557992,            -0.1709276161,            -1.5536472966
            -1.2063669669,            45.2368476610,            -1.3391110145,             0.3616373181,             2.5604024963
            -0.2238143425,            43.5356706308,             2.1270107898,            -1.0438045996,            -1.4140602991
            -1.7557018282,            43.4742855051,            -3.0152855068,            -6.7681247027,             2.4468946561
            -0.7753602205,            44.4268111350,            -0.8592950839,            -1.6073788452,            -1.3041079640
             1.8901557262,            39.2817263271,             3.4769570303,            -5.4730783466,            -0.3819816981
            -0.1440856392,            46.5091294160,            -4.4607824373,            -3.1716929886,             3.1920256889
             0.6793593484,            45.5300728914,             0.8270061341,            -4.2532041783,            -0.8449940750
            -1.3483066877,            40.7643379297,            -2.3946857225,            -3.2817845704,             1.4492135464
             0.5201569442,            48.1614436550,             2.7918803966,            -0.3289509697,             0.4081048597
             1.3884178713,            43.7359313338,            -0.7060527914,            -0.7553481367,            -0.5239120845
             1.7438821122,            40.8964771641,             1.8243608214,            -0.6615162786,            -0.8572302367
            -1.6337884830,            44.5055364538,             4.1492175800,             5.4287280458,            -1.4612466858
             1.2575155924,            44.8255759247,            -1.7732557161,             5.6061877585,            -0.9142413456
             0.8881603169,            40.6303251648,            -2.0256755081,             1.7466470348,             1.9704480321
            -0.5582794229,            42.5637401493,            -1.8485664684,             3.6084649726,            -0.4635152542
            -2.5047317691,            45.7520274764,             1.6513900650,             2.3882438734,            -1.9147421141
             1.4362223883,            43.0090998716,            -2.9003309645,             1.5827350222,             2.0791881573
            -1.3487601413,            43.5084139025,             3.5591931731,            -4.0920760504,            -0.8490747322
            -0.8959653422,            44.5504846518,            -2.0621817914,             6.8398946701,             0.9722008794
             3.7381011745,            43.3797868082,             1.8645122838,            -0.3726971065,             0.2016405783
             0.2945093749,            39.5615995515,            -0.4252726510,            -2.3901064331,             2.0626637968
            -1.4337725830,            44.6615799868,             1.4930133904,             6.1004938676,            -1.7013996538
             0.7352264811,            47.2369384093,            -8.2125862632,             7.4984978188,             1.9240742150
             2.1929110829,            41.4842895519,            -1.2143217045,             2.4655851085,            -1.7668874586
            -3.3143000104,            47.5097327665,             3.7785452490,             6.3102978499,             1.8515266000
            -1.6074614356,            45.2850563999,             1.3537173601,            -1.3821581601,            -0.0963284916
            -0.0553648600,            42.0610356794,            -0.3403557113,            -0.5186012632,            -1.0906616594
             2.5908253311,            44.4379338878,             1.0511974103,             2.9786749999,            -0.5500241020
             3.0166035501,            43.6305604782,             2.3533605815,             1.8917548818,            -0.0694833962
            -2.1985528388,            43.4300903780,            -0.8503027690,             2.8465820884,            -0.4603184574
            -2.4374090582,            41.2285910502,             4.1629252558,             6.0218300039,             0.0568704927
             1.4236143649,            45.6549897787,            -4.6651214879,             0.9417304235,             1.9594679450
             1.6363678669,            43.6950470810,             0.1187227305,             0.9221442809,             0.2687815647
            -0.3410616876,            43.0707381566,            -1.5574970028,             2.0867703906,             1.0815122978
            -0.4245043926,            44.2722525115,             4.5367703220,             2.4386556629,            -1.9068113230
            -1.1877403295,            41.5192528832,             3.9987504107,            -0.6395252520,            -2.8549298624
            -1.5013042967,            45.2070591411,            -2.8220995578,            -1.2103528956,             0.4914128099
             0.7566083333,            40.6187088348,             3.3685434392,            -0.7590847637,            -0.1527911269
            -0.3043242472,            42.7024346172,            -3.2416579368,            -6.9718035149,             1.8425085050
            -0.8253989335,            46.3721967979,             1.2684053169,             2.2814363504,            -1.2335130293
             0.7104384238,            40.2064806959,            -3.2881480356,             1.7462018742,             1.2072290905
            -0.0686071812,            43.8548634751,            -0.5039991709,            -3.6726824727,             0.3606724407
            -0.4259562873,            45.2574015633,             3.4503275501,             5.8065469938,            -1.9851932179
            -1.4067253060,            43.5709953014,             2.0438897508,             6.3225585970,             0.2299773468
             1.4450076152,            45.3483064566,             0.1378268906,             3.7932016458,            -2.4742457864
             1.3870396255,            38.9107976481,             0.0857555693,             2.8350382691,            -0.3526025056
             0.1400323332,            45.1404259960,            -2.4469283302,            -1.8815597828,             1.0521075551
            -3.7438175848,            45.7327098613,             2.3388166227,             0.1586432452,            -1.8790964302
             0.7500648904,            40.4196943244,            -1.1402312627,             7.4795711412,             1.4560706289
             1.4831466899,            45.7760142045,             1.3036881732,            -4.5228439136,            -0.0492692308
            -2.4247056245,            44.2401775591,            -3.8845141332,            -2.2314835790,             1.0472234878
             0.8283820713,            41.6325390133,             0.7848334339,             3.0132135821,             1.0989225008
             3.0314587487,            46.2739156041,            -1.8624086694,             0.0068331250,             2.2184465615
             0.9626327431,            46.6352400310,            -0.3724211076,             0.3403753789,            -0.6201425645
            -0.8971646367,            44.5599235426,            -4.5212657964,             5.1736732329,            -1.5348139131
             0.2626035759,            45.9292721525,             4.6925846391,             3.0085199729,             0.1537554461
            -2.5837272651,            46.8925924245,             0.2556325175,             0.8162620820,             1.0363960662
             0.1007202734,            46.2818574684,             0.6373125461,             3.6106604625,            -1.3763756537
             0.2201828105,            42.2118155976,             4.6176921251,            -0.5548961898,            -1.8223775749
            -0.6678586451,            47.8269396997,            -0.9702062455,             1.3361835152,             2.2392434854
            -1.9095845128,            44.7834650434,             1.7434782414,            -3.5988331136,            -1.2205575669
             1.0545155771,            43.4824061597,            -2.3413068041,             8.1878260026,            -0.2916182956
             3.9641839939,            46.4751401713,             3.7604008532,             1.5325340479,            -3.1849375938
            -4.5162757799,            47.5068825838,            -9.0075091579,            -8.2129910071,             2.1374617097
            -1.0939131912,            43.7094541009,             2.6355303484,             4.2458579825,            -1.5436570494
             0.4411654434,            45.4078176005,             2.9004863075,            -6.7193276823,             0.3465898323
            -0.3525591748,            45.1557280848,             6.4013077609,            -4.9960355595,            -2.3031493080
             0.1375407681,            41.8280536293,            -3.1531707480,            -0.4767343383,             0.3741520577
             2.0024968642,            43.6533508199,            -4.3088993188,            -2.0795435290,             1.4439560444
            -0.5278853511,            44.1795538999,            -2.6169227335,             0.3256290653,             1.9469295532
            -0.4556681602,            43.6195127388,             1.1348261884,             0.2420661131,             0.9926394191
             0.2190176150,            43.1266896943,             6.1330978894,             0.8422675525,            -2.6768545835
            -1.2316117878,            45.0984058812,            -4.0549221111,            -3.5098827947,             2.1641872326
            -1.3803264762,            42.5492261563,            -0.0536800639,             0.0491203082,            -1.3871139231
             0.5879898841,            40.9197830726,            -2.0546813649,            -3.8355773149,             0.8354877229
             0.0029157298,            45.8188058519,             1.8007374807,            -1.6379285120,             1.8378961041
             2.5592056817,            43.1625551612,            -3.3950936112,             7.5608402208,             2.0466031689
             3.1142700285,            44.3210329508,            -4.7411619992,             1.5628182212,            -0.6104306911
            -3.4181985432,            42.6115050346,             5.2912124996,             6.3880089486,            -2.2559587239
            -0.1114962621,            44.0537879313,             1.4519131440,             7.4543858405,             2.5588550024
            -0.8028356762,            44.6561589594,             1.2871251345,            -2.7887181561,            -1.9066943502
            -0.1351220040,            40.8945259561,            -1.6942795722,             0.3637634665,            -1.3058449991
            -0.0992463589,            44.1488852534,            -1.8108287765,             0.5557590765,             2.7390253576
             1.3188304887,            44.9743804664,             2.4770037319,             0.2834828662,            -1.7357859898
             0.7506924894,            45.1769234290,            -0.1652033533,             1.7606571916,             1.6720446103
            -0.7096458980,            45.0177981544,             2.2797092046,            -2.2637592500,            -0.2371101779
            -3.4660979657,            42.3283815460,            -4.9908747424,             1.1837106101,             1.0433152747
             3.0143123542,            44.5367968841,            -1.2290508066,             3.1840158955,             1.7355472921
            -0.6419413965,            44.7114146823,             0.4980511839,            -3.6989560941,            -2.9753401191
             0.4374817996,            44.2224040448,            -1.0788214454,             6.9391456373,             0.5502343262
            -0.0202163695,            44.5934902033,             3.9770980452,            -2.3834280362,            -0.8169181645
            -2.8453840555,            43.8223406198,             0.6599430080,             2.6313437668,            -0.2052125944
             0.7428114220,            43.2902665451,             3.1644453179,            -2.3945704838,            -1.3541067473
             0.2390158047,            43.3199154336,            -0.9760872703,            -8.5603502818,             1.5427229625
            -3.1326883976,            44.0261274981,            -1.7661339913,            -6.5378211678,             0.0929325369
             0.0740987387,            44.7733729629,            -3.2214969201,            -4.6554820683,             0.2398457719
             1.6714670364,            43.4970251057,             4.0816867252,            -9.0098482976,            -0.3621225813
             1.6140116829,            44.4307724582,             0.5666361915,            -4.0999970996,            -0.5303275945
            -1.1145810534,            46.3589970134,            -0.0912719386,            -6.3281751296,            -0.2293351388
             0.4428846879,            39.8849211991,             0.5387530816,            -4.4851796493,             2.7735863254
             0.1430237676,            43.4076390165,            -1.1578612357,            -4.6531801937,             1.4902891851
            -0.1098370029,            41.7312007601,             4.0826443337,            -5.0989593087,            -3.7266813069
             1.2616658357,            42.4091790717,            -8.6509243217,            -1.0521714613,             4.0155365584
             2.2064338216,            44.0509193617,             1.7198924047,            -4.1720332953,             1.7455394936
            -0.1888219820,            44.5389089710,            -5.4806580042,             0.7938901298,            -1.6935272890
            -1.3424885457,            46.3732274934,             9.4354035130,             4.7851814839,            -5.0604883165
             0.9138525692,            43.2209809579,            -0.8910546975,             3.9792086791,             4.3864629572
             1.5274560366,            44.8833234752,             3.6332922590,             6.2359478186,            -1.9013297193
             0.7305152069,            43.6403446537,            -4.1281416199,             5.2669225141,            -0.5161096718
            -3.5740833753,            43.1530591311,            -1.9452096780,             3.7490825157,             3.1006909873
            -2.6053890384,            43.2397183754,             1.2980086349,            -3.2880185614,            -1.7281183695
             0.9485294706,            44.9862103985,             0.9204009798,            -0.1449446867,             0.7011859643
             4.2193618171,            43.5793233847,            -0.2614693188,             2.3417325665,             1.0886172977
             2.2015039262,            42.9647324285,            -2.3629575307,            -2.5666277154,             0.3185182184
            -2.7549121105,            45.3474912429,            -0.9768150791,             8.9016126452,             1.0377833009
             1.8588863019,            41.3717233922,             0.7606796557,             1.3434353490,             0.3070348922
            -1.8790137328,            44.0698436261,            -0.6078192833,            -7.5965772874,            -0.6044693622
            -3.6270571104,            45.3835862289,            -3.3166933781,            -4.0459010067,             0.8033621372
             0.4271401972,            45.0690368125,            -5.0376927188,             1.9810273554,             0.3724875500
             1.7375542550,            42.1328820791,             4.1863074944,            -4.9406168535,            -4.7765233412
            -1.9022137726,            44.3407328226,             3.0755581497,            -0.5489898098,             4.0226779798
            -0.7425040535,            46.3092273269,            -2.5836770852,             8.7738661551,             0.7968755820
             3.2397409827,            41.2464338216,            -0.8970935181,             2.2622828237,            -4.3107896792
            -2.1660424128,            43.9767648051,            -3.1471047944,            -0.9489478130,             4.3745834320
            -1.2048787436,            45.4531051349,             4.5174116064,             4.2127522750,            -0.9622999107
             1.6877230483,            44.6900398382,            -3.6402771836,             2.2484196975,             1.9063106325
             0.7741740785,            42.9012489899,             5.7929389730,             0.9220279596,            -4.2522498738
            -2.9463763170,            44.1929417473,            -1.1008065730,            -2.0267858624,             0.2965721016
             0.1849551992,            43.9554993622,             3.2888990162,             0.4809561261,            -2.8974156512
            -0.0847189231,            41.7127717187,            -1.4369749072,            -7.8958789033,             1.2628561944
             0.4414980429,            46.2217901903,            -2.0407843960,             0.1112380312,             1.4891708648
             1.7926220929,            41.9500425576,             3.3346804258,            -4.4955583810,            -1.6087933499
            -0.2799298333,            43.3100426213,            -0.6915231758,            -1.2290181886,             2.4732130717
             0.0981073313,            44.2128450444,             2.1232884271,             1.7091578767,             0.4106903874
             1.3660586154,            40.3641948518,             0.6865960481,             0.2318142473,            -2.3854632346
            -2.1069229715,            42.7665865988,            -0.1160774885,             2.0430604037,             0.6691279047
            -0.6641773948,            43.2145810385,             1.2685439549,             0.3068644964,            -0.7968025504
             0.0836168204,            42.1486837765,            -4.2108971132,             3.1970760504,             1.6511382988
             2.0519295919,            43.5629613969,             1.1325527756,            -0.1898369174,             1.4254945288
            -2.6024669900,            43.5947749615,             3.6691331913,            -3.8615313300,            -0.4614052237
             0.2132710819,            42.3773973346,             3.6401780139,             9.2474361563,            -2.8305847488
             2.2876159648,            42.8429880231,             0.8093332156,            -4.8843981552,             0.0583500998
            -2.1249926980,            39.8031069243,             2.0812030345,             0.7366794054,             1.0945252515
            -2.3698032476,            42.5628691747,            -4.0140631097,            -5.0446976281,             0.9744545860
            -3.3641140909,            43.3831952644,            -0.1192965248,            -5.8664496538,            -2.0050058000
             2.4722620695,            44.5469670825,            -6.1363225646,            -4.6617110636,             3.3170724347
             0.7923407884,            44.2739453201,             2.2117565734,           -10.7742682751,            -1.1281570222
            -1.0386180694,            45.0888665757,            -0.1227483536,            -0.0973542976,             2.0022872934
             1.3533192963,            49.6971455367,            -3.5985210274,             4.7367710184,             1.5144305235
             1.8098461809,            43.3480777562,            -1.4171355725,            -3.2648191323,            -1.9113783042
            -2.3023048490,            46.4291646266,             2.8828873581,             3.1773557436,            -0.1564813505
             3.4550887764,            44.6454830241,             7.2536285861,             2.0077554256,            -3.2869244809
             0.9744514326,            43.1751021290,            -2.5713412752,            -4.6506138543,             0.5398013544
            -3.5599945415,            45.3521907461,            -1.4427128195,            -1.3610869290,             0.7440546534
            -0.0311914248,            40.3720859178,             1.2966536927,            -2.1106219434,             0.6739664439
            -1.5736367628,            46.9974602076,             3.3114677178,            -4.3662388349,            -1.9302514898
             1.4833531799,            43.0172005941,             3.2501379515,            -4.7835331324,            -0.5978882805
             2.3340354485,            40.5739635463,            -0.8752640546,            -0.8223924080,             1.0697193070
             0.6507243492,            44.3075222400,             0.4576391680,             0.3283655734,            -2.8087812179
             1.0492874316,            46.3867412398,            -6.8243653066,             2.8365333196,             0.5044865745
             1.0539699639,            42.1672234737,             2.0798004194,             4.5085461499,             0.6097277502
             0.1249455461,            45.1482868863,             4.1401804197,             3.2923615857,            -0.3969914820
            -0.4918719499,            50.6249785445,            -3.5610930910,             8.9100249696,             0.4197650147
            -0.5654801333,            42.6236581098,            -3.1673955293,             1.5486375907,             1.8302430750
             0.9302070875,            44.3154696867,             0.4409541965,            -0.1961432439,             0.4965196609
            -0.4469895713,            47.8513154064,             7.7165432901,             0.0855782003,            -3.8767843305
            -0.9020667199,            44.6680518837,            -4.0540306556,            -0.9844107533,             2.2424512263
             1.6994928013,            41.7166186300,             3.9076112745,             1.0128093387,            -1.8808440110
             1.7774677901,            44.9086493825,            -4.0274563983,             4.1966021166,             2.7770005563
             1.9044185042,            46.7414880822,            -0.0173339003,             8.4360309087,            -1.5525581969
            -0.4849382559,            40.8198935096,            -1.5420257756,             4.0586165296,             0.4546981975
            -2.8544964421,            47.9646288235,            -1.1553255702,             5.9591040164,             1.6294782052
            -1.9263411601,            44.1202080329,             3.2356371633,             6.4011693128,            -0.8692341892
            -0.4052928012,            42.3198157967,             2.1679001875,            -5.0553507883,             0.6530743540
            -1.7748526539,            46.1339928334,             0.2780003104,             0.5373664707,             0.3426706260
             1.4529946547,            42.2174022355,            -0.4417540778,             3.1172194768,            -1.1438555200
             0.5172732820,            41.9862428436,            -3.3179017428,            -1.1788318059,             2.2985024854
            -0.3723620057,            45.5283951103,             2.3294976221,             2.7528961318,             0.2472959602
            -0.4963595341,            42.7294282804,            -3.2871936890,            -2.3113131513,            -0.8290457936
            -1.3638599018,            42.7199201038,             1.8875027729,             1.2150343420,             1.0623597018
             0.5789054418,            41.7658467804,             1.1826950294,            -1.4890849717,            -1.4018124399
             2.1494233085,            44.6297203570,             0.2809291220,            -2.4658752531,             1.2648276508
             0.3745167789,            40.8538173703,            -2.0190320949,            -2.8307926729,             2.1727008596
             1.7088727303,            42.8091100195,             0.9802107786,             9.7579591926,            -4.5043346256
             2.2442130087,            41.7014974289,             2.0880151856,             5.1442430279,            -1.9236616406
            -2.0258350432,            41.4542373882,            -0.1122798441,             1.7238430560,             0.3480248650
            -1.1352087805,            42.8768969499,            -4.5150189680,             1.5411977262,             1.9331472145
            -0.9697816967,            40.4523732267,             1.5951336805,             1.9480020923,            -0.9609781548
             1.3059013795,            41.7801495748,             1.0612689828,            -4.6793965125,            -1.1822549633
            -1.4578565926,            47.7720557706,            -0.5406433929,           -12.3415347200,            -0.2723124165
            -1.4006700928,            39.0528786240,             1.4508316356,            -0.4008501380,            -0.0080257800
             2.2849978956,            45.5187790606,            -2.8492190663,            -6.9843846101,             2.9719080541
             1.8899920800,            46.3754279919,             1.8121197970,            -4.9384162752,             0.6468095772
            -0.0552713410,            41.1500834871,            -6.4071418863,            -0.4865569106,             1.5207841154
            -1.5895738337,            44.5461787330,             2.5193151168,            -4.8259611208,            -3.7306964374
             0.1285901678,            41.0269646805,             3.5316636115,             2.8014043659,            -1.6408708320
             1.8938943994,            42.3847657326,            -0.4585126170,            -0.2836780740,             0.6302029605
             0.7421819701,            42.8558144684,            -1.3548941631,             1.7671060847,            -1.8645163056
             1.7353197419,            41.7356569593,            -5.5622132450,             4.3427028131,             1.2922464021
            -1.4601310809,            44.2432415185,            -1.4461457382,             2.1343117174,             3.0560425861
            -4.1495242602,            46.4872244935,            -5.7217862804,            -4.5417176385,             0.9738212457
            -0.8940673548,            45.9141220956,            -0.7400937036,             0.6412370221,            -1.3538902275
             4.4905638721,            45.4420229457,             1.6062243721,            -6.5531120931,             2.0646421171
            -3.2364238249,            47.7621645635,             4.3470837797,            -8.8462923327,             0.0370818083
            -3.3328410740,            42.6335063620,             3.5926376278,             2.0628136105,            -5.0619456569
             4.6375491970,            43.1218126632,             1.6232611941,            -6.8292623709,             1.4518370922
             1.0392094434,            43.2470332883,             2.4950965601,            -9.5015393719,            -0.3500504583
            -1.6528504094,            45.5726880924,            -2.7427777938,             2.4772174782,             2.2049355773
            -0.1096208303,            43.4149894807,             5.6428459311,            -0.1945664604,            -2.0899583421
            -0.3114427921,            45.1296641432,            -3.0122014247,            -9.4252283839,             2.5243170373
            -3.4467289086,            46.7827694952,            -0.1904443624,            -7.6786703068,            -1.0497021498
            -0.2144675798,            42.4575970879,            -1.6399688234,            -2.7734701575,            -0.6432486255
             2.4002849182,            45.6832815918,             3.4939710349,           -13.0688874001,            -1.4388847999
             0.1251133468,            45.9892279849,             1.0368467419,             2.6948129734,            -1.7451550577
             2.9813320434,            40.4495671385,             4.2115087827,            -1.3213044518,            -0.7820498782
            -1.2622584169,            46.0666220914,            -1.7178251915,            -1.9958396073,             2.2655950004
            -1.3002992850,            44.6566841852,             1.0711328151,             4.2288289407,            -0.6728463950
             1.2500097138,            40.0612013477,            -2.8473692648,            -0.3686452399,            -0.2698376507
            -1.6894504673,            45.5392185488,             0.2530602432,             1.8011086864,             1.2552025137
             1.9895554455,            42.0874876097,             1.3092238492,             2.8584910471,            -1.7508660467
            -0.2241398511,            42.8892172766,             0.8053130269,            -2.2182131731,            -1.3413564577
             0.2303610122,            44.4282506392,             1.4140258828,             7.8782147457,             1.9797241440
             0.1801396909,            43.0159871706,            -1.8919619859,            -4.1755287949,             0.6704971432
            -0.7383779722,            45.2122929758,            -3.8111678785,            10.2608925939,             0.2169244052
             4.6586158728,            46.6426378310,            -1.9745461107,             6.9199037937,            -1.7782011785
            -1.5341457862,            42.4992242812,             0.7777943525,             0.2588070861,             2.3056122520
            -3.0317018905,            47.7445127029,             7.1310686844,            13.8210079537,             0.3392006813
             0.7816230646,            43.1354445425,             3.3626580252,             0.9568585998,            -4.3571368688
             1.0223252551,            41.6423105177,            -0.3121946591,             2.0598431009,            -2.2172223965
             0.5773205040,            42.5002691207,            -0.5565927612,             4.7332548870,             4.0454399590
             0.4607401980,            42.5818728482,            -0.9793642255,            -0.6042993747,            -2.0225351097
            -0.3669949661,            40.9403531834,             3.3413467380,             7.2042080888,            -4.7027125516
             0.7320410307,            43.0764730830,            -2.1898978152,             3.0630467120,             3.9474076320
            -1.5992569135,            43.4953229850,             0.3750671652,             0.7910827028,            -1.9432272961
            -1.2956264979,            41.2198993347,            -1.5789193808,             0.8538911042,             1.9255747558
            -0.2922015239,            42.7620234891,             0.5711276778,             1.0554696163,             1.8158997990
             1.7845510165,            42.0559518789,             2.8124677606,             0.8326567992,            -1.7513452597
             0.5635715885,            42.4090280416,            -2.3956279844,            -0.6196571270,             1.5019699531
            -0.3729357059,            45.4069460889,            -4.1396044701,             2.7231935653,             0.3257498029
            -0.1130543104,            43.1287174152,            -2.1440883835,             1.7446120672,            -0.1427623867
            -0.5135115982,            45.8285416767,             5.3531626773,            -2.2593526816,            -2.1115141567
            -0.8402634998,            45.3100231358,             4.4132033161,            -0.1055968243,            -2.6054436209
            -1.3408876467,            45.9898846735,            -3.4935843447,            -4.6874593932,            -0.1657038881
            -0.5044590476,            42.1830010446,            -0.5768981937,            -2.8362304445,             1.2528281358
             0.5660161688,            42.9429112519,             4.3834174932,            -1.4133687526,            -0.7316468412
             2.5148335024,            44.9286219468,             3.2246600449,             4.0135607802,            -1.3939670718
             2.8784322928,            41.7749295909,            -2.6941522193,             0.1493878490,             1.7387148891
            -1.2615091816,            41.0712697885,            -2.4353499382,             3.3921834310,             1.1034874941
             0.1502994457,            44.9413356834,             0.7521970967,            -6.1776156496,             1.0578637418
            -0.3562294816,            44.3273415937,             3.6774261550,            -1.8654952205,            -1.2665294565
             1.6267339526,            39.9310979856,            -0.2291650516,            -2.7262573637,             0.8773893192
            -1.2504738957,            42.1528304992,             2.4730745035,            -5.0221964461,            -2.5155047748
            -0.1206752265,            41.8256910588,            -1.8600433959,             0.5488314779,            -0.1089789889
             2.1340557172,            41.6783278064,            -2.3667978737,            -0.0200650944,             1.7159131019
             1.2795386505,            45.9702457377,            -5.7917629875,             1.8130181802,             0.6520783730
             0.3188951862,            43.0081802506,             2.5416615212,             4.6522900669,            -0.8755621439
            -1.8095674323,            44.5821460344,             0.1602085533,            -0.3310936604,             2.0483760210
            -1.2487426233,            45.6529076807,             3.6008835430,             0.0298996470,            -2.7636677513
             2.3609515357,            39.3448657454,             0.8846306209,            -0.8851669535,             0.2125724986
            -1.5988089650,            44.6560495842,            -1.7764082812,            -7.5656984461,             0.7827032637
            -0.2962508433,            44.8291322855,             2.8861975575,             2.5813099606,            -1.6664198420
             1.1993219368,            40.1295378700,            -3.7453243617,            -1.1188256137,             0.6637200972
            -0.7230643196,            45.5911424455,            -1.8944822722,            -1.7778551759,             1.3502781895
            -0.0480106664,            42.0658505115,             1.0184105369,             1.4383494369,            -1.4916321883
            -1.3864302833,            47.3072721104,            -7.2539155239,            -7.9351625170,             1.7010371176
            -1.8555986868,            46.5558061005,            -2.2511920248,            -8.2145627648,             0.9596757562
             1.4055752871,            42.6509656488,             1.6421810322,             0.2895428414,            -1.3007867760
             2.5512779981,            48.9072731174,             4.7613752642,            -4.4397552875,            -0.9702651051
             2.0883378486,            46.3512255078,            -1.3355658096,             6.3691661879,             1.4129536964
             0.7051478436,            41.4502883134,            -1.4751776815,             0.5258373030,             0.2806172953
            -3.2878097704,            44.9212512151,             1.4186852118,             2.2829384908,            -0.1139260386
            -0.0662188108,            46.6898541198,            -1.0254122230,             2.5127792530,            -1.6316568504
             3.4617145372,            43.4919340184,            -1.6691446512,             2.2323537125,            -2.1436110139
            -0.0827945571,            44.2784480126,            -1.1343458096,             1.6368580781,             2.7007842568
            -1.9502724037,            45.7353450804,             1.2399109297,             6.0194648304,             0.6606360324
            -0.1031736728,            42.7246901674,             0.7881837087,             2.2566643034,            -0.9137080342
             1.8552813450,            45.9218687633,            -0.5889220745,             4.0719897996,            -1.4243310087
             0.3432259924,            42.9442266208,             2.8408409786,             1.8465448660,             0.7098995874
            -2.3809514168,            42.9525224823,            -2.4596692633,             5.2067783710,             2.5920447634
            -0.7189098234,            45.2631008834,             0.3093923075,            -3.0625941116,            -1.9701386967
            -0.9968741933,            42.9575731648,            -3.0881002636,            -2.6004170456,            -0.3596626120
             1.1152346532,            44.5638543593,             1.3785533518,            -1.7261076932,             0.6862265498
             0.6944640350,            44.2898541150,             1.5737643509,            -0.2988568772,             2.1831952470
            -1.3429748730,            44.0861120148,            -3.2566487154,            -6.1394309971,             1.0377150567
            -0.3483965448,            42.7828681390,             1.7975197017,             2.1290905142,            -2.7474698908
             1.5155736438,            42.8182144884,             1.2866881851,             0.3450749119,             0.8869135772
            -0.6032959335,            44.3763990049,            -0.8523823151,            -5.6530880390,             2.4492720279
            -2.2295674732,            41.4798122546,            -2.3401603918,             2.1780775283,            -1.0545215934
             1.0252539907,            42.7106292642,            -0.2163903971,             1.2708424867,            -0.1959630553
             2.0442673976,            42.7577947496,            -0.3393832157,             1.5589955437,             0.0444675699
            -1.3598359638,            44.7463348473,             3.0208045699,             5.0583142796,            -1.5043529401
            -0.9309852312,            41.5725321236,            -1.0910245214,             6.7942993092,             3.1985476440
             1.7590100252,            43.1566901467,             1.5137055058,             4.3707172232,            -1.7935101925
             0.0430851969,            43.2011009045,            -2.0814995084,             1.8316842583,             0.1421659880
            -1.0809024870,            42.4642152052,            -2.8233556128,             2.0137312070,             1.0017629825
            -2.0938482738,            46.1187869711,            -4.9548002920,            -1.5924253457,             2.8312597169
             0.7792987620,            42.7125751974,             3.7811811874,            -0.7051407669,            -3.1022128043
             1.0858834576,            44.9087526493,             5.8632429506,            -1.8746440325,             0.5034286580
            -0.3014306001,            45.9526897645,            -0.4485243249,             0.6793992078,            -0.1127214345
            -0.1865078870,            39.6396969022,             1.5190200840,            -1.2089265005,             0.0383890240
             0.4486569208,            41.0301271097,            -2.7531733772,             2.4522273556,             1.7733181314
             0.6487503139,            46.3493796114,             1.6405716131,            -0.9020180512,            -3.2152300559
            -0.7965820764,            40.9469138044,            -3.1078385416,             0.8314201336,             0.6833507312
            -0.4410604671,            45.0738379810,            -1.1056761717,             3.5921075240,            -0.0330649028
             0.5106524076,            42.4016776220,             3.6293352043,             2.5549514889,            -0.2651868064
            -0.5699311353,            43.6712805379,            -1.7764152023,            -3.3538211562,             1.8462395253
            -2.7504044005,            42.7927367387,             3.2954458727,            -1.3922017328,            -5.2538001882
             0.1920329675,            42.5426547269,            -1.2925277679,            -0.3821029017,             3.5897904521
             1.3688999305,            42.9611917402,            -1.4513395680,            -7.2357335990,             2.7581951056
            -3.9688868945,            45.4378825035,            -4.1621898118,           -11.7068808406,            -1.0458159454
             0.6234581187,            40.9020946553,             2.3384181595,             0.6209604765,             0.1713399352
             2.9654530113,            43.7672171098,             2.6420255038,            -7.1871512174,             0.0249327553
             1.2758224938,            46.5329109329,            -3.8559896259,            -3.2075882579,             0.6060566249
            -0.5385234204,            43.0249547101,            -3.4659388802,            -2.1813005561,            -0.5155013450
            -1.5095459286,            44.3347715896,             1.3571556295,            -0.0459856662,             0.8006373483
             1.4095016589,            47.0516981491,             5.5995450170,            -2.0371723998,            -3.3676612091
             0.5074393960,            44.1472283177,            -2.1363415445,             1.0494206217,             1.5242196862
             2.5909770771,            46.7596859015,            -3.2750253153,            -2.5193439774,             1.7252777343
            -0.4104039917,            42.2777924163,             5.1831955313,            -3.4192529232,            -2.5653661944
            -0.5482520562,            46.3401896661,             0.9871250545,             3.7821098460,             0.5360586133
            -0.2359052787,            45.1371727922,             2.8609588505,            -2.5524544672,            -0.7359696831
             0.5538536531,            42.9984790078,            -3.9479272829,             1.2799358566,             0.9410041436
             1.2982311203,            43.7018835477,             0.4046443918,             2.0621717042,            -0.3996264372
            -0.5959866906,            43.4039288371,             2.8692045510,            -0.1700039174,            -1.9675034120
             0.1003066958,            43.5865246516,             2.0569382592,             1.7133592621,            -0.8762228038
             0.6290439274,            43.0370744048,             0.8994304062,            -0.2454148610,             0.2342078641
            -0.0055167134,            41.5072645790,            -2.5769869848,             3.4296240209,             3.6827672462
            -0.3331386977,            42.8854216150,             0.7794122006,             2.5944718477,            -1.2060016362
             0.8125743427,            43.6828768930,            -0.4643778366,             2.6561161359,            -1.5485437355
            -0.1600643279,            43.0075808100,            -1.0021256543,            -0.8017366525,             2.0262379318
             2.8336147235,            47.2004495351,            -6.5320164367,             8.4065605622,            -0.5551627424
             0.7978864049,            44.0388539210,             3.3144215448,            -6.2049329482,            -0.7637015680
            -2.9014079547,            48.1082617716,            -0.1877688529,             9.9470903851,             1.7740656606
             2.0601892087,            46.8872385408,             4.1517459132,             1.0651875262,            -2.6152211573
            -0.0076752751,            43.7865925442,            -3.3122539196,             1.4138297187,             0.6797199046
             0.1533320720,            43.6758898935,             4.5532452311,             0.5440492314,            -3.5389393095
            -2.1274137212,            45.5337178106,             0.0703811146,            -2.3829372114,             0.0603050317
             0.2149307610,            44.1976037732,             2.3005527714,             1.6471324074,             0.0256375326
             1.4451764279,            41.7313978903,             0.9645674113,            -1.5624444882,             2.3754101533
            -0.0275401311,            45.0554253693,             0.0966454420,             2.3145245693,            -0.3198970195
            -0.7885810764,            40.9655960490,             3.2881891544,             0.0881554061,            -3.1551980979
             0.7912355885,            44.5417472586,            -2.1083448677,             2.3665549924,             2.9571411700
            -0.0947296216,            44.0052382634,             1.0562139520,            -4.6407925587,             0.1523042277
            -0.9194098778,            42.7444091533,            -5.6817919914,             3.0780690556,             0.3035215616
             2.0864969285,            45.9192898790,            -3.3212302252,            -2.5213467867,             0.1730130104
            -1.1135956747,            44.1158796715,             2.1352979222,             0.4780742882,             0.3003219833
             0.1692738333,            45.2295937547,            -0.4726943968,             3.5235670597,             0.2427932403
            -0.4511067887,            44.3986536494,             1.4336682257,             0.6332295501,             1.7818667262
            -0.4021728379,            42.0805841489,            -0.7994436002,            -3.1838066219,            -0.7290560485
            -0.1726260736,            44.3444857130,             1.9428620779,             5.5088855382,            -2.3912234697
             0.8289212627,            41.7179117696,            -0.1942219019,            -0.2180538343,            -1.4409287355
             0.6192596696,            42.2227002780,             1.4961792357,             4.3380319322,            -1.5209346942
            -1.0499431061,            41.2473891848,             1.5913387509,             0.2876595359,             2.4050273999
            -3.6488488251,            43.7882383241,            -2.3962839414,             1.4450018151,             2.1529075443
            -1.3969002406,            41.5357045584,             1.5489032623,            -1.5598858155,            -3.9432492053
             1.7793510856,            43.9554513287,            -6.0026609973,             1.7816666008,             5.0111591912
             3.5831500594,            44.7239278846,             5.1895582670,            -3.7055346809,            -2.0744023849
            -2.8704637610,            42.3876988529,            -4.1107375214,            -1.8056357240,             3.0258125720
            -1.9851476132,            46.7054426652,             0.9920342325,             1.7011044947,            -1.3881613098
            -0.4588779607,            41.1311340183,            -1.0754789799,            -0.7172110536,             0.3413840043
             2.4050212178,            44.8694915986,             0.4172394190,            -4.4256133528,             0.8078097350
            -1.4072307660,            44.5165873198,             0.4386082138,            -5.2842339128,            -1.4993984849
            -1.4505613459,            43.6807257716,            -2.7215682158,            -0.8017293751,             1.8410542857
             0.6332050290,            44.4598155120,            -0.5112461234,            -1.3336553065,            -0.0951406155
             2.6869359945,            43.7388877048,             1.3021921555,            -0.1377902192,             0.0621236542
             0.4538439110,            45.5633310186,            -0.5112217444,             5.4397029603,             2.4893498976
             0.4420538470,            44.6799785940,             0.9154694259,             4.7745930289,            -1.7896049561
            -0.8056558212,            43.8708645262,            -2.0474137179,             5.2650824195,            -0.9839501646
            -1.0636891075,            45.8021523112,            -2.0877340087,             5.0249597835,             2.1578730374
            -0.6124238460,            44.6220802218,             0.2702443841,            -1.0683381765,            -0.3753264698
            -1.3516423338,            42.9199730267,             0.0479001672,             0.3113129447,             0.1507751193
            -0.5607467920,            47.3150380666,            -6.4462516499,            -3.2288215804,             1.6230444065
             0.1815189157,            39.3623849538,             2.8467774317,            -4.2557292201,            -1.5878518390
             1.6395954419,            50.0223631168,            -0.4541241349,             2.1726632607,             0.5844561208
             0.7483441915,            44.6482301793,             7.6665371923,            -7.6286112265,            -3.3365614203
            -2.8684382421,            43.3347206813,            -9.6556178512,            -0.0981246200,             4.9141211341
             0.6234131081,            45.6694173590,             3.9972447290,            -3.1625296793,            -0.4391017674
             1.2712375509,            43.1524302264,            -2.5202587505,            -3.9020998852,             0.7998664013
            -0.2613914565,            44.4523476505,             4.6511425352,             0.5861414954,            -3.2279197117
             0.0098696507,            42.4200231041,            -0.8258943342,             2.8934029196,             1.2804621950
             0.0807165113,            46.4663670008,            -0.4388447723,             3.2461499826,             2.0810190083
            -0.1839846199,            41.2887746914,             2.9127760765,             3.5415592330,            -0.7541881647
            -1.0499196289,            44.5777063436,            -0.9489629515,            -0.9332907654,             2.2892869253
            -2.5408777205,            43.2143804173,             3.1292256709,            -2.8729922772,            -2.0270150274
            -0.3256622921,            43.9015825900,            -5.2976872650,            -3.0641519218,             1.7357945956
             0.4732355772,            42.8453711309,             0.3884147312,            -4.9424915675,            -0.3886709420
            -0.8798942152,            44.8565162717,             1.0526700180,             2.9395536656,            -0.0399731110
             1.0582495486,            44.7750564227,             4.8751721947,            -3.9269209801,            -0.8244362612
            -2.3496433682,            43.3343864288,             0.5624239073,            -1.3697758688,            -0.2767063289
             2.6955703128,            43.0189153268,             1.7593726020,             3.3336898077,            -0.4175372017
             1.0265654385,            43.8385022223,            -1.9273973777,            -6.1180298457,            -0.3718174476
            -2.0163415160,            43.1169763190,            -1.7194115753,            -2.5103948378,             0.8224279095
             0.4046658215,            46.8705686853,            -4.9890983625,             7.2179610197,             2.1194458840
             3.0867995423,            42.0983551780,             4.8408542461,             1.7439008186,            -4.1936876949
            -0.4357797548,            46.4114989144,            -1.7892553720,             6.7234269552,             0.2227392728
            -1.3594239501,            42.5380430467,             6.9138789266,             6.4924742133,            -2.8829672612
            -0.0661060564,            46.4839101851,           -10.0730943345,             3.7678823128,             4.7995669810
            -0.4772885659,            45.1480521504,             4.3569899931,             3.2446056600,            -1.9467672095
            -0.3626380338,            43.9671554903,            -2.0634083784,             6.6256660405,             2.3368477645
             0.7106883734,            47.2179223672,             7.4293458900,            -2.9976453195,            -4.5492322813
            -0.6496695429,            41.0725921492,            -2.5049880584,             0.1624546095,            -0.3947909720
             0.9559959292,            44.3636128988,            -2.1704811146,             3.0740054966,             2.5226101159
             1.0665440933,            42.8169695635,             0.0675309735,             2.2597233810,            -1.4694644788
            -0.8469219931,            42.0433945369,             0.7336824801,            -1.8435654414,            -1.0006501399
            -1.9404010811,            45.0505287696,            -3.3583171088,             0.4568567641,             1.8768886160
            -0.4905410322,            42.3392636024,            -0.1175234213,            -8.3843589818,            -0.5798094149
            -3.0215995217,            43.4191097610,            -3.7154975975,            -6.9339370902,             1.3839960654
             0.5156530138,            46.4195463832,             1.5869983881,            -1.8181931881,            -2.1194618545
             1.9357445747,            42.2764351551,            -1.1476678920,            -5.3123055631,             0.2561164312
             0.7050468913,            46.4088792094,             1.3780688963,            -2.3604226990,            -0.7850603535
            -0.8604707337,            43.3582425999,             4.1445984378,             0.9760622995,            -1.6849193500
             0.3646442173,            43.2904299426,             0.4173967085,             2.5662233433,             1.3979763472
            -3.5825133601,            43.8641161466,            -1.7760540951,            -5.0223668848,            -1.0187381005
             3.7257300271,            39.3301886419,             1.3722783193,             1.2650425865,            -0.8221642418
             3.8316371901,            47.6470702114,            -5.2719427099,            -5.0783885147,             5.5378995847
            -1.3568749446,            42.6379036145,             5.2262841223,             2.6142462969,            -2.9939104166
            -0.5353803221,            42.9224876797,            -3.9307428995,             1.3605288393,             0.7159521075
            -1.1613696679,            44.7800142601,             5.7244247407,             0.3533577526,            -4.1027398515
             0.6294668505,            40.9159691872,            -5.2469505238,             1.6812610764,             4.0015040365
             0.8612331555,            45.5726297959,            -2.6462290025,             2.5935569726,             1.3333293464
             2.3025288877,            42.9743484584,            -1.3202013043,             4.8218081328,            -2.4270386392
            -4.3112495515,            45.6116900250,             0.3133110976,            -1.1571788905,             3.1354519886
            -1.6201000750,            43.5865872661,             5.2573350695,             7.4844752010,            -0.4145522534
             2.6234959596,            41.5906699102,             1.8897183096,            -4.1519156823,            -1.0263841989
             1.7050288235,            41.3996888292,             6.0629065975,            -7.9291322561,            -1.6619086460
            -1.2722809610,            42.0341041619,            -3.3144507045,            -4.2210086893,             2.7907643381
            -0.3964346234,            39.8268659410,             1.2880591752,            -0.7414690056,            -3.2540519687
             0.2009666059,            43.3859317047,            -5.5117430300,            -3.3789446235,             2.6279711358
             2.0050859826,            42.5436287500,             4.3555335517,             2.5799403914,            -2.2629740667
             0.0403335270,            41.9939119851,            -3.7000881513,             1.3553937616,             1.3983793958
             0.2390948367,            44.6037900068,             1.3458000056,             2.2671718289,             0.1875191550
            -2.5598357402,            40.5887277740,            -3.3393527164,             1.0799217469,             1.5726472021
             0.7234021247,            42.3427084787,             4.1956442325,            -1.3611628996,            -4.9656060194
            -0.7029793357,            46.5544335672,            -5.1013368570,            -9.6271897583,             2.5234571293
            -1.6737728641,            41.4843771455,             0.7980992128,            -1.0498773582,             1.4540406956
             0.5662529464,            47.3625156844,            -2.8054791410,           -10.2982935525,             2.0216705716
            -0.8230240201,            44.5003904660,             6.1425337117,            -8.2603402256,            -3.1081725739
            -0.5342377456,            42.9859397618,            -6.9915874047,            -4.1165010947,             1.7524510527
             0.5801688409,            43.8565059105,             6.9409595819,            -4.0071472220,            -5.4309182441
             2.0696268100,            44.6425400348,            -3.8332343448,            -5.3428049891,             4.0669866556
             0.0777098759,            44.2448358764,             3.1567146129,            -1.7977672931,             0.2817588777
            -0.5432595329,            41.0354180275,            -2.5322519282,             0.8701835569,             0.7718752291
            -0.8775059002,            43.7413498289,             0.0478253538,            -1.8078644622,            -0.3368014361
            -0.5886077021,            44.4742475736,            -1.8478067522,             2.3852600970,             0.3083984033
             1.1129315651,            40.8668566689,             1.8583727515,            -2.5949750829,            -1.1474588883
            -0.7535627799,            46.1480191633,            -0.3433597349,            -0.6656673078,             0.6708836233
            -1.2295912632,            41.4685152591,             4.9561898411,             1.9760617383,            -2.3924137185
             1.7318183132,            41.9781098445,            -3.1030618154,             2.6294125938,             0.4952193098
             0.0769456140,            45.3805683897,             1.8517411672,            -1.6626145685,            -2.2931161827
            -0.9269702811,            41.2480662997,            -6.2255724358,             2.2355725969,             1.9223502237
             0.5827903277,            45.1585493371,            -2.4271009199,            -1.6704762977,             1.2001334893
            -0.5323498488,            44.6534867939,             1.8183897912,            -0.3364099716,            -2.0963516674
            -0.3104621614,            44.4126907924,            -1.6212536074,            -0.5695041163,             1.2976770077
             0.3480630791,            44.5006348506,            -3.4971133348,             5.1860987635,            -1.4558464001
            -0.2746475593,            41.7282599839,            -0.5351769576,             5.2255634519,             0.2634034679
            -1.9860976905,            43.7403285074,            -5.6926956615,            -6.0817790767,             4.7958789350
            -2.4211706129,            45.2793138670,             5.2900627822,             1.7231827236,            -1.9057793530
             3.7879216093,            43.5821423011,            -4.5360107827,             0.6266073470,             0.9876787971
             1.5762367288,            44.8287906254,             3.4566689775,            -1.4201216778,            -2.7232436349
            -2.2976355662,            41.9071465115,            -1.4419013970,             0.5745773407,             2.3217946602
            -2.4258748922,            48.2301911433,            -5.3886100420,             3.6274939809,             1.5092417845
             2.2135573228,            44.9565440737,             1.5180279697,            -0.3575416521,            -0.0601163742
            -1.5846032323,            44.5874618461,             4.3412636072,            -4.1653015631,            -1.0561482090
             0.4357199768,            47.8956590104,             8.2731157965,             4.6185102884,            -3.6437502844
             2.9331952149,            43.1925396012,            -3.7592499066,             6.1609595186,             1.9791197714
            -0.4348980959,            39.8516700046,             2.8234754990,             3.9092344357,            -0.6162965422
            -2.2824708671,            43.9759261273,            -1.7761243994,             9.6578847917,             2.4891687429
             0.6140348274,            42.5532225191,             1.6124581752,             8.8546627122,            -2.8677716731
             1.7225160949,            44.2068779454,            -9.5526201999,             7.0338627944,             3.4133623389
            -1.1947452385,            43.3760154356,             3.3784074995,             5.9439554126,            -0.6899160506
             0.4539221818,            44.2020584205,            -3.2619976901,             0.9569333846,             3.1773251777
            -2.1627289873,            45.1889735842,             5.8249513833,            -0.6024332806,            -2.2942876225
            -0.5228411213,            43.4093320663,            -2.1233941005,             5.1285963991,             0.1283874106
             3.0098605391,            44.4914307718,             2.8422751975,             1.0139291667,            -0.0571935950
            -0.3579510124,            41.7879858381,            -3.7378936019,            -3.2810793493,             1.3687870443
            -2.8876138682,            42.8874905233,             6.8743500959,             7.8743717355,            -3.7817773056
             0.7929642435,            43.0740421374,            -1.1158692134,             0.8580277165,             1.3464355745
             0.5658008826,            41.0328962706,             2.2286862092,             4.2751235498,            -2.2375856207
             0.5459832233,            43.5002248952,            -5.8498524158,            -2.9109514836,             3.9560927494
            -1.1835092831,            42.9413491714,             1.8655112565,             5.2704186851,            -0.8306250028
             1.1724008111,            42.0879122941,            -4.7356653828,            -0.5509277411,             2.5736020347
            -1.1038404948,            43.1231511216,             4.1835372909,            -0.7661989621,            -2.4940874409
             1.5299529372,            43.3554527701,            -2.3528887435,             2.1035913791,            -0.1806237511
             1.8389114527,            43.4610016975,            -0.0165036757,             1.0574468833,            -0.6026682450
            -1.6455982078,            45.5223582986,            -2.7091740938,            -0.8215572416,             0.9720792819
            -0.4575127784,            43.8300850703,             0.9561861232,             7.4315765233,             0.1442951099
             0.5704530059,            44.5399057155,            -0.6146208261,            -6.0766904548,             0.9769393486
            -0.8274917125,            43.2451396550,             3.8522574758,             3.2826449722,            -2.1922932581
             1.9103657230,            43.5504811366,            -2.0661470117,             0.5030914390,             1.3590033208
            -0.8876979394,            43.2017399062,             1.0416488661,            -4.9225858946,            -0.6274070913
            -2.1764717223,            42.4815179973,            -1.5816598579,            -1.3276658692,            -1.0789918036
            -0.0936469754,            44.1994451784,            -1.4322851774,            -4.0035862483,             0.8407740022
             1.9086301960,            44.3587469437,            -0.4782563419,            -1.4258531368,            -1.9069906624
             0.5425847588,            44.4453160416,             2.0779070805,            -5.8595915845,             0.6596066051
             0.3170576677,            44.5144191083,            -2.9198940560,            -1.3310307932,             1.0650765845
            -3.3369282040,            43.6655267652,             4.1114761388,             5.1620989736,            -0.0836957686
             1.5861954716,            42.7656073036,             3.9503388263,            -4.3818864662,            -1.1052461362
             0.1728128415,            43.7879691988,             5.1443617854,            -5.2632788830,            -3.2588229317
             0.9011847930,            43.1902326700,            -7.7185847301,             0.6712894767,             4.2751968787
            -0.9362854688,            42.9291027082,            -2.3989818918,            -2.4701707876,            -0.1480276270
             0.3737525516,            41.9184858398,             2.2775232009,            -0.2688055589,             0.5384049382
            -1.9773701124,            47.6069937029,             0.2278998732,           -10.6737353300,            -0.9478109789
            -2.9720170673,            43.4114865666,            -0.6690821757,            -5.8688021367,            -0.1302748342
             4.3875856610,            42.2994050089,            -3.0998042275,            -3.3011793257,             1.7543200197
             1.8480175828,            47.1125437639,             2.3641805680,           -11.9823361163,             1.1105452167
            -2.6394429158,            44.8556799848,            -3.8661901177,             1.1600038084,             0.7348192598
             1.3554818983,            42.5848375277,             3.7245283317,             1.3116021380,            -2.9380179846
            -0.6893530655,            46.4004881839,            -2.5536463491,            -2.4906280644,             2.2387193119
            -1.4044628701,            46.1884413299,             3.0046644415,             0.2699886640,            -1.7718003133
            -1.4306651049,            42.3136673577,            -4.5690870832,            -7.5080662463,             1.1803548794
            -2.4323573175,            45.0558341154,             3.5898840042,            -5.5410541291,            -1.8672728465
             2.5350276448,            43.8880222439,             1.0320700417,            -5.0748188762,            -0.2007065312
             1.5341317254,            41.8954626389,             4.0773348297,            -2.0548066864,            -1.4612233851
             3.2190473660,            44.7837849411,            -5.6383461598,             4.6939467777,             1.3993142389
            -0.8414049889,            45.1872111529,            -1.3059550100,            -5.5809799501,            -0.9068116761
            -2.9109329880,            43.3251784744,             2.1705847959,             6.3435243312,             1.4436122234
             1.8267214737,            45.8116280170,             2.9401744767,             2.6872911642,            -1.0456008793
             3.0946651685,            44.0175300172,            -2.3072218713,            -1.5752619680,            -0.3947078267
            -1.3994744854,            42.8469973174,            -1.5725248342,             3.7417129639,             2.1042025646
            -0.9023640902,            43.1682225276,             0.4475760347,             1.5247977942,            -0.3525625081
            -1.8254055012,            44.5487967160,             3.8714738649,            -0.3093818647,            -3.2083842292
             0.0346892145,            41.0039558622,             0.4692919328,            -3.7753848371,             0.0570727869
            -0.3055473746,            41.9492924167,             2.2496375253,            -2.2084847690,            -0.6484400000
            -1.0054891215,            41.9437301226,            -3.9776395951,            -2.9403463393,             3.5762128833
            -0.5241913115,            43.0963083492,            -2.8694982333,            -8.5678709172,             0.0613045039
            -0.6909352147,            41.4941468565,            -1.9166923309,            -5.8080927554,            -0.9464474475
            -0.1931678363,            43.7651198203,             5.6171691724,            -2.6670987834,            -2.4115099728
             1.1565586852,            41.1184584014,            -0.7544625036,            -4.0796582106,             1.0959207844
             1.6234099443,            42.4331364621,             0.2052412889,             1.1930928291,            -2.1004043417
             1.4738468093,            42.1725709866,            -1.7657174884,            -1.6336885294,             0.8379565628
            -0.2067385713,            41.8404555717,             1.4039354531,             2.4424868615,            -1.2759983362
            -0.5625488123,            41.6925392627,             3.2556240989,            -1.8155463612,            -0.3489179398
            -0.8270174498,            43.2561993659,            -2.1968348879,            -0.7113139548,             0.2392783316
            -0.9853431863,            44.5797097026,            -3.7170294246,            -3.4511888041,             0.8673534563
             1.0398525077,            41.7946391663,            -2.5818135944,            -1.2809619012,             2.0513063555
             2.3795978033,            43.6719006695,             1.0625650616,             2.3878188905,            -3.0090329572
            -2.9063011260,            45.2773326541,             5.0623132174,            -0.6851450254,            -0.2838940090
            -0.1980092459,            46.5212850356,             2.0984397715,            10.7899889794,             2.9635343716
             2.2691815685,            42.2956160185,             1.4139437177,             1.1352624683,            -2.0101028053
            -1.2989084699,            42.8316862004,            -5.2232634668,             1.8193729550,             1.0411016352
            -1.9221318315,            44.8087459395,             3.0664696967,             5.9916053905,            -3.2727205409
             1.4957949732,            43.5054580739,             0.1157314279,             2.8993281547,             1.3949356053
             1.5924246445,            43.1307396983,             4.9023767628,            -0.4159377665,            -0.7245843432
            -1.8439212241,            42.6810010100,            -1.7520836030,             2.4004132825,            -2.2855173842
            -0.3739866719,            41.9776660687,            -1.9365879628,             1.9705112727,             2.3199356297
            -1.4488750332,            40.7879872760,             3.4693358475,            -4.4653386932,            -0.1601984048
            -0.5052691047,            44.0963006593,            -1.8485869631,            -1.4021630120,            -1.5890991422
             1.9292219924,            42.4753310685,            -0.2703918136,            -0.2157799029,            -1.6496834724
             1.1410402475,            41.9627278932,            -2.6282460449,            -6.1418981424,             1.8934303919
            -4.1370360584,            45.8911114961,             2.4858655255,             0.0678143514,             0.2984936012
            -0.7400607343,            41.7215334700,             0.8261882006,             8.2044259187,             0.7909732282
             2.2112923033,            43.2161379376,             1.4836885462,            -1.3156390946,            -3.9284166810
             1.0386477654,            42.9372301512,             0.1190659777,             2.7889665886,             0.7300651955
            -0.8195118671,            41.8830977332,            -3.1110366683,             3.4323025349,             2.3212169349
            -1.7163279169,            47.1531951071,            -7.3799471090,            -0.1343559180,             3.7351333278
            -0.8898138336,            43.5303394758,             0.5098534288,             1.4263280365,            -1.6534181427
             0.4831061554,            44.1678725520,             2.8514166014,             1.1843299219,            -0.5844760907
             0.4800091786,            47.4738798989,             1.0066029929,            -2.2513989865,             0.8909807794
            -1.3166409817,            42.6510040907,            -1.8580894150,            -2.4009471553,             1.4116611704
            -2.0014318235,            43.8828222106,            -2.8635151399,            -0.1340413614,            -0.9972902031
             2.9641042908,            45.0587021716,             4.8650890366,             1.2783528101,            -3.2249951161
            -0.7624924931,            44.2034483274,             1.5304240936,            -1.7337327326,             1.5062474646
             1.8289516551,            44.2098479283,             2.7657908618,            13.6322421828,            -1.4065714934
             0.5408425174,            40.1463244246,             3.4031571764,            -1.3130331357,            -3.2411278254
            -4.1382917822,            42.9362776278,             1.5592658526,             6.4150930838,             0.6900007890
            -1.5952582186,            42.4302714774,             1.6419481812,             7.3804892185,            -1.3042200867
             2.4780634857,            40.3067857977,            -2.5461838746,            -0.3670830543,             1.0577815443
             0.4811773134,            42.0341339732,            -0.2495238730,             1.3873681546,             0.7594975197
             1.0246824281,            42.7502652593,            -1.7276677085,             8.8205033513,            -0.0755829990
             0.9492774950,            43.4855208064,            -2.6558208118,             3.5495733523,             0.3333109732
            -0.5256496573,            43.8182704292,            -3.1335919202,             6.3018882882,             0.3940260027
             1.9348929285,            45.5289360663,            -1.0290977108,             8.8712399569,            -1.1860718203
            -0.4461043255,            43.2360718286,             1.8096875166,             4.1650814228,             1.3481462918
            -0.2854427458,            45.7077785118,            -0.3667054064,             4.4201955984,             0.5220890390
            -1.9046910197,            43.7266724476,            -1.0224926130,            -0.5865550357,            -0.9845199782
            -0.6639737385,            42.9379257236,            -0.9162468729,             3.8571122401,            -0.8239508111
            -2.7347741729,            44.6954462933,            -2.1073055421,            -4.1601431934,             0.9980920521
             3.9104154582,            41.2479729046,             1.8581513156,            -0.3818821423,            -1.1402040085
            -0.9137487358,            47.7720264749,             0.1293812529,            -2.9862722901,             0.8265961743
            -1.6413000732,            42.7760653876,             1.3113711091,            -0.2623676373,            -0.5017084800
            -0.6158770007,            44.3892496406,            -3.8140663427,            -4.4754372262,             1.4783282367
             1.0616329039,            44.7306619506,             5.5142056394,            -4.0514999929,            -0.9637167474
             0.9471556403,            43.1166466994,            -3.8425214050,            -5.6654176477,             2.4609386278
             1.3815080648,            45.0486570939,             1.1277228752,             5.0095293247,            -0.0379441833
             1.7929137404,            43.4542024727,            -1.9504493666,             0.0485712065,            -0.9845871668
            -2.0303464888,            42.9425575976,             4.1861813204,             3.5771517914,            -1.4380723776
             0.8308827658,            41.4955986745,             3.0576715442,             6.7243658142,            -1.6053029895
             1.1397319983,            43.4822276831,            -1.7483984644,            -3.2161027516,             2.4911819526
            -2.0969071401,            44.2190710553,            -4.8635087733,            -0.7419773754,             0.7836229055
             0.9438305031,            42.5474758357,            -4.2892290134,             7.3376877601,             1.1990230377
             1.1683675426,            44.4624431153,             3.3456217098,            -5.0138751386,            -3.0480683105
            -0.4693457944,            46.1065791363,            -2.2380883261,             7.4270094693,             0.5962223874
             1.3308989163,            44.3553596815,            -1.5201476309,             5.3282989848,             2.4168155966
            -1.9049191962,            44.2024905088,            -2.6120890345,             0.6206419672,             1.1022274974
             0.2050450149,            44.8214322093,             4.0333279875,             4.0948517685,            -3.6696752333
            -1.3382923242,            45.9313003614,             2.2014419184,            -7.7203514179,            -1.3589485008
            -1.1476329237,            43.8478697487,             2.3450373818,            -0.0048415821,            -0.1595334833
             2.5149103013,            42.8099812785,            -0.3071010765,            -3.3816674907,             1.7028619367
            -0.0519194836,            44.1643407750,             2.7402031819,            -7.9844506560,            -0.6737687368
            -1.2920475421,            40.9919083125,             2.1775115135,             0.6142467913,            -2.0595636619
             2.4892360107,            46.0070760326,            -5.9155124034,            -1.1018605124,             1.9441363868
             2.7072383517,            44.0259252578,             1.6259521365,            -2.5491982026,            -0.5757823176
            -1.6669952316,            43.6324310951,            -2.3182152602,             1.1037499637,             1.2652067271
            -1.1394053419,            50.2049562654,            -1.6873095722,             2.5974689130,             0.5097207207
             0.8871039479,            41.7603915093,            -1.2001419051,             3.2871581503,             2.1733266661
             2.1832105547,            46.3971504319,             1.2635976413,             6.5800051800,            -0.6830770717
             0.6417880916,            45.8664169517,             2.2016444019,             6.8518047126,            -3.4341968373
            -0.4425861142,            42.5612217676,            -2.9547056819,             6.1254336157,             1.2821195177
            -1.5990500443,            43.8661858858,            -1.2547107977,             6.1963595013,             1.2925435314
            -0.7496010216,            45.4129418043,             1.6311646680,             0.3506688526,             0.3864135264
            -2.4348727521,            42.7839522732,             1.4446799637,            -7.6265777970,             0.7236838044
             0.0547404351,            45.7895080207,            -1.5208153851,            -3.6524374185,             0.2007061303
             0.8907436473,            44.1219313899,             0.8023807240,           -12.0629232440,            -1.1043545582
             0.7062353862,            43.7261014593,             0.2176188668,            -4.2351576242,            -0.2199245346
             1.3792731819,            43.9249894341,             6.5550388168,            -6.2777730023,            -2.3212362152
            -0.1117829481,            41.1761062887,             0.6064567134,            -2.6785477617,            -0.4111693701
             0.1085856419,            43.3357484414,             0.0580420427,            -5.0058335019,            -0.1529699563
            -3.0558211192,            44.7995802787,            -0.3027349184,             2.8748040975,            -1.2219500117
             2.2494815577,            43.0046712593,             0.0577518437,             3.8073385696,             1.9524423938
             1.7970337288,            42.7582897243,            -3.8809448182,            -6.2579890962,             2.1229532153
            -1.9364401669,            45.1948553443,             6.1978246280,             9.4640431270,            -4.1910866438
             0.7308790991,            42.5348506304,            -2.2373378791,             0.6518275188,             1.8864787191
            -2.1549553048,            43.4834072574,             4.2037584604,             0.6125704911,            -0.9490671183
            -1.3889982986,            41.8434050455,             0.3822511253,             1.2885221419,             1.0286787172
            -0.5410075003,            44.9965158288,            -1.1206230030,            -4.4458021872,             0.7451153054
             1.7250815628,            42.1028882340,            -1.1280205702,            -2.0165798662,            -0.1681980057
             1.9101827566,            44.7715623816,            -1.4155405463,             0.2108261630,            -0.2381005224
             2.4943239379,            44.8881581077,             3.5283450715,            -0.2727234846,             0.9573473864
            -2.3343458197,            42.1710275345,             0.4746255019,            -0.2287502809,             1.7038166238
            -3.7355905275,            43.9631359731,             2.7042138807,            -1.4230811594,            -3.4082893414
             0.2753119188,            43.3496916470,            -1.5318058624,            -4.4603016827,            -0.3907085922
             2.6490105103,            42.1245020281,            -0.7664778312,            -3.1342590397,             2.6662779073
            -0.5438792420,            45.8722761207,            -3.0010014850,            -4.4546796501,             0.6414714543
            -2.9735141116,            44.7564211490,             2.5607356535,            -5.4468659295,            -2.4717048687
            -0.0101474291,            44.3071510066,            -2.6626505460,            -2.5720162237,            -0.0581528099
             2.7606694904,            45.2612262637,             2.5105052914,            -3.0408907390,             0.7658712063
             1.6576253247,            41.0577920925,            -0.4940964595,            -7.3016321340,             1.8878407368
            -0.8582628258,            45.1013095618,             0.1371548009,             3.4828161541,            -0.2142141149
             2.7181485263,            43.6581561850,            -2.1378801000,             6.1235587922,            -1.2489481697
             0.4140777356,            41.4938629454,            -1.1355083757,            -0.2755846302,             0.7529555695
             0.4247785276,            44.6566449915,            -0.9892828848,             9.4940242542,             0.3719659438
             0.6946009731,            45.7496940954,            -4.6321790958,            -0.0265272609,             2.4091920894
            -2.8723587190,            42.9425160081,            -1.2584439222,            -0.1430139239,            -1.2750539736
             0.5313887696,            44.2825344693,            -1.3483329833,             1.1581900976,             1.0644594710
            -1.3541935465,            47.4762611526,             4.9023711563,           -10.1373557459,            -3.5692171612
            -0.8916423371,            43.2287392361,            -0.1802471729,            -0.2965958804,            -1.1055034921
             3.2162095890,            47.7308531767,            -1.1039814337,            -3.5452559792,             2.7637078438
            -0.3418262293,            45.1849616917,            -0.9228468239,            -8.3176215056,             0.6049837440
            -0.8267266975,            45.2420586325,             1.2274576472,             1.6039430241,            -0.0946007156
             1.6150607597,            46.8071968024,             3.6026252887,             0.1685461686,            -2.1109486175
            -0.4209070616,            44.0220701970,             4.7094311771,            -4.7308096059,            -1.3042464811
             0.3054858311,            41.0454679341,             4.0457423043,             2.2396799864,            -1.5316744477
            -0.0984197831,            43.3981771656,            -0.6787594179,            -5.9197245602,             1.3980309706
            -0.7761285523,            39.2335575384,            -1.5789241344,            -3.4105747882,            -0.1667523458
             1.8116495555,            41.8143497050,            -6.2333971765,             0.7711047654,             2.5090621312
             2.4624034203,            43.0066832234,             0.2620664911,             0.6940063360,            -0.2696867037
             1.7303692364,            42.0661530920,            -2.8198321981,             8.3624305639,             0.5636854235
            -2.1723269715,            42.9951761009,             0.7153178284,             3.0051290338,             0.9770033993
            -0.0470226053,            44.0357354094,            -2.9861596851,             1.0666203505,             1.9666428636
            -2.3881194915,            44.4977500703,             1.6593719326,            -3.4631701417,            -1.8420527181
             0.2344147536,            43.0087142437,            -2.2309012640,            -1.5173747143,             0.7826429402
             0.6237916557,            46.7944897901,             1.6937042937,            -3.6770894572,            -1.0144442177
             0.5307398914,            43.8436074495,            -3.8590757524,             0.9712273199,             1.9165716391
             0.3301433600,            43.7800305362,             3.2506684208,            -0.6207637714,            -1.9171065100
            -0.8192441373,            43.4923831357,             5.7299934571,             5.2380805615,            -0.9894756419
            -2.3054854255,            43.4751963912,             2.0560849159,            -0.1455722258,            -0.8793995501
            -1.3963802151,            41.5021407388,            -0.5365852379,             0.2370747407,             0.2123912639
             0.3827534202,            43.4645394919,            -6.6239059873,            -3.1800236061,             2.5621693961
            -0.5282205639,            44.3577059458,            -0.8147971747,            -5.9681596566,            -0.6069339564
             0.7549994434,            42.7733010821,             3.7261931044,             2.7858748270,            -0.8260156256
             1.0954388167,            44.1227204834,             4.4487254670,             0.6934813148,            -2.0868328603
            -0.1409186732,            42.6601791783,            -2.3418023831,             0.9983866618,             0.6383937201
            -0.8832883044,            41.3768036944,            -1.1372933713,             0.6404039871,            -0.7301591445
            -1.1182744094,            42.4465945105,            -1.1645470178,            -1.6509901815,             0.1695304439
             0.8256649577,            42.6939456931,             2.9096827775,             1.1435654292,            -0.8927819919
             3.5316383588,            43.1635554240,            -4.5210003419,             3.3916679479,             1.6425974819
            -1.2013255223,            43.8086832789,            -0.1949204711,            -2.4464715694,            -0.2950465831
            -0.1378534087,            41.0831039333,             1.3765532306,             4.8369375093,             0.0987606739
             0.9052300607,            46.8520298949,             1.1416153012,            -4.8047347160,            -0.3909732430
            -0.4466317827,            44.5299160408,            -2.2982382318,            -1.2123915705,             0.6676425241
             0.0694638330,            42.5959766895,            -1.6028074766,             0.2187101748,             0.5434933996
             1.6398123408,            45.9737539948,             4.8388565916,            -6.0390749648,            -0.9448850021
            -0.9146522795,            43.2570994073,             0.3381956890,            -4.0722382168,            -1.1798812719
            -1.3906752196,            42.4623432760,             2.1974984988,            -4.3299118264,            -3.0452415247
             1.3707742578,            43.8220300292,            -0.4283998532,            -3.8222020457,             1.3503425770
             0.9872465495,            43.0112196302,             1.9705212858,            -5.3240777052,            -0.6492889466
             0.2310710110,            42.5103506084,            -3.1828917154,            -0.1720811895,             1.3070652736
            -0.5228000922,            44.9183034315,            -1.4185108782,            -7.9661387603,            -0.0042570175
            -2.3487622668,            41.3707901992,             0.8286268274,            -3.3632162239,            -1.8558038178
             0.8515389448,            44.8400292729,            -1.4855780808,            -4.4905534732,             1.3029454582
             2.0679924925,            44.9588951160,            -0.6984484963,            -3.5746900358,             1.0699088933
             1.4748221591,            41.5703897841,            -0.8195401761,             1.9895583515,             0.0196884400
             2.3514707424,            43.4011271905,             3.9084736402,             7.2257127190,            -0.9028979583
            -2.2488683201,            43.1389938340,             1.4762670983,             5.3612157517,            -0.0531415475
            -2.0361311124,            42.0807297597,             1.5674255944,             7.1313252583,            -2.4022448060
            -0.0050898766,            42.6870823266,            -4.9856330892,            -0.4928441679,             2.3173500479
            -1.7076881419,            44.8785040260,            -2.5650174442,             1.1523049157,             0.0668393978
             1.3960182252,            44.2922237509,            -2.5505615578,             3.1274305250,             0.2365606318
             0.2407785589,            44.8233283951,             3.5456149490,            -1.4008701448,            -1.0146812132
