             0.6252226029,            -0.0005605810,            -0.0252501899,             0.0048154542,            -0.0314860235,            -0.0005605810,             0.6372588309,            -0.0780356484,             0.0072151899,            -0.0460485363,             0.0067255118,             0.0024077271,            -0.0651169682,            -0.0000672488,            -0.2356816871,             0.0048154542,             0.0072151899,             0.0004260834,             0.1538592287,            -0.0079706492,             0.0036075950,             0.0184012831,            -0.2416998011,            -0.0042656151,            -0.0780763464
             0.6125165044,            -0.0214904957,            -0.0347471620,            -0.0123746961,            -0.0178230771,            -0.0214904957,             0.5846214310,            -0.0132289981,            -0.0029514903,            -0.0076248821,            -0.0099377875,            -0.0061873481,            -0.0774407180,            -0.0107019300,            -0.2300533306,            -0.0123746961,            -0.0029514903,             0.0000866357,             0.1524098432,             0.0141746317,            -0.0014757451,            -0.0033852901,            -0.2161057939,            -0.0036579320,            -0.0718968650
             0.6203086402,            -0.0094207187,            -0.0133421046,            -0.0024485714,             0.0108960355,            -0.0094207187,             0.6348077228,             0.0747131302,             0.0099963340,             0.0630855370,            -0.0071209030,            -0.0012242857,            -0.0763812310,            -0.0001448914,            -0.2335430214,            -0.0024485714,             0.0099963340,             0.0091309359,             0.1532225974,             0.0027005276,             0.0049981670,            -0.0070380823,            -0.2407925627,            -0.0033600956,            -0.0753006348
             0.6079315242,             0.0027388974,            -0.0341777773,             0.0002633739,            -0.0166258314,             0.0027388974,             0.6376696568,            -0.0605799111,             0.0092461600,            -0.0418650712,            -0.0041528929,             0.0001316869,            -0.0685726740,            -0.0022147743,            -0.2246113469,             0.0002633739,             0.0092461600,            -0.0071684460,             0.1587088305,            -0.0043310864,             0.0046230800,             0.0094891069,            -0.2394804132,            -0.0007960945,            -0.0621743528
             0.6198464404,            -0.0013026154,            -0.0266173066,             0.0245762882,            -0.0406156724,            -0.0013026154,             0.6363343839,            -0.0360603236,             0.0111948297,            -0.0088933182,             0.0125965978,             0.0122881441,            -0.0771933087,            -0.0010720919,            -0.2340746944,             0.0245762882,             0.0111948297,            -0.0008415685,             0.1516970517,            -0.0005612182,             0.0055974148,             0.0258716468,            -0.2423186661,            -0.0009319168,            -0.0766869363
             0.6294435069,            -0.0174383030,            -0.0489621697,            -0.0210508513,            -0.0272006186,            -0.0174383030,             0.6405752693,            -0.0153723068,             0.0030770804,            -0.0062679525,            -0.0093422354,            -0.0105254257,            -0.0862263619,            -0.0135192672,            -0.2401608542,            -0.0210508513,             0.0030770804,            -0.0096002313,             0.1491217986,             0.0023696181,             0.0015385402,            -0.0059732485,            -0.2457267354,            -0.0075343425,            -0.0754345455
             0.5741739899,            -0.0328626785,            -0.0096256835,            -0.0128275846,             0.0260515845,            -0.0328626785,             0.6382174423,             0.0506003970,            -0.0200101714,             0.0308209236,            -0.0278437197,            -0.0064137923,            -0.0707892201,            -0.0033497937,            -0.2101807741,            -0.0128275846,            -0.0200101714,             0.0261630912,             0.1538124417,             0.0083403276,            -0.0100050857,            -0.0163035290,            -0.2422025003,            -0.0122611754,            -0.0783553940
             0.5767104509,            -0.0088108573,             0.0137687035,             0.0115340576,             0.0705540437,            -0.0088108573,             0.6425782676,             0.0176207077,            -0.0022298326,            -0.0249545987,            -0.0295075864,             0.0057670288,            -0.0784676251,             0.0068590249,            -0.2121526871,             0.0115340576,            -0.0022298326,             0.0225289072,             0.1524050768,            -0.0016750442,            -0.0011149163,            -0.0155206244,            -0.2450865954,            -0.0052429507,            -0.0722565927
             0.6025704145,             0.0088122153,             0.0273052824,             0.0079956997,             0.0488619227,             0.0088122153,             0.6401307715,             0.0113577115,            -0.0149448856,             0.0274252742,            -0.0182507629,             0.0039978498,            -0.0815528320,             0.0001083861,            -0.2258274165,             0.0079956997,            -0.0149448856,            -0.0085954431,             0.1509155814,            -0.0030119966,            -0.0074724428,             0.0120316312,            -0.2446075950,             0.0029001093,            -0.0633142662
             0.6249347274,             0.0084312109,             0.0064245538,            -0.0008700306,             0.0176909805,             0.0084312109,             0.6515594192,            -0.0556753565,            -0.0114985542,            -0.0459843568,            -0.0113824904,            -0.0004350153,            -0.0906566919,            -0.0013836806,            -0.2365906220,            -0.0008700306,            -0.0114985542,            -0.0111985722,             0.1517534833,            -0.0065856926,            -0.0057492771,             0.0044104846,            -0.2499029679,             0.0009227591,            -0.0708938406
             0.6185721341,             0.0017491428,             0.0025681142,             0.0006744659,             0.0200788120,             0.0017491428,             0.6156456093,             0.0246310771,            -0.0091571223,             0.0123585152,            -0.0133339101,             0.0003372330,            -0.0865572405,             0.0055361736,            -0.2307691948,             0.0006744659,            -0.0091571223,             0.0093232044,             0.1570337445,             0.0017953211,            -0.0045785611,            -0.0057990480,            -0.2293059324,             0.0017722319,            -0.0805293824
             0.6188206614,            -0.0130089816,             0.0275925653,            -0.0071543971,             0.0148195106,            -0.0130089816,             0.6170500848,             0.0962067858,            -0.0230779599,             0.0358443958,            -0.0051524526,            -0.0035771986,            -0.0731173068,            -0.0005829278,            -0.2337314724,            -0.0071543971,            -0.0230779599,             0.0118431260,             0.1513577167,            -0.0092786460,            -0.0115389800,            -0.0337583936,            -0.2328461840,            -0.0111438138,            -0.0730003582
             0.5907371893,            -0.0018778723,             0.0520695021,            -0.0047928062,             0.0760870287,            -0.0018778723,             0.6557391696,            -0.0301974390,            -0.0032374663,             0.0106442929,            -0.0136274965,            -0.0023964031,            -0.0649205432,            -0.0021523064,            -0.2159454065,            -0.0047928062,            -0.0032374663,            -0.0024267406,             0.1588463763,             0.0160403280,            -0.0016187332,             0.0180244629,            -0.2484463967,             0.0070812279,            -0.0616994725
             0.6152180275,             0.0166502994,             0.0421193550,             0.0153622931,             0.0144514497,             0.0166502994,             0.5626238574,            -0.0750892806,            -0.0376205316,            -0.0802268591,            -0.0049763131,             0.0076811465,            -0.0685075322,             0.0045512835,            -0.2354583858,             0.0153622931,            -0.0376205316,            -0.0075477325,             0.1443012560,            -0.0192609383,            -0.0188102658,             0.0051123573,            -0.2091613007,            -0.0013053194,            -0.0765540509
             0.6049886412,            -0.0287282864,             0.0284223773,            -0.0168994007,             0.0297120721,            -0.0287282864,             0.5960246540,             0.0438791309,            -0.0237105100,             0.0824957410,            -0.0125001024,            -0.0084497004,            -0.0742460314,            -0.0095260315,            -0.2308986915,            -0.0168994007,            -0.0237105100,             0.0096762234,             0.1431912582,             0.0353417825,            -0.0118552550,             0.0108586047,            -0.2264166979,             0.0033067480,            -0.0642346552
             0.5880140676,             0.0356411561,             0.0335579238,             0.0227157447,             0.0766254582,             0.0356411561,             0.6765895132,            -0.0220451687,            -0.0001570273,            -0.0541326461,            -0.0216122808,             0.0113578723,            -0.0750943800,             0.0125783880,            -0.2152233721,             0.0227157447,            -0.0001570273,            -0.0104843802,             0.1575673234,            -0.0238229489,            -0.0000785136,            -0.0046858664,            -0.2595110949,             0.0059091036,            -0.0636941452
             0.6274888180,             0.0266101625,            -0.0125978759,             0.0154873600,            -0.0256782362,             0.0266101625,             0.5913503300,            -0.0248230539,            -0.0262578391,            -0.0270305805,            -0.0065887393,             0.0077436800,            -0.0831544754,             0.0077908074,            -0.2402738870,             0.0154873600,            -0.0262578391,            -0.0110285477,             0.1469410440,            -0.0218729190,            -0.0131289195,             0.0066399167,            -0.2222046430,             0.0023686218,            -0.0770716298
             0.6315588842,            -0.0426361855,             0.0203872983,            -0.0132633948,            -0.0051544093,            -0.0426361855,             0.6131762107,             0.0740018175,            -0.0236153245,             0.0526115099,             0.0009631915,            -0.0066316974,            -0.0734066420,            -0.0019441830,            -0.2386758210,            -0.0132633948,            -0.0236153245,             0.0387478194,             0.1542072422,             0.0256364782,            -0.0118076623,            -0.0173268512,            -0.2294844843,            -0.0084998536,            -0.0758188289
             0.6041407275,            -0.0005889744,             0.0719198329,            -0.0013210719,             0.0952142196,            -0.0005889744,             0.6524558381,             0.0020033373,             0.0133649322,            -0.0049357710,            -0.0049647272,            -0.0006605359,            -0.0623882457,            -0.0015143447,            -0.2190555767,            -0.0013210719,             0.0133649322,            -0.0024397149,             0.1660295741,            -0.0029036054,             0.0066824661,            -0.0041300901,            -0.2432131320,            -0.0017462899,            -0.0603692079
             0.6527347533,             0.0366178556,             0.0333276552,             0.0056437685,            -0.0270906887,             0.0366178556,             0.5902330271,            -0.0545740757,            -0.0301915532,            -0.0331968631,             0.0151133954,             0.0028218843,            -0.0678684869,             0.0005368088,            -0.2543451860,             0.0056437685,            -0.0301915532,            -0.0355442379,             0.1440443813,            -0.0170120767,            -0.0150957766,             0.0135104905,            -0.2230943229,             0.0098028895,            -0.0776347410
             0.6076542796,            -0.0111719279,             0.0003153048,            -0.0330848055,            -0.0154334116,            -0.0111719279,             0.6128251272,             0.0056529272,             0.0016720369,             0.0471506306,             0.0087103766,            -0.0165424027,            -0.0774471670,            -0.0038362704,            -0.2255887860,            -0.0330848055,             0.0016720369,             0.0034993870,             0.1564767076,             0.0220635038,             0.0008360184,             0.0042064490,            -0.2281742098,             0.0054457880,            -0.0705919004
             0.6198474274,            -0.0259319499,             0.0036155997,             0.0095959048,            -0.0352209372,            -0.0259319499,             0.6190086610,            -0.0263853444,            -0.0265335201,            -0.0492617197,             0.0061515084,             0.0047979524,            -0.0767135985,            -0.0057714806,            -0.2347408761,             0.0095959048,            -0.0265335201,             0.0143889887,             0.1503656751,            -0.0021193702,            -0.0132667600,            -0.0066402353,            -0.2343214930,            -0.0140256600,            -0.0779198789
             0.6125723388,            -0.0207089883,             0.0274648842,            -0.0169087117,             0.0752439211,            -0.0207089883,             0.6066915845,             0.0164206329,             0.0138086102,             0.0299090890,            -0.0169852133,            -0.0084543558,            -0.0818186293,            -0.0108454603,            -0.2312011470,            -0.0169087117,             0.0138086102,            -0.0009819323,             0.1501700448,             0.0227185509,             0.0069043051,            -0.0017101278,            -0.2282607698,             0.0010047813,            -0.0711827052
             0.6047748943,             0.0272816339,             0.0291388456,            -0.0088776994,             0.0159145073,             0.0272816339,             0.6322043693,             0.0330077228,            -0.0243498229,            -0.0000762638,            -0.0055627423,            -0.0044388497,            -0.0633875867,             0.0081787574,            -0.2236983996,            -0.0088776994,            -0.0243498229,            -0.0109241190,             0.1573780952,            -0.0478800296,            -0.0121749114,            -0.0209808430,            -0.2374131371,            -0.0102991978,            -0.0777998613
             0.5955781281,            -0.0119396427,             0.0167202806,             0.0102848435,             0.0101902985,            -0.0119396427,             0.6457817568,            -0.0325831985,            -0.0119637900,            -0.0115987565,            -0.0027169039,             0.0051424217,            -0.0732270838,             0.0022261366,            -0.2207821404,             0.0102848435,            -0.0119637900,             0.0163919159,             0.1540138473,             0.0352602903,            -0.0059818950,             0.0156346427,            -0.2458839548,             0.0116603238,            -0.0595177883
             0.6348802354,            -0.0032916432,             0.0312681851,             0.0171865220,             0.0220661857,            -0.0032916432,             0.6156335562,            -0.0376960020,            -0.0151467638,            -0.0406908574,            -0.0029723822,             0.0085932610,            -0.0801505533,            -0.0015930655,            -0.2405950299,             0.0171865220,            -0.0151467638,             0.0001055122,             0.1536901757,            -0.0334960717,            -0.0075733819,             0.0070958333,            -0.2309716903,            -0.0183938575,            -0.0801764538
             0.6335388071,            -0.0294714676,             0.0523447851,            -0.0042720106,             0.0378491694,            -0.0294714676,             0.6090691730,             0.0562226165,            -0.0282874904,             0.0280915992,            -0.0068959373,            -0.0021360053,            -0.0758782820,             0.0033055071,            -0.2418201053,            -0.0042720106,            -0.0282874904,             0.0360824817,             0.1498985966,             0.0322164086,            -0.0141437452,            -0.0162015139,            -0.2295852882,             0.0013724705,            -0.0795402297
             0.6182943178,            -0.0100209287,             0.1015040692,            -0.0115636523,             0.1035548607,            -0.0100209287,             0.6244399209,             0.0911231203,            -0.0109027342,             0.0434117155,            -0.0064767628,            -0.0057818261,            -0.0634236336,            -0.0061932201,            -0.2284382521,            -0.0115636523,            -0.0109027342,            -0.0023655116,             0.1614178136,            -0.0092611022,            -0.0054513671,            -0.0296375285,            -0.2315110536,            -0.0096410154,            -0.0632414758
             0.6023594450,             0.0151866622,             0.0480649544,            -0.0059257629,             0.0662432779,             0.0151866622,             0.5802336623,            -0.0246122052,            -0.0282476346,            -0.0261582795,            -0.0232129790,            -0.0029628814,            -0.0611816044,            -0.0035753414,            -0.2273556854,            -0.0059257629,            -0.0282476346,            -0.0223373450,             0.1476480743,             0.0057341507,            -0.0141238173,            -0.0037359186,            -0.2162927940,             0.0104604064,            -0.0645327072
             0.5930388932,             0.0135430230,             0.0168049493,             0.0000305618,             0.0432949628,             0.0135430230,             0.6008414593,            -0.0466150900,            -0.0255765514,             0.0106234260,            -0.0260332825,             0.0000152809,            -0.0599085562,             0.0043142360,            -0.2191404311,             0.0000305618,            -0.0255765514,            -0.0049145509,             0.1547580310,            -0.0049990100,            -0.0127882757,             0.0286345389,            -0.2230417142,             0.0042720065,            -0.0750059284
             0.6199524855,            -0.0017324340,             0.0265566564,             0.0227721264,             0.0422141498,            -0.0017324340,             0.6021707210,            -0.0403287733,            -0.0214215835,            -0.0385130438,            -0.0185395385,             0.0113860632,            -0.0606436503,             0.0038916784,            -0.2318481195,             0.0227721264,            -0.0214215835,             0.0095157907,             0.1562562464,             0.0105859482,            -0.0107107917,             0.0122939279,            -0.2229572373,             0.0044267571,            -0.0721113543
             0.6427769339,             0.0010180271,             0.0324051904,             0.0020723943,             0.0581056534,             0.0010180271,             0.5992652781,             0.0132874116,            -0.0073314521,             0.0200808618,            -0.0165159575,             0.0010361971,            -0.0686337811,            -0.0025026870,            -0.2495415950,             0.0020723943,            -0.0073314521,            -0.0060234011,             0.1436937439,             0.0032175981,            -0.0036657260,             0.0044329222,            -0.2277857671,             0.0021178126,            -0.0781669017
             0.6184604167,             0.0223886049,             0.0011166704,            -0.0234738987,             0.0131954028,             0.0223886049,             0.5797624029,             0.0545893618,            -0.0091158684,             0.0011064352,            -0.0105973004,            -0.0117369493,            -0.0620470033,            -0.0000342771,            -0.2309698990,            -0.0234738987,            -0.0091158684,            -0.0224571591,             0.1565206187,            -0.0220438861,            -0.0045579342,            -0.0384784126,            -0.2116208921,             0.0001723594,            -0.0728430135
             0.5861995946,             0.0117903268,            -0.0256958306,             0.0043660429,            -0.0264859417,             0.0117903268,             0.6173021968,             0.0417543138,            -0.0009344138,             0.0620224458,            -0.0000721514,             0.0021830215,            -0.0530422777,             0.0044355040,            -0.2139567842,             0.0043660429,            -0.0009344138,            -0.0029193188,             0.1582860263,             0.0082164279,            -0.0004672069,             0.0123170874,            -0.2295080853,             0.0100033773,            -0.0588870720
             0.6565498402,            -0.0115915047,            -0.0062599858,             0.0263053015,             0.0015464546,            -0.0115915047,             0.5250017246,            -0.0615282054,             0.0076361203,            -0.1111245995,            -0.0000851600,             0.0131526507,            -0.0727066789,             0.0007751822,            -0.2550313499,             0.0263053015,             0.0076361203,             0.0131418691,             0.1464871404,            -0.0014671471,             0.0038180601,            -0.0116455463,            -0.1892572921,            -0.0065293259,            -0.0646679484
             0.6584778724,            -0.0075784554,             0.0225644227,            -0.0204914973,             0.0283297080,            -0.0075784554,             0.5571949836,             0.0779243427,            -0.0023709073,             0.1378814486,            -0.0040680964,            -0.0102457487,            -0.0677186614,            -0.0050207767,            -0.2518120646,            -0.0204914973,            -0.0023709073,            -0.0024630979,             0.1548537433,             0.0087667785,            -0.0011854537,             0.0197328043,            -0.2011706202,             0.0005941616,            -0.0617846410
             0.6315743654,            -0.0117333627,             0.0181549373,             0.0144302670,            -0.0210752915,            -0.0117333627,             0.6475195212,            -0.0862144373,            -0.0115651107,            -0.1008603317,             0.0138325590,             0.0072151335,            -0.0624180013,            -0.0060791356,            -0.2361135647,             0.0144302670,            -0.0115651107,            -0.0004249085,             0.1593472360,            -0.0031034347,            -0.0057825553,            -0.0001078137,            -0.2440861426,            -0.0074183987,            -0.0504883263
             0.6201673298,            -0.0092316666,             0.0114764170,            -0.0128968372,             0.0431531761,            -0.0092316666,             0.5544552268,            -0.0551398342,             0.0004782281,            -0.0157938104,            -0.0155992655,            -0.0064484186,            -0.0728843524,            -0.0056777413,            -0.2356917727,            -0.0128968372,             0.0004782281,            -0.0021238161,             0.1487837843,             0.0212509212,             0.0002391141,             0.0132245932,            -0.2028357212,             0.0060096273,            -0.0836050954
             0.5907662298,             0.0235649330,            -0.0193179076,            -0.0106323733,             0.0539512819,             0.0235649330,             0.6023352527,             0.0794082541,             0.0105340609,             0.0701993350,            -0.0313675643,            -0.0053161866,            -0.0754499819,            -0.0075672796,            -0.2145761437,            -0.0106323733,             0.0105340609,            -0.0386994923,             0.1616139424,            -0.0193226199,             0.0052670304,            -0.0099206462,            -0.2203606552,             0.0021211566,            -0.0666784413
             0.6074095905,             0.0178522495,            -0.0814654627,             0.0227258705,            -0.0847253658,             0.0178522495,             0.6711311168,            -0.0508957758,            -0.0061642091,            -0.0492184539,            -0.0014521530,             0.0113629352,            -0.0657443125,             0.0033664988,            -0.2301225098,             0.0227258705,            -0.0061642091,            -0.0111192519,             0.1471645709,            -0.0034488580,            -0.0030821045,             0.0122015962,            -0.2619832730,             0.0072016957,            -0.0710611999
             0.6278727227,            -0.0418604685,            -0.0472778896,             0.0091857074,            -0.0475736855,            -0.0418604685,             0.5679829348,            -0.0274146511,             0.0116483722,            -0.0412502717,             0.0059720841,             0.0045928537,            -0.0759690839,            -0.0062414602,            -0.2363061970,             0.0091857074,             0.0116483722,             0.0293775480,             0.1552603287,             0.0201235756,             0.0058241861,            -0.0023249566,            -0.2063613030,            -0.0108684464,            -0.0676589779
             0.6270299795,            -0.0298913645,            -0.0027736648,            -0.0032764734,             0.0185423034,            -0.0298913645,             0.6072245320,             0.0786484053,             0.0104395003,             0.0926319114,            -0.0054382340,            -0.0016382367,            -0.0781268959,             0.0056374751,            -0.2371082764,            -0.0032764734,             0.0104395003,             0.0411663147,             0.1528134267,             0.0193964767,             0.0052197501,             0.0053535164,            -0.2272055526,            -0.0052474439,            -0.0723386320
             0.6073108696,            -0.0042660695,             0.0065185572,             0.0129977067,             0.0277339851,            -0.0042660695,             0.5809587362,             0.0038598292,            -0.0117350418,            -0.0164767442,            -0.0164752349,             0.0064988534,            -0.0663706436,            -0.0019373223,            -0.2240459670,             0.0129977067,            -0.0117350418,             0.0003914250,             0.1592189355,             0.0119945645,            -0.0058675209,            -0.0036694333,            -0.2108699004,             0.0038642475,            -0.0703462999
             0.6308009264,             0.0105431305,            -0.0007610461,             0.0203759923,             0.0440360575,             0.0105431305,             0.6162563715,             0.0726216511,            -0.0002768960,             0.0601077596,            -0.0225369998,             0.0101879962,            -0.0691216590,             0.0098919833,            -0.2389110718,             0.0203759923,            -0.0002768960,             0.0092408361,             0.1529787827,            -0.0029842428,            -0.0001384480,             0.0039310504,            -0.2316387944,             0.0037794439,            -0.0671073733
             0.6342014098,             0.0023484778,            -0.0100883042,            -0.0058632293,            -0.0208333166,             0.0023484778,             0.5873840069,            -0.0367378384,             0.0046457139,            -0.0479956515,             0.0076953631,            -0.0029316146,            -0.0719876007,             0.0005688761,            -0.2387444168,            -0.0058632293,             0.0046457139,            -0.0012107257,             0.1567125762,            -0.0054175349,             0.0023228569,            -0.0085605212,            -0.2153357153,            -0.0015345285,            -0.0676368706
             0.6241651311,            -0.0226530621,            -0.0119491104,            -0.0015551222,            -0.0087536750,            -0.0226530621,             0.6149174925,            -0.0014014607,            -0.0096330897,             0.0545155028,            -0.0064142625,            -0.0007775611,            -0.0717773197,            -0.0116941673,            -0.2324550991,            -0.0015551222,            -0.0096330897,            -0.0007352726,             0.1592549329,             0.0104401040,            -0.0048165449,             0.0271809207,            -0.2278312798,            -0.0061064790,            -0.0631192941
             0.6426528458,             0.0021729971,             0.0099256604,             0.0013945324,             0.0482024849,             0.0021729971,             0.5989744604,            -0.0453538603,             0.0050387610,            -0.0696893914,            -0.0166190318,             0.0006972662,            -0.0640410227,            -0.0009878553,            -0.2410596160,             0.0013945324,             0.0050387610,            -0.0041487077,             0.1605336137,             0.0102387675,             0.0025193805,            -0.0114704994,            -0.2192204233,             0.0062058823,            -0.0687665529
             0.6361883453,             0.0260492059,            -0.0256486528,            -0.0003623776,             0.0283483481,             0.0260492059,             0.5665658447,             0.0524832748,             0.0066685401,             0.0483007715,            -0.0236642304,            -0.0001811888,            -0.0671427271,            -0.0046278569,            -0.2433787446,            -0.0003623776,             0.0066685401,            -0.0353049196,             0.1494308561,            -0.0187686663,             0.0033342701,            -0.0022724405,            -0.2085674943,             0.0036402698,            -0.0742473031
             0.5881225943,             0.0235423296,            -0.0792930313,            -0.0148033117,            -0.0660804391,             0.0235423296,             0.5993385594,             0.0522254327,            -0.0015408316,             0.0037616190,            -0.0073767119,            -0.0074016558,            -0.0491689756,             0.0124972612,            -0.2176921527,            -0.0148033117,            -0.0015408316,             0.0014521927,             0.1527382889,            -0.0049944333,            -0.0007704158,            -0.0316335627,            -0.2233001353,             0.0092739482,            -0.0626495208
             0.5879738671,            -0.0145952545,            -0.0433559715,             0.0030243212,            -0.0421456813,            -0.0145952545,             0.5660634282,             0.0145762292,             0.0196934289,            -0.0052460241,             0.0092415694,             0.0015121606,            -0.0488623775,             0.0054569266,            -0.2148822606,             0.0030243212,             0.0196934289,             0.0255091077,             0.1582093459,             0.0155567938,             0.0098467145,            -0.0083989661,            -0.2039270411,             0.0004807696,            -0.0692906435
             0.6191388859,            -0.0100806075,             0.0067827679,             0.0200103839,            -0.0104475236,            -0.0100806075,             0.5654778616,            -0.0291180678,             0.0144470787,             0.0061748542,             0.0158386851,             0.0100051919,            -0.0599952202,             0.0006447341,            -0.2345373090,             0.0200103839,             0.0144470787,             0.0113700757,             0.1500642680,            -0.0097276210,             0.0072235394,             0.0276516530,            -0.2077067968,            -0.0099041143,            -0.0640364066
             0.6485362780,            -0.0081822387,            -0.0023261558,             0.0034733403,            -0.0199544782,            -0.0081822387,             0.5889681840,            -0.0542361711,             0.0124946988,            -0.0349596696,             0.0150615106,             0.0017366701,            -0.0669154262,            -0.0115090211,            -0.2475211274,             0.0034733403,             0.0124946988,            -0.0148358035,             0.1534940232,             0.0048860134,             0.0062473494,             0.0113749209,            -0.2177370804,            -0.0016481127,            -0.0715104901
             0.6449334655,             0.0057182393,            -0.0214306586,             0.0058581733,            -0.0295564527,             0.0057182393,             0.6013747011,            -0.0051562234,             0.0111132560,             0.0128921921,             0.0096195250,             0.0029290867,            -0.0699029570,             0.0005979783,            -0.2365780991,             0.0058581733,             0.0111132560,            -0.0045222828,             0.1717772674,            -0.0036818043,             0.0055566280,             0.0119532944,            -0.2147987168,             0.0010182175,            -0.0683658503
             0.6389397546,             0.0135993522,            -0.0065691803,            -0.0045279880,            -0.0235900225,             0.0135993522,             0.5936603719,             0.0272070152,             0.0121174800,            -0.0076647827,             0.0145691611,            -0.0022639940,            -0.0749341194,             0.0151044447,            -0.2455314128,            -0.0045279880,             0.0121174800,             0.0166095371,             0.1478769291,             0.0005032095,             0.0060587400,            -0.0196998929,            -0.2228917214,             0.0070512809,            -0.0734719029
             0.5849815845,            -0.0181229457,            -0.0133846973,            -0.0316143463,            -0.0507816273,            -0.0181229457,             0.6358595510,            -0.0225879917,             0.0065064982,             0.0518848516,             0.0219517140,            -0.0158071732,            -0.0721267897,            -0.0120075516,            -0.2141534243,            -0.0316143463,             0.0065064982,            -0.0058921574,             0.1566747360,            -0.0053646565,             0.0032532491,             0.0214292485,            -0.2395924075,            -0.0117438011,            -0.0649005456
             0.5752341967,            -0.0081914752,            -0.0399885097,             0.0166561722,             0.0219463941,            -0.0081914752,             0.5616562474,            -0.0508934623,             0.0303056054,            -0.0792139062,            -0.0158146492,             0.0083280861,            -0.0640026296,            -0.0066112270,            -0.2173677664,             0.0166561722,             0.0303056054,            -0.0050309788,             0.1404986639,             0.0151053593,             0.0151528027,            -0.0058321358,            -0.2105787918,             0.0034569420,            -0.0642078556
             0.5987293537,             0.0482689628,            -0.0532640220,             0.0017397729,            -0.0265442304,             0.0482689628,             0.6013040310,             0.0554082278,             0.0279158774,             0.0969850904,             0.0005980429,             0.0008698864,            -0.0609806851,             0.0179842116,            -0.2274130525,             0.0017397729,             0.0279158774,            -0.0123005395,             0.1439032487,            -0.0359081644,             0.0139579387,             0.0216583177,            -0.2287003911,             0.0061803992,            -0.0698046900
             0.6094054888,            -0.0280171527,            -0.0508459245,             0.0162801828,            -0.1052159181,            -0.0280171527,             0.6248612350,            -0.0150229851,            -0.0053898534,            -0.0837297436,             0.0244900701,             0.0081400914,            -0.0693590856,            -0.0115069093,            -0.2263830259,             0.0162801828,            -0.0053898534,             0.0050033342,             0.1566394370,             0.0223499368,            -0.0026949267,            -0.0262132878,            -0.2341108990,            -0.0028336080,            -0.0671582631
             0.6436950130,            -0.0648377414,            -0.0101864282,             0.0035820958,             0.0057708047,            -0.0648377414,             0.5576777861,             0.0452162458,             0.0007959611,             0.0416269287,            -0.0075806359,             0.0017910479,            -0.0742366605,            -0.0100785084,            -0.2485587096,             0.0035820958,             0.0007959611,             0.0446807246,             0.1465775938,             0.0306592055,             0.0003979805,            -0.0000036107,            -0.2055500962,            -0.0170892680,            -0.0690885123
             0.6059745865,             0.0427530551,             0.0680563478,            -0.0168651394,             0.0629112805,             0.0427530551,             0.6506216625,            -0.0275711496,             0.0093917797,             0.0011007408,             0.0072684235,            -0.0084325697,            -0.0545065122,             0.0190463251,            -0.2228239633,            -0.0168651394,             0.0093917797,            -0.0046604048,             0.1603266599,            -0.0318485014,             0.0046958898,             0.0059033755,            -0.2451475013,             0.0054522768,            -0.0678138403
             0.6097518463,            -0.0031045691,             0.0613477967,             0.0191843074,            -0.0585170390,            -0.0031045691,             0.6143087869,            -0.0861204002,            -0.0284249262,            -0.0557717391,             0.0457199548,             0.0095921537,            -0.0804918984,            -0.0081599729,            -0.2260658972,             0.0191843074,            -0.0284249262,            -0.0132153767,             0.1576200519,            -0.0039423393,            -0.0142124631,             0.0247664843,            -0.2283443675,            -0.0035234542,            -0.0669475310
             0.6354317087,            -0.0157036228,             0.0432145434,             0.0095538693,             0.0400972429,            -0.0157036228,             0.5971208331,             0.0146462917,             0.0179762247,             0.0091711654,             0.0105467626,             0.0047769347,            -0.0724879392,            -0.0132513359,            -0.2436303499,             0.0095538693,             0.0179762247,            -0.0107990491,             0.1481710090,             0.0382612621,             0.0089881123,             0.0020393715,            -0.2244749120,             0.0112788197,            -0.0843612109
             0.6394879397,             0.0491511893,             0.0002171852,            -0.0138845230,             0.0097532455,             0.0491511893,             0.6394696491,             0.0654244595,             0.0118968849,             0.0421144573,             0.0011804123,            -0.0069422615,            -0.0668034550,             0.0044216822,            -0.2389759462,            -0.0138845230,             0.0118968849,            -0.0403078248,             0.1615360473,            -0.0462727032,             0.0059484425,            -0.0185972626,            -0.2389668009,             0.0014392430,            -0.0747916889
             0.6255326331,             0.0002923651,             0.0281997814,            -0.0008853567,             0.0493689090,             0.0002923651,             0.6092548205,             0.0011786039,             0.0106927383,            -0.0094664684,            -0.0052381947,            -0.0004426784,            -0.0738769588,            -0.0037024117,            -0.2394137384,            -0.0008853567,             0.0106927383,            -0.0076971884,             0.1467051563,             0.0109876864,             0.0053463691,            -0.0057652145,            -0.2312748321,             0.0056400257,            -0.0660825030
             0.6302809819,             0.0202954338,            -0.0164045213,            -0.0129714837,            -0.0481829518,             0.0202954338,             0.6095844956,            -0.0462948606,             0.0011619036,             0.0030670808,             0.0164701670,            -0.0064857418,            -0.0617967772,             0.0013236321,            -0.2361527733,            -0.0129714837,             0.0011619036,            -0.0176481696,             0.1579754352,            -0.0327807197,             0.0005809518,             0.0181952289,            -0.2258045302,            -0.0062426430,            -0.0776530474
             0.5989865265,            -0.0235047118,            -0.0222657431,            -0.0089560100,            -0.0363096682,            -0.0235047118,             0.6048251853,            -0.0115020912,             0.0024147535,            -0.0102049348,             0.0082293393,            -0.0044780050,            -0.0651218193,            -0.0077718844,            -0.2241482824,            -0.0089560100,             0.0024147535,             0.0079609429,             0.1506899617,             0.0383246143,             0.0012073767,            -0.0038294268,            -0.2270676118,             0.0074099512,            -0.0735512641
             0.5870412524,            -0.0007557030,            -0.0282676006,             0.0003005866,             0.0081326226,            -0.0007557030,             0.6212210478,             0.0231004057,             0.0141583145,             0.0326190364,            -0.0111209544,             0.0001502933,            -0.0769340158,            -0.0030644307,            -0.2147379432,             0.0003005866,             0.0141583145,            -0.0053731584,             0.1575653660,            -0.0212161090,             0.0070791573,             0.0049096086,            -0.2318278409,            -0.0109859060,            -0.0660086406
             0.6171863027,            -0.0129920232,            -0.0095761036,             0.0095853625,            -0.0256240553,            -0.0129920232,             0.6173447923,             0.0043297904,            -0.0157879818,            -0.0233847458,             0.0001299849,             0.0047926813,            -0.0777203995,            -0.0000738104,            -0.2362711846,             0.0095853625,            -0.0157879818,             0.0128444024,             0.1446439335,             0.0156179006,            -0.0078939909,            -0.0090645868,            -0.2363504294,             0.0013129387,            -0.0704048990
             0.6068873447,             0.0023464397,             0.0193221818,            -0.0165532687,             0.0397580888,             0.0023464397,             0.6099931827,            -0.0030500565,             0.0098442288,             0.0201394601,            -0.0052958391,            -0.0082766343,            -0.0766193076,             0.0135176323,            -0.2276382335,            -0.0165532687,             0.0098442288,             0.0246888250,             0.1516108776,            -0.0043351663,             0.0049221144,             0.0033181240,            -0.2291911525,            -0.0009943633,            -0.0694776214
             0.5670314405,             0.0235430092,             0.0238523647,            -0.0069864796,            -0.0132301118,             0.0235430092,             0.5999731112,             0.0094029200,             0.0023281557,            -0.0082313220,             0.0197053161,            -0.0034932398,            -0.0797585680,            -0.0001317191,            -0.2094674933,            -0.0069864796,             0.0023281557,            -0.0238064474,             0.1480964539,            -0.0136163689,             0.0011640778,            -0.0123103608,            -0.2259383286,             0.0049633201,            -0.0599042565
             0.5648589320,             0.0069348870,            -0.0286292367,            -0.0036892479,            -0.0452125651,             0.0069348870,             0.6245527194,            -0.0155523607,             0.0187853313,             0.0154509004,             0.0176843299,            -0.0018446239,            -0.0744031793,            -0.0065221242,            -0.2088971180,            -0.0036892479,             0.0187853313,            -0.0199791354,             0.1470646960,             0.0085996953,             0.0093926657,             0.0136570066,            -0.2387440117,             0.0077672912,            -0.0750209267
             0.5844179405,             0.0229465541,            -0.0586811498,             0.0141179658,            -0.0830566017,             0.0229465541,             0.6223610953,            -0.0357957184,             0.0258149368,            -0.0252729396,             0.0250951943,             0.0070589829,            -0.0720133298,             0.0115167185,            -0.2149871408,             0.0141179658,             0.0258149368,             0.0000868829,             0.1544436589,            -0.0216622118,             0.0129074684,             0.0123203723,            -0.2339587182,             0.0006421711,            -0.0660444973
             0.6233735978,            -0.0265837490,            -0.0477292005,             0.0125049226,            -0.0829493999,            -0.0265837490,             0.6312346014,            -0.0010769756,             0.0102110853,             0.0069926749,             0.0227156424,             0.0062524613,            -0.0859146428,            -0.0065823882,            -0.2375440974,             0.0125049226,             0.0102110853,             0.0134189726,             0.1482854029,             0.0239113308,             0.0051055426,             0.0102872866,            -0.2414745992,            -0.0013362091,            -0.0717450678
             0.6308371405,            -0.0045458760,            -0.0193863968,            -0.0049583315,            -0.0122935001,            -0.0045458760,             0.6536026152,            -0.0212022986,             0.0418280023,             0.0072493365,             0.0173675528,            -0.0024791658,            -0.0747244588,            -0.0023702466,            -0.2391936489,            -0.0049583315,             0.0418280023,            -0.0001946172,             0.1524498426,            -0.0132590337,             0.0209140011,             0.0117466518,            -0.2505763863,            -0.0089024549,            -0.0838449128
             0.6125941141,            -0.0020603564,            -0.0289057990,            -0.0078123743,            -0.0544455199,            -0.0020603564,             0.6136019711,             0.0141156407,             0.0028990513,            -0.0214925767,             0.0142193861,            -0.0039061871,            -0.0675534529,            -0.0058310760,            -0.2277632616,            -0.0078123743,             0.0028990513,            -0.0096017957,             0.1570675910,            -0.0055939034,             0.0014495257,            -0.0217102958,            -0.2282671901,            -0.0038271299,            -0.0722685219
             0.5978898352,            -0.0297217300,            -0.0097528276,            -0.0032321330,            -0.0397130017,            -0.0297217300,             0.6098285023,             0.0919644121,            -0.0136960756,             0.0638528526,             0.0081320493,            -0.0016160665,            -0.0667049930,             0.0031822999,            -0.2215652624,            -0.0032321330,            -0.0136960756,             0.0360863299,             0.1547593104,             0.0095799928,            -0.0068480378,            -0.0156718462,            -0.2275345960,            -0.0100708686,            -0.0728435147
             0.6000417320,            -0.0241815993,             0.0659712457,             0.0130997080,             0.0861680486,            -0.0241815993,             0.6348700226,            -0.0287151306,             0.0162996239,            -0.0463063829,            -0.0019485895,             0.0065498540,            -0.0723407651,            -0.0062520075,            -0.2236016337,             0.0130997080,             0.0162996239,             0.0116775843,             0.1528384646,             0.0271195697,             0.0081498119,            -0.0022457722,            -0.2410157790,             0.0014689852,            -0.0604050648
             0.6310320872,             0.0548598176,             0.0384116668,            -0.0005365608,            -0.0228038283,             0.0548598176,             0.6304081166,            -0.0622450713,            -0.0221737060,             0.0011909888,             0.0195208946,            -0.0002682804,            -0.0779635275,             0.0119992271,            -0.2373259329,            -0.0005365608,            -0.0221737060,            -0.0308613634,             0.1563802213,            -0.0504016034,            -0.0110868530,             0.0314497496,            -0.2370139476,             0.0022291071,            -0.0853896603
             0.6204238251,            -0.0279199688,             0.0179672182,            -0.0094752829,            -0.0177384296,            -0.0279199688,             0.6019338983,             0.0110193997,            -0.0089595333,             0.0045574593,             0.0133730573,            -0.0047376415,            -0.0919557529,            -0.0101676789,            -0.2363576782,            -0.0094752829,            -0.0089595333,             0.0075846110,             0.1477084688,             0.0495112706,            -0.0044797666,            -0.0079686117,            -0.2271127148,             0.0107956509,            -0.0768152968
             0.5992967229,             0.0018985227,            -0.0233365849,            -0.0103388808,             0.0371890737,             0.0018985227,             0.6127246085,             0.0955188385,             0.0316771473,             0.0706940038,            -0.0144242556,            -0.0051694404,            -0.0707024889,            -0.0127756182,            -0.2187908288,            -0.0103388808,             0.0316771473,            -0.0274497591,             0.1617150653,            -0.0107142382,             0.0158385737,            -0.0175818578,            -0.2255047716,            -0.0044078577,            -0.0656792050
             0.5965500667,             0.0269806508,            -0.0690410146,             0.0080523876,            -0.0868425883,             0.0269806508,             0.6570602095,            -0.0216941611,            -0.0170996010,            -0.0309906644,             0.0003509864,             0.0040261938,            -0.0573026272,             0.0017412829,            -0.2254130894,             0.0080523876,            -0.0170996010,            -0.0234980850,             0.1457238878,            -0.0130452091,            -0.0085498005,            -0.0006220579,            -0.2556681609,             0.0069677208,            -0.0706195479
             0.6213649929,            -0.0423724063,            -0.0637309620,             0.0039640597,             0.0090788674,            -0.0423724063,             0.5839301441,            -0.0533899605,             0.0183634824,            -0.0196173881,            -0.0272231735,             0.0019820298,            -0.0794960965,            -0.0122111639,            -0.2283627050,             0.0039640597,             0.0183634824,             0.0179500785,             0.1646395829,             0.0186544794,             0.0091817412,             0.0188683160,            -0.2096452806,            -0.0118589635,            -0.0701812215
             0.6256466861,             0.0093929927,            -0.0323128138,             0.0204575455,             0.0467779526,             0.0093929927,             0.6310392569,             0.0550078885,             0.0124798148,             0.0423921889,            -0.0333054758,             0.0102287728,            -0.0678817779,             0.0103576324,            -0.2360180245,             0.0204575455,             0.0124798148,             0.0113222722,             0.1536106371,            -0.0138972022,             0.0062399074,             0.0039209230,            -0.2387143099,            -0.0022521048,            -0.0792941542
             0.6213765588,             0.0221588825,            -0.0015998872,            -0.0219892317,            -0.0167351351,             0.0221588825,             0.6323756455,            -0.0318088224,            -0.0090495585,            -0.0165709622,             0.0030428447,            -0.0109946158,            -0.0754059660,             0.0092625597,            -0.2301090944,            -0.0219892317,            -0.0090495585,            -0.0036337631,             0.1611583701,            -0.0112718096,            -0.0045247793,            -0.0033756858,            -0.2356086377,             0.0054435365,            -0.0693461522
             0.6165898807,             0.0261204690,            -0.0374989544,             0.0119877884,            -0.0662690096,             0.0261204690,             0.6436707145,            -0.0351313292,             0.0061437434,            -0.0292699836,             0.0174568993,             0.0059938942,            -0.0686662499,             0.0118792049,            -0.2284741367,             0.0119877884,             0.0061437434,            -0.0023620592,             0.1596416072,            -0.0230432477,             0.0030718717,             0.0089245670,            -0.2420145536,             0.0015386106,            -0.0684844487
             0.6418045670,            -0.0284538187,            -0.0291551109,            -0.0083610806,            -0.0688832103,            -0.0284538187,             0.6073185959,            -0.0250227038,            -0.0065825840,            -0.0276248172,             0.0165727577,            -0.0041805403,            -0.0733846458,            -0.0028922154,            -0.2469600987,            -0.0083610806,            -0.0065825840,             0.0226693879,             0.1478843697,             0.0107228309,            -0.0032912920,            -0.0054815970,            -0.2297171131,            -0.0088654939,            -0.0843842195
             0.6068688899,            -0.0320637332,             0.0242373995,             0.0069282503,             0.0328293546,            -0.0320637332,             0.6250771181,             0.0553988265,             0.0168087906,             0.0477128697,             0.0041084178,             0.0034641251,            -0.0863808556,            -0.0112956755,            -0.2229738150,             0.0069282503,             0.0168087906,             0.0094723822,             0.1609212599,             0.0177193278,             0.0084043953,            -0.0003788533,            -0.2320779291,            -0.0071722027,            -0.0616236224
             0.6211042018,             0.0292462729,             0.0314532270,             0.0022336853,             0.0105540834,             0.0292462729,             0.6369269828,            -0.0144804461,            -0.0049116218,            -0.0337113275,             0.0079937609,             0.0011168427,            -0.0692298743,             0.0138490669,            -0.2364560642,             0.0022336853,            -0.0049116218,            -0.0015481390,             0.1481920734,            -0.0269013951,            -0.0024558109,            -0.0084985980,            -0.2443674547,             0.0011724389,            -0.0700964234
             0.6186662116,            -0.0118046058,             0.0237716587,            -0.0110289492,            -0.0172797618,            -0.0118046058,             0.5834435580,             0.0010178732,             0.0023033495,             0.0135756294,             0.0216773850,            -0.0055144746,            -0.0740022781,            -0.0124309689,            -0.2306383409,            -0.0110289492,             0.0023033495,            -0.0130573320,             0.1573895298,             0.0214659359,             0.0011516747,             0.0007644035,            -0.2130270141,             0.0048306650,            -0.0669278440
             0.6067935516,            -0.0070872414,            -0.0071636082,            -0.0026890579,             0.0061571536,            -0.0070872414,             0.6201399365,             0.0365636136,            -0.0044643729,             0.0271270207,            -0.0088925673,            -0.0013445289,            -0.0609563582,            -0.0068611319,            -0.2280989398,            -0.0026890579,            -0.0044643729,            -0.0066350223,             0.1505956719,            -0.0083789265,            -0.0022321864,            -0.0060628254,            -0.2347721323,            -0.0077330840,            -0.0736566774
             0.5866181849,            -0.0024671861,            -0.0120356565,            -0.0096684576,             0.0168614105,            -0.0024671861,             0.5918940072,            -0.0332284428,            -0.0079470136,            -0.0258807313,            -0.0184220403,            -0.0048342288,            -0.0675972998,             0.0023194598,            -0.2187175445,            -0.0096684576,            -0.0079470136,             0.0071061057,             0.1491830959,             0.0022326808,            -0.0039735068,            -0.0011603731,            -0.2213554557,            -0.0001172526,            -0.0636145616
             0.5848133211,             0.0141015326,             0.0332222034,             0.0146462965,             0.0155634380,             0.0141015326,             0.6299321916,            -0.0015650663,             0.0023011858,             0.0357416696,             0.0099799756,             0.0073231482,            -0.0742697854,             0.0195998542,            -0.2130319550,             0.0146462965,             0.0023011858,             0.0250981757,             0.1587494111,            -0.0041324722,             0.0011505929,             0.0259765162,            -0.2355913902,             0.0049845302,            -0.0652508878
             0.6112577278,            -0.0001399890,             0.0296781733,            -0.0054506422,            -0.0084340278,            -0.0001399890,             0.6382346738,            -0.0786099483,            -0.0055832168,            -0.0633793956,             0.0162644922,            -0.0027253211,            -0.0826922446,            -0.0082793266,            -0.2378861756,            -0.0054506422,            -0.0055832168,            -0.0164186641,             0.1354853766,            -0.0090718992,            -0.0027916084,             0.0048899553,            -0.2513746486,            -0.0046059441,            -0.0752282186
             0.6007728846,            -0.0169586435,             0.0017394143,            -0.0150985641,             0.0239814911,            -0.0169586435,             0.6401633712,             0.0012082221,            -0.0029613032,             0.0413052328,            -0.0126016900,            -0.0075492821,            -0.0819608684,            -0.0182944266,            -0.2189397553,            -0.0150985641,            -0.0029613032,            -0.0196302097,             0.1628933741,             0.0216276877,            -0.0014806516,             0.0124992233,            -0.2386349985,             0.0023345221,            -0.0725233874
             0.5943829454,             0.0068780894,             0.0207849187,             0.0027943000,             0.0345900981,             0.0068780894,             0.6819648918,             0.0230862861,            -0.0228744789,            -0.0013727388,            -0.0183398292,             0.0013971500,            -0.0752215363,             0.0008704188,            -0.2190886730,             0.0027943000,            -0.0228744789,            -0.0051372518,             0.1562055994,            -0.0195398706,            -0.0114372395,            -0.0108323624,            -0.2628796462,            -0.0063308906,            -0.0792513395
             0.6139003697,            -0.0106553850,             0.0223887675,            -0.0047455383,             0.0431003073,            -0.0106553850,             0.6170704423,             0.0143724453,            -0.0061441454,            -0.0298526644,            -0.0134278426,            -0.0023727692,            -0.0892561047,             0.0025541453,            -0.2332202693,            -0.0047455383,            -0.0061441454,             0.0157636756,             0.1474598311,             0.0151102871,            -0.0030720727,            -0.0244853240,            -0.2348053056,             0.0022274511,            -0.0796984007
             0.5963554308,             0.0390109452,             0.0029602745,            -0.0172401672,             0.0280240746,             0.0390109452,             0.6167969051,             0.0682643217,             0.0086069134,             0.0479394301,            -0.0082284433,            -0.0086200836,            -0.0719567831,             0.0015865364,            -0.2221866219,            -0.0172401672,             0.0086069134,            -0.0358378724,             0.1519821869,            -0.0202332235,             0.0043034567,            -0.0187825294,            -0.2324073591,             0.0093888609,            -0.0707841111
             0.6062643894,             0.0117461763,            -0.0710670924,             0.0209935787,            -0.0434381875,             0.0117461763,             0.6527236641,            -0.0262463592,            -0.0109027454,            -0.0238723969,            -0.0192658252,             0.0104967894,            -0.0655609328,             0.0053703261,            -0.2270179087,             0.0209935787,            -0.0109027454,            -0.0010055242,             0.1522285720,            -0.0021586202,            -0.0054513727,             0.0116837705,            -0.2502475461,             0.0047937781,            -0.0558173421
             0.6232604206,            -0.0365519567,            -0.0366364775,            -0.0072047194,            -0.0007904033,            -0.0365519567,             0.5948875303,            -0.0877022374,            -0.0012944712,            -0.0529608598,            -0.0185702727,            -0.0036023597,            -0.0679825828,            -0.0051782395,            -0.2356225625,            -0.0072047194,            -0.0012944712,             0.0261954776,             0.1520152955,             0.0121981195,            -0.0006472356,             0.0137683291,            -0.2214361174,            -0.0121769186,            -0.0866089412
             0.6064442810,            -0.0333784650,             0.0088514464,            -0.0026649679,             0.0650408560,            -0.0333784650,             0.5769586564,             0.0534356730,            -0.0021127788,             0.0301717947,            -0.0291510942,            -0.0013324840,            -0.0708115995,            -0.0100562231,            -0.2255365539,            -0.0026649679,            -0.0021127788,             0.0132660187,             0.1553711733,             0.0078977279,            -0.0010563894,            -0.0129644231,            -0.2107937416,            -0.0127403685,            -0.0709993060
             0.5927501982,             0.0402259261,             0.0147097255,            -0.0029247661,             0.0563582819,             0.0402259261,             0.6799948823,             0.0260760069,             0.0015220065,             0.0157905550,            -0.0200632749,            -0.0014623830,            -0.0783519451,             0.0249497884,            -0.2222635947,            -0.0029247661,             0.0015220065,             0.0096736506,             0.1482230088,            -0.0228332232,             0.0007610032,            -0.0066051090,            -0.2658859368,             0.0086963514,            -0.0731283409
             0.6024020717,            -0.0127241287,             0.0386456389,             0.0196992784,            -0.0543020547,            -0.0127241287,             0.5818698325,            -0.0296298667,            -0.0427158229,            -0.0418990231,             0.0251159353,             0.0098496392,            -0.0769346274,             0.0056245037,            -0.2238975979,             0.0196992784,            -0.0427158229,             0.0239731360,             0.1546068760,            -0.0033896998,            -0.0213579115,             0.0037150610,            -0.2136314783,            -0.0080569142,            -0.0601634907
             0.6161213359,            -0.0397997022,             0.0834867323,            -0.0000111793,             0.0678475149,            -0.0397997022,             0.6070796805,             0.0366310740,             0.0239679885,             0.0366061003,             0.0198036029,            -0.0000055897,            -0.0588028377,            -0.0087642233,            -0.2355916094,            -0.0000111793,             0.0239679885,             0.0222712555,             0.1449381171,             0.0633343656,             0.0119839943,            -0.0000180765,            -0.2310707817,             0.0117673317,            -0.0831778204
             0.6657591878,             0.0397816037,             0.0545546281,             0.0058227235,            -0.0060219414,             0.0397816037,             0.6235887652,            -0.0334970336,            -0.0196513299,            -0.0356320515,             0.0204626198,             0.0029113617,            -0.0613260965,             0.0033532955,            -0.2508444021,             0.0058227235,            -0.0196513299,            -0.0330750128,             0.1640703836,            -0.0575060021,            -0.0098256650,             0.0018438528,            -0.2297591908,            -0.0088621992,            -0.0657413778
             0.6507194082,            -0.0168196586,             0.0209330634,            -0.0075180959,            -0.0156850900,            -0.0168196586,             0.6170777848,            -0.0103009922,            -0.0167989236,             0.0171256805,             0.0099096149,            -0.0037590480,            -0.0644478661,            -0.0085954453,            -0.2472399218,            -0.0075180959,            -0.0167989236,            -0.0003712320,             0.1562395647,             0.0456755283,            -0.0083994618,             0.0099542884,            -0.2304191100,             0.0144279348,            -0.0788955510
             0.5970481945,            -0.0004260678,             0.0009159507,             0.0082515206,             0.0013885719,            -0.0004260678,             0.6182254402,            -0.0731931994,            -0.0017781821,            -0.0599205371,            -0.0011254016,             0.0041257603,            -0.0826617245,            -0.0036017207,            -0.2245242434,             0.0082515206,            -0.0017781821,            -0.0067773737,             0.1479997076,            -0.0166571893,            -0.0008890911,             0.0107620914,            -0.2351128663,            -0.0085416285,            -0.0771698624
             0.6010189493,            -0.0207018448,            -0.0120963784,             0.0025168250,             0.0186773862,            -0.0207018448,             0.5952598259,             0.0609407173,            -0.0146581801,             0.0392648881,            -0.0227159723,             0.0012584125,            -0.0849912792,            -0.0027797721,            -0.2294906250,             0.0025168250,            -0.0146581801,             0.0151423006,             0.1420376994,             0.0235982519,            -0.0073290900,            -0.0095795021,            -0.2266110633,             0.0014482035,            -0.0804269535
             0.5993227734,             0.0100853607,            -0.0028544344,            -0.0039904092,             0.0696919544,             0.0100853607,             0.6680476932,             0.0744189295,             0.0194039069,             0.0601921852,            -0.0265712409,            -0.0019952046,            -0.0721134719,             0.0035035786,            -0.2191868211,            -0.0039904092,             0.0194039069,            -0.0030782034,             0.1609491312,            -0.0032286276,             0.0097019535,            -0.0091085767,            -0.2535492810,             0.0034283665,            -0.0603368532
             0.6041338980,             0.0153104813,            -0.0387662690,             0.0159376057,            -0.0391574560,             0.0153104813,             0.6024331519,            -0.0635148664,            -0.0128679895,            -0.0851273118,            -0.0062384013,             0.0079688029,            -0.0626291171,             0.0004239548,            -0.2250629871,             0.0159376057,            -0.0128679895,            -0.0144625716,             0.1540079238,            -0.0185778866,            -0.0064339948,            -0.0028374198,            -0.2242126140,            -0.0016337027,            -0.0689943780
             0.6282286310,            -0.0077766344,            -0.0286489189,             0.0090084965,            -0.0179368937,            -0.0077766344,             0.5801715054,             0.0344558224,             0.0118643281,             0.0478019384,             0.0005761515,             0.0045042483,            -0.0700750783,             0.0033405210,            -0.2402727480,             0.0090084965,             0.0118643281,             0.0144576764,             0.1476831350,             0.0228566978,             0.0059321641,             0.0111773063,            -0.2162441852,             0.0075400317,            -0.0741910989
             0.6087580480,             0.0023993842,             0.0141944533,            -0.0148165486,            -0.0308511675,             0.0023993842,             0.6119315926,             0.0310428936,            -0.0043016454,            -0.0076351149,             0.0203719877,            -0.0074082743,            -0.0790192030,             0.0102843739,            -0.2258160929,            -0.0148165486,            -0.0043016454,             0.0181693637,             0.1571258623,            -0.0187490607,            -0.0021508227,            -0.0267472785,            -0.2274028652,            -0.0081748383,            -0.0588594359
             0.6108318497,            -0.0096185925,             0.0415872938,             0.0036441235,             0.0354941740,            -0.0096185925,             0.5896965762,             0.0148690515,             0.0174001042,            -0.0012197911,             0.0117466120,             0.0018220618,            -0.0618489127,            -0.0011893888,            -0.2268450693,             0.0036441235,             0.0174001042,             0.0072398149,             0.1571417112,             0.0359810753,             0.0087000521,            -0.0062223595,            -0.2162774325,             0.0131812414,            -0.0733165707
             0.6385521781,             0.0098212196,            -0.0051720361,            -0.0084775700,            -0.0309463110,             0.0098212196,             0.6156358991,            -0.0763466391,            -0.0125234922,            -0.0256835029,             0.0066253913,            -0.0042387850,            -0.0627096321,            -0.0067839467,            -0.2439115474,            -0.0084775700,            -0.0125234922,            -0.0233891129,             0.1507290833,            -0.0324921801,            -0.0062617461,             0.0210927831,            -0.2324534079,            -0.0113354803,            -0.0699959738
             0.6416006469,            -0.0356216459,            -0.0135237723,             0.0100475065,             0.0047937638,            -0.0356216459,             0.5907320552,            -0.0226986841,            -0.0196658064,            -0.0241091694,            -0.0189916713,             0.0050237532,            -0.0620100519,            -0.0057733196,            -0.2343703649,             0.0100475065,            -0.0196658064,             0.0240750067,             0.1728599171,             0.0381300680,            -0.0098329032,             0.0043185106,            -0.2089360691,             0.0012542110,            -0.0751798197
             0.6494439212,            -0.0263303578,             0.0397707292,             0.0112672982,             0.0766792580,            -0.0263303578,             0.6098290156,             0.0607479540,            -0.0002149635,             0.0560209910,            -0.0185617461,             0.0056336491,            -0.0757091300,             0.0063761816,            -0.2503761813,             0.0112672982,            -0.0002149635,             0.0390827211,             0.1486915587,             0.0034789443,            -0.0001074817,             0.0032701676,            -0.2305687285,            -0.0114257068,            -0.0734937790
             0.6548016636,             0.0173188461,             0.0726342891,             0.0045036250,             0.0528113246,             0.0173188461,             0.6223447423,            -0.0052980719,            -0.0206653068,            -0.0308960892,            -0.0004211711,             0.0022518125,            -0.0666647694,             0.0099078840,            -0.2416295870,             0.0045036250,            -0.0206653068,             0.0024969218,             0.1715424895,            -0.0012763632,            -0.0103326534,            -0.0105471962,            -0.2254011264,             0.0080212415,            -0.0555147046
             0.6629576399,             0.0071322253,             0.0518446519,             0.0023990903,             0.0435177522,             0.0071322253,             0.5917117303,             0.0126067374,            -0.0133969195,             0.0072910683,            -0.0025350099,             0.0011995452,            -0.0559996975,            -0.0059282138,            -0.2537000471,             0.0023990903,            -0.0133969195,            -0.0189886528,             0.1555575458,            -0.0052581169,            -0.0066984597,            -0.0014582894,            -0.2180770923,             0.0009370542,            -0.0770117937
             0.6299889274,             0.0181124911,             0.0419652802,            -0.0235414359,             0.0062794345,             0.0181124911,             0.6128867633,            -0.0126070468,            -0.0131588396,             0.0327062696,             0.0112635030,            -0.0117707180,            -0.0623395007,             0.0085917624,            -0.2380487775,            -0.0235414359,            -0.0131588396,            -0.0009289663,             0.1538913724,             0.0044242530,            -0.0065794198,             0.0108859403,            -0.2294976955,             0.0112683721,            -0.0662886995
             0.5963297106,            -0.0055464371,             0.0388999728,             0.0125915650,            -0.0223808795,            -0.0055464371,             0.6067705978,            -0.0453927389,            -0.0087393527,            -0.0364325079,             0.0262707498,             0.0062957825,            -0.0639331536,            -0.0023049337,            -0.2185741431,             0.0125915650,            -0.0087393527,             0.0009365697,             0.1591814243,            -0.0155877874,            -0.0043696764,             0.0107758981,            -0.2237945867,            -0.0105671123,            -0.0729586764
             0.6376431038,            -0.0315397349,             0.0560842664,             0.0248539023,             0.0050248559,            -0.0315397349,             0.5751790039,             0.0400527020,            -0.0134002878,             0.0049742987,             0.0188295614,             0.0124269512,            -0.0802500891,            -0.0133682431,            -0.2404083431,             0.0248539023,            -0.0134002878,             0.0048032488,             0.1568264177,             0.0259022737,            -0.0067001439,            -0.0051122505,            -0.2091762931,            -0.0028187306,            -0.0741437400
             0.6325202807,             0.0100203013,             0.0682760262,            -0.0232548373,             0.0922839542,             0.0100203013,             0.6029214603,             0.0575845795,             0.0053679299,             0.0498632030,            -0.0093199991,            -0.0116274187,            -0.0660185699,            -0.0022265555,            -0.2427743198,            -0.0232548373,             0.0053679299,            -0.0144734122,             0.1469716411,            -0.0097441555,             0.0026839650,            -0.0154881069,            -0.2279749096,             0.0001380729,            -0.0612441684
             0.6098351130,             0.0252697660,             0.0123538510,             0.0029148467,            -0.0152506763,             0.0252697660,             0.6381963865,            -0.0829340674,            -0.0250908238,            -0.0355805001,             0.0012568517,             0.0014574233,            -0.0541790525,            -0.0012299654,            -0.2207628782,             0.0029148467,            -0.0250908238,            -0.0277296968,             0.1683093566,             0.0010609126,            -0.0125454119,             0.0251342070,            -0.2349435149,             0.0131653393,            -0.0736996064
             0.6397427947,             0.0194372333,            -0.0340993017,             0.0201047864,            -0.0130083957,             0.0194372333,             0.5425659050,            -0.0314804310,             0.0140603563,            -0.0409257033,            -0.0035152749,             0.0100523932,            -0.0709227279,            -0.0011017908,            -0.2475314218,             0.0201047864,             0.0140603563,            -0.0216408149,             0.1446799512,             0.0056825328,             0.0070301781,             0.0053297570,            -0.1989429769,             0.0125598830,            -0.0702365132
             0.6442249056,             0.0319377738,            -0.0820781466,            -0.0051351516,            -0.0465310978,             0.0319377738,             0.6461131185,             0.0445135921,             0.0188055348,             0.1021671092,            -0.0083707570,            -0.0025675758,            -0.0604759515,             0.0005466072,            -0.2422481658,            -0.0051351516,             0.0188055348,            -0.0308445595,             0.1597285741,            -0.0193730656,             0.0094027674,             0.0262591827,            -0.2431922722,             0.0062823541,            -0.0672643269
             0.6361556041,            -0.0074599166,            -0.0922973702,            -0.0135554408,            -0.0794411116,            -0.0074599166,             0.6239683696,            -0.0793214879,             0.0125763277,            -0.1105044507,            -0.0001399654,            -0.0067777204,            -0.0828820989,             0.0079788204,            -0.2407290760,            -0.0135554408,             0.0125763277,             0.0234175573,             0.1546974522,             0.0027054375,             0.0062881638,            -0.0223692018,            -0.2346354587,            -0.0023772395,            -0.0581779730
             0.6313961055,            -0.0271391156,            -0.0554535787,            -0.0093804811,            -0.0205299630,            -0.0271391156,             0.5887805439,             0.0553361901,             0.0239078915,             0.0794475559,            -0.0055078620,            -0.0046902405,            -0.0765994436,            -0.0019824893,            -0.2385724818,            -0.0093804811,             0.0239078915,             0.0231741371,             0.1542511419,             0.0209542742,             0.0119539458,             0.0073654424,            -0.2172647010,            -0.0030924207,            -0.0816689896
             0.6659485424,            -0.0183426386,             0.0696091064,             0.0186809886,             0.0331693468,            -0.0183426386,             0.5937788983,            -0.0368800892,            -0.0162050880,            -0.0579530244,             0.0101173358,             0.0093404943,            -0.0573107059,             0.0036453629,            -0.2554425637,             0.0186809886,            -0.0162050880,             0.0256333644,             0.1550634150,             0.0197766934,            -0.0081025440,            -0.0011959733,            -0.2193577416,             0.0007170274,            -0.0761695822
             0.6676114487,            -0.0024659054,             0.0890514153,            -0.0124261541,             0.0651733840,            -0.0024659054,             0.5625071514,             0.0564187244,            -0.0076897008,             0.0408030040,             0.0080941652,            -0.0062130770,            -0.0515430364,            -0.0050919054,            -0.2557455373,            -0.0124261541,            -0.0076897008,            -0.0077179055,             0.1561203740,            -0.0061015422,            -0.0038448504,            -0.0140209373,            -0.2031933887,            -0.0042837238,            -0.0734323572
             0.6234873267,             0.0167970099,             0.0302331702,            -0.0286544885,            -0.0096717575,             0.0167970099,             0.6474812929,             0.0048551277,            -0.0242909337,             0.0319631998,             0.0078069970,            -0.0143272442,            -0.0684717866,            -0.0002867316,            -0.2313329656,            -0.0286544885,            -0.0242909337,            -0.0173704730,             0.1608213956,            -0.0174814723,            -0.0121454669,            -0.0007732082,            -0.2433299486,            -0.0003422312,            -0.0614020436
             0.5933493636,            -0.0044517266,             0.0300200938,             0.0102969274,             0.0313033561,            -0.0044517266,             0.5820255933,            -0.0822549672,            -0.0026071930,            -0.0738256929,            -0.0019452276,             0.0051484637,            -0.0754545091,             0.0009226155,            -0.2193465066,             0.0102969274,            -0.0026071930,             0.0062969576,             0.1546563504,             0.0259440203,            -0.0013035965,             0.0093631008,            -0.2136846214,             0.0107461468,            -0.0655087991
             0.6225364678,             0.0223398004,             0.0176328967,             0.0029594261,             0.0151771548,             0.0223398004,             0.6070597888,             0.0145673867,             0.0023143072,             0.0540993127,             0.0023850245,             0.0014797130,            -0.0705546350,             0.0011522500,            -0.2400633338,             0.0029594261,             0.0023143072,            -0.0200353003,             0.1424098002,            -0.0312726267,             0.0011571536,             0.0212456760,            -0.2323249943,            -0.0044664132,            -0.0874665653
             0.6002062864,             0.0224288831,            -0.0181466679,            -0.0165626762,            -0.0354929241,             0.0224288831,             0.6171171605,             0.0117061677,             0.0161208959,            -0.0103601060,             0.0167335760,            -0.0082813381,            -0.0682486651,             0.0058914201,            -0.2234142972,            -0.0165626762,             0.0161208959,            -0.0106460429,             0.1533776921,             0.0032182651,             0.0080604479,            -0.0193144749,            -0.2318697342,             0.0128235741,            -0.0570448471
             0.5992494177,             0.0154553889,            -0.0537826480,            -0.0016999415,            -0.0587057856,             0.0154553889,             0.6385522613,             0.0027783405,             0.0141635506,             0.0213255245,             0.0095433441,            -0.0008499707,            -0.0592148690,            -0.0008857590,            -0.2245350723,            -0.0016999415,             0.0141635506,            -0.0172269070,             0.1501792730,            -0.0135652143,             0.0070817753,             0.0084236213,            -0.2441864942,             0.0009450873,            -0.0777424486
             0.6079555316,            -0.0273027730,            -0.0359214984,            -0.0002996288,            -0.0551551355,            -0.0273027730,             0.6043766706,            -0.0342610247,            -0.0003159459,            -0.0429593194,             0.0094588456,            -0.0001498144,            -0.0819371899,             0.0046846015,            -0.2251131405,            -0.0002996288,            -0.0003159459,             0.0366719760,             0.1577292505,             0.0122744225,            -0.0001579730,            -0.0044989617,            -0.2233237101,            -0.0075141752,            -0.0592712762
             0.6116305822,            -0.0264142071,             0.0107054844,            -0.0085059082,             0.0605054965,            -0.0264142071,             0.6014623263,             0.0291536596,             0.0248432036,             0.0338868373,            -0.0124784042,            -0.0042529541,            -0.0883991400,            -0.0137936404,            -0.2346257820,            -0.0085059082,             0.0248432036,            -0.0011730737,             0.1423790182,             0.0284782595,             0.0124216018,            -0.0018863652,            -0.2295416540,             0.0010320262,            -0.0799528842
             0.5684807416,             0.0325720995,            -0.0412795472,            -0.0090233951,             0.0134391840,             0.0325720995,             0.6292530485,            -0.0072824650,             0.0019258247,            -0.0082047276,            -0.0263964532,            -0.0045116975,            -0.0650606119,            -0.0042223527,            -0.2026153131,            -0.0090233951,             0.0019258247,            -0.0410168049,             0.1632501154,            -0.0239756427,             0.0009629123,            -0.0049728289,            -0.2330014666,             0.0042982284,            -0.0613436265
             0.5749854313,             0.0299883295,            -0.0779585784,             0.0175977275,            -0.0456187688,             0.0299883295,             0.6208159040,            -0.0212953502,             0.0045560170,            -0.0156392995,            -0.0138918963,             0.0087988637,            -0.0567248685,             0.0095980892,            -0.2135117996,             0.0175977275,             0.0045560170,            -0.0107921512,             0.1479618321,            -0.0058759043,             0.0022780085,             0.0116268891,            -0.2364270360,             0.0120562126,            -0.0683201552
             0.6132114374,            -0.0037244494,            -0.0901834387,            -0.0030919371,            -0.0601648262,            -0.0037244494,             0.6102492345,            -0.0148210841,             0.0214314397,            -0.0063869828,            -0.0042935864,            -0.0015459685,            -0.0627049681,             0.0027754373,            -0.2315945365,            -0.0030919371,             0.0214314397,             0.0092753240,             0.1500223644,             0.0060329664,             0.0107157198,             0.0026710821,            -0.2301134351,             0.0011542585,            -0.0745379749
             0.6124245730,            -0.0018833612,            -0.0635924651,             0.0174049451,            -0.0600461435,            -0.0018833612,             0.6375429487,             0.0320097750,             0.0270503013,             0.0296090706,             0.0117519898,             0.0087024726,            -0.0670721633,             0.0024971455,            -0.2253256088,             0.0174049451,             0.0270503013,             0.0068776521,             0.1617733553,            -0.0069027495,             0.0135251507,             0.0075021204,            -0.2378847967,            -0.0043930553,            -0.0682609293
             0.6375195888,            -0.0110380866,            -0.0488923193,            -0.0017162623,            -0.0560091506,            -0.0110380866,             0.6373381068,            -0.0179704582,             0.0167694089,            -0.0370733032,             0.0119431201,            -0.0008581311,            -0.0764985715,             0.0007044824,            -0.2443327923,            -0.0017162623,             0.0167694089,             0.0124470515,             0.1488540042,             0.0127974011,             0.0083847044,            -0.0104095537,            -0.2442420513,             0.0008796572,            -0.0759814614
             0.6312924806,             0.0072641393,            -0.0576864188,            -0.0149005933,            -0.0090956829,             0.0072641393,             0.5894686430,             0.0293805558,             0.0334928154,             0.0197354670,            -0.0075489603,            -0.0074502967,            -0.0679867310,            -0.0028813740,            -0.2392521377,            -0.0149005933,             0.0334928154,            -0.0130268872,             0.1527882052,             0.0002356748,             0.0167464077,            -0.0122728411,            -0.2183402189,             0.0037499071,            -0.0746636606
             0.6108787438,             0.0293879172,            -0.0767278643,            -0.0019379683,            -0.0714988862,             0.0293879172,             0.6291209334,             0.0310105995,             0.0201563245,             0.0062825998,             0.0074636732,            -0.0009689841,            -0.0544129665,             0.0109558535,            -0.2252450911,            -0.0019379683,             0.0201563245,            -0.0074762101,             0.1603885617,            -0.0153943705,             0.0100781622,            -0.0133329840,            -0.2343661858,             0.0069967734,            -0.0712955196
             0.6163544387,            -0.0308303930,            -0.0403816634,             0.0061276534,            -0.0870794934,            -0.0308303930,             0.6286758549,            -0.0412760992,             0.0007211384,            -0.0119760688,             0.0237094842,             0.0030638267,            -0.0771847237,             0.0005309885,            -0.2325941070,             0.0061276534,             0.0007211384,             0.0318923699,             0.1511662248,             0.0153723353,             0.0003605692,             0.0177138419,            -0.2387548151,            -0.0077290288,            -0.0630786185
             0.6276556861,            -0.0320698258,             0.0126499794,            -0.0036343036,             0.0359499869,            -0.0320698258,             0.5916060328,            -0.0666982088,             0.0308213320,            -0.0259089002,             0.0037606623,            -0.0018171518,            -0.0792629226,            -0.0077169039,            -0.2432080046,            -0.0036343036,             0.0308213320,             0.0166360181,             0.1412396769,             0.0074989304,             0.0154106660,             0.0185775025,            -0.2251831779,            -0.0122854477,            -0.0790567982
             0.5600489270,            -0.0004903238,             0.0246139925,            -0.0229346375,             0.0147221766,            -0.0004903238,             0.6725650744,            -0.0165340528,            -0.0327336430,             0.0450171897,            -0.0114209135,            -0.0114673187,            -0.0851630831,             0.0040215682,            -0.2030735235,            -0.0229346375,            -0.0327336430,             0.0085334602,             0.1539018799,            -0.0188262819,            -0.0163668215,             0.0193083025,            -0.2593315972,            -0.0096583028,            -0.0807964179
             0.5591124861,            -0.0206653115,             0.0439486519,             0.0284064254,             0.0638404386,            -0.0206653115,             0.6318863433,             0.0005058252,            -0.0058571349,            -0.0656174143,            -0.0128744608,             0.0142032127,            -0.0778554941,            -0.0000788795,            -0.2070800728,             0.0284064254,            -0.0058571349,             0.0205075526,             0.1449523405,             0.0331202183,            -0.0029285675,            -0.0188584070,            -0.2434670014,             0.0062274534,            -0.0661059697
             0.6005577955,             0.0197119293,             0.0424729953,             0.0073797533,             0.0723822886,             0.0197119293,             0.6217494457,             0.0792099287,             0.0031546887,             0.0720368211,            -0.0133773023,             0.0036898767,            -0.0744167460,             0.0015294275,            -0.2290459582,             0.0073797533,             0.0031546887,            -0.0166530744,             0.1424658791,            -0.0255680081,             0.0015773443,             0.0001033229,            -0.2396417833,            -0.0029280394,            -0.0725382822
             0.6286123261,             0.0321033108,            -0.0816913472,             0.0170618721,            -0.0695787686,             0.0321033108,             0.6318508599,            -0.0378940831,             0.0167888354,            -0.0625405319,             0.0023381284,             0.0085309360,            -0.0720040505,            -0.0010808612,            -0.2374809736,             0.0170618721,             0.0167888354,            -0.0342650332,             0.1536503789,            -0.0201010562,             0.0083944177,            -0.0037922884,            -0.2391002405,             0.0060011273,            -0.0766107209
             0.6254305546,            -0.0081478601,            -0.1216407308,            -0.0280497306,            -0.0889861974,            -0.0081478601,             0.6018866374,             0.0336180766,             0.0122313693,             0.0484367502,            -0.0102115821,            -0.0140248653,            -0.0715499544,             0.0014995602,            -0.2433703995,            -0.0280497306,             0.0122313693,             0.0111469804,             0.1386897557,             0.0096726876,             0.0061156847,            -0.0066155285,            -0.2315984409,             0.0007624137,            -0.0778625452
             0.5635880907,            -0.0274200071,            -0.0410290299,             0.0086942225,            -0.0412486023,            -0.0274200071,             0.6350747989,             0.0578873638,             0.0196251720,             0.0142516757,             0.0099223722,             0.0043471113,            -0.0700607297,             0.0047870504,            -0.1997430998,             0.0086942225,             0.0196251720,             0.0369941080,             0.1641018912,             0.0086577209,             0.0098125860,            -0.0174707328,            -0.2354864538,            -0.0093811431,            -0.0555376583
             0.6231374423,            -0.0227383040,            -0.0003282398,             0.0238347856,             0.0285720713,            -0.0227383040,             0.6166671256,            -0.0262747170,             0.0155981664,            -0.0311228999,            -0.0066510724,             0.0119173928,            -0.0628285136,            -0.0089395418,            -0.2373250169,             0.0238347856,             0.0155981664,             0.0048592204,             0.1484874086,             0.0130927587,             0.0077990832,             0.0094933014,            -0.2340898585,            -0.0048227727,            -0.0691525423
             0.6548966599,             0.0021577490,            -0.0035097801,            -0.0041858001,             0.0013494083,             0.0021577490,             0.5943378691,            -0.0478424644,             0.0056339543,             0.0019085963,             0.0003873829,            -0.0020929001,            -0.0687222929,            -0.0006495350,            -0.2486474026,            -0.0041858001,             0.0056339543,            -0.0034568189,             0.1576018548,            -0.0179639905,             0.0028169772,             0.0227826303,            -0.2183680072,            -0.0079031208,            -0.0743492989
             0.6260260468,             0.0075634956,             0.0111366413,            -0.0070249545,            -0.0128520373,             0.0075634956,             0.6319045820,            -0.0054025856,             0.0081936917,             0.0055971599,             0.0160911852,            -0.0035124773,            -0.0869562161,             0.0105332581,            -0.2357323709,            -0.0070249545,             0.0081936917,             0.0135030205,             0.1545613050,             0.0064655600,             0.0040968459,             0.0019873955,            -0.2386716385,             0.0070145278,            -0.0748499793
             0.6336940102,            -0.0128892758,             0.0301624778,             0.0000548728,            -0.0267987525,            -0.0128892758,             0.6322874947,            -0.0174536016,            -0.0002938352,             0.0036000837,             0.0283336976,             0.0000274364,            -0.0789568898,             0.0017561443,            -0.2365777931,             0.0000548728,            -0.0002938352,             0.0164015644,             0.1605384241,            -0.0081809492,            -0.0001469176,             0.0105542790,            -0.2358745353,            -0.0105351125,            -0.0800665021
             0.6195273547,            -0.0161241346,             0.0399374149,             0.0048137328,             0.0132097509,            -0.0161241346,             0.5927664872,             0.0239873107,             0.0014133859,            -0.0045714749,             0.0140705250,             0.0024068664,            -0.0594553857,            -0.0112956429,            -0.2366400635,             0.0048137328,             0.0014133859,            -0.0064671512,             0.1462472278,             0.0140011613,             0.0007066929,            -0.0118725264,            -0.2232596297,            -0.0010614866,            -0.0742265201
             0.6377010321,             0.0004635662,             0.0446426132,            -0.0089492891,             0.0077600215,             0.0004635662,             0.5952052600,             0.0825015488,            -0.0187629662,             0.0447674652,             0.0090598128,            -0.0044746446,            -0.0509284723,             0.0002160610,            -0.2387723536,            -0.0089492891,            -0.0187629662,            -0.0000314443,             0.1601563249,            -0.0174704364,            -0.0093814831,            -0.0233416864,            -0.2175244676,            -0.0085034351,            -0.0721092359
             0.5920767098,            -0.0174088275,             0.0688002600,            -0.0113121169,             0.0424590967,            -0.0174088275,             0.6244792877,            -0.0075333583,            -0.0140244195,            -0.0011779526,             0.0061583719,            -0.0056560585,            -0.0618842562,             0.0015498156,            -0.2226323892,            -0.0113121169,            -0.0140244195,             0.0205084588,             0.1468119315,             0.0205773690,            -0.0070122098,            -0.0024783556,            -0.2388336781,             0.0015842707,            -0.0576809275
             0.5857972215,             0.0159817939,             0.0815623389,             0.0116499411,             0.0283624408,             0.0159817939,             0.5966289287,            -0.0782822510,            -0.0230141519,            -0.0388215439,             0.0150928731,             0.0058249706,            -0.0761002635,             0.0005063985,            -0.2186837495,             0.0116499411,            -0.0230141519,            -0.0149689970,             0.1484297224,            -0.0170657908,            -0.0115070760,             0.0255553241,            -0.2240996031,            -0.0005419984,            -0.0753786733
             0.6015696968,             0.0092753688,             0.0501829936,             0.0149613162,             0.0206651391,             0.0092753688,             0.6321281508,            -0.0061383130,            -0.0048983769,             0.0175896306,             0.0123097388,             0.0074806581,            -0.0757773301,             0.0044622209,            -0.2241643992,             0.0149613162,            -0.0048983769,            -0.0003509270,             0.1532408984,             0.0186693498,            -0.0024491885,             0.0193446299,            -0.2394436262,             0.0139723593,            -0.0718177514
             0.6329197176,             0.0106764843,             0.0375887545,            -0.0081845491,            -0.0250546482,             0.0106764843,             0.6541994438,            -0.0218772034,            -0.0166158791,            -0.0268577882,             0.0230137618,            -0.0040922746,            -0.0893740780,            -0.0036440186,            -0.2422476213,            -0.0081845491,            -0.0166158791,            -0.0179645216,             0.1484244750,            -0.0231054035,            -0.0083079395,            -0.0065825670,            -0.2528874844,            -0.0062144596,            -0.0740447173
             0.5923922521,            -0.0337304796,            -0.0004751862,            -0.0213200522,             0.0030693118,            -0.0337304796,             0.6400066301,             0.0075826375,            -0.0144033869,             0.0179270932,            -0.0089739425,            -0.0106600261,            -0.0796822177,            -0.0181075166,            -0.2172333068,            -0.0213200522,            -0.0144033869,            -0.0024845536,             0.1579256386,             0.0375319027,            -0.0072016935,            -0.0054877982,            -0.2410404957,             0.0019007115,            -0.0716153094
             0.5904960527,             0.0177451231,             0.0144834606,             0.0156885212,             0.0478424685,             0.0177451231,             0.6541187528,             0.0354215074,             0.0135736666,             0.0140375430,            -0.0098926707,             0.0078442606,            -0.0789379812,             0.0170008287,            -0.2202319355,             0.0156885212,             0.0135736666,             0.0162565343,             0.1500321817,            -0.0159228814,             0.0067868333,            -0.0028477216,            -0.2520432856,             0.0009111209,            -0.0683353311
             0.5981374082,             0.0229155301,             0.0070811471,            -0.0024382195,            -0.0403469082,             0.0229155301,             0.6444518831,            -0.0294208574,            -0.0047062141,            -0.0253617664,             0.0213609206,            -0.0012191097,            -0.0836956475,             0.0033589623,            -0.2258641788,            -0.0024382195,            -0.0047062141,            -0.0161976055,             0.1464090506,            -0.0099054665,            -0.0023531070,             0.0008104357,            -0.2490214162,             0.0065050318,            -0.0759800414
             0.5955900511,            -0.0154370561,            -0.0007593695,             0.0071132282,            -0.0257593398,            -0.0154370561,             0.6289474781,             0.0207709005,             0.0061716822,             0.0152845632,             0.0155858262,             0.0035566141,            -0.0835104290,            -0.0099452836,            -0.2159588518,             0.0071132282,             0.0061716822,            -0.0044535110,             0.1636723475,             0.0079788770,             0.0030858411,             0.0008134455,            -0.2326375653,            -0.0037290896,            -0.0698383489
             0.6415057891,            -0.0401800323,             0.0076152345,             0.0095813150,             0.0109766092,            -0.0401800323,             0.6172918953,             0.0510327583,            -0.0133425293,            -0.0141589682,            -0.0083519520,             0.0047906575,            -0.0626878873,            -0.0063585214,            -0.2473615168,             0.0095813150,            -0.0133425293,             0.0274629896,             0.1467827556,             0.0065104724,            -0.0066712647,            -0.0278052058,            -0.2352545699,            -0.0168347799,            -0.0830180780
             0.6306941904,            -0.0337592651,             0.0554550498,            -0.0176874309,             0.0779282342,            -0.0337592651,             0.6069945231,             0.0505767989,            -0.0171092278,             0.0477674100,            -0.0197912061,            -0.0088437155,            -0.0643881358,            -0.0097456154,            -0.2349426618,            -0.0176874309,            -0.0171092278,             0.0142680343,             0.1608088668,             0.0184264514,            -0.0085546139,            -0.0102484099,            -0.2230928281,            -0.0076664068,            -0.0593475722
             0.6517126575,             0.0133423809,             0.0609442762,             0.0149731451,             0.0984272340,             0.0133423809,             0.6085579536,            -0.0051177618,            -0.0149942077,            -0.0320112345,            -0.0262385828,             0.0074865726,            -0.0707566697,            -0.0057812107,            -0.2492818273,             0.0149731451,            -0.0149942077,            -0.0249048023,             0.1531490029,            -0.0062594534,            -0.0074971039,            -0.0059601638,            -0.2277044753,             0.0035414638,            -0.0598558092
             0.6283578597,             0.0267375529,            -0.0037148541,            -0.0272697677,             0.0163395600,             0.0267375529,             0.6001949783,            -0.0593977034,            -0.0208085978,             0.0062546680,            -0.0204315060,            -0.0136348839,            -0.0655689330,             0.0080662533,            -0.2325373349,            -0.0272697677,            -0.0208085978,            -0.0106050463,             0.1632831899,            -0.0048235258,            -0.0104042989,             0.0191913019,            -0.2184558942,             0.0109570135,            -0.0805615898
             0.6345079529,            -0.0008862791,             0.0681172460,             0.0047902329,             0.0001362551,            -0.0008862791,             0.6055870935,            -0.0671092222,            -0.0148522531,            -0.0646961933,             0.0265643689,             0.0023951164,            -0.0773940952,             0.0105038269,            -0.2438713322,             0.0047902329,            -0.0148522531,             0.0218939329,             0.1467652886,             0.0044365198,            -0.0074261266,             0.0036016309,            -0.2294109025,             0.0017751203,            -0.0747895231
             0.6223417967,            -0.0118751948,             0.0813046566,            -0.0111141141,             0.0041225809,            -0.0118751948,             0.6044496193,             0.0709941022,            -0.0066381417,             0.0613400342,             0.0352719670,            -0.0055570571,            -0.0545401745,             0.0002625719,            -0.2351358963,            -0.0111141141,            -0.0066381417,             0.0124003386,             0.1520700042,             0.0045729122,            -0.0033190709,            -0.0103840911,            -0.2261898076,            -0.0036511413,            -0.0856909467
             0.6133983782,             0.0172950183,             0.0597502531,            -0.0047018884,             0.0033908724,             0.0172950183,             0.6618800352,             0.0673154759,             0.0040166844,             0.0092163704,             0.0301880325,            -0.0023509442,            -0.0651823810,            -0.0110165445,            -0.2303572894,            -0.0047018884,             0.0040166844,            -0.0393281073,             0.1526837993,            -0.0144477896,             0.0020083422,            -0.0314004969,            -0.2545981179,             0.0014236143,            -0.0660503063
             0.5951191411,            -0.0135915466,            -0.0429653734,            -0.0054401720,            -0.0465519812,            -0.0135915466,             0.6080076377,            -0.0512449768,            -0.0102494206,            -0.0235158018,            -0.0033314064,            -0.0027200860,            -0.0700072469,            -0.0102191860,            -0.2203829365,            -0.0054401720,            -0.0102494206,            -0.0068468253,             0.1543532681,             0.0025691025,            -0.0051247103,             0.0111445015,            -0.2268271848,            -0.0055112221,            -0.0756403120
             0.5858458842,            -0.0290788823,            -0.0092617357,             0.0038353363,             0.0148009991,            -0.0290788823,             0.6144551867,            -0.0058870003,             0.0089810035,             0.0141385167,            -0.0075408656,             0.0019176681,            -0.0732822399,            -0.0041438528,            -0.2217053911,             0.0038353363,             0.0089810035,             0.0207911767,             0.1424351020,             0.0239580589,             0.0044905018,             0.0119304267,            -0.2360100424,            -0.0025604117,            -0.0727799689
             0.5947696604,             0.0043630046,            -0.0177833056,            -0.0023751844,             0.0392706076,             0.0043630046,             0.6500520208,            -0.0043990511,             0.0104607976,            -0.0048913804,            -0.0232965578,            -0.0011875922,            -0.0699552509,            -0.0033893885,            -0.2200337651,            -0.0023751844,             0.0104607976,            -0.0111417817,             0.1547021303,            -0.0051747502,             0.0052303988,            -0.0014337568,            -0.2476749452,            -0.0004058728,            -0.0771604941
             0.6056314634,             0.0179446181,            -0.0516642520,             0.0243814701,             0.0123220654,             0.0179446181,             0.6399255892,             0.0024323614,            -0.0039320583,            -0.0165534629,            -0.0339591878,             0.0121907350,            -0.0847849472,             0.0055524892,            -0.2235735242,             0.0243814701,            -0.0039320583,            -0.0068396397,             0.1584844151,            -0.0066956582,            -0.0019660291,             0.0026978229,            -0.2407205871,             0.0056244800,            -0.0688705637
             0.6434741411,             0.0193022087,            -0.0577632249,             0.0113754187,            -0.0203036609,             0.0193022087,             0.6304543634,             0.0327039082,             0.0127287782,             0.0010095403,            -0.0123653929,             0.0056877093,            -0.0854796042,             0.0082437853,            -0.2456619278,             0.0113754187,             0.0127287782,            -0.0028146380,             0.1521502855,            -0.0066266864,             0.0063643891,            -0.0101594746,            -0.2391520390,             0.0063377612,            -0.0804417071
             0.6137467300,             0.0102104581,            -0.0794020087,            -0.0339349738,            -0.0495074714,             0.0102104581,             0.6014899042,             0.0437204119,             0.0188310979,             0.0180548379,            -0.0055317197,            -0.0169674869,            -0.0766562951,             0.0010110392,            -0.2355196436,            -0.0339349738,             0.0188310979,            -0.0081883797,             0.1427074429,            -0.0002641003,             0.0094155490,            -0.0298002739,            -0.2293912307,             0.0049731789,            -0.0742700814
             0.5653067976,            -0.0132583606,            -0.0748411721,             0.0118187552,            -0.0505752251,            -0.0132583606,             0.6239067606,             0.0299635270,             0.0117460849,             0.0231985232,            -0.0062599310,             0.0059093776,            -0.0550509530,            -0.0002236647,            -0.2014509433,             0.0118187552,             0.0117460849,             0.0128110312,             0.1624049109,             0.0051472354,             0.0058730425,             0.0025268757,            -0.2307509249,            -0.0040555626,            -0.0592492422
             0.6370211051,            -0.0146834674,            -0.0285531976,             0.0198976741,            -0.0026180928,            -0.0146834674,             0.5874326388,            -0.0541863441,             0.0069009760,            -0.0481932609,            -0.0095170644,             0.0099488370,            -0.0544733683,             0.0028487465,            -0.2442339193,             0.0198976741,             0.0069009760,             0.0203809605,             0.1485532666,             0.0112756694,             0.0034504880,             0.0129453786,            -0.2194396861,            -0.0017038990,            -0.0676697093
             0.6629854665,            -0.0010907640,            -0.0189666646,             0.0070661546,             0.0215116356,            -0.0010907640,             0.6210513787,            -0.0433768671,             0.0187700886,             0.0344355965,            -0.0108541058,             0.0035330773,            -0.0624316504,            -0.0022967588,            -0.2508096453,             0.0070661546,             0.0187700886,            -0.0035027535,             0.1613661760,            -0.0117781108,             0.0093850443,             0.0424393091,            -0.2298426014,            -0.0064344374,            -0.0801727924
             0.6710701864,             0.0022995502,            -0.0080869932,             0.0142389401,            -0.0276830678,             0.0022995502,             0.5960033011,            -0.0111170349,            -0.0261817183,            -0.0466979703,            -0.0032928219,             0.0071194701,            -0.0724519710,             0.0090129663,            -0.2553523909,             0.0142389401,            -0.0261817183,             0.0157263824,             0.1603654047,             0.0033661159,            -0.0130908591,            -0.0106709977,            -0.2178189482,             0.0028328330,            -0.0781335363
             0.6563011571,            -0.0331338282,             0.0345132177,            -0.0198684067,             0.0463669309,            -0.0331338282,             0.6243124728,             0.0674967521,             0.0021081469,             0.0925037954,            -0.0048727831,            -0.0099342034,            -0.0753752703,            -0.0112073331,            -0.2507753331,            -0.0198684067,             0.0021081469,             0.0107191620,             0.1547504909,             0.0306987120,             0.0010540735,             0.0025693183,            -0.2347809909,            -0.0012175581,            -0.0709077875
             0.6110969850,             0.0151230033,             0.0069497956,            -0.0192137159,             0.0418824230,             0.0151230033,             0.6512050110,            -0.0573206686,            -0.0179312165,            -0.0542429980,            -0.0264319219,            -0.0096068579,            -0.0692938886,            -0.0099952774,            -0.2259785777,            -0.0192137159,            -0.0179312165,            -0.0351135580,             0.1591398296,            -0.0252197346,            -0.0089656082,            -0.0080680226,            -0.2460325907,            -0.0050483656,            -0.0614282352
             0.5991517955,            -0.0068348554,             0.0021193690,             0.0031755169,             0.0268360865,            -0.0068348554,             0.5865235734,            -0.0273226562,            -0.0216766391,            -0.0116236824,            -0.0231966783,             0.0015877584,            -0.0628005007,             0.0030473823,            -0.2214441849,             0.0031755169,            -0.0216766391,             0.0129296200,             0.1562634256,             0.0200026815,            -0.0108383196,             0.0094372454,            -0.2151300739,             0.0065839130,            -0.0749222105
             0.6110338726,            -0.0021272068,             0.0277794889,             0.0007048093,             0.0743541637,            -0.0021272068,             0.6390827110,             0.0165420605,             0.0093927758,             0.0207395426,            -0.0185909495,             0.0003524047,            -0.0784929567,             0.0010773121,            -0.2281499344,             0.0007048093,             0.0093927758,             0.0042818311,             0.1547340037,             0.0049811670,             0.0046963879,             0.0024511457,            -0.2421743537,             0.0014269801,            -0.0719634804
             0.6137706415,             0.0442631180,            -0.0179144065,            -0.0053129304,             0.0103642329,             0.0442631180,             0.5991337964,             0.0184785351,             0.0026651612,            -0.0365748916,            -0.0128067391,            -0.0026564652,            -0.0730196217,             0.0012760144,            -0.2305921154,            -0.0053129304,             0.0026651612,            -0.0417110892,             0.1525864108,            -0.0164130685,             0.0013325806,            -0.0301831786,            -0.2232736928,             0.0139250247,            -0.0813807497
             0.6155601418,             0.0214821299,            -0.0711830131,            -0.0031553084,            -0.0526128812,             0.0214821299,             0.6005278908,             0.0675056941,             0.0046179957,             0.0622567520,            -0.0069760681,            -0.0015776542,            -0.0717674912,             0.0054413454,            -0.2347197783,            -0.0031553084,             0.0046179957,            -0.0105994391,             0.1461205851,            -0.0060121099,             0.0023089978,            -0.0042021253,            -0.2272036529,             0.0077350100,            -0.0611909615
             0.5907442154,            -0.0283249980,            -0.0553953928,            -0.0010092442,            -0.0598097301,            -0.0283249980,             0.5868488184,            -0.0320511443,             0.0135326339,            -0.0420650547,             0.0089734856,            -0.0005046221,            -0.0530527489,            -0.0000218292,            -0.2178543379,            -0.0010092442,             0.0135326339,             0.0282813397,             0.1550355396,             0.0098727878,             0.0067663169,            -0.0055115773,            -0.2159066394,            -0.0092261051,            -0.0532191441
             0.5996296432,            -0.0311384319,            -0.0049299332,             0.0101699253,            -0.0095251723,            -0.0311384319,             0.5768086999,             0.0004158155,             0.0086853716,             0.0147967560,             0.0066403054,             0.0050849627,            -0.0579810067,            -0.0005734581,            -0.2223939061,             0.0101699253,             0.0086853716,             0.0299915158,             0.1548418309,             0.0079282084,             0.0043426858,             0.0122754329,            -0.2109834345,            -0.0116051118,            -0.0765228420
             0.6569521447,             0.0110254829,            -0.0411172590,             0.0399717425,             0.0369421087,             0.0110254829,             0.6309883638,            -0.0403339864,             0.0086370006,            -0.0751627424,            -0.0347111835,             0.0199858712,            -0.0805351616,            -0.0007676745,            -0.2476386265,             0.0399717425,             0.0086370006,            -0.0125608319,             0.1616748916,             0.0059478153,             0.0043185003,             0.0025714932,            -0.2346567361,             0.0084866491,            -0.0721880320
             0.6729142614,             0.0332880478,            -0.0879266032,            -0.0135790604,            -0.0111301293,             0.0332880478,             0.6178027890,             0.0283868155,             0.0097127215,             0.0398363499,            -0.0335418762,            -0.0067895302,            -0.0728305244,             0.0026226366,            -0.2613489366,            -0.0135790604,             0.0097127215,            -0.0280427747,             0.1502163883,            -0.0190713012,             0.0048563608,            -0.0010647630,            -0.2337932003,             0.0071083733,            -0.0831089284
             0.6133006671,            -0.0105345794,            -0.0594037016,            -0.0256850030,            -0.0611909242,            -0.0105345794,             0.6586269188,             0.0170001008,            -0.0035329705,             0.0012834365,            -0.0008728740,            -0.0128425015,            -0.0784062608,             0.0197046445,            -0.2254121226,            -0.0256850030,            -0.0035329705,             0.0499438684,             0.1624764219,             0.0055456718,            -0.0017664852,            -0.0207008337,            -0.2480752485,            -0.0024944538,            -0.0639810295
             0.6077072257,            -0.0369159966,             0.0356365262,             0.0037400717,             0.0232433436,            -0.0369159966,             0.6027627166,            -0.0054877956,             0.0149932826,            -0.0076259648,             0.0136932326,             0.0018700358,            -0.0600801516,             0.0016594524,            -0.2224546334,             0.0037400717,             0.0149932826,             0.0402349014,             0.1627979590,             0.0104294343,             0.0074966413,             0.0008009512,            -0.2199823788,            -0.0132432812,            -0.0789821446
             0.6402249076,            -0.0117669560,             0.0592218944,             0.0029283968,             0.0345467157,            -0.0117669560,             0.5891695330,             0.0400622829,            -0.0100880905,             0.0308588301,             0.0072935441,             0.0014641984,            -0.0724852875,            -0.0115508727,            -0.2456266122,             0.0029283968,            -0.0100880905,            -0.0113347893,             0.1489716833,            -0.0162797834,            -0.0050440453,            -0.0031375280,            -0.2200989249,            -0.0140233697,            -0.0703557269
             0.6253515463,            -0.0118909661,             0.0820273311,            -0.0026771161,             0.0589479556,            -0.0118909661,             0.6208313477,            -0.0155817364,            -0.0290832594,            -0.0022219695,            -0.0030019420,            -0.0013385581,            -0.0615663054,             0.0023901179,            -0.2325210421,            -0.0026771161,            -0.0290832594,             0.0166712019,             0.1603094621,             0.0120707992,            -0.0145416297,             0.0053413254,            -0.2302609428,             0.0000899165,            -0.0660240293
             0.6042585194,             0.0158154524,             0.0944334604,            -0.0047326003,             0.0802581279,             0.0158154524,             0.6211048166,            -0.0621781535,            -0.0134158909,            -0.0150292358,             0.0003797208,            -0.0023663001,            -0.0588717590,             0.0028405483,            -0.2288191540,            -0.0047326003,            -0.0134158909,            -0.0101343558,             0.1466202113,             0.0005530535,            -0.0067079454,             0.0212081587,            -0.2372423026,             0.0081842529,            -0.0726376609
             0.5953770298,             0.0299572715,             0.0464395939,            -0.0025740919,             0.0275083930,             0.0299572715,             0.6111998515,            -0.0316718582,            -0.0273436437,            -0.0161075407,            -0.0042062214,            -0.0012870460,            -0.0617327326,             0.0041886432,            -0.2255537843,            -0.0025740919,            -0.0273436437,            -0.0215799851,             0.1442694612,            -0.0135195560,            -0.0136718218,             0.0064951128,            -0.2334651951,             0.0082188578,            -0.0806107377
             0.5931856827,             0.0087514126,             0.0580317119,            -0.0032632071,             0.0187918941,             0.0087514126,             0.5997855118,             0.0536174930,            -0.0106110934,             0.0294407103,             0.0143143622,            -0.0016316036,            -0.0654068410,             0.0090162170,            -0.2229588460,            -0.0032632071,            -0.0106110934,             0.0092810214,             0.1472679907,             0.0096858696,            -0.0053055467,            -0.0137199949,            -0.2262587606,             0.0092186411,            -0.0785531269
             0.5766730182,             0.0134320078,             0.0622817172,             0.0018541103,             0.0065087520,             0.0134320078,             0.6378132837,             0.0433734320,             0.0090003841,             0.0163651649,             0.0323866747,             0.0009270551,            -0.0584134220,             0.0025567918,            -0.2120897538,             0.0018541103,             0.0090003841,            -0.0083184242,             0.1524935106,            -0.0140802784,             0.0045001921,            -0.0125770784,            -0.2426598866,            -0.0003241353,            -0.0677364046
             0.6140053347,             0.0024972528,            -0.0109345676,             0.0015007738,            -0.0526889752,             0.0024972528,             0.6042574843,            -0.0497095721,            -0.0037013560,            -0.0425248857,             0.0190265258,             0.0007503869,            -0.0850833518,            -0.0087628861,            -0.2278825147,             0.0015007738,            -0.0037013560,            -0.0200230251,             0.1582403054,             0.0044047845,            -0.0018506780,             0.0043427301,            -0.2230085894,             0.0034510186,            -0.0650724092
             0.6195408517,            -0.0108666750,            -0.0229237985,             0.0072140358,            -0.0101965661,            -0.0108666750,             0.6485756435,            -0.0226684846,            -0.0012906235,             0.0285604548,            -0.0070089280,             0.0036070179,            -0.0842402193,             0.0044656149,            -0.2339648328,             0.0072140358,            -0.0012906235,             0.0197979048,             0.1516111861,             0.0086686417,            -0.0006453118,             0.0292214876,            -0.2484822287,            -0.0010990167,            -0.0749721130
             0.6433223678,             0.0158405372,            -0.0106691067,             0.0042655415,             0.0225547348,             0.0158405372,             0.6065435229,            -0.0095265469,             0.0296571571,            -0.0712921846,            -0.0017833422,             0.0021327708,            -0.0721526868,            -0.0019679590,            -0.2421742178,             0.0042655415,             0.0296571571,            -0.0197764552,             0.1589739322,             0.0054369873,             0.0148285786,            -0.0287500481,            -0.2237847953,             0.0106387623,            -0.0766729657
             0.6401338345,             0.0273185413,            -0.0441686727,            -0.0096095506,            -0.0402953956,             0.0273185413,             0.6018364939,             0.0813717604,            -0.0075975466,             0.0741061274,            -0.0057354119,            -0.0048047753,            -0.0656893999,             0.0036756707,            -0.2453433073,            -0.0096095506,            -0.0075975466,            -0.0199671999,             0.1494472200,            -0.0338636702,            -0.0037987733,            -0.0084375918,            -0.2261946370,            -0.0032725644,            -0.0753308762
             0.5943584764,            -0.0411255491,            -0.0181609511,            -0.0054091154,            -0.0299895243,            -0.0411255491,             0.6342545330,             0.0388528531,            -0.0090500495,            -0.0114106487,             0.0013892618,            -0.0027045577,            -0.0726123229,             0.0003384934,            -0.2179298687,            -0.0054091154,            -0.0090500495,             0.0418025358,             0.1584987391,             0.0409858882,            -0.0045250248,            -0.0278363086,            -0.2378778970,            -0.0000698304,            -0.0620932670
             0.6112451542,            -0.0031106749,             0.0487743221,             0.0234384090,             0.0852864695,            -0.0031106749,             0.5768283448,             0.0051316700,             0.0101361787,            -0.0028916323,            -0.0131879844,             0.0117192045,            -0.0752078147,             0.0017699685,            -0.2254079550,             0.0234384090,             0.0101361787,             0.0066506119,             0.1604292442,            -0.0137426016,             0.0050680893,             0.0077075533,            -0.2081995503,            -0.0084266382,            -0.0658038846
             0.6395031362,             0.0137670924,             0.0253344290,            -0.0135988344,            -0.0070611647,             0.0137670924,             0.6132116897,            -0.0233950615,            -0.0264933973,             0.0132542756,             0.0029510982,            -0.0067994172,            -0.0724052839,             0.0073728626,            -0.2430495449,            -0.0135988344,            -0.0264933973,             0.0009786328,             0.1534040465,            -0.0054708139,            -0.0132466986,             0.0115252514,            -0.2299038216,             0.0041481392,            -0.0634155621
             0.6221047733,             0.0024525639,             0.0449014597,            -0.0098478181,             0.0379378271,             0.0024525639,             0.5939003446,            -0.0538912830,             0.0167913679,            -0.0199422717,             0.0118775002,            -0.0049239091,            -0.0605284650,             0.0084732954,            -0.2344902099,            -0.0098478181,             0.0167913679,             0.0144940270,             0.1531243534,             0.0005880468,             0.0083956839,             0.0120505966,            -0.2203879956,             0.0015203053,            -0.0726027845
             0.5859843212,             0.0267754203,             0.0478396712,            -0.0180587986,            -0.0176235999,             0.0267754203,             0.6137340306,            -0.0067395570,             0.0020952277,             0.0279398015,             0.0337792494,            -0.0090293993,            -0.0702366977,             0.0058858354,            -0.2169469106,            -0.0180587986,             0.0020952277,            -0.0150037495,             0.1520905000,            -0.0300437300,             0.0010476139,             0.0083102800,            -0.2308217653,            -0.0016341549,            -0.0744719876
             0.5831424172,            -0.0070135052,             0.0015462391,             0.0095087350,            -0.0296236076,            -0.0070135052,             0.6149181988,             0.0218993163,             0.0022976560,            -0.0106572913,             0.0167337514,             0.0047543675,            -0.0815966753,            -0.0078287126,            -0.2177931654,             0.0095087350,             0.0022976560,            -0.0086439200,             0.1475560865,             0.0241063682,             0.0011488280,            -0.0115239363,            -0.2336810561,             0.0085464315,            -0.0610070367
             0.6107581553,            -0.0023034058,            -0.0211474337,            -0.0117865449,            -0.0307850531,            -0.0023034058,             0.6296042998,            -0.0122063446,             0.0034478573,             0.0049701220,             0.0065427383,            -0.0058932725,            -0.0702028262,            -0.0056445529,            -0.2282103023,            -0.0117865449,             0.0034478573,            -0.0089856999,             0.1543375507,            -0.0082435121,             0.0017239286,             0.0026949608,            -0.2376333746,            -0.0052734590,            -0.0790757718
             0.6094316495,            -0.0242714424,             0.0327057138,            -0.0085074834,             0.0535011701,            -0.0242714424,             0.6320985056,            -0.0690555970,            -0.0142311605,            -0.0535253407,            -0.0175133084,            -0.0042537417,            -0.0805117636,            -0.0066721914,            -0.2343245107,            -0.0085074834,            -0.0142311605,             0.0109270596,             0.1407826281,             0.0119306121,            -0.0071155803,             0.0035113864,            -0.2456579387,            -0.0061704151,            -0.0726871103
             0.5757833388,             0.0093729841,             0.0510367180,            -0.0156906245,             0.0726075589,             0.0093729841,             0.6242823241,            -0.0046589965,            -0.0137263409,             0.0270640706,            -0.0176485909,            -0.0078453122,            -0.0741463099,             0.0099169030,            -0.2127726182,            -0.0156906245,            -0.0137263409,             0.0104608219,             0.1502381025,            -0.0035512798,            -0.0068631705,             0.0080162213,            -0.2370221108,             0.0029108521,            -0.0778971010
             0.5800135556,             0.0300410626,             0.0437771472,             0.0343720587,             0.0387334384,             0.0300410626,             0.6501465762,             0.0626878012,            -0.0012527798,             0.0001797421,             0.0018954645,             0.0171860294,            -0.0712833549,             0.0065014370,            -0.2089297999,             0.0343720587,            -0.0012527798,            -0.0170381886,             0.1621539557,            -0.0134693894,            -0.0006263899,            -0.0140680002,            -0.2439963102,             0.0082858366,            -0.0724364280
             0.6521220021,             0.0306967879,            -0.0286013079,             0.0066650505,            -0.0393916006,             0.0306967879,             0.6248775556,             0.0221304139,            -0.0074815352,            -0.0068114979,             0.0016543788,             0.0033325252,            -0.0727658757,            -0.0077757535,            -0.2521708363,             0.0066650505,            -0.0074815352,            -0.0462482950,             0.1477803295,            -0.0082440658,            -0.0037407676,            -0.0111384307,            -0.2385486130,             0.0112263611,            -0.0787993960
             0.6169222874,             0.0020013646,            -0.0706209612,            -0.0214699908,            -0.0346001547,             0.0020013646,             0.6031402531,             0.0229516269,             0.0214325737,             0.0185172681,            -0.0072941164,            -0.0107349954,            -0.0617343673,             0.0058443268,            -0.2298053129,            -0.0214699908,             0.0214325737,             0.0096872890,             0.1573116616,             0.0202908552,             0.0107162868,            -0.0129521748,            -0.2229142957,             0.0111461099,            -0.0646755884
             0.6055792596,             0.0223779916,            -0.0796407505,             0.0116491483,            -0.0404873033,             0.0223779916,             0.6128044014,             0.0253257459,             0.0378926333,            -0.0082088186,            -0.0006304069,             0.0058245742,            -0.0631727504,             0.0010183256,            -0.2209656284,             0.0116491483,             0.0378926333,            -0.0203413404,             0.1636480029,            -0.0155663202,             0.0189463167,            -0.0109427081,            -0.2245781993,             0.0034058357,            -0.0765654119
             0.6543035379,            -0.0268576430,            -0.0852768845,             0.0218120698,            -0.1031349451,            -0.0268576430,             0.5929205781,             0.0030777150,            -0.0024523118,             0.0029980115,             0.0077028744,             0.0109060349,            -0.0747070787,            -0.0022472730,            -0.2532092472,             0.0218120698,            -0.0024523118,             0.0223630969,             0.1478850436,             0.0142773980,            -0.0012261559,             0.0108661831,            -0.2225177672,            -0.0062901225,            -0.0623291640
             0.6565904210,            -0.0346256882,             0.0025033524,            -0.0070993745,             0.0423322182,            -0.0346256882,             0.6001655902,            -0.0313734632,             0.0291338653,            -0.0192051649,            -0.0053475002,            -0.0035496873,            -0.0743109249,            -0.0135093994,            -0.2436109097,            -0.0070993745,             0.0291338653,             0.0076068895,             0.1693686016,             0.0220180622,             0.0145669326,             0.0025344619,            -0.2153984943,            -0.0063038130,            -0.0715151502
             0.6197690023,             0.0248893354,            -0.0301980986,            -0.0014436176,             0.0169572239,             0.0248893354,             0.6046050333,            -0.0012264537,             0.0108930154,             0.0189217355,            -0.0181311536,            -0.0007218088,            -0.0734296978,            -0.0053480846,            -0.2347544047,            -0.0014436176,             0.0108930154,            -0.0355855047,             0.1502601928,            -0.0225070868,             0.0054465077,             0.0093522858,            -0.2271724202,             0.0011911243,            -0.0635708325
             0.5927420805,            -0.0133478149,            -0.0602108319,            -0.0037539442,            -0.0532758341,            -0.0133478149,             0.6234072902,            -0.0328238291,            -0.0147171176,            -0.0122955758,            -0.0108260577,            -0.0018769721,            -0.0596381484,             0.0042993673,            -0.2199745886,            -0.0037539442,            -0.0147171176,             0.0219465495,             0.1527929032,            -0.0015874174,            -0.0073585588,             0.0083871545,            -0.2353071935,            -0.0074676161,            -0.0727435824
             0.5979023438,            -0.0244474478,            -0.0113711239,             0.0013414985,             0.0162040236,            -0.0244474478,             0.6070118431,            -0.0258475210,             0.0103745347,            -0.0168338721,            -0.0086003064,             0.0006707492,            -0.0698249338,             0.0043320863,            -0.2218649724,             0.0013414985,             0.0103745347,             0.0331116204,             0.1541723990,             0.0205903905,             0.0051872673,             0.0051775737,            -0.2264197220,            -0.0019285287,            -0.0731486387
             0.6042168665,            -0.0123934273,             0.0143422052,             0.0100993086,             0.0329916447,            -0.0123934273,             0.6399900170,             0.0154106933,            -0.0049577289,             0.0412187342,            -0.0118035842,             0.0050496543,            -0.0689781940,            -0.0094525298,            -0.2245466262,             0.0100993086,            -0.0049577289,            -0.0065116322,             0.1551236142,            -0.0191176602,            -0.0024788644,             0.0179536748,            -0.2424332014,            -0.0157555438,            -0.0718171326
             0.6174524523,            -0.0055276329,             0.0067171739,             0.0008001865,             0.0613157956,            -0.0055276329,             0.6443504546,            -0.0332124772,            -0.0022219878,            -0.0460046417,            -0.0284103047,             0.0004000932,            -0.0912668109,            -0.0024009851,            -0.2371304481,             0.0008001865,            -0.0022219878,             0.0007256627,             0.1431915561,             0.0124848055,            -0.0011109939,            -0.0059959890,            -0.2505794493,             0.0034785863,            -0.0721881080
             0.5935822387,             0.0316599025,             0.0137737618,            -0.0148923185,             0.0197496292,             0.0316599025,             0.5958473149,             0.0360311747,            -0.0100045399,             0.0243824296,            -0.0079902037,            -0.0074461592,            -0.0841757007,             0.0190215033,            -0.2214894239,            -0.0148923185,            -0.0100045399,             0.0063831040,             0.1506033909,            -0.0228116256,            -0.0050022700,            -0.0132705318,            -0.2226219620,             0.0044241384,            -0.0769242216
             0.5886786032,             0.0090254401,             0.0176500227,             0.0141506268,            -0.0172102863,             0.0090254401,             0.6306990317,             0.0791475387,             0.0079624948,             0.0450632763,             0.0214114019,             0.0070753134,            -0.0668493119,            -0.0082441879,            -0.2173986711,             0.0141506268,             0.0079624948,            -0.0255138159,             0.1538812610,             0.0061525538,             0.0039812474,            -0.0099668178,            -0.2384088853,             0.0075889969,            -0.0578919598
             0.6108273027,             0.0059776326,            -0.0373322855,            -0.0056471899,            -0.0499602881,             0.0059776326,             0.6039127389,            -0.0536252151,             0.0049591770,            -0.0535738757,             0.0087935898,            -0.0028235950,            -0.0556165706,            -0.0005765676,            -0.2332097057,            -0.0056471899,             0.0049591770,            -0.0071307678,             0.1444078913,            -0.0097634428,             0.0024795885,            -0.0027979252,            -0.2297524238,            -0.0018929051,            -0.0696639638
             0.5941864898,             0.0019378983,            -0.0565383756,             0.0077965566,            -0.0318883054,             0.0019378983,             0.5912495085,            -0.0151041671,             0.0125474813,             0.0224845053,            -0.0060512945,             0.0038982783,            -0.0726524507,             0.0038580291,            -0.2159813992,             0.0077965566,             0.0125474813,             0.0057781600,             0.1622236913,             0.0126154353,             0.0062737406,             0.0226926145,            -0.2145129086,             0.0072766668,            -0.0639033325
             0.6233526726,             0.0019930752,            -0.0541703654,             0.0254953387,            -0.0476256717,             0.0019930752,             0.6313189032,             0.0026414009,             0.0050162352,            -0.0339823149,            -0.0007642293,             0.0127476694,            -0.0715761045,            -0.0050276567,            -0.2368884649,             0.0254953387,             0.0050162352,            -0.0120483886,             0.1495757428,            -0.0216193217,             0.0025081176,            -0.0055641886,            -0.2408715802,            -0.0098131233,            -0.0742388256
             0.6186823726,            -0.0339666932,            -0.0293643601,            -0.0131936378,            -0.0077897330,            -0.0339666932,             0.6265884380,            -0.0093082611,             0.0136127215,             0.0256166543,            -0.0039809528,            -0.0065968189,            -0.0796592444,            -0.0095166163,            -0.2329183819,            -0.0131936378,             0.0136127215,             0.0149334606,             0.1528456088,             0.0343296417,             0.0068063608,             0.0108656388,            -0.2368714146,             0.0001814743,            -0.0700017160
             0.6169699954,             0.0166369898,            -0.0196183400,             0.0122328722,             0.0087077449,             0.0166369898,             0.6313166449,             0.0025633025,             0.0092990653,            -0.0178904566,            -0.0095135098,             0.0061164361,            -0.0774685253,             0.0121014173,            -0.2271737193,             0.0122328722,             0.0092990653,             0.0075658448,             0.1626225568,            -0.0250486514,             0.0046495326,            -0.0041104435,            -0.2343470441,            -0.0042058308,            -0.0704102005
             0.6396720835,            -0.0020552177,             0.0105938921,            -0.0057652003,            -0.0353265340,            -0.0020552177,             0.6115236174,             0.0194217427,            -0.0042913700,             0.0111865260,             0.0208145280,            -0.0028826001,            -0.0690033509,             0.0050626325,            -0.2446235786,            -0.0057652003,            -0.0042913700,             0.0121804826,             0.1504249263,             0.0212502407,            -0.0021456850,            -0.0070002085,            -0.2305493455,             0.0095975115,            -0.0762307027
             0.6054047581,            -0.0211911301,            -0.0066617538,             0.0113097593,             0.0331119219,            -0.0211911301,             0.5921958602,             0.0158410167,            -0.0150171559,            -0.0266056522,            -0.0273954158,             0.0056548797,            -0.0664954931,            -0.0111251760,            -0.2241152864,             0.0113097593,            -0.0150171559,            -0.0010592219,             0.1571741852,             0.0109875266,            -0.0075085779,            -0.0155684548,            -0.2175108375,            -0.0051018018,            -0.0682686063
             0.6525151318,             0.0063155267,             0.0091106681,             0.0198473312,             0.0725367001,             0.0063155267,             0.6093965968,             0.0277267658,            -0.0004303282,             0.0408857432,            -0.0319281801,             0.0099236656,            -0.0727050395,             0.0053126073,            -0.2465734851,             0.0198473312,            -0.0004303282,             0.0043096878,             0.1593681616,             0.0020653339,            -0.0002151641,             0.0165031543,            -0.2250142176,             0.0041904303,            -0.0589005060
             0.6434104305,             0.0230112121,            -0.0264037095,            -0.0093140779,            -0.0110186650,             0.0230112121,             0.6232132032,            -0.0878634968,            -0.0194372882,            -0.0628404828,            -0.0174111663,            -0.0046570390,            -0.0785751807,             0.0114950174,            -0.2471549336,            -0.0093140779,            -0.0194372882,            -0.0000211772,             0.1491005634,            -0.0218687911,            -0.0097186441,             0.0078544680,            -0.2370563199,             0.0005712105,            -0.0639785900
             0.5887841082,            -0.0207203894,            -0.0088245305,            -0.0260575318,             0.0037119224,            -0.0207203894,             0.6031852102,            -0.0216591811,            -0.0044939232,             0.0191421544,            -0.0085151880,            -0.0130287659,            -0.0783116800,            -0.0028638692,            -0.2124859591,            -0.0260575318,            -0.0044939232,             0.0149926511,             0.1638121899,             0.0246086227,            -0.0022469616,             0.0073719018,            -0.2196865102,             0.0019441166,            -0.0811661451
             0.5943343814,             0.0178164357,             0.0460925276,             0.0108573112,             0.0181141939,             0.0178164357,             0.6418198932,             0.0517428492,             0.0103257242,             0.0276227588,             0.0191520289,             0.0054286556,            -0.0744957893,             0.0136828235,            -0.2235814715,             0.0108573112,             0.0103257242,             0.0095492112,             0.1471714384,            -0.0294836283,             0.0051628621,            -0.0066313896,            -0.2473242274,            -0.0058335963,            -0.0647064116
             0.5854580286,             0.0046886621,             0.0306616878,            -0.0193199732,            -0.0032462100,             0.0046886621,             0.6620187279,            -0.0791055603,             0.0161137890,            -0.0379356536,             0.0250108434,            -0.0096599866,            -0.0671917406,            -0.0030693089,            -0.2148866528,            -0.0193199732,             0.0161137890,            -0.0108272800,             0.1556847231,             0.0167354139,             0.0080568945,             0.0109249668,            -0.2531670024,             0.0107120380,            -0.0846160727
             0.5695508723,             0.0269722685,            -0.0025131678,             0.0098285843,            -0.0395051579,             0.0269722685,             0.5983133738,            -0.0129848130,             0.0153825561,            -0.0346652935,             0.0261872731,             0.0049142921,            -0.0733390481,             0.0047766425,            -0.2068826768,             0.0098285843,             0.0153825561,            -0.0174189836,             0.1557855187,            -0.0332806442,             0.0076912780,            -0.0059259481,            -0.2212639276,            -0.0031541878,            -0.0686448479
             0.6257731027,            -0.0195607864,            -0.0153448653,             0.0114234927,            -0.0674660179,            -0.0195607864,             0.6354336993,             0.0899823505,            -0.0092075971,             0.0576395941,             0.0214567777,             0.0057117464,            -0.0675515426,            -0.0054822477,            -0.2420865919,             0.0114234927,            -0.0092075971,             0.0085962910,             0.1415999189,             0.0183608242,            -0.0046037986,            -0.0104596318,            -0.2469168902,            -0.0005999811,            -0.0863142416
             0.6227106094,            -0.0134404161,             0.0268619025,            -0.0098822103,             0.0053445807,            -0.0134404161,             0.6334586682,            -0.0035223348,             0.0127260654,            -0.0255217185,             0.0171216936,            -0.0049411051,            -0.0676755434,             0.0060916563,            -0.2335864060,            -0.0098822103,             0.0127260654,             0.0256237288,             0.1555377973,             0.0047154351,             0.0063630327,            -0.0159407970,            -0.2389604354,            -0.0043624905,            -0.0610041074
             0.6064813726,             0.0027649738,             0.0651575006,             0.0169274821,             0.0078908454,             0.0027649738,             0.5998345015,            -0.0106479053,            -0.0103123700,            -0.0100546945,             0.0234771426,             0.0084637411,            -0.0635824567,             0.0006306135,            -0.2224462687,             0.0169274821,            -0.0103123700,            -0.0015037469,             0.1615888353,             0.0076492309,            -0.0051561850,             0.0087603465,            -0.2191228331,             0.0052071023,            -0.0783188182
             0.6390522264,            -0.0064235090,             0.0280169949,            -0.0020248078,             0.0168144981,            -0.0064235090,             0.5962368916,             0.0323189518,            -0.0106523839,             0.0104141520,             0.0002750564,            -0.0010124039,            -0.0763484790,            -0.0158190447,            -0.2468404280,            -0.0020248078,            -0.0106523839,            -0.0252145805,             0.1453713705,             0.0060015668,            -0.0053261920,            -0.0119648038,            -0.2254327606,            -0.0002109711,            -0.0761375740
             0.6117260878,             0.0010582813,             0.0319132012,            -0.0129376153,             0.0484442061,             0.0010582813,             0.6101055544,             0.0122546031,            -0.0198428596,             0.0111690590,            -0.0181869323,            -0.0064688076,            -0.0708376231,             0.0093744053,            -0.2275964457,            -0.0129376153,            -0.0198428596,             0.0176905293,             0.1565331965,            -0.0049920875,            -0.0099214298,            -0.0070115797,            -0.2267861790,            -0.0019669031,            -0.0591437489
             0.6213419240,            -0.0029543182,             0.0579000564,             0.0146953538,             0.0586915057,            -0.0029543182,             0.6075317162,            -0.0127830968,            -0.0151530992,            -0.0152290565,            -0.0079722743,             0.0073476769,            -0.0521624488,             0.0029714239,            -0.2329864726,             0.0146953538,            -0.0151530992,             0.0088971660,             0.1553689788,             0.0114262498,            -0.0075765496,             0.0061246971,            -0.2260813687,             0.0042359658,            -0.0683305975
             0.6415017026,             0.0243472409,             0.0475348980,             0.0048833446,             0.0608075420,             0.0243472409,             0.5880704376,            -0.0072167409,            -0.0015274124,            -0.0200693599,            -0.0074000282,             0.0024416723,            -0.0561488203,             0.0027828819,            -0.2426907357,             0.0048833446,            -0.0015274124,            -0.0187814772,             0.1561202312,            -0.0162771980,            -0.0007637062,            -0.0039846372,            -0.2159751032,             0.0040350214,            -0.0743511041
             0.6349097377,             0.0402752772,            -0.0243507641,            -0.0092141153,            -0.0642494657,             0.0402752772,             0.6239665949,            -0.0231224142,            -0.0016814796,             0.0190338705,             0.0191086110,            -0.0046070576,            -0.0837082064,             0.0127961108,            -0.2368392384,            -0.0092141153,            -0.0016814796,            -0.0146830556,             0.1612312609,            -0.0208630596,            -0.0008407398,             0.0164710848,            -0.2313676670,             0.0097061088,            -0.0644507165
             0.6314624121,            -0.0404853882,            -0.0081194268,             0.0027825138,            -0.0616864528,            -0.0404853882,             0.5966699904,            -0.0203092671,             0.0057521850,            -0.0277389865,             0.0296596055,             0.0013912569,            -0.0782428201,            -0.0072760050,            -0.2393798093,             0.0027825138,             0.0057521850,             0.0259333783,             0.1527027935,             0.0143838837,             0.0028760925,            -0.0023236028,            -0.2219835984,            -0.0130507523,            -0.0727428777
             0.6031266126,            -0.0308867759,             0.0366822347,            -0.0066866476,             0.0245603086,            -0.0308867759,             0.6453679534,             0.0042419150,             0.0240223143,             0.0596826104,             0.0180721202,            -0.0033433238,            -0.0784715943,            -0.0132763427,            -0.2262201423,            -0.0066866476,             0.0240223143,             0.0043340905,             0.1506863280,             0.0192386418,             0.0120111572,             0.0243770239,            -0.2473408127,            -0.0058240670,            -0.0690289378
             0.5934548090,             0.0110258096,             0.0237144211,             0.0088846300,            -0.0008305761,             0.0110258096,             0.5943435454,            -0.0187517846,            -0.0257126337,            -0.0757037883,            -0.0005838182,             0.0044423150,            -0.0760226118,             0.0071076507,            -0.2235254512,             0.0088846300,            -0.0257126337,             0.0031894918,             0.1464039065,            -0.0193273535,            -0.0128563168,            -0.0240336868,            -0.2239698194,            -0.0041507720,            -0.0606733808
             0.5901963908,            -0.0279438373,             0.0299242621,            -0.0129024851,             0.0332540906,            -0.0279438373,             0.6215293899,             0.0567572694,            -0.0146106062,             0.1110161917,            -0.0089702173,            -0.0064512426,            -0.0725728422,            -0.0140473105,            -0.2220955634,            -0.0129024851,            -0.0146106062,            -0.0001507836,             0.1460052639,             0.0343007295,            -0.0073053031,             0.0206782186,            -0.2377620630,             0.0031784461,            -0.0630972606
             0.5973687318,             0.0344311550,             0.0004785661,             0.0182042280,             0.0413874234,             0.0344311550,             0.6464284146,            -0.0476430117,             0.0034151060,            -0.0961537094,            -0.0187468756,             0.0091021140,            -0.0781732908,             0.0045249340,            -0.2215847514,             0.0182042280,             0.0034151060,            -0.0253812870,             0.1541992291,            -0.0334176089,             0.0017075530,            -0.0151532349,            -0.2461145928,             0.0005067730,            -0.0659939692
             0.6068515552,             0.0144083560,            -0.0265400862,             0.0113527279,            -0.0268968623,             0.0144083560,             0.5822351471,             0.0082948471,            -0.0128148915,             0.0322991486,            -0.0062290577,             0.0056763639,            -0.0802771538,            -0.0034359969,            -0.2297616171,             0.0113527279,            -0.0128148915,            -0.0212803499,             0.1473283210,            -0.0004732041,            -0.0064074457,             0.0176785147,            -0.2174534131,             0.0069675760,            -0.0651724895
             0.6170091602,             0.0111665237,             0.0043629529,             0.0053135451,            -0.0016866316,             0.0111665237,             0.5918614432,            -0.0124376290,             0.0243975497,            -0.0104044390,             0.0152235671,             0.0026567726,            -0.0605564311,             0.0020307387,            -0.2329416578,             0.0053135451,             0.0243975497,            -0.0071050462,             0.1511258446,            -0.0067877860,             0.0121987748,             0.0036733676,            -0.2203677993,             0.0021893688,            -0.0682054916
             0.5968549517,             0.0087995850,            -0.0154938781,            -0.0185722360,            -0.0642292735,             0.0087995850,             0.6144269360,            -0.0458425519,            -0.0039370186,             0.0093833743,             0.0223991884,            -0.0092861180,            -0.0686584101,             0.0015813614,            -0.2241694654,            -0.0185722360,            -0.0039370186,            -0.0056368623,             0.1485160208,            -0.0189923929,            -0.0019685093,             0.0183268451,            -0.2329554576,            -0.0050964040,            -0.0679586857
             0.5859884697,            -0.0547863555,            -0.0033635836,            -0.0042961762,            -0.0119905618,            -0.0547863555,             0.5758063384,            -0.0237972546,            -0.0190804517,            -0.0517264107,            -0.0052267368,            -0.0021480881,            -0.0670738908,            -0.0117006994,            -0.2192042627,            -0.0042961762,            -0.0190804517,             0.0313849567,             0.1475799442,             0.0286783788,            -0.0095402258,            -0.0161126661,            -0.2141131971,            -0.0130539883,            -0.0732592562
             0.5974462138,            -0.0259837324,             0.0289036800,             0.0093856906,             0.0957742969,            -0.0259837324,             0.6012268106,             0.0482732556,             0.0204792519,             0.0598131322,            -0.0231956825,             0.0046928453,            -0.0735353971,            -0.0065770816,            -0.2211201235,             0.0093856906,             0.0204792519,             0.0128295692,             0.1552059667,             0.0312239041,             0.0102396260,             0.0104627836,            -0.2230104220,             0.0026200859,            -0.0689720117
             0.6335232889,             0.0518562127,            -0.0277073188,             0.0123856600,            -0.0297874815,             0.0518562127,             0.6003312893,            -0.0364448815,            -0.0313477237,            -0.0844893362,            -0.0146337805,             0.0061928300,            -0.0760568988,             0.0124162657,            -0.2415260771,             0.0123856600,            -0.0313477237,            -0.0270236813,             0.1504711347,            -0.0543369132,            -0.0156738619,            -0.0178293973,            -0.2249300773,            -0.0012403503,            -0.0609921745
             0.6390411091,            -0.0455242761,            -0.0288454227,            -0.0032075589,            -0.0547457314,            -0.0455242761,             0.6015521780,             0.0270756844,            -0.0395307017,             0.0806286187,            -0.0068151965,            -0.0016037795,            -0.0698104983,            -0.0091969262,            -0.2386718202,            -0.0032075589,            -0.0395307017,             0.0271304237,             0.1616974687,             0.0362952452,            -0.0197653508,             0.0251726877,            -0.2199273546,            -0.0046145154,            -0.0633178120
             0.6265074364,             0.0359151642,             0.0267124929,             0.0052200378,             0.0823975967,             0.0359151642,             0.6198603283,            -0.0519859113,             0.0215766119,            -0.0729558764,            -0.0170542459,             0.0026100189,            -0.0889437751,             0.0127265350,            -0.2341429256,             0.0052200378,             0.0215766119,            -0.0104620942,             0.1582215852,            -0.0414175109,             0.0107883060,            -0.0078749636,            -0.2308193716,            -0.0027511734,            -0.0586848424
             0.6382386108,             0.0541560327,            -0.0038901717,            -0.0062526600,            -0.0218576404,             0.0541560327,             0.5968175359,             0.0292559721,            -0.0119954587,             0.0433384789,             0.0029860051,            -0.0031263300,            -0.0779726163,             0.0119326547,            -0.2420898897,            -0.0062526600,            -0.0119954587,            -0.0302907234,             0.1540588313,            -0.0257700658,            -0.0059977293,             0.0039149234,            -0.2213793523,             0.0141929834,            -0.0823846968
             0.6202956909,            -0.0183061355,            -0.0582226148,            -0.0037836701,            -0.0218883680,            -0.0183061355,             0.6535964229,             0.0179751069,             0.0202934986,             0.0108581143,            -0.0080203741,            -0.0018918351,            -0.0739387647,            -0.0146493201,            -0.2297411649,            -0.0037836701,             0.0202934986,            -0.0109925046,             0.1608133611,             0.0135852192,             0.0101467493,            -0.0054503314,            -0.2463915309,            -0.0023604581,            -0.0645777399
             0.6109034691,            -0.0037603129,            -0.0575717316,             0.0066819573,            -0.0221935285,            -0.0037603129,             0.6059055525,            -0.0121804015,             0.0050775323,            -0.0331397426,            -0.0151503355,             0.0033409786,            -0.0596342237,             0.0036716100,            -0.2324414925,             0.0066819573,             0.0050775323,             0.0111035329,             0.1460204842,            -0.0197474096,             0.0025387661,            -0.0071386919,            -0.2299425341,            -0.0117538612,            -0.0806358645
             0.6097918441,            -0.0084273871,            -0.0280291408,            -0.0189228190,             0.0007470440,            -0.0084273871,             0.5884637473,             0.0376197067,             0.0162770334,             0.0377091370,            -0.0062495757,            -0.0094614095,            -0.0606840594,             0.0055551377,            -0.2275575776,            -0.0189228190,             0.0162770334,             0.0195376625,             0.1546766890,             0.0271141288,             0.0081385167,            -0.0094166943,            -0.2168935292,             0.0093433709,            -0.0691240452
             0.5929553318,             0.0131427996,            -0.0321257092,             0.0092040974,             0.0117678409,             0.0131427996,             0.6145695586,             0.0337001152,             0.0245575327,            -0.0022541760,            -0.0096680087,             0.0046020487,            -0.0685696595,            -0.0044707487,            -0.2179419953,             0.0092040974,             0.0245575327,            -0.0220842970,             0.1570713412,            -0.0177807359,             0.0122787664,            -0.0133750969,            -0.2287491087,            -0.0023189682,            -0.0722062694
             0.5807908421,             0.0126903446,            -0.0877657928,             0.0002269994,            -0.0662776744,             0.0126903446,             0.5883630465,            -0.0148376433,             0.0005541529,             0.0026921442,            -0.0104669828,             0.0001134997,            -0.0749824273,             0.0016771637,            -0.2173711112,             0.0002269994,             0.0005541529,            -0.0093360172,             0.1460486197,            -0.0028026520,             0.0002770764,             0.0088783934,            -0.2211572134,             0.0049438463,            -0.0582518430
             0.6069884454,            -0.0236775158,            -0.0490500837,             0.0012338030,            -0.0320131740,            -0.0236775158,             0.6320657889,            -0.0522848262,             0.0154473617,            -0.0254391196,            -0.0007947740,             0.0006169015,            -0.0681173241,             0.0027716413,            -0.2300306490,             0.0012338030,             0.0154473617,             0.0292207984,             0.1469271474,             0.0103011413,             0.0077236809,             0.0140397548,            -0.2425693207,            -0.0066881873,            -0.0736689436
             0.6058272421,             0.0051386419,            -0.0216510106,            -0.0009518499,            -0.0185149985,             0.0051386419,             0.6319255334,            -0.0570433118,             0.0085856798,             0.0004547159,             0.0027248338,            -0.0004759249,            -0.0674797364,             0.0024880765,            -0.2212542900,            -0.0009518499,             0.0085856798,            -0.0001624889,             0.1633186621,            -0.0017345914,             0.0042928399,             0.0282730889,            -0.2343034356,             0.0017020253,            -0.0785317317
             0.6375809194,             0.0076434048,            -0.0149743693,             0.0280437582,            -0.0282478530,             0.0076434048,             0.6067753571,             0.0360942669,             0.0111261554,            -0.0210150009,             0.0121998196,             0.0140218791,            -0.0707833999,             0.0015697008,            -0.2437409559,             0.0280437582,             0.0111261554,            -0.0045040033,             0.1500990075,            -0.0120611789,             0.0055630777,            -0.0145327548,            -0.2283381748,            -0.0022088870,            -0.0853144274
             0.6585187650,            -0.0188465521,            -0.0126853169,            -0.0103266948,            -0.0394193516,            -0.0188465521,             0.6489367411,             0.0819370899,            -0.0115510081,             0.0864852943,             0.0075915133,            -0.0051633474,            -0.0674609023,            -0.0044501937,            -0.2527653147,            -0.0103266948,            -0.0115510081,             0.0099461648,             0.1529881357,             0.0001644753,            -0.0057755040,            -0.0028892453,            -0.2479743027,            -0.0093410384,            -0.0704258244
             0.6493540561,             0.0056119978,             0.0088446225,             0.0215818447,             0.0333309159,             0.0056119978,             0.5870224071,            -0.0158161842,             0.0083756262,            -0.1013971457,            -0.0080553336,             0.0107909223,            -0.0724775243,             0.0064020202,            -0.2446500220,             0.0215818447,             0.0083756262,             0.0071920427,             0.1600540120,             0.0010401760,             0.0041878131,            -0.0319995584,            -0.2134841975,             0.0033260869,            -0.0595238122
             0.6675467220,             0.0256175414,            -0.0009778505,            -0.0091443266,            -0.0330905827,             0.0256175414,             0.5851690532,             0.0589150578,            -0.0012919298,             0.1046710509,             0.0154104012,            -0.0045721633,            -0.0729443928,             0.0108015040,            -0.2544068418,            -0.0091443266,            -0.0012919298,            -0.0040145334,             0.1587330384,            -0.0329246674,            -0.0006459649,             0.0183058332,            -0.2132180074,            -0.0036535630,            -0.0597417784
             0.6411659153,            -0.0361533154,             0.0393384760,            -0.0067192984,             0.0082337623,            -0.0361533154,             0.6120289827,            -0.0839479482,            -0.0172956509,            -0.0837088093,             0.0069045314,            -0.0033596492,            -0.0640637647,            -0.0071364037,            -0.2430391770,            -0.0067192984,            -0.0172956509,             0.0218805080,             0.1550875613,             0.0426781289,            -0.0086478254,            -0.0032400797,            -0.2284707107,             0.0032624067,            -0.0644877394
             0.5989808758,             0.0104564918,             0.0557656234,            -0.0071255402,             0.0708353004,             0.0104564918,             0.5715838695,            -0.0235689752,            -0.0025148233,             0.0446792116,            -0.0087922501,            -0.0035627701,            -0.0695256451,            -0.0000603154,            -0.2243591884,            -0.0071255402,            -0.0025148233,            -0.0105771225,             0.1502624991,            -0.0069940673,            -0.0012574116,             0.0305613233,            -0.2106606852,             0.0017312122,            -0.0751786670
             0.6128479656,             0.0100155734,            -0.0370189377,             0.0029408921,            -0.0805134597,             0.0100155734,             0.6253034240,            -0.0253954435,            -0.0023227415,            -0.0304050883,             0.0205858902,             0.0014704461,            -0.0779722671,             0.0048697945,            -0.2335373263,             0.0029408921,            -0.0023227415,            -0.0002759843,             0.1457733130,            -0.0162240858,            -0.0011613707,            -0.0010343763,            -0.2397650555,            -0.0031042562,            -0.0724890908
             0.5919524471,            -0.0457443525,            -0.0017278295,            -0.0055180198,            -0.0139252277,            -0.0457443525,             0.6084391053,             0.0112685375,             0.0115673845,             0.0171720883,             0.0118823913,            -0.0027590099,            -0.0819688750,            -0.0129856386,            -0.2149082598,            -0.0055180198,             0.0115673845,             0.0197730753,             0.1621359274,             0.0321822719,             0.0057836922,             0.0001927656,            -0.2231515889,            -0.0067810403,            -0.0735026802
             0.6184993687,             0.0007376495,             0.0220428215,             0.0382813092,             0.0389805632,             0.0007376495,             0.5891263241,             0.0839974871,             0.0127702594,            -0.0058222662,            -0.0020837411,             0.0191406546,            -0.0765457978,             0.0104864032,            -0.2299351402,             0.0382813092,             0.0127702594,             0.0202351570,             0.1586290883,            -0.0036167365,             0.0063851297,            -0.0257692221,            -0.2152486179,            -0.0014395435,            -0.0728945885
             0.6467224748,             0.0183754184,             0.0202367242,            -0.0109162158,             0.0055686473,             0.0183754184,             0.6593281028,            -0.0003036120,            -0.0107884015,             0.0581585142,             0.0019398377,            -0.0054581079,            -0.0614439774,             0.0022576977,            -0.2457815919,            -0.0109162158,            -0.0107884015,            -0.0138600229,             0.1551592910,            -0.0174170092,            -0.0053942007,             0.0237729552,            -0.2520844059,             0.0004792046,            -0.0584342729
             0.6197314274,            -0.0157231318,             0.0217872066,             0.0088746661,             0.0044524421,            -0.0157231318,             0.5628415608,            -0.0904775041,             0.0204625512,            -0.1163826207,             0.0188986578,             0.0044373331,            -0.0780282489,            -0.0021214297,            -0.2297699251,             0.0088746661,             0.0204625512,             0.0114802724,             0.1601915772,             0.0231353592,             0.0102312756,            -0.0085152253,            -0.2013249918,             0.0037061137,            -0.0637380328
             0.6370676204,             0.0130964754,             0.0257889178,             0.0211842781,            -0.0191459888,             0.0130964754,             0.5558451330,             0.0667597283,            -0.0054608222,             0.1143679542,             0.0197370422,             0.0105921391,            -0.0647337266,             0.0049217809,            -0.2423571775,             0.0211842781,            -0.0054608222,            -0.0032529137,             0.1523532655,            -0.0150132612,            -0.0027304111,             0.0343962520,            -0.2017459337,            -0.0009583929,            -0.0624333062
             0.6726509292,            -0.0110308637,             0.0257891821,             0.0039614898,             0.0284781016,            -0.0110308637,             0.6731209520,            -0.0658206227,             0.0060991792,            -0.0883190709,             0.0017051298,             0.0019807449,            -0.0621280447,            -0.0038528400,            -0.2582743181,             0.0039614898,             0.0060991792,             0.0033251837,             0.1561022929,             0.0286987305,             0.0030495896,            -0.0092684792,            -0.2585093296,             0.0088339334,            -0.0660962228
             0.6411342000,            -0.0038095589,             0.0311629367,            -0.0119969743,             0.0121397547,            -0.0038095589,             0.5773300894,            -0.0291554211,            -0.0050202218,             0.0033218858,             0.0070014801,            -0.0059984872,            -0.0785531151,            -0.0028001450,            -0.2433028449,            -0.0119969743,            -0.0050202218,            -0.0017907311,             0.1545285101,            -0.0199734136,            -0.0025101109,             0.0102401663,            -0.2114007897,            -0.0118914863,            -0.0761594688
             0.6001128575,            -0.0153871159,             0.0291745614,            -0.0207453406,             0.0096879827,            -0.0153871159,             0.6534092570,             0.0456186762,            -0.0155082765,             0.0632025674,             0.0019891511,            -0.0103726703,            -0.0703239622,            -0.0008530173,            -0.2207112878,            -0.0207453406,            -0.0155082765,             0.0136810813,             0.1586902818,             0.0260292965,            -0.0077541382,            -0.0015807247,            -0.2473594876,             0.0053210903,            -0.0690731208
             0.5888291125,             0.0017179295,             0.0461560117,             0.0009503383,             0.0441067141,             0.0017179295,             0.6145325851,            -0.0167456542,            -0.0076823566,            -0.0621164762,            -0.0028165295,             0.0004751692,            -0.0781392276,            -0.0079767659,            -0.2179324762,             0.0009503383,            -0.0076823566,            -0.0176714612,             0.1529641601,            -0.0067450664,            -0.0038411783,            -0.0222102418,            -0.2307842125,            -0.0025135685,            -0.0684178687
             0.6011300301,             0.0113703363,             0.0173842339,            -0.0019325889,             0.0114917399,             0.0113703363,             0.5839865440,             0.0521699800,            -0.0183330129,             0.0609753040,            -0.0062202594,            -0.0009662945,            -0.0785216864,            -0.0006536588,            -0.2305417644,            -0.0019325889,            -0.0183330129,            -0.0126776539,             0.1400465013,            -0.0147344725,            -0.0091665065,             0.0034363676,            -0.2219700213,            -0.0016820681,            -0.0693245832
             0.5750496176,            -0.0181268981,             0.0467830848,            -0.0039313092,             0.0068777560,            -0.0181268981,             0.6275167620,            -0.0241517558,            -0.0072824180,            -0.0330941209,             0.0163114554,            -0.0019656546,            -0.0677127285,             0.0041466457,            -0.2101486825,            -0.0039313092,            -0.0072824180,             0.0264201895,             0.1547522525,             0.0231400352,            -0.0036412090,            -0.0064368371,            -0.2363822548,             0.0025065686,            -0.0613497527
             0.5582587354,             0.0023725942,             0.0567549900,             0.0029468576,             0.0266197669,             0.0023725942,             0.5913643924,            -0.0293581714,             0.0022754314,            -0.0079218396,             0.0162053272,             0.0014734288,            -0.0564765510,             0.0042829162,            -0.2051627014,             0.0029468576,             0.0022754314,             0.0061932381,             0.1479333325,            -0.0050332317,             0.0011377157,             0.0121915947,            -0.2217155299,            -0.0013303187,            -0.0639430002
             0.5858763147,            -0.0125593911,             0.0356547575,             0.0129651084,            -0.0038163821,            -0.0125593911,             0.6242396797,             0.0036661871,            -0.0200995952,            -0.0030066614,             0.0096857722,             0.0064825542,            -0.0664614575,            -0.0159357039,            -0.2197577355,             0.0129651084,            -0.0200995952,            -0.0193120167,             0.1463608436,             0.0029278289,            -0.0100497976,             0.0031461299,            -0.2389394181,            -0.0048157811,            -0.0757342653
             0.6213418435,            -0.0054693506,             0.0262595011,             0.0210591420,             0.0581894525,            -0.0054693506,             0.6624582594,            -0.0232836735,            -0.0021298077,             0.0065716216,            -0.0170298795,             0.0105295710,            -0.0918557599,             0.0018869751,            -0.2339564835,             0.0210591420,            -0.0021298077,             0.0092433008,             0.1534288765,             0.0124124089,            -0.0010649039,             0.0254572186,            -0.2545146915,             0.0034715292,            -0.0693739332
             0.6456376213,             0.0384626981,             0.0021943013,             0.0018432431,             0.0283464192,             0.0384626981,             0.6172795198,            -0.0238915126,            -0.0008590095,            -0.0499909870,            -0.0135055637,             0.0009216215,            -0.0910423201,             0.0075135966,            -0.2467810725,             0.0018432431,            -0.0008590095,            -0.0234355049,             0.1520754763,            -0.0216779152,            -0.0004295047,            -0.0121281157,            -0.2326020218,             0.0083923914,            -0.0743453924
             0.6102691386,             0.0227596416,            -0.0210321500,            -0.0229891583,            -0.0366152889,             0.0227596416,             0.6499187571,             0.0471852584,            -0.0059679089,             0.0911084085,             0.0048076150,            -0.0114945792,            -0.0784116358,             0.0091860970,            -0.2231380751,            -0.0229891583,            -0.0059679089,            -0.0043874475,             0.1639929884,            -0.0119180145,            -0.0029839544,             0.0104669959,            -0.2429628844,             0.0054208136,            -0.0695656505
             0.6217847255,             0.0042207127,            -0.0447190028,             0.0070102110,            -0.0075087374,             0.0042207127,             0.6506694005,            -0.0154483315,             0.0360363753,            -0.0799991149,            -0.0005869450,             0.0035051055,            -0.0698905032,            -0.0022523835,            -0.2375512495,             0.0070102110,             0.0360363753,            -0.0087254798,             0.1466822266,             0.0225488776,             0.0180181877,            -0.0287702862,            -0.2519935870,             0.0133847952,            -0.0767351531
             0.6076495229,             0.0365864769,            -0.0499413767,            -0.0147898735,            -0.0597658727,             0.0365864769,             0.6195851886,            -0.0097484781,             0.0209585619,             0.0237919835,             0.0153915290,            -0.0073949368,            -0.0726522033,             0.0137405582,            -0.2271080586,            -0.0147898735,             0.0209585619,            -0.0091053605,             0.1534334057,            -0.0312556714,             0.0104792810,             0.0093752941,            -0.2330758915,             0.0026654028,            -0.0758444760
             0.6163573837,            -0.0122196334,            -0.0705272688,             0.0161084491,            -0.0960577706,            -0.0122196334,             0.6180595168,             0.0735204455,             0.0079576780,            -0.0059982909,             0.0167440899,             0.0080542246,            -0.0695103171,            -0.0046395144,            -0.2283978484,             0.0161084491,             0.0079576780,             0.0029406046,             0.1595616869,             0.0206602073,             0.0039788390,            -0.0317051436,            -0.2292489150,             0.0042202870,            -0.0783765153
             0.6571831674,            -0.0255679262,            -0.0208286702,            -0.0072298887,             0.0109198392,            -0.0255679262,             0.6116453789,             0.0422027071,             0.0313458497,             0.0274044116,            -0.0002013299,            -0.0036149443,            -0.0619645288,            -0.0010207155,            -0.2549386504,            -0.0072298887,             0.0313458497,             0.0235264951,             0.1473058667,             0.0167693094,             0.0156729249,            -0.0110140921,            -0.2321697561,            -0.0043993084,            -0.0729704520
             0.5796552754,            -0.0137562545,            -0.0040931262,            -0.0020179214,             0.0047912858,            -0.0137562545,             0.5884427006,            -0.0153619200,            -0.0201120415,            -0.0427969744,            -0.0144982267,            -0.0010089607,            -0.0820128485,            -0.0060181148,            -0.2142644178,            -0.0020179214,            -0.0201120415,             0.0017200249,             0.1511264399,            -0.0026580169,            -0.0100560207,            -0.0147264879,            -0.2186581303,            -0.0082071357,            -0.0679636713
             0.6040838406,            -0.0007864650,             0.0200711036,             0.0050259962,             0.0495260981,            -0.0007864650,             0.6263423381,             0.0797798333,             0.0157457348,             0.0886560226,            -0.0068546298,             0.0025129981,            -0.0708535077,             0.0014702897,            -0.2288354442,             0.0050259962,             0.0157457348,             0.0037270445,             0.1464129522,             0.0334174008,             0.0078728674,             0.0069510928,            -0.2399646930,             0.0163154679,            -0.0686448717
             0.6197027692,             0.0509535242,            -0.0494282129,            -0.0052659203,            -0.0510216276,             0.0509535242,             0.6042295458,            -0.0606582753,             0.0100616621,            -0.0834199587,             0.0058275384,            -0.0026329602,            -0.0613493471,             0.0038010927,            -0.2390127245,            -0.0052659203,             0.0100616621,            -0.0433513388,             0.1416773203,            -0.0569172667,             0.0050308310,            -0.0140138018,            -0.2312761128,            -0.0029818713,            -0.0640666722
             0.5684492334,            -0.0135727155,            -0.0677532554,            -0.0267437078,            -0.1078498925,            -0.0135727155,             0.5905301465,             0.0054347366,            -0.0147562456,             0.0767819193,             0.0126701958,            -0.0133718539,            -0.0651420922,            -0.0012724184,            -0.2093538588,            -0.0267437078,            -0.0147562456,             0.0110278788,             0.1497415159,             0.0204942770,            -0.0073781228,             0.0223017374,            -0.2203943153,             0.0034607808,            -0.0617082833
             0.5938745756,            -0.0344854350,            -0.0365113744,             0.0314225298,             0.0347851996,            -0.0344854350,             0.6714796394,            -0.0135454774,             0.0406180249,            -0.0595045560,            -0.0153392745,             0.0157112649,            -0.0718159710,            -0.0085799751,            -0.2183145087,             0.0314225298,             0.0406180249,             0.0173254847,             0.1572455581,             0.0341379102,             0.0203090125,            -0.0072682744,            -0.2571170406,            -0.0001737624,            -0.0775008412
             0.6310811179,             0.0536952594,            -0.0536296478,            -0.0175110212,            -0.0276632378,             0.0536952594,             0.6156885871,            -0.0197525890,             0.0136065051,             0.0227111814,            -0.0061799525,            -0.0087555106,            -0.0854413955,             0.0159103360,            -0.2437574703,            -0.0175110212,             0.0136065051,            -0.0218745874,             0.1435661773,            -0.0519579361,             0.0068032526,             0.0124763746,            -0.2360612049,             0.0008686617,            -0.0746096559
             0.6223823968,            -0.0257797094,            -0.0736663687,             0.0017836419,            -0.0969967211,            -0.0257797094,             0.6603205850,             0.0288785259,            -0.0236633243,            -0.0005987757,            -0.0001664859,             0.0008918210,            -0.0730854435,            -0.0035958847,            -0.2268319019,             0.0017836419,            -0.0236633243,             0.0185879400,             0.1687185930,             0.0174386463,            -0.0118316621,            -0.0138468298,            -0.2458009960,            -0.0041705315,            -0.0831560173
             0.6547304625,            -0.0255365968,            -0.0170171822,             0.0070148106,             0.0244690278,            -0.0255365968,             0.6163132944,             0.0269760780,             0.0351342114,            -0.0298371372,            -0.0031759993,             0.0035074053,            -0.0660470824,            -0.0007997984,            -0.2512165527,             0.0070148106,             0.0351342114,             0.0239369999,             0.1522973571,             0.0190891993,             0.0175671057,            -0.0248992023,            -0.2320079687,            -0.0032236987,            -0.0788394610
             0.6525863581,             0.0125864703,            -0.0007728444,            -0.0041085801,             0.0008346574,             0.0125864703,             0.6208110705,             0.0633662487,            -0.0071614240,             0.0541964684,            -0.0043844629,            -0.0020542901,            -0.0697235115,             0.0004125628,            -0.2462337695,            -0.0041085801,            -0.0071614240,            -0.0117613448,             0.1601188190,            -0.0275382243,            -0.0035807120,            -0.0066391802,            -0.2303461258,            -0.0074758770,            -0.0709519728
             0.6131597365,            -0.0208144195,            -0.0000025204,            -0.0176531671,             0.0022515749,            -0.0208144195,             0.6094337822,            -0.0127693077,            -0.0019923470,            -0.0165088283,            -0.0021232212,            -0.0088265836,            -0.0616512105,             0.0017273417,            -0.2299998670,            -0.0176531671,            -0.0019923470,             0.0242691029,             0.1531600026,             0.0403454973,            -0.0009961735,            -0.0106963439,            -0.2281368898,             0.0097655389,            -0.0589512624
             0.6047928059,             0.0198318937,             0.0114139696,            -0.0038636339,             0.0403226426,             0.0198318937,             0.5715456789,             0.0044386129,             0.0153133913,            -0.0091346235,            -0.0067976409,            -0.0019318169,            -0.0594933836,             0.0098684974,            -0.2237738970,            -0.0038636339,             0.0153133913,            -0.0000948989,             0.1572450119,            -0.0371743132,             0.0076566957,            -0.0087184352,            -0.2071503335,            -0.0086712098,            -0.0792987363
             0.6158444694,             0.0177138469,            -0.0225989267,             0.0113141090,            -0.0450312530,             0.0177138469,             0.5912574975,             0.0237832734,             0.0005927278,             0.0175137948,             0.0115125271,             0.0056570545,            -0.0724538268,            -0.0022051746,            -0.2333474606,             0.0113141090,             0.0005927278,            -0.0221241962,             0.1491495482,             0.0168136082,             0.0002963639,             0.0025223152,            -0.2210539747,             0.0172637276,            -0.0621193997
             0.6360493775,            -0.0119548280,            -0.0595773759,            -0.0052931749,            -0.0397062619,            -0.0119548280,             0.5916249992,            -0.0413344132,             0.0017250390,            -0.0417122677,            -0.0090730375,            -0.0026465874,            -0.0662939612,            -0.0053140971,            -0.2399195190,            -0.0052931749,             0.0017250390,             0.0013266339,             0.1562103395,            -0.0107860943,             0.0008625195,            -0.0028355147,            -0.2177073298,            -0.0113704612,            -0.0645652286
             0.6361966895,            -0.0129616369,            -0.0090501083,            -0.0116071768,             0.0006734717,            -0.0129616369,             0.5850920885,             0.0017412338,            -0.0068897420,             0.0301669751,            -0.0083066610,            -0.0058035884,            -0.0650436777,             0.0072913562,            -0.2382486321,            -0.0116071768,            -0.0068897420,             0.0275443494,             0.1596994254,             0.0266337244,            -0.0034448710,             0.0084092823,            -0.2126963315,             0.0068360438,            -0.0792828179
             0.6213089311,            -0.0097372308,             0.0137836367,             0.0034319124,             0.0361762354,            -0.0097372308,             0.6471170318,            -0.0039126978,            -0.0049439956,             0.0165340787,            -0.0136682972,             0.0017159562,            -0.0585941956,            -0.0014281809,            -0.2293949965,             0.0034319124,            -0.0049439956,             0.0068808689,             0.1625189382,            -0.0124595689,            -0.0024719978,             0.0119393444,            -0.2422990468,            -0.0110983998,            -0.0639014550
             0.6369037991,            -0.0191096928,             0.0315055899,             0.0119104098,             0.0562444195,            -0.0191096928,             0.6060427345,            -0.0597018535,            -0.0048861176,            -0.0519256292,            -0.0148124736,             0.0059552049,            -0.0609404764,            -0.0026194353,            -0.2425860069,             0.0119104098,            -0.0048861176,             0.0138708222,             0.1517317854,             0.0135226790,            -0.0024430588,             0.0098433170,            -0.2271554746,            -0.0027935069,            -0.0780713900
             0.6258776585,             0.0176204423,             0.0454939386,            -0.0107364972,             0.0586327082,             0.0176204423,             0.6163802824,             0.0118303092,            -0.0014262737,             0.0492001002,            -0.0072825217,            -0.0053682486,            -0.0734848615,             0.0076131253,            -0.2356640527,            -0.0107364972,            -0.0014262737,            -0.0023941917,             0.1545495530,            -0.0166096870,            -0.0007131368,             0.0133166469,            -0.2309153647,             0.0005053777,            -0.0682683623
             0.6164240125,            -0.0109241866,             0.0212277304,            -0.0012104743,             0.0013445317,            -0.0109241866,             0.6705482353,            -0.0223370818,            -0.0320045532,            -0.0245944763,            -0.0060606772,            -0.0006052372,            -0.0845201191,            -0.0095315319,            -0.2295301342,            -0.0012104743,            -0.0320045532,            -0.0081388773,             0.1573637442,             0.0148509659,            -0.0160022766,            -0.0017339344,            -0.2565922456,             0.0019633897,            -0.0687004503
             0.6356218093,            -0.0008868178,             0.0467076525,            -0.0036026534,             0.0331500333,            -0.0008868178,             0.6429935469,            -0.0360517213,             0.0023709731,            -0.0201237073,             0.0079642962,            -0.0018013267,            -0.0772206371,             0.0052631196,            -0.2416728738,            -0.0036026534,             0.0023709731,             0.0114130569,             0.1522760617,            -0.0070536301,             0.0011854866,             0.0061626803,            -0.2453587426,            -0.0039702239,            -0.0792951834
             0.5969412116,             0.0249659397,             0.0247819336,            -0.0253374183,             0.0039811803,             0.0249659397,             0.6333498311,             0.0184182331,             0.0093691056,             0.0140824981,             0.0150849294,            -0.0126687091,            -0.0848708193,            -0.0018044177,            -0.2225182400,            -0.0253374183,             0.0093691056,            -0.0285747751,             0.1519047316,            -0.0002426064,             0.0046845528,            -0.0148365766,            -0.2407225498,             0.0123616666,            -0.0726237472
             0.5789326398,             0.0408726427,            -0.0250057200,             0.0017337691,            -0.0330600214,             0.0408726427,             0.6492555693,             0.0517572163,             0.0022691825,             0.0230012285,             0.0051617419,             0.0008668845,            -0.0772436720,             0.0106783595,            -0.2097151573,             0.0017337691,             0.0022691825,            -0.0195159237,             0.1595023251,            -0.0323740528,             0.0011345912,            -0.0135111094,            -0.2448766221,             0.0042492949,            -0.0743579058
             0.6284131406,             0.0105814184,             0.0567535405,             0.0234983077,             0.0855352910,             0.0105814184,             0.5868599419,             0.0024286550,             0.0076841416,            -0.0542274613,            -0.0105488045,             0.0117491538,            -0.0671377400,             0.0090770152,            -0.2366462511,             0.0234983077,             0.0076841416,             0.0075726120,             0.1551206384,             0.0032508598,             0.0038420708,            -0.0165789043,            -0.2158696518,             0.0069161391,            -0.0690097730
             0.6645823876,             0.0472740111,             0.0165949441,            -0.0120386451,            -0.0299480344,             0.0472740111,             0.6258990315,            -0.0081648429,            -0.0073494381,             0.0656881165,             0.0195967702,            -0.0060193225,            -0.0722296173,             0.0103540621,            -0.2523771577,            -0.0120386451,            -0.0073494381,            -0.0265658870,             0.1598280722,            -0.0451074580,            -0.0036747191,             0.0309071572,            -0.2330354797,             0.0010832766,            -0.0538078998
             0.6339462111,            -0.0317386361,             0.0189464992,            -0.0114834308,            -0.0362630677,            -0.0317386361,             0.6099636377,            -0.0841716855,            -0.0094245486,            -0.1150183037,             0.0228925092,            -0.0057417154,            -0.0871659956,             0.0019439032,            -0.2364785906,            -0.0114834308,            -0.0094245486,             0.0356264426,             0.1609890299,             0.0322403448,            -0.0047122743,            -0.0211650245,            -0.2244873039,             0.0002508544,            -0.0740727307
             0.6064353113,            -0.0272399583,             0.0723849737,            -0.0088161632,             0.0276546305,            -0.0272399583,             0.5695604539,             0.0623016114,             0.0022168071,             0.0969343648,             0.0234735751,            -0.0044080816,            -0.0751087857,            -0.0018172283,            -0.2277478058,            -0.0088161632,             0.0022168071,             0.0236055017,             0.1509396997,             0.0023851450,             0.0011084035,             0.0129082950,            -0.2093103771,            -0.0124274066,            -0.0683413677
             0.6335184649,            -0.0133286534,             0.0791417190,             0.0101741261,             0.0212828137,            -0.0133286534,             0.6742874428,            -0.0358066282,            -0.0243285663,            -0.0641838428,             0.0167651695,             0.0050870631,            -0.0653483816,            -0.0138382887,            -0.2405913795,             0.0101741261,            -0.0243285663,            -0.0143479240,             0.1523357058,             0.0008297219,            -0.0121642832,            -0.0091015442,            -0.2609758685,            -0.0062494657,            -0.0593175542
             0.6035357780,             0.0022479590,             0.0634654514,            -0.0161984292,             0.0585983973,             0.0022479590,             0.6056612544,            -0.0722100681,            -0.0191133467,            -0.0069834978,            -0.0071231463,            -0.0080992146,            -0.0696789101,             0.0017264774,            -0.2259118180,            -0.0161984292,            -0.0191133467,             0.0012049958,             0.1517121421,             0.0168878922,            -0.0095566733,             0.0245140706,            -0.2269745562,             0.0095679256,            -0.0799333835
             0.5835919928,             0.0127243825,             0.0491714269,             0.0094349841,             0.0588796576,             0.0127243825,             0.6400928983,             0.0248337066,            -0.0053707698,             0.0234610373,            -0.0075395003,             0.0047174921,            -0.0845853943,            -0.0047330775,            -0.2127803352,             0.0094349841,            -0.0053707698,            -0.0221905375,             0.1580313225,            -0.0142321263,            -0.0026853849,             0.0040311574,            -0.2410307879,            -0.0007538719,            -0.0768474105
             0.6366849966,             0.0334389966,             0.0024235091,             0.0205562996,             0.0025073812,             0.0334389966,             0.6424904403,             0.0248701789,            -0.0135878063,             0.0034335631,            -0.0068358392,             0.0102781498,            -0.0776513888,             0.0050904525,            -0.2459010906,             0.0205562996,            -0.0135878063,            -0.0232580916,             0.1448828153,             0.0049123813,            -0.0067939032,            -0.0004401581,            -0.2488038125,             0.0191756889,            -0.0751698453
             0.6165227769,             0.0140171890,            -0.0373870777,            -0.0165401951,            -0.0430500709,             0.0140171890,             0.6112191706,             0.0188712544,            -0.0038044144,            -0.0007936118,             0.0009292894,            -0.0082700975,            -0.0827465022,             0.0077686219,            -0.2304801041,            -0.0165401951,            -0.0038044144,             0.0015200548,             0.1555625687,            -0.0127637724,            -0.0019022072,            -0.0181025306,            -0.2278283009,             0.0006267083,            -0.0765722414
             0.6047181824,            -0.0039579406,            -0.0169157757,             0.0174436710,            -0.0322773212,            -0.0039579406,             0.6219753975,             0.0705684873,             0.0159795654,             0.0454193133,             0.0156705554,             0.0087218355,            -0.0790044088,            -0.0013549236,            -0.2206343766,             0.0174436710,             0.0159795654,             0.0012480934,             0.1634494292,             0.0002620691,             0.0079897827,            -0.0038527515,            -0.2292629841,            -0.0018479357,            -0.0577596795
             0.6250889407,            -0.0038066581,            -0.0156641116,            -0.0126420310,            -0.0309198354,            -0.0038066581,             0.6174338746,            -0.0589010510,             0.0141764792,            -0.0544863961,             0.0147161015,            -0.0063210155,            -0.0675995155,            -0.0010238822,            -0.2383908070,            -0.0126420310,             0.0141764792,             0.0017588937,             0.1483073267,             0.0057754294,             0.0070882396,            -0.0041136880,            -0.2345632740,             0.0009843856,            -0.0709940462
             0.6067806343,             0.0085943991,            -0.0163881847,            -0.0059116824,            -0.0470246795,             0.0085943991,             0.5982356901,            -0.0202893497,             0.0091156701,             0.0219874421,             0.0198760825,            -0.0029558412,            -0.0640983023,             0.0065548647,            -0.2242879748,            -0.0059116824,             0.0091156701,             0.0045153303,             0.1582046847,            -0.0091240234,             0.0045578351,             0.0181825547,            -0.2200155027,            -0.0002648121,            -0.0684507763
             0.6068098020,            -0.0129172376,             0.0031175872,             0.0080341379,            -0.0156002659,            -0.0129172376,             0.6184429294,            -0.0140973409,             0.0169374272,            -0.0333367945,             0.0178276401,             0.0040170689,            -0.0630339830,            -0.0009427334,            -0.2236582499,             0.0080341379,             0.0169374272,             0.0110317708,             0.1594933022,             0.0204887125,             0.0084687136,            -0.0056026579,            -0.2294748136,             0.0037857374,            -0.0680447428
             0.6127244451,             0.0167802729,            -0.0025795080,            -0.0038339344,            -0.0154755851,             0.0167802729,             0.6081665206,             0.0304066484,             0.0121651597,             0.0269461067,             0.0125306184,            -0.0019169672,            -0.0818455428,            -0.0044696361,            -0.2346094423,            -0.0038339344,             0.0121651597,            -0.0257195450,             0.1435055605,            -0.0254280020,             0.0060825799,            -0.0036472381,            -0.2323304801,            -0.0043238646,            -0.0752765044
             0.6028502860,            -0.0134473092,            -0.0335037134,            -0.0031475215,            -0.0373619844,            -0.0134473092,             0.6289172726,             0.0221678829,            -0.0021069927,             0.0070600780,             0.0008756391,            -0.0015737607,            -0.0732732695,            -0.0048322144,            -0.2207215542,            -0.0031475215,            -0.0021069927,             0.0037828803,             0.1614071776,             0.0164879140,            -0.0010534964,            -0.0091276632,            -0.2337550475,             0.0015203024,            -0.0624121979
             0.6341973577,            -0.0131357945,            -0.0081004824,             0.0184915260,             0.0212404155,            -0.0131357945,             0.5984092801,            -0.0098983505,            -0.0025423466,            -0.0147967501,            -0.0159416223,             0.0092457630,            -0.0711137616,            -0.0033847361,            -0.2405229325,             0.0184915260,            -0.0025423466,             0.0063663224,             0.1531514926,             0.0125881270,            -0.0012711733,             0.0067965631,            -0.2226288938,            -0.0002738338,            -0.0669854232
             0.6258053283,            -0.0001575366,            -0.0102564227,            -0.0144429586,             0.0244154086,            -0.0001575366,             0.6130927024,            -0.0266710794,            -0.0016117360,             0.0086894243,            -0.0181417836,            -0.0072214793,            -0.0622888099,             0.0024146832,            -0.2335054791,            -0.0144429586,            -0.0016117360,             0.0049869030,             0.1587943701,            -0.0058688395,            -0.0008058680,             0.0104587725,            -0.2271491662,            -0.0030131880,            -0.0815945672
             0.6205614798,             0.0175035087,            -0.0074656356,             0.0304999858,             0.0195731734,             0.0175035087,             0.6330990191,            -0.0063557955,            -0.0050522426,            -0.0081357159,            -0.0160455258,             0.0152499929,            -0.0653156788,             0.0135326205,            -0.2285252297,             0.0304999858,            -0.0050522426,             0.0095617323,             0.1635110205,            -0.0042903319,            -0.0025261213,             0.0143600327,            -0.2347939993,             0.0066065884,            -0.0627252194
             0.6610394306,            -0.0207688041,            -0.0141910258,            -0.0041429963,             0.0019731780,            -0.0207688041,             0.6176712050,            -0.0152843301,            -0.0253626190,            -0.0261554219,            -0.0207634114,            -0.0020714982,            -0.0746386683,            -0.0148150735,            -0.2564875597,            -0.0041429963,            -0.0253626190,            -0.0088613429,             0.1480643111,            -0.0070577603,            -0.0126813095,            -0.0075070440,            -0.2348034469,            -0.0139132822,            -0.0803538860
             0.6270656701,            -0.0309308994,             0.0163231595,            -0.0319056850,             0.0756043908,            -0.0309308994,             0.6301472728,             0.0091343613,            -0.0115802834,             0.0510012292,            -0.0354307573,            -0.0159528425,            -0.0849948643,            -0.0036161142,            -0.2369469481,            -0.0319056850,            -0.0115802834,             0.0236986710,             0.1531717740,             0.0373340945,            -0.0057901417,             0.0049805915,            -0.2384877494,             0.0032015976,            -0.0645271593
             0.5813142655,             0.0424598825,             0.0343601418,             0.0059171762,             0.0463581714,             0.0424598825,             0.6291318917,            -0.0307135869,            -0.0045801430,            -0.0424586962,            -0.0082890863,             0.0029585881,            -0.0730634347,             0.0117188370,            -0.2119804293,             0.0059171762,            -0.0045801430,            -0.0190222085,             0.1573534069,            -0.0484847540,            -0.0022900715,            -0.0029139666,            -0.2358892424,            -0.0030124357,            -0.0701206729
             0.6365441764,             0.0046737177,            -0.0757264425,             0.0059560845,            -0.0799806590,             0.0046737177,             0.6417691039,            -0.0591933134,             0.0174111999,            -0.0466608471,             0.0108327082,             0.0029780423,            -0.0757894312,            -0.0084647306,            -0.2432341682,             0.0059560845,             0.0174111999,            -0.0216031789,             0.1500758401,             0.0056525512,             0.0087055999,             0.0092442754,            -0.2458466319,             0.0051631344,            -0.0730501741
             0.6179963940,            -0.0252992549,            -0.0683097424,            -0.0095949823,            -0.0774812301,            -0.0252992549,             0.6197279083,            -0.0348592647,             0.0098850158,             0.0174895948,             0.0095282517,            -0.0047974911,            -0.0777576655,             0.0030236240,            -0.2293463448,            -0.0095949823,             0.0098850158,             0.0313465029,             0.1593037044,            -0.0099078195,             0.0049425079,             0.0213769387,            -0.2302121019,            -0.0176035372,            -0.0799568350
             0.6377204583,            -0.0319945676,            -0.0202761834,             0.0127155594,             0.0220571144,            -0.0319945676,             0.6295461011,             0.0336249254,             0.0392647320,            -0.0188704465,            -0.0015342829,             0.0063577797,            -0.0659084893,            -0.0113476049,            -0.2393422903,             0.0127155594,             0.0392647320,             0.0092993578,             0.1590358777,             0.0522469596,             0.0196323660,            -0.0198899063,            -0.2352551117,             0.0101261960,            -0.0822664669
             0.6638300906,             0.0359208574,            -0.0458229700,            -0.0014314770,             0.0247298354,             0.0359208574,             0.6325046103,             0.0568108150,             0.0268265129,             0.0552149222,            -0.0218631462,            -0.0007157385,            -0.0729569314,             0.0028909653,            -0.2544756980,            -0.0014314770,             0.0268265129,            -0.0301389268,             0.1548786946,            -0.0454638185,             0.0134132564,            -0.0015136849,            -0.2388129579,            -0.0047714806,            -0.0681101707
             0.6329768028,            -0.0196625408,            -0.0776720837,             0.0025197387,            -0.0981568838,            -0.0196625408,             0.5914185490,             0.0056994855,            -0.0244927241,            -0.0252822280,            -0.0020039620,             0.0012598693,            -0.0650998327,            -0.0028476153,            -0.2365657942,             0.0025197387,            -0.0244927241,             0.0139673102,             0.1598452144,             0.0279316840,            -0.0122463620,            -0.0142309874,            -0.2157866673,             0.0041345716,            -0.0731137647
             0.6326051228,            -0.0582868014,            -0.0197305763,             0.0026884851,             0.0404210580,            -0.0582868014,             0.5947652612,             0.0488677506,             0.0160503256,             0.0652329063,            -0.0220506543,             0.0013442425,            -0.0626329550,            -0.0101862663,            -0.2416468984,             0.0026884851,             0.0160503256,             0.0379142688,             0.1493113261,             0.0268739882,             0.0080251628,             0.0095268204,            -0.2227269676,            -0.0157064066,            -0.0703698399
             0.6378881213,             0.0335488823,             0.0368829459,             0.0017362524,             0.0724268429,             0.0335488823,             0.6299602872,            -0.0522137486,            -0.0080453049,            -0.0333637798,            -0.0217946010,             0.0008681262,            -0.0623538149,             0.0149015541,            -0.2372932861,             0.0017362524,            -0.0080453049,            -0.0037457741,             0.1633015490,            -0.0265090698,            -0.0040226525,             0.0102931106,            -0.2333293691,             0.0035199063,            -0.0672850984
             0.6182534969,             0.0029443194,             0.0107398889,            -0.0186978351,             0.0026072845,             0.0029443194,             0.6060646967,            -0.0557332626,            -0.0322552089,            -0.0121436782,            -0.0120613023,            -0.0093489175,            -0.0700974027,            -0.0046818833,            -0.2369677206,            -0.0186978351,            -0.0322552089,            -0.0123080861,             0.1443180557,             0.0017338241,            -0.0161276045,             0.0124458747,            -0.2308733205,             0.0023390718,            -0.0759337542
             0.5925490920,            -0.0050072986,             0.0124255942,            -0.0136836248,             0.0465714215,            -0.0050072986,             0.6120227568,             0.0186283025,             0.0092321926,             0.0113544172,            -0.0124568174,            -0.0068418124,            -0.0692790573,            -0.0008981400,            -0.2177858019,            -0.0136836248,             0.0092321926,             0.0032110185,             0.1569774882,             0.0272624184,             0.0046160963,            -0.0104787550,            -0.2275226343,             0.0111275599,            -0.0800576406
             0.5873367587,             0.0394365096,             0.0041026642,            -0.0006686896,             0.0075399265,             0.0394365096,             0.6307340665,             0.0131008508,            -0.0014035078,            -0.0129797360,            -0.0024203851,            -0.0003343448,            -0.0683020902,             0.0052435652,            -0.2223759793,            -0.0006686896,            -0.0014035078,            -0.0289493791,             0.1425848002,            -0.0464298960,            -0.0007017539,            -0.0133746382,            -0.2440746331,            -0.0034966932,            -0.0819623090
             0.5917290894,            -0.0131457055,            -0.0316586724,             0.0099379722,            -0.0412096360,            -0.0131457055,             0.6261081132,            -0.0050373922,            -0.0111960222,             0.0032426587,            -0.0008225293,             0.0049689861,            -0.0747902450,            -0.0031617916,            -0.2164637013,             0.0099379722,            -0.0111960222,             0.0068221224,             0.1588016869,             0.0351723669,            -0.0055980111,             0.0091090116,            -0.2336532132,             0.0110133307,            -0.0678911126
             0.6144648419,            -0.0063086792,            -0.0122080395,            -0.0009900858,             0.0093006607,            -0.0063086792,             0.6254287462,            -0.0088800124,             0.0055979190,             0.0003981261,            -0.0079553906,            -0.0004950429,            -0.0901303411,            -0.0073838611,            -0.2305075439,            -0.0009900858,             0.0055979190,            -0.0084590430,             0.1534497540,            -0.0242835508,             0.0027989595,             0.0041440263,            -0.2359894961,            -0.0152961150,            -0.0732117295
             0.6158896017,            -0.0158705529,            -0.0177999225,            -0.0089979273,             0.0072160458,            -0.0158705529,             0.6354493388,             0.0113036401,            -0.0141757073,             0.0080847897,            -0.0195958378,            -0.0044989636,            -0.0759729575,            -0.0071930441,            -0.2319984246,            -0.0089979273,            -0.0141757073,             0.0014844648,             0.1518927525,             0.0144063403,            -0.0070878537,            -0.0061083889,            -0.2417782932,            -0.0007321063,            -0.0789770677
             0.5878596962,             0.0045164312,             0.0181907451,            -0.0089404238,             0.0301871017,             0.0045164312,             0.6180350831,             0.0081640641,            -0.0068038425,            -0.0168182216,            -0.0094000996,            -0.0044702119,            -0.0726529807,             0.0127389460,            -0.2195911952,            -0.0089404238,            -0.0068038425,             0.0209614607,             0.1486773058,            -0.0071530910,            -0.0034019213,            -0.0169613548,            -0.2346788886,            -0.0013183299,            -0.0677150224
             0.5720143067,            -0.0029057489,             0.0130667269,            -0.0003127127,             0.0173280143,            -0.0029057489,             0.6180522156,             0.0340547900,             0.0022158809,             0.0352615586,            -0.0010227032,            -0.0001563563,            -0.0743419642,            -0.0019452560,            -0.2115423200,            -0.0003127127,             0.0022158809,            -0.0009847630,             0.1489296666,             0.0077390503,             0.0011079404,             0.0004470279,            -0.2345612745,             0.0024166507,            -0.0671689258
             0.5969426630,             0.0141163355,            -0.0053821003,             0.0189602744,            -0.0116772535,             0.0141163355,             0.6031783822,             0.0061617716,            -0.0099753991,            -0.0383380524,            -0.0018401230,             0.0094801372,            -0.0732381255,             0.0065089740,            -0.2263474018,             0.0189602744,            -0.0099753991,            -0.0010983874,             0.1442478593,            -0.0184429728,            -0.0049876995,            -0.0127697748,            -0.2294652615,            -0.0021633187,            -0.0643451182
             0.6055213388,            -0.0048188451,            -0.0031012881,             0.0090292307,             0.0078400444,            -0.0048188451,             0.6148668222,             0.0151022179,             0.0015080091,             0.0343482736,            -0.0047166617,             0.0045146154,            -0.0786978144,             0.0034975256,            -0.2237093585,             0.0090292307,             0.0015080091,             0.0118138962,             0.1581026217,             0.0215563011,             0.0007540045,             0.0141376432,            -0.2283821003,             0.0083687280,            -0.0654786772
             0.6369889192,             0.0047544221,            -0.0102411425,             0.0082592325,            -0.0323110677,             0.0047544221,             0.6185403119,            -0.0490702005,            -0.0128577552,            -0.0562097558,             0.0046060850,             0.0041296163,            -0.0807154540,            -0.0011171886,            -0.2445850867,             0.0082592325,            -0.0128577552,            -0.0069887993,             0.1478187459,            -0.0312025175,            -0.0064288776,             0.0005598386,            -0.2353607830,            -0.0132240477,            -0.0662308180
             0.6224077820,            -0.0282196446,             0.0214548898,            -0.0181147692,             0.0172415052,            -0.0282196446,             0.5551169123,             0.0434170085,            -0.0036709045,             0.0288257590,             0.0002712401,            -0.0090573846,            -0.0642346965,            -0.0023562323,            -0.2331218260,            -0.0181147692,            -0.0036709045,             0.0235071799,             0.1561641300,             0.0466761385,            -0.0018354522,            -0.0163530093,            -0.1994763912,             0.0092282469,            -0.0813363325
             0.6032054579,            -0.0116530356,             0.0310909973,             0.0031803714,             0.0690683283,            -0.0116530356,             0.6181411119,             0.1060080501,            -0.0003399000,             0.0939215520,            -0.0191586155,             0.0015901857,            -0.0588525042,            -0.0042515402,            -0.2208284425,             0.0031803714,            -0.0003399000,             0.0031499552,             0.1615485728,            -0.0102962611,            -0.0001699500,            -0.0044530633,            -0.2282962695,            -0.0109746483,            -0.0549630519
             0.6333895717,             0.0093336630,             0.0273893628,             0.0082916004,             0.0295661320,             0.0093336630,             0.5986060862,            -0.0967173280,            -0.0170496132,            -0.0928293625,            -0.0096131912,             0.0041458002,            -0.0619147732,             0.0029156537,            -0.2405705546,             0.0082916004,            -0.0170496132,            -0.0035023556,             0.1522484625,             0.0126353966,            -0.0085248066,             0.0060897830,            -0.2231788119,             0.0109845298,            -0.0598727349
             0.5430551681,            -0.0518134476,             0.0228960485,            -0.0013050550,             0.0169944324,            -0.0518134476,             0.6412858251,            -0.0281347253,            -0.0130629182,            -0.0066273550,            -0.0035806510,            -0.0006525275,            -0.0788263025,            -0.0144513249,            -0.1973006101,            -0.0013050550,            -0.0130629182,             0.0229107978,             0.1484539478,             0.0381481358,            -0.0065314591,             0.0101011577,            -0.2464159386,            -0.0068326559,            -0.0711939857
             0.5637935521,            -0.0190138048,             0.0189878414,             0.0175880587,             0.0640464299,            -0.0190138048,             0.6306698842,             0.0251999073,             0.0034018382,            -0.0139365526,            -0.0208283751,             0.0087940293,            -0.0799278835,            -0.0008545645,            -0.2062416692,             0.0175880587,             0.0034018382,             0.0173046758,             0.1513102137,            -0.0063532448,             0.0017009191,            -0.0107742006,            -0.2396798353,            -0.0126835248,            -0.0847704367
             0.6268003717,             0.0161827381,             0.0270683335,             0.0152794637,             0.0304421076,             0.0161827381,             0.6527011767,             0.0563402166,            -0.0272701094,             0.0251784307,            -0.0153219417,             0.0076397318,            -0.0797179808,             0.0030196626,            -0.2428945742,             0.0152794637,            -0.0272701094,            -0.0101434128,             0.1410112232,            -0.0123992782,            -0.0136350547,            -0.0079411611,            -0.2558449767,             0.0018917299,            -0.0706574518
             0.5943061436,             0.0118158886,             0.0001253789,            -0.0298962507,            -0.0009847873,             0.0118158886,             0.6595510095,            -0.0580943214,            -0.0096615805,            -0.0329615293,            -0.0042757072,            -0.0149481253,            -0.0812284482,             0.0031789037,            -0.2169018676,            -0.0298962507,            -0.0096615805,            -0.0054580812,             0.1605024084,            -0.0125736818,            -0.0048307903,            -0.0023817293,            -0.2495243006,            -0.0003788966,            -0.0691885754
             0.5859939663,             0.0048997985,             0.0236541616,             0.0066995284,             0.0020633720,             0.0048997985,             0.5911467774,             0.0273554613,             0.0054585582,            -0.0205224983,             0.0135246739,             0.0033497642,            -0.0769830010,             0.0035722400,            -0.2174606479,             0.0066995284,             0.0054585582,             0.0022446814,             0.1510726705,             0.0130860751,             0.0027292791,            -0.0205892156,            -0.2200370535,             0.0089929368,            -0.0864003402
             0.6261781028,             0.0297533329,             0.0092531312,             0.0070339203,            -0.0176062223,             0.0297533329,             0.6212310993,             0.1089132644,             0.0161764739,             0.0716564015,             0.0215179137,             0.0035169601,            -0.0680243119,             0.0057403216,            -0.2355024330,             0.0070339203,             0.0161764739,            -0.0182726898,             0.1551732367,            -0.0153050718,             0.0080882370,            -0.0151114713,            -0.2330289313,             0.0072241305,            -0.0593524209
             0.6515855053,            -0.0060829412,            -0.0214846398,             0.0090298668,            -0.0686646551,            -0.0060829412,             0.6081430549,            -0.0695215214,            -0.0106798439,            -0.0826891124,             0.0182500857,             0.0045149334,            -0.0623316585,            -0.0063830067,            -0.2483034941,             0.0090298668,            -0.0106798439,            -0.0066830721,             0.1549785172,            -0.0020759442,            -0.0053399220,            -0.0020688621,            -0.2265822689,            -0.0040794427,            -0.0700106906
             0.6453726236,            -0.0374058135,            -0.0094646844,             0.0048330120,            -0.0074050794,            -0.0374058135,             0.5591742683,             0.0215367073,             0.0154443072,             0.0383208210,             0.0066923511,             0.0024165060,            -0.0771670804,            -0.0076048934,            -0.2399339350,             0.0048330120,             0.0154443072,             0.0221960266,             0.1655047535,             0.0355230473,             0.0077221536,             0.0108085629,            -0.1968347574,            -0.0009413831,            -0.0644761234
             0.6527111903,            -0.0050777081,             0.0421802409,             0.0016651191,             0.0533489987,            -0.0050777081,             0.6348668288,             0.0442370952,             0.0050977111,             0.0352065965,            -0.0030355234,             0.0008325596,            -0.0663366888,             0.0017397516,            -0.2444278004,             0.0016651191,             0.0050977111,             0.0085572113,             0.1638555896,            -0.0159802209,             0.0025488556,            -0.0036826898,            -0.2355056196,            -0.0105289645,            -0.0725895749
             0.6286675918,            -0.0160837223,             0.0411104027,            -0.0213381103,             0.0105765224,            -0.0160837223,             0.5846631998,            -0.0641291253,            -0.0203892084,            -0.0326236086,             0.0050723359,            -0.0106690552,            -0.0689286496,            -0.0007019257,            -0.2337644558,            -0.0213381103,            -0.0203892084,             0.0146798709,             0.1611386801,             0.0331235285,            -0.0101946042,             0.0050837032,            -0.2117622598,             0.0085199031,            -0.0690853240
             0.5881198779,            -0.0096208553,             0.0413130035,             0.0025663303,             0.0538957918,            -0.0096208553,             0.6123274952,             0.0073814425,            -0.0110637595,             0.0421712860,            -0.0118232739,             0.0012831651,            -0.0683644785,            -0.0084880662,            -0.2158057127,             0.0025663303,            -0.0110637595,            -0.0073552771,             0.1565084526,             0.0002954206,            -0.0055318798,             0.0186780869,            -0.2279095213,            -0.0046627174,            -0.0709412126
             0.6141733806,             0.0077361381,             0.0410896182,             0.0044968948,             0.0342353591,             0.0077361381,             0.6074035967,            -0.0021883767,            -0.0241571822,            -0.0264330956,            -0.0086514616,             0.0022484474,            -0.0630233293,             0.0070767330,            -0.2338646131,             0.0044968948,            -0.0241571822,             0.0064173278,             0.1464441544,             0.0038073757,            -0.0120785911,            -0.0098739121,            -0.2304797211,             0.0057717569,            -0.0706096603
             0.6204572284,            -0.0076438262,             0.0609224096,             0.0003033794,             0.0367397253,            -0.0076438262,             0.5977471214,             0.0368209583,            -0.0186219192,             0.0329572446,             0.0027803825,             0.0001516897,            -0.0639610860,            -0.0001761608,            -0.2354351490,             0.0003033794,            -0.0186219192,             0.0072915045,             0.1495869304,            -0.0040895050,            -0.0093109596,            -0.0017801672,            -0.2240800955,            -0.0058666656,            -0.0762357621
             0.6062576438,            -0.0028001072,             0.0399957098,            -0.0067551914,             0.0486813913,            -0.0028001072,             0.5927139979,             0.0039537899,            -0.0066090022,            -0.0113545050,            -0.0076473419,            -0.0033775957,            -0.0742024207,            -0.0117327397,            -0.2268223583,            -0.0067551914,            -0.0066090022,            -0.0206653722,             0.1526129272,             0.0096578297,            -0.0033045011,            -0.0110317431,            -0.2200505354,             0.0034288613,            -0.0547065436
             0.5940211575,             0.0284124870,            -0.0044839343,             0.0068021665,             0.0227859440,             0.0284124870,             0.6286162097,            -0.0243455175,            -0.0089052011,             0.0100324471,            -0.0180875397,             0.0034010832,            -0.0695993941,             0.0102862975,            -0.2181779372,             0.0068021665,            -0.0089052011,            -0.0078398920,             0.1576652832,            -0.0139040457,            -0.0044526006,             0.0205900655,            -0.2354754633,             0.0072542206,            -0.0730211585
             0.6119462454,             0.0149763768,            -0.0184445257,             0.0095565273,            -0.0238209816,             0.0149763768,             0.5756092711,            -0.0246019113,            -0.0063172387,            -0.0498543972,            -0.0004703914,             0.0047782636,            -0.0728750255,             0.0076222748,            -0.2341922779,             0.0095565273,            -0.0063172387,             0.0002681728,             0.1435616897,            -0.0067413623,            -0.0031586193,            -0.0078479793,            -0.2160237907,             0.0041175072,            -0.0637749067
             0.6078051424,            -0.0097404550,            -0.0112002709,            -0.0183163114,            -0.0156358703,            -0.0097404550,             0.6281572142,             0.0187380732,             0.0058383483,             0.0784071285,             0.0051369738,            -0.0091581557,            -0.0626575807,            -0.0043743075,            -0.2298206024,            -0.0183163114,             0.0058383483,             0.0009918400,             0.1481639375,             0.0145854625,             0.0029191741,             0.0206763720,            -0.2399966383,             0.0024225038,            -0.0708724877
             0.6058651335,             0.0096876799,            -0.0127990736,             0.0316293840,             0.0038529222,             0.0096876799,             0.6117559041,            -0.0357496601,            -0.0005981061,            -0.1036060873,            -0.0086250510,             0.0158146920,            -0.0704276529,             0.0123933017,            -0.2211963140,             0.0316293840,            -0.0005981061,             0.0150989234,             0.1634725054,            -0.0159537969,            -0.0002990531,            -0.0181135216,            -0.2241416993,            -0.0031330585,            -0.0639145552
             0.6434267922,            -0.0016381936,            -0.0092130014,             0.0026568968,             0.0002726654,            -0.0016381936,             0.5645404513,             0.0776642980,             0.0047332739,             0.0766250281,            -0.0023761965,             0.0013284484,            -0.0811958645,            -0.0080878706,            -0.2543584168,             0.0026568968,             0.0047332739,            -0.0145375476,             0.1347099586,             0.0161508817,             0.0023666369,             0.0008088135,            -0.2149152464,             0.0072563440,            -0.0739096332
             0.5780593300,             0.0265877046,            -0.0495730566,            -0.0279419321,            -0.0595851937,             0.0265877046,             0.6437571054,            -0.0086776607,             0.0109166676,            -0.0110819592,             0.0104644023,            -0.0139709661,            -0.0684054644,             0.0113906971,            -0.2051097297,            -0.0279419321,             0.0109166676,            -0.0038063104,             0.1678398707,            -0.0271567910,             0.0054583338,            -0.0151731153,            -0.2379586174,            -0.0002845432,            -0.0542592509
             0.5951161790,            -0.0220283546,            -0.0392245800,             0.0300108498,            -0.0714222364,            -0.0220283546,             0.5937412409,            -0.0355201669,             0.0045514336,            -0.0370662195,             0.0183745449,             0.0150054249,            -0.0617188498,            -0.0041748360,            -0.2212163485,             0.0300108498,             0.0045514336,             0.0136786826,             0.1526834820,             0.0210328118,             0.0022757168,             0.0142323986,            -0.2205288794,            -0.0004977714,            -0.0672396385
             0.6218309914,            -0.0392800415,             0.0972791202,             0.0075166663,             0.1007251252,            -0.0392800415,             0.5964228606,             0.0685703120,            -0.0232248908,             0.0424685088,            -0.0133354479,             0.0037583332,            -0.0682825366,            -0.0101283314,            -0.2321803323,             0.0075166663,            -0.0232248908,             0.0190233788,             0.1574703269,             0.0199050468,            -0.0116124454,            -0.0092925685,            -0.2194762668,            -0.0096874974,            -0.0619485437
             0.6290240478,             0.0387730434,             0.0797960617,            -0.0014076903,             0.1237673070,             0.0387730434,             0.6186218740,            -0.0364222970,            -0.0163975106,            -0.0372008409,            -0.0301843780,            -0.0007038451,            -0.0685505223,             0.0058115033,            -0.2375731287,            -0.0014076903,            -0.0163975106,            -0.0271500369,             0.1538777904,            -0.0136611213,            -0.0081987553,            -0.0010931171,            -0.2323720418,             0.0125559611,            -0.0675073668
             0.6373222662,             0.0373892329,             0.0164150571,             0.0090281635,            -0.0019601769,             0.0373892329,             0.5885710404,            -0.0312996846,            -0.0370027138,            -0.0009211639,            -0.0093137399,             0.0045140818,            -0.0658333576,             0.0129813967,            -0.2365515596,             0.0090281635,            -0.0370027138,            -0.0114264395,             0.1642191470,            -0.0268544748,            -0.0185013569,             0.0197033421,            -0.2121759467,             0.0052673790,            -0.0678878846
             0.6425190537,            -0.0223527014,             0.0201263669,             0.0066180800,             0.0244262260,            -0.0223527014,             0.6301378206,            -0.0069141065,            -0.0098924632,            -0.0002110874,            -0.0070961612,             0.0033090400,            -0.0741916820,            -0.0040345168,            -0.2436665499,             0.0066180800,            -0.0098924632,             0.0142836678,             0.1551859538,             0.0308249584,            -0.0049462316,             0.0066605495,            -0.2374759334,             0.0042361285,            -0.0751687852
             0.6483118286,             0.0183521686,             0.0135981648,            -0.0009087032,             0.0507617810,             0.0183521686,             0.6400684731,            -0.0218325074,             0.0245869465,            -0.0128942210,            -0.0062883348,            -0.0004543516,            -0.0727322937,            -0.0007861394,            -0.2442124829,            -0.0009087032,             0.0245869465,            -0.0199244475,             0.1598868629,            -0.0100367109,             0.0122934732,             0.0040147916,            -0.2400908051,             0.0041577288,            -0.0695092067
             0.6175430648,             0.0458666020,            -0.0574955895,            -0.0243931268,            -0.0587087697,             0.0458666020,             0.6506468373,            -0.0308168941,            -0.0047841191,             0.0204039857,            -0.0017854694,            -0.0121965634,            -0.0776242916,             0.0051941266,            -0.2308123235,            -0.0243931268,            -0.0047841191,            -0.0354783487,             0.1559184179,            -0.0330341908,            -0.0023920595,             0.0134138765,            -0.2473642097,             0.0064162056,            -0.0643708232
             0.5550818661,            -0.0405134026,            -0.0511529078,            -0.0153862076,            -0.0557771101,            -0.0405134026,             0.6216987066,            -0.0160824895,            -0.0032564201,            -0.0296225032,             0.0006838911,            -0.0076931038,            -0.0834453660,            -0.0093107046,            -0.2047758811,            -0.0153862076,            -0.0032564201,             0.0218919935,             0.1455301039,             0.0404433167,            -0.0016282100,            -0.0144631106,            -0.2380843013,            -0.0000350430,            -0.0826918974
             0.5619415290,            -0.0167061320,            -0.0348193677,             0.0006872993,             0.0497638367,            -0.0167061320,             0.6122016540,             0.0683037642,             0.0325413939,             0.0580363962,            -0.0260209052,             0.0003436497,            -0.0771795907,            -0.0045378959,            -0.2125301381,             0.0006872993,             0.0325413939,             0.0076303403,             0.1368812528,             0.0044361353,             0.0162706970,            -0.0047900343,            -0.2376602006,            -0.0061349984,            -0.0634062930
             0.5497636750,             0.0200601938,            -0.0411684891,             0.0058801846,            -0.0430396588,             0.0200601938,             0.6220136097,            -0.0122620203,            -0.0149388510,            -0.0629433290,            -0.0065338406,             0.0029400923,            -0.0586334180,             0.0040390024,            -0.1995904905,             0.0058801846,            -0.0149388510,            -0.0119821889,             0.1505826940,            -0.0130045109,            -0.0074694255,            -0.0224005621,            -0.2357154579,             0.0035278414,            -0.0638223912
             0.6152472351,            -0.0282935027,            -0.0459292130,             0.0252924059,            -0.0315301784,            -0.0282935027,             0.5771575662,             0.0386071181,             0.0004779149,             0.0108568787,            -0.0069605598,             0.0126462030,            -0.0681422031,             0.0010254893,            -0.2293340784,             0.0252924059,             0.0004779149,             0.0303444814,             0.1565790783,             0.0308529527,             0.0002389575,            -0.0012289167,            -0.2102892439,             0.0012797250,            -0.0683504647
             0.6664427642,             0.0080735404,            -0.0192395953,             0.0056764366,            -0.0180251224,             0.0080735404,             0.6268939852,             0.0031998366,             0.0168314776,             0.0006539522,             0.0078085023,             0.0028382183,            -0.0656306789,             0.0042121637,            -0.2523155636,             0.0056764366,             0.0168314776,             0.0003507869,             0.1618116370,            -0.0189765895,             0.0084157388,             0.0015652761,            -0.2325411741,            -0.0054515246,            -0.0639395266
             0.6675598443,             0.0229606010,            -0.0152793813,             0.0132392967,            -0.0203495117,             0.0229606010,             0.5948890088,            -0.0173321682,             0.0109481780,            -0.0315275406,             0.0080091542,             0.0066196483,            -0.0738735715,             0.0083705784,            -0.2508162234,             0.0132392967,             0.0109481780,            -0.0062194442,             0.1659273975,             0.0016353042,             0.0054740890,            -0.0004780379,            -0.2144808057,             0.0122979526,            -0.0686127759
             0.6468337551,            -0.0100702233,            -0.0567595137,            -0.0177497405,            -0.0855621131,            -0.0100702233,             0.5837060839,             0.0195176524,             0.0060470369,             0.0177746434,             0.0174248182,            -0.0088748702,            -0.0744359623,            -0.0067877168,            -0.2446675309,            -0.0177497405,             0.0060470369,            -0.0035052104,             0.1574986934,            -0.0037286444,             0.0030235184,            -0.0097463747,            -0.2131036953,            -0.0068994338,            -0.0729817110
             0.6185632337,            -0.0235415789,            -0.0202283205,            -0.0132841323,            -0.0190478066,            -0.0235415789,             0.5953901370,             0.0438734969,             0.0233754339,             0.0210429800,             0.0110974600,            -0.0066420661,            -0.0548067971,             0.0017289419,            -0.2296590286,            -0.0132841323,             0.0233754339,             0.0269994627,             0.1592451766,             0.0243069342,             0.0116877169,            -0.0180573245,            -0.2180724802,             0.0003826776,            -0.0667812098
             0.6162433005,            -0.0012226090,             0.0213252875,             0.0093208990,            -0.0090597130,            -0.0012226090,             0.6230642158,            -0.0571544386,             0.0088376674,            -0.0157449921,             0.0196113340,             0.0046604495,            -0.0568813779,             0.0001633155,            -0.2292531428,             0.0093208990,             0.0088376674,             0.0015492399,             0.1577370149,            -0.0158626883,             0.0044188337,             0.0253651728,            -0.2326636004,            -0.0085426486,            -0.0666355194
             0.6267970555,            -0.0031351698,             0.0080092988,             0.0039282765,            -0.0069697223,            -0.0031351698,             0.5633098124,            -0.0505376044,            -0.0004059245,            -0.0480331657,             0.0072865483,             0.0019641383,            -0.0711415929,            -0.0067890077,            -0.2393597508,             0.0039282765,            -0.0004059245,            -0.0104428455,             0.1480775539,             0.0140237643,            -0.0002029622,             0.0032163576,            -0.2076161292,             0.0054442972,            -0.0800131843
             0.6110821843,            -0.0074023193,            -0.0070827522,            -0.0129507041,            -0.0014774238,            -0.0074023193,             0.6134461711,             0.0444273100,            -0.0097094869,             0.0933671699,            -0.0076574077,            -0.0064753521,            -0.0824292500,            -0.0048181817,            -0.2273556170,            -0.0129507041,            -0.0097094869,            -0.0022340442,             0.1563709503,            -0.0042937085,            -0.0048547435,             0.0179945779,            -0.2285376104,            -0.0058480139,            -0.0546699978
             0.6087845759,            -0.0056740902,            -0.0020820992,            -0.0006562293,             0.0444267004,            -0.0056740902,             0.6191471543,            -0.0613988907,             0.0048395060,            -0.1040443947,            -0.0208346468,            -0.0003281147,            -0.0850108923,            -0.0083726058,            -0.2335031597,            -0.0006562293,             0.0048395060,            -0.0110711214,             0.1417782566,             0.0080184423,             0.0024197530,            -0.0216508667,            -0.2386844489,             0.0011721760,            -0.0636983268
             0.5726932118,             0.0194541727,             0.0012418525,            -0.0275493700,             0.0363286538,             0.0194541727,             0.5749297467,             0.0154493339,            -0.0013568488,             0.0649789594,            -0.0182218250,            -0.0137746850,            -0.0710730868,             0.0128252104,            -0.2117012498,            -0.0275493700,            -0.0013568488,             0.0061962480,             0.1492907121,            -0.0209666382,            -0.0006784244,             0.0109901278,            -0.2128195173,            -0.0007562327,            -0.0613663096
             0.5533017906,             0.0193591822,             0.0194851499,             0.0043562742,            -0.0077036973,             0.0193591822,             0.6636598604,             0.0165216427,             0.0022840981,            -0.0076050190,             0.0147364727,             0.0021781371,            -0.0706370249,             0.0168022930,            -0.2022865638,             0.0043562742,             0.0022840981,             0.0142454038,             0.1487286630,            -0.0013354180,             0.0011420491,            -0.0098851937,            -0.2574655987,             0.0090118821,            -0.0716549524
             0.6037963254,            -0.0004880217,             0.0083027668,             0.0154483702,            -0.0246180088,            -0.0004880217,             0.6035160143,            -0.0322922986,             0.0027982872,            -0.0268058550,             0.0178595314,             0.0077241851,            -0.0853161439,            -0.0096968590,            -0.2285203685,             0.0154483702,             0.0027982872,            -0.0189056963,             0.1467555885,            -0.0030465524,             0.0013991436,             0.0104674070,            -0.2283802129,            -0.0017672871,            -0.0688772668
             0.6194396872,             0.0337526581,            -0.0870657220,            -0.0155756407,            -0.0792012708,             0.0337526581,             0.5829796748,             0.0377125246,             0.0198324867,             0.0191174379,             0.0059840177,            -0.0077878204,            -0.0528185478,             0.0089095592,            -0.2330598400,            -0.0155756407,             0.0198324867,            -0.0159335396,             0.1533200072,            -0.0165929241,             0.0099162434,            -0.0170853637,            -0.2148298338,             0.0085798670,            -0.0683011649
             0.6108189350,            -0.0247293814,            -0.0728346381,             0.0005437127,            -0.0875375573,            -0.0247293814,             0.6136375731,            -0.0252754042,             0.0143197338,            -0.0048698415,             0.0145113265,             0.0002718563,            -0.0508792812,            -0.0010504447,            -0.2284037531,             0.0005437127,             0.0143197338,             0.0226284920,             0.1540114287,             0.0247669195,             0.0071598669,             0.0104746377,            -0.2298130722,             0.0000187690,            -0.0627588780
             0.6086261292,            -0.0149299636,            -0.0271440328,            -0.0081242482,             0.0044995589,            -0.0149299636,             0.5594863277,            -0.0815243732,             0.0215432665,            -0.0421795948,            -0.0050501627,            -0.0040621241,            -0.0691887273,            -0.0068226123,            -0.2312419209,            -0.0081242482,             0.0215432665,             0.0012847389,             0.1461422874,            -0.0132552979,             0.0107716332,             0.0156102651,            -0.2066720202,            -0.0140926308,            -0.0712691374
             0.5889972222,             0.0018941784,            -0.0226774849,            -0.0068283752,             0.0110141486,             0.0018941784,             0.5867806088,             0.0262026018,             0.0068941727,             0.0465708832,            -0.0133987304,            -0.0034141876,            -0.0620734061,            -0.0006993804,            -0.2174328761,            -0.0068283752,             0.0068941727,            -0.0032929392,             0.1541314700,             0.0074834587,             0.0034470864,             0.0067699531,            -0.2163245694,             0.0046888186,            -0.0723970629
             0.6075915364,            -0.0002029278,            -0.0019991937,             0.0257076797,            -0.0020992848,            -0.0002029278,             0.6641819906,            -0.0171768940,            -0.0028126559,            -0.0344097849,            -0.0013562824,             0.0128538398,            -0.0735525804,             0.0022612691,            -0.2267390655,             0.0257076797,            -0.0028126559,             0.0047254660,             0.1541134054,            -0.0079881856,            -0.0014063279,             0.0042373944,            -0.2550342926,            -0.0040955567,            -0.0676140726
             0.6176188706,            -0.0227661651,             0.0387457709,            -0.0047278641,            -0.0034076626,            -0.0227661651,             0.6008586843,            -0.0332366541,            -0.0306083233,            -0.0230835025,             0.0057725551,            -0.0023639321,            -0.0804129681,             0.0088669868,            -0.2368165202,            -0.0047278641,            -0.0306083233,             0.0405001388,             0.1439858302,             0.0024179816,            -0.0153041617,             0.0027126437,            -0.2284364270,            -0.0101740918,            -0.0756172997
             0.6120416835,            -0.0497095241,             0.1074532367,            -0.0095193955,             0.0751776201,            -0.0497095241,             0.5987801200,             0.0723276303,            -0.0207946842,             0.0329409811,             0.0057404662,            -0.0047596977,            -0.0645033301,            -0.0093739282,            -0.2258323609,            -0.0095193955,            -0.0207946842,             0.0309616678,             0.1603769616,             0.0330361851,            -0.0103973421,            -0.0244530223,            -0.2192015792,            -0.0083366695,            -0.0808603879
             0.6135511515,             0.0236876831,             0.1188834291,            -0.0041138501,             0.0947140789,             0.0236876831,             0.6316762149,             0.0509626085,            -0.0249689447,             0.0209024465,            -0.0003997972,            -0.0020569251,            -0.0549503142,             0.0063424295,            -0.2330351799,            -0.0041138501,            -0.0249689447,            -0.0110028241,             0.1474807918,            -0.0442231635,            -0.0124844724,            -0.0170870060,            -0.2420977116,            -0.0102677402,            -0.0637923858
             0.5964344259,             0.0183581459,             0.0869096485,             0.0054208673,             0.0402960305,             0.0183581459,             0.5943431443,            -0.0553334481,            -0.0084974344,            -0.0432840807,             0.0190580918,             0.0027104337,            -0.0636820610,             0.0003941714,            -0.2188627889,             0.0054208673,            -0.0084974344,            -0.0175698030,             0.1587088480,             0.0224171871,            -0.0042487172,             0.0087351173,            -0.2178171481,             0.0203876665,            -0.0598488672
             0.6160107810,             0.0390509358,             0.0121206940,             0.0005104119,            -0.0159799742,             0.0390509358,             0.6170356820,            -0.0279139091,             0.0051155113,             0.0133978384,             0.0166080898,             0.0002552059,            -0.0781692991,            -0.0052719059,            -0.2341854148,             0.0005104119,             0.0051155113,            -0.0495947476,             0.1476399513,            -0.0332983351,             0.0025577556,             0.0209110797,            -0.2346978654,             0.0028763003,            -0.0819128006
             0.6000691685,             0.0095918962,            -0.0532966954,            -0.0068142168,            -0.0726895985,             0.0095918962,             0.6479171637,            -0.0420162018,            -0.0034340875,             0.0034790534,             0.0079794078,            -0.0034071084,            -0.0741091922,            -0.0012449305,            -0.2232322351,            -0.0068142168,            -0.0034340875,            -0.0120817572,             0.1536046983,             0.0169002387,            -0.0017170437,             0.0193405192,            -0.2471562327,             0.0132460674,            -0.0706016655
             0.5845558024,            -0.0213508429,            -0.0438547266,             0.0006918513,            -0.0303540414,            -0.0213508429,             0.6506986055,            -0.0343279647,             0.0146792888,            -0.0233882096,             0.0005893018,             0.0003459256,            -0.0709527663,            -0.0037587264,            -0.2197069085,             0.0006918513,             0.0146792888,             0.0138333902,             0.1451419854,             0.0024701243,             0.0073396444,             0.0058158032,            -0.2527783100,            -0.0094403593,            -0.0853204591
             0.5874549589,            -0.0012072936,            -0.0293493345,            -0.0022071435,            -0.0093689401,            -0.0012072936,             0.6183356171,             0.0403790811,             0.0243938058,             0.0063085497,             0.0022067057,            -0.0011035718,            -0.0721241877,             0.0058963355,            -0.2179138721,            -0.0022071435,             0.0243938058,             0.0129999647,             0.1516272146,             0.0142572293,             0.0121969029,            -0.0181388375,            -0.2333542012,             0.0065249679,            -0.0789653094
             0.5906510887,             0.0324020967,            -0.0257691888,             0.0034619596,            -0.0335392312,             0.0324020967,             0.6524121861,             0.0688148238,             0.0193000501,             0.0356448573,             0.0135350463,             0.0017309798,            -0.0780051080,             0.0043851278,            -0.2228803046,             0.0034619596,             0.0193000501,            -0.0236318412,             0.1448904795,            -0.0208584030,             0.0096500250,            -0.0148540034,            -0.2537608533,             0.0057718468,            -0.0730448073
             0.5993506415,            -0.0124164432,            -0.0630493497,            -0.0016476677,            -0.0870193733,            -0.0124164432,             0.6319250745,            -0.0249041603,            -0.0019885016,            -0.0250022705,             0.0109907610,            -0.0008238338,            -0.0772966282,             0.0001089071,            -0.2227969341,            -0.0016476677,            -0.0019885016,             0.0126342575,             0.1537567733,             0.0056951755,            -0.0009942508,            -0.0008728889,            -0.2390841506,            -0.0033606339,            -0.0657049487
             0.6268700706,            -0.0221517785,            -0.0137020367,             0.0043262930,             0.0188952225,            -0.0221517785,             0.5999331762,             0.0024704179,             0.0320932135,            -0.0090407247,            -0.0002520229,             0.0021631465,            -0.0718611360,             0.0015579734,            -0.2382826817,             0.0043262930,             0.0320932135,             0.0252677253,             0.1503047072,             0.0302345978,             0.0160466067,            -0.0035924248,            -0.2248142345,             0.0040414097,            -0.0816581604
             0.6288503840,             0.0199570357,             0.0162051121,            -0.0031108185,            -0.0137357174,             0.0199570357,             0.6070803591,             0.0344552671,            -0.0119508668,             0.0448112687,             0.0089949813,            -0.0015554093,            -0.0608057050,             0.0088259495,            -0.2374240088,            -0.0031108185,            -0.0119508668,            -0.0023051368,             0.1540023664,            -0.0356148670,            -0.0059754334,             0.0036225916,            -0.2265389963,            -0.0078289156,            -0.0734866186
             0.6306339217,            -0.0454687024,             0.0400769811,             0.0020673877,            -0.0162940892,            -0.0454687024,             0.5960567652,             0.0412888612,            -0.0340273809,            -0.0220792655,             0.0111718447,             0.0010336938,            -0.0563327187,            -0.0085734967,            -0.2354684424,             0.0020673877,            -0.0340273809,             0.0283217090,             0.1596970370,             0.0361578140,            -0.0170136905,            -0.0306503695,            -0.2181798641,            -0.0046554442,            -0.0777655111
             0.6178252099,             0.0027039014,             0.0807256105,            -0.0073345093,             0.0996467735,             0.0027039014,             0.5802313983,             0.0191588102,             0.0118932519,             0.0300365142,            -0.0035139556,            -0.0036672547,            -0.0605706370,             0.0007994051,            -0.2342895378,            -0.0073345093,             0.0118932519,            -0.0011050912,             0.1492461344,            -0.0171038543,             0.0059466259,             0.0017715974,            -0.2154926320,            -0.0071999765,            -0.0622869132
             0.6285895312,             0.0143700739,             0.0091587425,             0.0038298395,            -0.0307153944,             0.0143700739,             0.6055498035,            -0.0686548627,            -0.0288688166,            -0.0337486868,             0.0055026602,             0.0019149197,            -0.0669758831,             0.0007252742,            -0.2324269959,             0.0038298395,            -0.0288688166,            -0.0129195256,             0.1637355395,             0.0016303933,            -0.0144344083,             0.0193680077,            -0.2209071320,             0.0080002336,            -0.0675779562
             0.6381237272,            -0.0063304008,             0.0185582160,             0.0043730800,             0.0096345902,            -0.0063304008,             0.5963017011,            -0.0382984232,            -0.0036128887,            -0.0024252073,             0.0026553685,             0.0021865400,            -0.0635980774,             0.0020187729,            -0.2419109393,             0.0043730800,            -0.0036128887,             0.0103679467,             0.1543018486,             0.0180020385,            -0.0018064444,             0.0201231479,            -0.2209999262,             0.0058358188,            -0.0799569659
             0.5840374316,             0.0213772168,            -0.0008635052,            -0.0104588776,            -0.0320037752,             0.0213772168,             0.6241691404,            -0.0156562159,             0.0196380222,            -0.0118665494,             0.0253891461,            -0.0052294388,            -0.0762956819,             0.0075717972,            -0.2178983319,            -0.0104588776,             0.0196380222,            -0.0062336225,             0.1482407678,            -0.0030144123,             0.0098190111,            -0.0033346056,            -0.2379641863,             0.0091814023,            -0.0761395415
             0.5812571292,             0.0012510208,            -0.0064632745,             0.0023655056,            -0.0646558823,             0.0012510208,             0.6244097788,             0.0223862288,            -0.0003557727,             0.0098782987,             0.0289184175,             0.0011827528,            -0.0835837966,            -0.0021159891,            -0.2141712924,             0.0023655056,            -0.0003557727,            -0.0054829989,             0.1529145444,            -0.0102889335,            -0.0001778864,            -0.0050712123,            -0.2357476172,            -0.0045189564,            -0.0688397888
             0.6075285097,            -0.0395120249,             0.0084308215,             0.0094142550,            -0.0156001700,            -0.0395120249,             0.6161872135,             0.0367863340,             0.0026213529,            -0.0110801951,             0.0133261722,             0.0047071275,            -0.0780350394,            -0.0032886353,            -0.2288329715,             0.0094142550,             0.0026213529,             0.0329347544,             0.1498625668,             0.0316587248,             0.0013106764,            -0.0192261370,            -0.2331623233,            -0.0039266500,            -0.0769008710
             0.6050246418,            -0.0016899766,             0.0480857359,            -0.0122297207,             0.0633175180,            -0.0016899766,             0.6126822084,             0.0193022673,             0.0076316795,             0.0416574654,            -0.0038000513,            -0.0061148603,            -0.0747928756,            -0.0035404559,            -0.2271837691,            -0.0122297207,             0.0076316795,            -0.0053909352,             0.1506571037,            -0.0103660439,             0.0038158397,             0.0050627387,            -0.2310125524,            -0.0060280102,            -0.0585657347
             0.6126123849,             0.0026041144,             0.0205064850,             0.0115032091,            -0.0051877612,             0.0026041144,             0.6238953629,            -0.0607689628,            -0.0108622829,            -0.0545457251,             0.0074159816,             0.0057516046,            -0.0731872766,            -0.0086298342,            -0.2260664222,             0.0115032091,            -0.0108622829,            -0.0198637829,             0.1604795405,             0.0078752488,            -0.0054311414,             0.0088632235,            -0.2317079112,             0.0052396816,            -0.0675041840
             0.6390314480,            -0.0012354954,            -0.0270810247,             0.0093112852,             0.0197568786,            -0.0012354954,             0.5691336618,             0.0207959005,             0.0041831158,            -0.0068461240,            -0.0213273938,             0.0046556426,            -0.0777780453,            -0.0113217955,            -0.2407272346,             0.0093112852,             0.0041831158,            -0.0214080955,             0.1575769788,             0.0112192722,             0.0020915579,            -0.0091653696,            -0.2057783415,             0.0049918884,            -0.0770568133
             0.6401388042,             0.0377282241,            -0.0780744727,            -0.0113467395,            -0.0347300382,             0.0377282241,             0.6183549966,             0.0713377819,             0.0141285847,             0.0654611652,            -0.0146079249,            -0.0056733697,            -0.0591647221,             0.0030410464,            -0.2453126435,            -0.0113467395,             0.0141285847,            -0.0316461313,             0.1495135173,            -0.0186840855,             0.0070642923,            -0.0086116781,            -0.2344207397,             0.0095220693,            -0.0655301838
             0.6025893710,            -0.0052257177,            -0.1123610118,            -0.0048886655,            -0.0893993942,            -0.0052257177,             0.5930913609,            -0.0474879277,             0.0215194288,            -0.0441739139,            -0.0007210944,            -0.0024443327,            -0.0511192480,             0.0011547146,            -0.2219102434,            -0.0048886655,             0.0215194288,             0.0075351469,             0.1587688841,            -0.0060612685,             0.0107597144,            -0.0007873259,            -0.2171612384,            -0.0056434931,            -0.0599472437
             0.6165124622,            -0.0345079868,            -0.0870265636,             0.0155119552,            -0.0543575217,            -0.0345079868,             0.5927821028,            -0.0282069256,             0.0219607991,             0.0219686424,            -0.0053541214,             0.0077559776,            -0.0553707392,            -0.0056438048,            -0.2330850166,             0.0155119552,             0.0219607991,             0.0232203773,             0.1503424291,             0.0118035040,             0.0109803995,             0.0328437616,            -0.2212198368,            -0.0113522414,            -0.0736550234
             0.6269851583,            -0.0296993603,            -0.0144510792,            -0.0001810317,             0.0006877305,            -0.0296993603,             0.6212452957,            -0.0511604376,             0.0087846846,            -0.0288094069,            -0.0031770625,            -0.0000905158,            -0.0662335705,             0.0043196121,            -0.2359186675,            -0.0001810317,             0.0087846846,             0.0383385845,             0.1551478233,            -0.0043494243,             0.0043923423,             0.0110849995,            -0.2330487362,            -0.0170243923,            -0.0755264148
             0.6134108943,            -0.0324076112,             0.0476175984,            -0.0000135473,             0.0225429420,            -0.0324076112,             0.6184581931,            -0.0028706066,            -0.0157531274,             0.0087190507,             0.0046607645,            -0.0000067737,            -0.0740715830,            -0.0021985263,            -0.2304806895,            -0.0000135473,            -0.0157531274,             0.0280105585,             0.1524495153,             0.0025239217,            -0.0078765637,             0.0057880550,            -0.2330043389,            -0.0149418447,            -0.0782044641
             0.6249616515,            -0.0226633938,             0.0857548202,             0.0064850015,             0.0651870672,            -0.0226633938,             0.6486208932,             0.0182091517,            -0.0237701168,            -0.0141263587,            -0.0016011819,             0.0032425008,            -0.0742059198,            -0.0038670007,            -0.2322765745,             0.0064850015,            -0.0237701168,             0.0149293924,             0.1604085024,             0.0050757827,            -0.0118850584,            -0.0129252544,            -0.2441061954,            -0.0087938056,            -0.0811605092
             0.6449078494,             0.0128270266,             0.0790774105,            -0.0039642672,             0.0777776159,             0.0128270266,             0.6293773987,             0.0176806694,            -0.0161719605,             0.0072762406,            -0.0074360830,            -0.0019821336,            -0.0786769219,            -0.0026796283,            -0.2489863000,            -0.0039642672,            -0.0161719605,            -0.0181862833,             0.1469352494,            -0.0143198177,            -0.0080859803,            -0.0071843480,            -0.2412210747,            -0.0007463955,            -0.0748441063
             0.6141535457,             0.0286692677,             0.0347293465,            -0.0239217702,             0.0069024101,             0.0286692677,             0.6342642829,            -0.0248483104,            -0.0148149895,            -0.0192574860,             0.0065059734,            -0.0119608851,            -0.0699038728,             0.0100799345,            -0.2280332887,            -0.0239217702,            -0.0148149895,            -0.0085093987,             0.1580869683,            -0.0044081082,            -0.0074074947,            -0.0091654729,            -0.2380886573,             0.0121305797,            -0.0766040543
             0.5890905656,            -0.0152190822,             0.0375163684,             0.0017502627,            -0.0029405905,            -0.0152190822,             0.6116794416,             0.0055618370,            -0.0129774743,            -0.0164080002,             0.0137397423,             0.0008751313,            -0.0658822774,            -0.0037733637,            -0.2189681149,             0.0017502627,            -0.0129774743,             0.0076723548,             0.1511543358,             0.0064918499,            -0.0064887372,            -0.0101097872,            -0.2302625529,            -0.0043636162,            -0.0792108691
             0.6211550820,            -0.0009130548,             0.0223478460,             0.0154344373,             0.0256355289,            -0.0009130548,             0.6377598810,             0.0359530693,             0.0027680728,             0.0161702065,            -0.0002598051,             0.0077172186,            -0.0676353912,            -0.0085518144,            -0.2346236543,             0.0154344373,             0.0027680728,            -0.0161905740,             0.1519077735,            -0.0047810323,             0.0013840364,            -0.0021742127,            -0.2429260538,            -0.0028470435,            -0.0740119421
             0.6270194820,             0.0285309649,            -0.0313713503,            -0.0105494085,            -0.0307659846,             0.0285309649,             0.6223824099,            -0.0254311875,             0.0065639783,            -0.0372742768,             0.0029793063,            -0.0052747043,            -0.0772392803,             0.0058112758,            -0.2369646990,            -0.0105494085,             0.0065639783,            -0.0169084132,             0.1530900839,            -0.0089036663,             0.0032819891,            -0.0111962489,            -0.2346461630,             0.0098136493,            -0.0713560626
             0.6155373078,             0.0165931987,            -0.0676155681,            -0.0041666273,            -0.0559919545,             0.0165931987,             0.5951640116,             0.0522084150,             0.0210140862,             0.0312226735,             0.0046952363,            -0.0020833136,            -0.0721390534,            -0.0002694314,            -0.2303977458,            -0.0041666273,             0.0210140862,            -0.0171320614,             0.1547418161,             0.0039189789,             0.0105070431,            -0.0125761844,            -0.2202110978,             0.0102560888,            -0.0736394050
             0.6060863334,             0.0002584814,            -0.0858135203,            -0.0100700283,            -0.0740213678,             0.0002584814,             0.6336206506,             0.0115499069,             0.0169327381,            -0.0020467032,             0.0025702928,            -0.0050350141,            -0.0578448521,             0.0049000247,            -0.2278282601,            -0.0100700283,             0.0169327381,             0.0095415680,             0.1504298132,             0.0013679996,             0.0084663691,            -0.0118333192,            -0.2415954187,             0.0008132405,            -0.0676797844
             0.6105228726,            -0.0263480753,            -0.0412342001,             0.0133791169,            -0.0278474541,            -0.0263480753,             0.5931458622,            -0.0575108694,             0.0265683533,            -0.0256507519,             0.0065908036,             0.0066895585,            -0.0672886211,            -0.0026183680,            -0.2251920613,             0.0133791169,             0.0265683533,             0.0211113393,             0.1601387500,             0.0059125549,             0.0132841766,             0.0226196172,            -0.2165035561,            -0.0102177602,            -0.0709440063
             0.6361895076,            -0.0112456867,            -0.0267482841,             0.0115440875,            -0.0088289077,            -0.0112456867,             0.6117099805,            -0.0015799064,             0.0103949503,             0.0103890334,            -0.0037622130,             0.0057720437,            -0.0723826783,            -0.0063302020,            -0.2438277081,             0.0115440875,             0.0103949503,            -0.0014147174,             0.1485340913,            -0.0070882769,             0.0051974752,             0.0117565136,            -0.2315879446,            -0.0091669818,            -0.0790769027
