         1,      1845,        42,      1682,         2,      1841,      1849,      1686,        43,      2025,      1862,        83,      2021,      2029,      1837,      1853,         3,      1866,      1690,        84
         2,      1686,         1,        43,         3,      1682,        42,      1690,        44,      1845,      1866,         4,      1849,      1862,      1841,        84,      1870,        83,      1694,        45
         3,         4,        44,      1690,         2,        45,      1694,        43,      1686,         5,        85,      1870,        86,        46,      1698,         1,        84,      1874,        42,      1866
         4,         3,      1694,         5,        45,      1690,        44,      1698,        46,      1874,         2,         6,      1870,      1686,        86,      1878,        43,      1702,        87,        85
         5,        46,         4,      1698,         6,        45,      1694,      1702,        47,         3,        87,         7,      1878,        44,      1690,        48,      1874,        88,        86,      1882
         6,         7,      1702,        47,         5,        48,        46,      1706,      1698,        88,         8,      1882,        87,         4,        49,      1710,        45,      1886,      1694,      1878
         7,        48,         6,      1706,         8,        49,        47,      1702,      1710,        89,         5,        46,      1886,        88,         9,      1698,      1882,        50,        90,      1890
         8,        49,         9,         7,      1710,        48,        50,      1714,      1706,        10,         6,        90,        89,      1890,        51,        91,        47,      1718,      1702,      1894
         9,        50,        10,         8,      1714,        51,        49,      1718,      1710,        11,        91,        92,        52,      1894,         7,        48,        90,      1722,      1898,      1706
        10,        11,        51,         9,      1718,        52,      1722,      1714,        50,        12,        92,      1898,         8,        93,        53,      1726,        91,      1902,      1894,      1710
        11,        10,        52,        12,      1722,        51,        53,      1718,      1726,        93,         9,      1902,        13,        92,      1714,        50,      1898,        94,        54,      1906
        12,      1726,        53,        11,        13,      1722,      1730,        52,        54,        10,      1906,        14,        94,        93,      1718,      1902,        51,      1910,        95,      1734
        13,        14,      1730,        54,        12,        53,      1734,      1726,        55,        15,        95,      1910,        11,      1738,      1914,      1906,        96,      1722,        52,        94
        14,        13,        15,      1734,        55,      1730,      1738,        54,        56,        16,      1914,        12,        96,        53,      1726,        95,      1910,        97,      1918,        57
        15,      1738,        14,        16,      1734,        56,        55,      1742,        57,        13,      1918,        97,      1730,      1914,        17,      1922,        54,        96,        58,        98
        16,        15,        57,      1742,        17,        56,      1738,        58,      1746,        98,        14,        55,      1922,        97,      1734,      1918,        99,        18,      1926,      1750
        17,      1746,        16,        58,        18,      1742,      1750,        57,        59,      1926,      1922,        15,      1738,        99,        19,      1930,        56,      1754,        60,       100
        18,      1750,        19,        17,      1754,        59,        60,      1746,        58,        20,      1930,       100,        61,      1934,      1758,      1926,       101,        16,      1742,        99
        19,        20,        18,      1754,        60,        61,      1758,      1750,        59,      1934,       101,        21,        17,       100,      1762,      1938,       102,      1930,        62,      1746
        20,        19,        61,      1758,        21,      1754,      1762,        62,        60,        18,       102,      1938,        22,      1934,      1750,       101,        63,      1942,        59,      1766
        21,        22,        62,      1762,        20,        63,      1766,        61,      1758,        23,        19,        64,       104,      1942,       102,       103,      1770,      1946,      1938,      1754
        22,        21,      1766,        63,        23,      1762,        64,        62,      1770,      1946,        20,       104,        24,      1942,      1758,      1950,        61,      1774,        65,       105
        23,        64,        24,      1770,        22,        65,      1774,        63,      1766,       106,        25,        21,       105,      1950,       104,        66,        62,      1778,      1954,      1762
        24,        23,        65,      1774,        25,        64,      1770,        66,      1778,       106,        22,      1954,       107,        26,       105,      1766,        63,      1950,      1782,      1958
        25,      1778,        26,        66,        24,      1782,        65,      1774,        67,        27,      1958,        23,       107,      1962,      1786,      1954,        68,       106,      1770,       108
        26,        27,        67,        25,      1782,        68,        66,      1786,      1778,        28,       108,       109,      1962,        65,        24,        69,       107,      1790,      1966,      1774
        27,        26,        68,        28,      1786,        67,      1782,        69,      1790,       109,        25,       110,        29,        66,      1966,       108,      1778,        70,      1962,      1794
        28,      1790,        27,        29,        69,      1786,        68,      1794,        70,        26,       110,      1970,       109,        67,      1782,      1966,        30,       111,      1974,      1798
        29,      1794,        30,        70,        28,      1798,      1790,        69,        71,        31,      1974,       111,        27,      1978,      1970,      1802,      1786,       110,       112,        68
        30,        31,      1798,        29,        71,      1802,        72,      1794,        70,        32,       112,      1978,      1806,       113,      1982,        28,        73,       111,      1974,      1790
        31,        30,        72,        32,      1802,        71,      1798,        73,      1806,        29,       113,       112,      1982,        70,      1794,       114,      1978,        33,        74,      1986
        32,      1806,        31,        73,      1802,        33,        72,      1810,        74,        30,      1986,      1798,      1982,       114,        71,        34,      1990,       113,      1814,       115
        33,        34,        74,      1810,        32,      1814,        73,        75,      1806,        35,       115,      1990,        76,      1818,       116,        72,       114,      1994,        31,      1986
        34,      1814,        33,        35,        75,      1818,      1810,        76,        74,      1994,        36,       116,      1998,      1990,        73,        32,      1822,      1806,       115,        77
        35,      1818,        34,        76,        36,      1814,      1822,        75,        77,        33,      1998,      1994,      1810,        37,      2002,       117,        74,      1826,       116,        78
        36,        37,        77,      1822,        35,        76,        78,      1826,      1818,        38,       118,        34,      2002,        79,       117,       119,      1830,        75,      1814,      2006
        37,        78,        38,        36,      1826,        79,        77,      1830,      1822,       119,        39,        80,        35,      2006,       120,        76,       118,      1834,      1818,      2010
        38,      1830,        37,        79,        39,      1826,        78,      1834,        80,        36,      2010,        40,      2006,      1822,       120,      2014,        77,        81,      1838,       121
        39,        40,        80,      1834,        38,        81,        79,      1838,      1830,        41,       121,      2014,        37,        78,       122,      1842,      2018,        82,      2010,      1826
        40,      1838,        39,        41,        81,      1834,      1842,        80,        82,      2018,        38,      1683,       122,      2014,      1830,      2022,        79,      1846,       121,       123
        41,        40,      1842,      1683,        82,      1838,        81,      1846,      1687,        39,       123,      2022,       122,      1863,      1834,      2018,        80,      2026,      1691,      1850
        42,         1,      1841,        43,        83,      1845,         2,      1837,        84,      1682,      2021,       124,        44,      1849,      2025,      1686,      2017,      1833,         3,       125
        43,         2,        42,        44,        84,         3,        83,        85,         1,        45,       125,      1686,      1841,       126,        86,       124,         4,      1690,      1682,      1845
        44,        45,         3,        85,        43,        86,         4,        84,         2,       126,        46,      1690,         5,       127,        42,        87,      1694,       125,      1686,        83
        45,        44,        86,        46,         4,         3,         5,        85,        87,       127,        43,        47,      1694,       126,        84,        88,         6,      1698,      1690,       128
        46,        47,        87,         5,        45,         6,        88,         4,        86,        48,      1698,        44,         7,       127,      1702,       128,         3,      1694,        89,        85
        47,        88,        46,        48,         6,        87,         7,        89,         5,        49,        45,       129,      1702,       130,       128,         8,        90,      1706,      1698,        86
        48,         7,        47,        49,        89,         6,         8,        88,        90,        46,      1706,        50,      1702,        87,      1710,         5,         9,       130,       129,        91
        49,         8,        48,        50,         7,        90,        89,         9,        91,      1710,        47,      1706,         6,        51,      1714,        88,        92,       131,        10,       132
        50,         9,        91,        51,        49,        92,         8,        90,        10,       132,        52,        89,      1714,        48,       133,        93,        11,       131,      1718,      1710
        51,        52,        92,        10,        50,         9,        11,        93,        91,      1718,        53,       133,        49,        12,        94,      1722,         8,       134,      1714,       132
        52,        93,        51,        11,        53,        10,        92,        12,        94,        50,       134,      1722,        54,         9,        91,      1718,       135,        95,      1726,       133
        53,        54,        12,        52,        94,        13,        11,        95,        93,      1726,        51,       135,        55,        14,      1730,      1722,        10,       134,        96,        92
        54,        95,        53,        13,        55,        94,        96,        14,        12,        52,       136,      1730,        93,       135,       137,        97,        56,        15,        11,      1726
        55,        96,        56,        14,        54,        97,        15,        95,        13,        57,        16,        98,       137,      1734,        53,      1738,       138,       136,      1730,        94
        56,        57,        97,        55,        98,        15,        16,        96,        14,        58,       138,        99,       139,      1738,        17,        54,      1742,       137,        95,        13
        57,        56,        98,        58,        16,        97,        99,        15,        17,        55,       139,        96,      1742,       138,        59,      1738,        14,       100,       140,      1746
        58,        57,        99,        17,        59,        16,        98,       100,        18,        56,      1746,        60,      1742,        97,       139,       140,      1750,        15,       141,       101
        59,       100,        60,       101,        58,        18,        99,        19,        17,        61,       141,       142,       102,      1750,        57,        20,       140,      1754,        98,      1746
        60,        59,       101,        61,        19,       100,        18,       102,        20,       142,      1754,        58,        99,        62,       143,      1750,       141,        17,       103,      1758
        61,        20,        60,       102,        62,        19,       101,        21,       103,        59,      1758,        63,        18,      1754,       143,       100,      1762,        22,       142,       104
        62,        63,        21,        61,       103,       104,       102,        22,        20,        64,       144,      1762,        60,       145,        23,      1766,        19,      1758,       101,       105
        63,       104,        62,        64,        22,        21,        23,       103,       105,       145,        61,       102,      1766,       144,       106,        65,        20,      1762,        24,       146
        64,        23,        63,        65,       105,        24,       106,        22,       104,        62,      1770,        21,       146,      1766,        66,       145,      1774,       107,        25,       103
        65,        24,       106,        66,        64,       107,        23,        25,       105,      1774,        67,        26,       108,      1778,       147,        63,      1770,       146,       148,       104
        66,        65,       107,        25,        67,        26,       108,       106,        24,        68,       148,      1778,        27,       109,        64,       149,        23,      1782,      1774,       147
        67,        68,       108,        26,        66,       109,        27,       107,        25,       149,        69,       110,        65,       150,        28,      1782,       148,      1786,       106,      1778
        68,       109,        67,        27,        69,       110,        26,        28,       108,        66,       150,      1786,        70,       151,       111,       149,        25,      1782,      1790,        29
        69,       110,        70,        68,        28,       109,       111,        27,        29,       151,        67,        71,       150,      1790,        26,       112,       152,       108,      1794,      1786
        70,       111,        69,        71,        29,       112,       110,        30,        28,      1794,        68,        31,       152,        72,       113,       109,      1798,      1790,       151,        27
        71,       112,        70,        72,        30,       113,        31,       111,        29,       153,        73,      1798,        69,       154,       114,        32,      1802,       152,      1794,       110
        72,        31,        73,       113,        71,        32,       114,       112,        30,        74,       154,      1802,       155,      1806,        70,       115,        33,      1798,        29,       111
        73,        74,        72,       114,        32,       115,        33,        31,       113,        75,      1806,       155,        71,      1810,       116,        34,       154,      1802,        30,       112
        74,        73,       115,        33,        75,       114,       116,        34,        32,        72,      1810,        76,       156,       155,      1806,      1814,       113,        35,       117,        31
        75,       116,        76,        74,        34,       115,       117,        33,        35,       157,        73,        77,       158,      1814,       114,       156,       118,        36,      1818,      1810
        76,        75,        77,       117,        35,        36,        34,       116,       118,       158,      1818,        74,        33,       115,        78,       159,      1814,        37,      1822,       157
        77,        36,       118,        76,        78,        37,       117,       119,        35,       159,        75,       158,        79,      1822,       120,       116,        38,       160,      1818,      1826
        78,        37,        79,        77,       119,        38,        36,       120,       118,        80,      1826,        76,      1830,        39,       160,       121,      1822,       159,       161,       117
        79,        80,        38,        78,       120,        37,        39,       121,       119,      1830,        81,        77,      1834,      1826,        40,        36,       162,       161,       122,       118
        80,        79,       121,        39,        81,        38,       120,        40,       122,        78,       162,      1834,        82,        37,      1830,        41,       161,       119,      1838,       123
        81,       122,        80,        40,        82,        39,       121,        41,       123,        79,      1838,      1687,       163,      1834,       162,       164,      1842,        38,      1683,       120
        82,       123,      1687,        81,        41,       122,      1691,      1683,        40,       164,      1867,        80,       121,      1695,      1842,       163,      1871,        39,      1863,      1846
        83,       124,      1837,        42,        84,      1833,      1841,        43,       125,      2017,       165,         1,       166,        85,       126,      1829,      2013,      2021,         2,      1845
        84,       125,        85,       126,        43,        83,       124,        44,        42,        86,       166,       167,       127,      1837,        45,         2,       165,         3,      1833,      1841
        85,        86,       126,        84,        44,       125,       127,        45,        43,       167,         3,        87,        83,       166,       124,       168,       128,        46,         4,        42
        86,        85,       127,        45,        87,        44,       126,        46,       128,        84,       125,       168,         3,        88,        43,         4,       169,       167,         5,        47
        87,        88,        46,        47,       128,        86,       127,        45,       129,         5,        89,        85,         6,        48,       169,       130,       170,        44,         4,       126
        88,        47,        87,       129,        89,        46,       128,       130,        48,       170,         6,        90,       127,         7,        86,        45,        49,         5,       169,       171
        89,        90,        48,        88,       130,        49,        47,       131,       129,         7,        91,       132,        87,         8,        50,       172,       171,       170,         6,        46
        90,        89,       131,        91,       132,        49,        50,       130,        48,       172,        92,         8,        88,       133,       171,         9,       129,       173,        47,         7
        91,        92,       132,        50,        90,       133,        51,       131,        49,        93,         9,        89,        52,       173,       134,       172,        10,         8,       174,        48
        92,        91,        51,       133,        93,        50,       132,        52,       134,        90,        10,         9,        94,       131,        11,       174,        49,       175,       135,       173
        93,        52,        94,       134,        92,        51,        53,       135,       133,        11,        91,        95,       175,        54,        10,        12,        50,       176,       132,       136
        94,       135,        93,        95,        53,       134,        54,        52,       136,       176,        92,        96,        12,       137,       175,       177,        51,        11,       133,        13
        95,        54,        94,        96,       136,        53,       137,        55,       135,        13,        97,        93,       177,       134,        14,        12,        52,       176,        56,       178
        96,        97,        55,       137,        95,        56,       136,        54,       138,        98,       178,        14,        57,        94,       139,       177,        13,        15,       179,       135
        97,        56,        96,        98,       138,        55,        57,       137,       139,        95,        15,        99,        16,        58,       136,        54,       179,        14,       178,       180
        98,        57,        97,       139,        99,        56,        58,       138,       140,        96,        16,        55,       180,       100,       137,        15,        17,       141,        59,       179
        99,        58,       100,        98,       140,       139,        59,       141,        57,       101,        56,        97,        17,        60,       181,       138,       142,        16,       180,       182
       100,        59,       101,        99,       141,        60,       142,        58,       140,        18,       102,        61,       143,       182,        19,        98,       139,       183,        17,        57
       101,        60,       100,       142,       102,        59,       143,        61,       141,       103,        19,        99,       183,       144,       184,        20,        18,        62,       140,       182
       102,       103,        61,       143,       101,        62,       144,        60,       142,       104,        20,       184,        63,       100,        21,        59,        19,       145,       185,       183
       103,       144,       102,       104,        62,       143,       145,        63,        61,       185,       101,       184,       142,       186,        21,       105,        60,        20,        64,       146
       104,        63,       145,       103,       105,        62,        64,       144,       146,       102,       106,        22,       186,        21,        23,       187,        61,       143,       185,        65
       105,       146,       106,       104,        64,       145,       147,        63,        65,       187,       107,        23,       186,       103,       148,       188,        24,       144,        62,        66
       106,       105,        65,       107,       147,       146,        64,        66,       148,        24,        23,       104,       108,       145,       188,        63,       187,        25,        67,       149
       107,        66,       108,       106,       148,        65,       147,       149,        67,       105,       146,        25,       189,       109,        24,       188,        26,        64,        68,       150
       108,       149,        67,       107,       109,       148,        66,       150,        68,       110,        26,       190,       106,       191,       147,        65,       151,       189,        27,        25
       109,       110,        68,       150,        67,       108,        69,       151,       149,        27,       111,        26,       191,        28,       107,        66,        70,       148,       152,       192
       110,        69,       109,       151,       111,        68,       150,        70,       152,        67,        28,       108,        27,       192,       149,       112,       191,        29,        71,       193
       111,        70,       110,       112,       152,        69,        71,       151,       153,       109,       113,        29,       193,       150,        68,        28,        30,       192,       154,        72
       112,        71,       113,       111,       153,       154,        70,        72,       152,       114,        30,        31,       155,       110,       194,        73,        69,       193,        29,       195
       113,       112,       154,        72,       114,        71,       155,        73,       153,        31,       111,       115,       195,        30,        70,       196,       152,        74,        32,       156
       114,       155,        73,       115,       113,        72,       154,        74,       156,       116,       112,       196,        32,        71,        75,        33,        31,       197,       157,       195
       115,       116,        74,       114,       156,        75,        73,       155,       157,        33,       117,       113,       197,        76,        72,       154,       158,        34,       196,        32
       116,        75,       115,       157,       117,       158,       156,        74,        76,       114,       118,        34,       199,       159,       198,        73,        33,       155,        77,       197
       117,       158,       116,       118,        76,       159,       157,        75,        77,       199,       115,       119,        35,        36,       156,        74,       198,       160,        34,       200
       118,       159,       119,        77,       117,       158,       160,        76,        78,       120,        36,       200,       116,       201,       157,       199,        37,        75,       161,        79
       119,       118,       120,       160,        78,       159,        77,       161,        79,       201,        37,       117,       158,       162,       121,       200,       202,        36,        80,        76
       120,       119,       161,       121,        79,       162,        78,       160,        80,       118,       201,       202,       203,        37,        38,        77,       159,       122,        81,       163
       121,       162,        80,       122,       120,        81,       161,        79,       163,        39,       203,       123,       164,        82,       119,        78,        40,       204,        38,       160
       122,       123,        81,       121,       163,        82,       164,       162,        80,      1691,        40,        41,      1687,       204,      1695,        39,       120,       203,       205,       161
       123,        82,       122,      1691,       164,      1687,      1695,        81,       163,        41,      1871,       121,      1683,       205,      1867,      1875,      1699,        40,        80,       162
       124,        83,       125,       165,      1833,       166,        84,      1837,      1829,       126,        42,       167,      2013,        85,       206,        43,       207,      1841,      1825,      2017
       125,       126,        84,       166,       124,       167,        85,        83,       165,        86,        43,       127,       207,      1833,        44,       208,       168,        42,      1837,      1829
       126,       125,        85,        84,       167,       127,        86,       166,       168,       124,        44,        43,       208,        83,        45,       128,       169,       165,       207,        87
       127,        86,       128,       126,       168,        85,       169,        87,       167,        45,       129,       125,        88,       170,        44,        84,        46,       210,       209,       166
       128,       129,       169,       127,       170,        87,       168,        88,        86,       130,       210,        46,       171,       126,       211,        47,       209,        85,        89,        45
       129,       170,       128,       130,        88,       169,       171,        87,        89,       127,        47,       211,       172,       210,       168,       131,        90,       212,        46,        86
       130,       129,       171,        89,       170,       131,       172,        88,        90,       128,       212,       132,        87,       213,       169,        47,        48,       211,       173,        49
       131,       132,       172,        90,       130,       173,       171,        91,        89,       133,       213,       214,       174,        92,       129,        50,        49,       212,       170,        88
       132,       131,        91,       133,       173,        90,       172,        92,       174,        50,       214,        89,       130,       171,       134,       175,        51,       215,        49,       213
       133,       132,        92,       174,        91,       134,       175,       173,        93,       131,       215,        51,        90,       135,        50,       214,       172,       176,       216,        52
       134,       135,       175,        93,       176,        94,       133,        92,       174,        52,       136,       216,       177,        95,        91,       215,        51,       132,        53,       217
       135,       134,        94,       176,       136,       177,        93,       175,        95,       137,        53,       133,        54,       217,        52,        96,       216,        92,       178,       174
       136,       137,       177,       135,        95,       178,        96,       176,        94,       138,       218,       134,        54,       179,        97,       219,       217,        55,       175,        93
       137,       136,        96,       178,       138,       177,        95,        97,       179,       135,        55,        94,        54,       219,       176,       139,       218,        56,        98,       220
       138,       139,       179,        97,       137,       180,        98,       178,        96,       220,       140,       136,        56,       221,        57,        99,        55,       219,       181,       177
       139,       140,       138,        98,       180,        99,        97,       181,       179,       141,        57,       221,        56,        58,       222,       137,       182,       220,        96,       100
       140,       141,       139,       181,        99,       182,       180,       100,        98,       222,       138,       142,       223,       183,       221,        58,        59,       101,       179,        57
       141,       140,       182,       142,       100,       183,       181,        99,       101,        59,       223,       139,       143,       184,       222,       180,        60,       224,        58,        98
       142,       143,       101,       141,       183,       184,       100,       182,       102,       144,        60,       140,        59,       103,       224,       223,       185,       181,        99,        61
       143,       142,       184,       144,       102,       103,       101,       183,       185,       141,        61,       100,       182,        60,       145,       225,        62,       224,       186,       104
       144,       103,       185,       143,       145,       102,       184,       186,       104,       142,        62,       226,        63,       101,       227,       146,       183,       105,       187,        61
       145,       186,       104,       146,       144,       105,       187,       103,       185,        63,       227,       147,       106,       143,        62,        64,       102,       188,       226,       228
       146,       105,       187,       147,       145,       106,       188,       186,       104,       148,       107,       228,        64,       229,       144,        65,       189,       227,        63,       103
       147,       148,       188,       146,       106,       107,       189,       187,       105,       229,       149,       108,       145,       230,        65,       190,       228,        66,       186,       104
       148,       147,       149,       107,       189,       188,       108,       190,       106,       146,        66,       229,       230,       191,       150,       187,       105,       231,        67,        65
       149,       108,       148,       150,       190,       191,       189,       107,       109,        67,       147,       151,       231,        66,       110,       188,        68,       232,       106,       192
       150,       151,       191,       149,       109,       110,       108,       192,       190,        68,       232,       152,        67,        69,       148,       111,       193,       233,       189,       231
       151,       150,       192,       110,       152,       191,       109,       111,       193,        69,       149,       153,       233,       232,       190,        68,       108,        70,       234,       112
       152,       193,       153,       151,       111,       192,       194,       112,       110,       150,       235,       234,       154,        70,       195,       113,        69,        71,       233,       191
       153,       152,       194,       154,       112,       193,       195,       111,       113,       235,        71,       155,       151,       192,       236,       196,        70,       234,       114,       110
       154,       155,       113,       195,       153,       196,       114,       112,       194,       156,        72,       236,       152,       197,        71,       237,       115,        73,       193,       235
       155,       154,       114,       196,       156,       113,       197,       115,       195,        73,       237,       153,        72,       157,       112,        74,       116,       236,       238,       194
       156,       197,       155,       157,       115,       196,       116,       114,       198,       238,       154,       158,       199,        74,       195,       237,        75,       117,        73,       113
       157,       158,       116,       156,       198,       199,       117,       115,       197,       159,        75,       155,       118,       240,       239,        76,       238,       196,       200,       114
       158,       117,       159,       157,       199,       118,       116,       198,       200,        76,       160,       156,        77,        75,       240,       119,       115,       201,       241,       197
       159,       118,       158,       160,       117,       200,       119,       199,       201,        77,       157,       116,        76,       241,       120,       198,       161,        78,       240,       202
       160,       201,       119,       159,       161,       202,       200,       118,       120,       242,       158,       162,       241,        78,       203,       199,       243,        77,       117,       121
       161,       162,       120,       202,       160,       203,       201,       121,       119,       163,       243,       244,       204,        79,        80,       159,       242,       122,       200,       118
       162,       161,       121,       203,       163,       120,       122,       204,       202,        80,       164,       160,       244,       119,       201,        81,        79,       123,       205,       243
       163,       164,       204,       162,       122,       203,       205,       121,       123,       161,      1695,       245,        81,       244,        82,      1699,      1691,       120,       246,        80
       164,       163,       123,      1695,       205,       122,       204,      1691,      1699,        82,       162,      1875,       203,       121,      1687,        81,       246,      1871,       245,      1703
       165,      1829,       166,       124,       206,      1825,      1833,       207,       125,       247,       167,      2009,        83,      1821,      2005,      2013,        84,      1837,       126,       208
       166,       125,       167,       165,       207,       124,       126,       208,       206,        84,      1829,        83,        85,      1833,       168,       247,       248,      1825,       249,       209
       167,       166,       208,       126,       168,       125,       207,       209,       127,       249,       165,       169,        85,        84,       124,       210,       250,       206,       248,        86
       168,       169,       209,       210,       167,       127,       208,       128,       126,       250,       170,       251,       249,        86,       211,       129,       166,       125,        85,       207
       169,       168,       210,       128,       170,       127,       209,       129,       211,       251,       167,       208,        87,       250,       171,        86,       130,       126,        88,       212
       170,       129,       169,       171,       128,       130,       211,       210,       212,       168,        88,       172,       127,        87,        89,       213,       252,       251,       209,       131
       171,       172,       212,       130,       170,       213,       129,       131,       211,       253,       173,       214,       254,        89,       128,       169,       132,        90,       252,       210
       172,       131,       171,       173,       213,       130,       132,       214,       212,        90,       170,       174,        89,       129,       254,       133,        91,       253,       211,       215
       173,       214,       174,       172,       132,       215,       131,       213,       133,       255,       175,       171,       216,       254,       256,        91,       212,        90,        92,       130
       174,       215,       173,       175,       133,       214,       216,       132,       134,       256,       172,       176,       131,       257,       255,       213,        92,        91,       217,       135
       175,       176,       134,       216,       174,       215,       133,       135,       217,       173,       177,       257,        93,        94,       214,       258,       132,        92,       136,       256
       176,       135,       175,       177,       134,       217,       136,       216,       218,        94,       174,       258,       215,       137,       178,        93,       133,        95,       259,       257
       177,       136,       176,       178,       218,       137,       135,       217,       219,       259,       179,       175,        95,       134,        94,       260,       258,        96,       216,       138
       178,       179,       137,       219,       177,       136,       138,       220,       218,       260,       180,        96,       221,       176,       259,       139,        97,       217,       135,       261
       179,       178,       220,       138,       180,       221,       219,       137,       139,       260,       177,       261,       136,       262,       218,        97,       181,       222,        96,       140
       180,       221,       139,       179,       181,       222,       220,       138,       140,       262,       178,       182,       263,        98,       141,       223,        99,       219,       261,        97
       181,       222,       182,       140,       180,       223,       141,       221,       139,       263,       183,       224,       264,       262,        99,       220,       179,       142,       138,       100
       182,       223,       183,       181,       141,       224,       140,       222,       142,       184,       180,       264,       263,       143,       225,       100,       139,        99,       265,       101
       183,       182,       184,       224,       142,       223,       141,       143,       225,       181,       185,       101,       140,       266,       265,       222,       144,       100,       264,       102
       184,       143,       183,       185,       225,       142,       144,       224,       226,       182,       103,       266,       102,       186,       223,       141,       101,       227,       145,       265
       185,       184,       186,       144,       226,       227,       143,       145,       225,       103,       183,       187,       267,       266,       268,       142,       224,       102,       104,       228
       186,       145,       227,       187,       185,       144,       226,       146,       228,       104,       268,       184,       103,       105,       188,       143,       269,       267,       147,       225
       187,       146,       186,       188,       228,       145,       147,       227,       229,       105,       269,       185,       189,       148,       226,       106,       104,       230,       144,       268
       188,       229,       147,       189,       187,       148,       146,       230,       228,       270,       190,       269,       231,       186,       106,       105,       107,       149,       145,       227
       189,       190,       230,       188,       148,       231,       229,       147,       149,       191,       271,       270,       187,       107,       272,       108,       232,       146,       228,       150
       190,       191,       231,       189,       149,       232,       150,       148,       230,       272,       273,       108,       192,       188,       233,       229,       151,       147,       271,       107
       191,       190,       150,       232,       192,       149,       151,       231,       233,       189,       273,       108,       109,       148,       193,       274,       110,       272,       234,       152
       192,       193,       233,       151,       191,       234,       152,       232,       150,       274,       235,       194,       190,       153,       275,       110,       273,       111,       149,       231
       193,       152,       192,       194,       153,       234,       235,       151,       233,       195,       111,       275,       236,       191,       150,       232,       112,       274,       154,       276
       194,       235,       195,       193,       153,       236,       152,       154,       234,       237,       196,       276,       277,       192,       275,       112,       155,       113,       233,       151
       195,       236,       196,       194,       154,       237,       235,       155,       153,       197,       277,       193,       238,       113,       278,       156,       152,       276,       114,       112
       196,       197,       195,       155,       237,       156,       154,       236,       238,       194,       114,       198,       278,       153,       113,       115,       157,       235,       239,       277
       197,       196,       238,       156,       198,       237,       155,       157,       239,       195,       199,       236,       154,       115,       279,       280,       114,       240,       278,       116
       198,       199,       239,       157,       197,       240,       238,       156,       158,       280,       200,       196,       281,       116,       241,       279,       159,       117,       237,       155
       199,       198,       158,       240,       157,       200,       159,       239,       241,       117,       197,       156,       281,       116,       118,       280,       238,       201,       160,       242
       200,       241,       201,       199,       159,       242,       160,       240,       158,       202,       282,       118,       283,       198,       281,       119,       243,       157,       161,       117
       201,       160,       202,       200,       242,       161,       159,       241,       243,       119,       203,       120,       283,       118,       162,       244,       199,       284,       158,       282
       202,       201,       243,       161,       203,       242,       160,       244,       162,       284,       200,       283,       120,       241,       204,       119,       285,       159,       245,       163
       203,       204,       162,       244,       161,       202,       163,       243,       245,       121,       205,       201,       120,       164,       160,       285,       122,       284,       286,       242
       204,       163,       203,       205,       245,       244,       164,       162,       246,       286,      1699,       161,       122,       202,       243,      1695,      1703,       121,       287,       285
       205,       204,      1699,       164,       246,       163,       245,      1703,      1695,       203,      1879,       287,       123,       286,       244,      1707,      1883,      1691,       122,      1875
       206,       247,      1825,       207,       165,      1821,       248,      1829,       166,      2005,       288,       208,      1817,      2001,       289,       124,       249,       167,      2009,      1833
       207,       206,       248,       208,       166,       247,       249,       167,       165,       289,      1825,       209,       125,      1821,       250,      1829,       288,       124,       290,       168
       208,       249,       209,       167,       207,       250,       168,       248,       166,       210,       206,       290,       169,       289,       126,       251,       125,       247,       291,       165
       209,       250,       210,       208,       168,       249,       251,       169,       167,       211,       291,       207,       292,       248,       127,       252,       290,       128,       170,       166
       210,       169,       209,       251,       211,       168,       250,       170,       252,       128,       208,       292,       249,       129,       212,       127,       167,       171,       291,       293
       211,       252,       210,       212,       251,       170,       253,       171,       169,       293,       209,       213,       294,       292,       129,       168,       250,       128,       130,       254
       212,       253,       213,       171,       211,       254,       252,       172,       170,       294,       214,       130,       295,       293,       210,       251,       255,       173,       129,       131
       213,       212,       254,       214,       172,       171,       253,       173,       255,       295,       131,       211,       294,       252,       296,       130,       174,       215,       256,       170
       214,       173,       213,       255,       215,       174,       254,       172,       256,       216,       212,       132,       131,       171,       296,       133,       295,       253,       297,       175
       215,       216,       174,       214,       256,       175,       257,       173,       255,       217,       133,       297,       258,       176,       298,       134,       213,       132,       254,       172
       216,       215,       257,       175,       217,       174,       258,       256,       176,       298,       214,       173,       134,       297,       255,       133,       218,       259,       135,       177
       217,       258,       218,       216,       259,       176,       257,       177,       175,       215,       300,       219,       299,       298,       135,       260,       136,       178,       134,       174
       218,       259,       219,       217,       177,       260,       258,       178,       176,       300,       136,       301,       220,       179,       216,       299,       137,       261,       257,       135
       219,       260,       218,       220,       178,       179,       261,       259,       177,       301,       221,       217,       300,       262,       302,       137,       136,       180,       138,       258
       220,       221,       179,       219,       261,       180,       262,       260,       178,       222,       138,       303,       218,       263,       301,       302,       181,       139,       137,       177
       221,       220,       180,       262,       222,       179,       261,       181,       263,       219,       303,       139,       138,       178,       260,       140,       223,       304,       264,       182
       222,       181,       263,       221,       223,       180,       262,       182,       264,       140,       220,       304,       224,       141,       139,       183,       179,       261,       303,       265
       223,       182,       224,       222,       264,       181,       183,       263,       265,       225,       141,       140,       266,       184,       142,       305,       221,       180,       262,       306
       224,       223,       225,       183,       265,       266,       182,       264,       184,       306,       222,       181,       307,       263,       142,       226,       305,       185,       141,       143
       225,       266,       224,       226,       184,       265,       183,       185,       267,       307,       223,       306,       227,       268,       182,       264,       143,       308,       142,       186
       226,       227,       267,       185,       268,       225,       186,       266,       184,       228,       308,       144,       224,       307,       269,       187,       309,       145,       265,       183
       227,       226,       186,       268,       228,       185,       267,       187,       269,       145,       225,       309,       144,       229,       184,       266,       308,       146,       188,       310
       228,       269,       227,       187,       229,       270,       268,       188,       186,       230,       226,       310,       146,       311,       267,       147,       309,       189,       145,       271
       229,       230,       188,       270,       228,       189,       269,       271,       187,       231,       147,       311,       148,       190,       146,       227,       272,       312,       310,       186
       230,       229,       271,       189,       231,       270,       188,       272,       190,       312,       228,       269,       311,       148,       147,       273,       313,       232,       187,       191
       231,       190,       230,       272,       189,       232,       273,       271,       191,       229,       313,       149,       233,       270,       188,       312,       148,       314,       274,       150
       232,       233,       273,       191,       231,       274,       190,       192,       272,       234,       150,       314,       275,       315,       151,       189,       313,       193,       230,       149
       233,       274,       232,       234,       192,       275,       273,       191,       193,       315,       235,       231,       190,       151,       272,       314,       150,       152,       316,       276
       234,       275,       233,       235,       274,       193,       192,       276,       194,       232,       316,       315,       152,       273,       317,       277,       236,       153,       191,       151
       235,       194,       234,       236,       276,       193,       277,       195,       275,       153,       237,       152,       192,       233,       317,       278,       274,       196,       154,       316
       236,       237,       195,       277,       235,       194,       196,       278,       276,       238,       154,       197,       153,       318,       193,       155,       234,       279,       319,       275
       237,       236,       238,       196,       278,       195,       197,       277,       279,       194,       235,       155,       239,       154,       319,       276,       156,       318,       198,       280
       238,       197,       237,       239,       279,       196,       198,       280,       278,       236,       156,       240,       195,       320,       199,       155,       277,       157,       319,       281
       239,       280,       240,       198,       238,       279,       281,       199,       197,       321,       322,       237,       241,       320,       157,       278,       282,       156,       196,       200
       240,       239,       281,       199,       241,       198,       280,       200,       282,       322,       238,       158,       242,       157,       279,       321,       197,       283,       159,       323
       241,       200,       242,       282,       240,       283,       281,       201,       199,       323,       202,       239,       243,       322,       160,       159,       198,       280,       284,       324
       242,       283,       241,       243,       201,       202,       200,       282,       284,       160,       244,       324,       240,       281,       323,       285,       161,       325,       203,       199
       243,       284,       244,       202,       242,       285,       283,       203,       201,       245,       326,       161,       325,       286,       241,       204,       324,       160,       200,       282
       244,       243,       203,       245,       285,       284,       202,       204,       286,       242,       161,       326,       162,       163,       201,       246,       283,       205,       287,       325
       245,       286,       204,       246,       244,       287,       205,       285,       203,       243,      1703,       163,       327,       284,      1707,       328,      1699,       326,       164,       202
       246,      1703,       287,       245,       205,      1707,      1699,       286,       204,      1883,       328,      1887,      1711,      1879,       244,       164,      1695,       327,       163,       285
       247,       206,      1821,       248,       288,       207,      1825,      1817,       289,       165,      2001,       329,       249,      1829,      2005,       208,       166,      1997,       290,      1813
       248,       289,       249,       207,       247,       290,       288,       208,       206,       330,       250,      1821,       329,       291,       209,      1817,       167,       166,       331,      1825
       249,       208,       250,       248,       209,       290,       207,       289,       291,       167,       251,       168,       210,       247,       206,       332,       292,       166,       331,       330
       250,       209,       249,       251,       291,       208,       210,       292,       290,       168,       248,       332,       289,       252,       211,       169,       167,       207,       293,       331
       251,       292,       250,       210,       252,       211,       209,       291,       293,       249,       169,       168,       253,       333,       208,       294,       212,       332,       170,       290
       252,       293,       211,       253,       251,       294,       292,       212,       210,       334,       254,       335,       333,       250,       213,       295,       291,       170,       171,       209
       253,       294,       212,       254,       252,       213,       295,       293,       211,       171,       255,       335,       251,       296,       214,       334,       292,       336,       172,       170
       254,       213,       295,       255,       253,       296,       212,       214,       294,       256,       252,       336,       173,       172,       171,       297,       337,       293,       211,       215
       255,       256,       296,       254,       214,       295,       297,       213,       215,       337,       173,       257,       253,       298,       174,       336,       216,       294,       212,       338
       256,       297,       255,       257,       215,       298,       296,       216,       214,       254,       174,       337,       258,       295,       338,       173,       339,       213,       217,       175
       257,       298,       258,       216,       256,       297,       215,       217,       299,       339,       255,       259,       175,       174,       214,       300,       340,       296,       338,       218
       258,       217,       259,       257,       299,       298,       218,       216,       300,       340,       256,       215,       176,       260,       339,       297,       177,       175,       341,       219
       259,       218,       300,       258,       260,       217,       299,       219,       301,       341,       257,       177,       340,       298,       216,       261,       178,       302,       176,       220
       260,       219,       301,       261,       259,       218,       220,       300,       302,       178,       179,       262,       221,       303,       258,       217,       177,       342,       299,       341
       261,       262,       302,       303,       260,       220,       301,       221,       219,       343,       263,       344,       304,       179,       342,       222,       259,       300,       218,       180
       262,       261,       221,       303,       263,       220,       222,       304,       302,       180,       264,       344,       260,       181,       179,       219,       301,       345,       343,       223
       263,       264,       222,       262,       304,       223,       221,       305,       303,       181,       265,       261,       345,       224,       182,       180,       220,       344,       346,       306
       264,       263,       305,       265,       223,       304,       224,       222,       306,       262,       346,       266,       345,       182,       181,       307,       225,       303,       347,       183
       265,       306,       266,       264,       224,       307,       305,       225,       223,       263,       347,       346,       304,       183,       267,       348,       182,       222,       308,       226
       266,       225,       265,       307,       267,       224,       306,       226,       308,       268,       264,       184,       223,       348,       183,       185,       305,       227,       347,       309
       267,       268,       308,       226,       266,       309,       227,       307,       225,       349,       269,       350,       185,       228,       310,       348,       306,       265,       186,       224
       268,       267,       227,       309,       226,       269,       308,       228,       310,       266,       186,       350,       225,       185,       307,       270,       349,       187,       311,       351
       269,       228,       270,       310,       268,       311,       229,       227,       309,       230,       267,       271,       187,       351,       188,       352,       226,       308,       312,       186
       270,       311,       271,       269,       229,       230,       228,       312,       310,       188,       352,       272,       231,       189,       351,       268,       353,       313,       309,       187
       271,       312,       230,       270,       272,       311,       231,       313,       229,       273,       353,       189,       269,       314,       354,       352,       310,       190,       188,       228
       272,       273,       313,       271,       231,       314,       312,       232,       230,       354,       274,       190,       270,       315,       233,       353,       355,       189,       229,       191
       273,       272,       232,       314,       274,       313,       231,       233,       315,       271,       190,       191,       275,       312,       234,       230,       354,       355,       192,       316
       274,       233,       275,       315,       273,       234,       232,       314,       316,       192,       272,       313,       276,       356,       235,       231,       191,       193,       317,       355
       275,       234,       274,       316,       276,       315,       233,       317,       235,       273,       232,       277,       193,       192,       357,       194,       314,       358,       356,       318
       276,       277,       317,       235,       275,       318,       316,       234,       236,       278,       358,       194,       274,       319,       359,       237,       315,       195,       357,       193
       277,       276,       278,       318,       236,       237,       235,       319,       317,       195,       194,       275,       359,       358,       279,       316,       234,       238,       320,       196
       278,       277,       319,       237,       279,       318,       236,       320,       238,       276,       360,       195,       280,       196,       359,       235,       317,       239,       197,       361
       279,       280,       320,       278,       238,       239,       321,       319,       237,       362,       281,       361,       197,       318,       322,       277,       240,       198,       360,       236
       280,       239,       279,       281,       321,       240,       322,       238,       320,       198,       362,       282,       278,       199,       363,       197,       241,       319,       237,       323
       281,       322,       240,       280,       282,       239,       321,       241,       323,       363,       279,       283,       199,       198,       200,       242,       362,       364,       324,       238
       282,       283,       323,       241,       281,       322,       242,       324,       240,       364,       200,       284,       280,       363,       321,       365,       325,       243,       239,       201
       283,       242,       282,       284,       324,       241,       243,       323,       325,       281,       285,       202,       200,       201,       326,       365,       366,       364,       322,       244
       284,       243,       285,       283,       325,       326,       244,       242,       324,       202,       286,       366,       282,       245,       367,       327,       203,       201,       241,       323
       285,       326,       284,       286,       244,       243,       325,       327,       245,       367,       287,       283,       366,       324,       368,       203,       242,       202,       328,       204
       286,       245,       287,       285,       327,       246,       244,       328,       326,       284,       204,       368,      1707,       243,       367,       205,      1703,       369,      1711,       325
       287,       246,       328,       286,      1707,       245,      1711,       327,      1703,       369,       285,      1887,       205,       368,      1715,      1891,      1883,       204,      1699,       326
       288,       329,      1817,       289,       247,       330,      1813,       248,      1821,       290,       370,       206,       371,      1997,      1809,       331,       207,      1993,       249,      2001
       289,       290,       248,       330,       288,       249,       329,       331,       247,       291,       207,       371,       332,       250,       372,       208,      1817,       206,       370,      1821
       290,       289,       331,       291,       330,       249,       332,       248,       250,       372,       288,       329,       371,       292,       208,       373,       207,       209,       247,       251
       291,       332,       292,       290,       250,       331,       251,       333,       249,       289,       373,       209,       293,       374,       330,       248,       372,       252,       208,       210
       292,       291,       251,       293,       333,       252,       332,       250,       334,       294,       374,       211,       210,       290,       209,       373,       335,       253,       249,       331
       293,       252,       294,       292,       334,       335,       253,       333,       251,       211,       295,       291,       212,       375,       254,       374,       336,       332,       250,       376
       294,       253,       293,       295,       252,       335,       254,       334,       336,       212,       296,       292,       211,       213,       333,       255,       251,       376,       337,       375
       295,       296,       254,       336,       294,       255,       253,       337,       335,       213,       297,       293,       256,       212,       252,       378,       377,       214,       334,       338
       296,       295,       337,       255,       297,       336,       254,       256,       338,       378,       294,       298,       214,       253,       213,       335,       339,       257,       377,       379
       297,       256,       298,       296,       338,       255,       337,       257,       339,       295,       215,       216,       254,       258,       379,       336,       299,       214,       378,       380
       298,       257,       297,       339,       299,       256,       258,       338,       340,       216,       300,       296,       337,       217,       255,       215,       259,       380,       341,       381
       299,       340,       300,       341,       298,       258,       259,       339,       257,       381,       301,       382,       217,       297,       342,       218,       380,       260,       338,       256
       300,       299,       259,       341,       301,       340,       258,       260,       342,       218,       302,       298,       217,       382,       219,       381,       339,       257,       261,       343
       301,       302,       260,       300,       342,       261,       343,       341,       259,       219,       303,       299,       218,       220,       262,       383,       340,       344,       382,       258
       302,       301,       343,       261,       303,       342,       344,       260,       262,       300,       384,       341,       304,       219,       383,       220,       259,       345,       385,       221
       303,       262,       344,       302,       304,       261,       343,       345,       263,       301,       221,       220,       260,       342,       305,       264,       222,       385,       346,       384
       304,       345,       263,       303,       305,       344,       264,       262,       346,       222,       261,       302,       343,       265,       386,       306,       221,       347,       223,       385
       305,       346,       264,       306,       304,       265,       345,       347,       263,       307,       387,       344,       223,       266,       303,       224,       388,       348,       262,       386
       306,       307,       265,       305,       347,       266,       348,       264,       346,       224,       225,       308,       389,       267,       388,       304,       349,       223,       345,       263
       307,       306,       266,       348,       265,       308,       267,       347,       349,       225,       305,       389,       224,       264,       309,       226,       268,       346,       390,       350
       308,       309,       267,       349,       350,       307,       268,       348,       266,       390,       310,       226,       306,       351,       391,       389,       227,       269,       225,       265
       309,       308,       350,       310,       268,       349,       267,       351,       269,       311,       352,       391,       348,       390,       227,       307,       392,       226,       228,       270
       310,       311,       351,       309,       269,       352,       350,       270,       268,       308,       228,       392,       312,       267,       271,       349,       353,       229,       227,       391
       311,       310,       270,       352,       312,       351,       269,       271,       353,       309,       230,       229,       228,       313,       350,       392,       393,       272,       268,       394
       312,       271,       353,       313,       311,       272,       354,       270,       352,       314,       230,       394,       310,       273,       351,       355,       231,       395,       269,       229
       313,       314,       272,       354,       312,       273,       355,       271,       353,       315,       231,       395,       274,       311,       232,       356,       230,       394,       270,       396
       314,       313,       315,       273,       355,       354,       272,       274,       356,       312,       232,       353,       271,       396,       316,       233,       275,       397,       231,       395
       315,       274,       314,       316,       356,       275,       273,       355,       357,       313,       233,       317,       234,       397,       272,       354,       232,       398,       276,       358
       316,       317,       315,       357,       275,       358,       356,       276,       274,       398,       234,       318,       314,       399,       359,       397,       277,       233,       355,       235
       317,       358,       316,       276,       318,       357,       359,       275,       277,       315,       399,       319,       356,       235,       398,       234,       278,       400,       274,       360
       318,       319,       359,       277,       317,       278,       276,       358,       360,       320,       400,       316,       236,       279,       401,       237,       361,       357,       235,       399
       319,       318,       320,       360,       278,       359,       279,       277,       361,       401,       317,       358,       362,       276,       400,       237,       321,       402,       280,       238
       320,       319,       279,       361,       321,       362,       360,       278,       280,       318,       402,       359,       401,       238,       322,       239,       363,       277,       403,       237
       321,       362,       322,       280,       363,       320,       281,       279,       361,       403,       239,       323,       404,       319,       282,       240,       364,       402,       360,       238
       322,       321,       281,       363,       323,       282,       280,       362,       364,       240,       404,       324,       239,       241,       279,       403,       320,       283,       405,       361
       323,       364,       282,       322,       324,       365,       363,       281,       283,       321,       405,       325,       241,       404,       366,       406,       242,       362,       280,       240
       324,       325,       323,       365,       283,       366,       364,       282,       284,       326,       406,       242,       322,       407,       367,       285,       243,       241,       281,       405
       325,       366,       326,       324,       284,       367,       365,       285,       283,       407,       327,       408,       323,       243,       364,       406,       282,       368,       286,       242
       326,       325,       285,       367,       327,       284,       366,       286,       368,       324,       408,       243,       244,       283,       365,       328,       407,       245,       287,       409
       327,       368,       328,       286,       326,       367,       369,       285,       287,       409,       325,       408,      1711,       245,       366,       410,      1715,       284,      1707,       246
       328,      1711,       287,       369,       327,       368,      1715,      1707,       286,       246,      1891,       410,       409,      1895,      1887,      1719,       245,       326,       367,      1703
       329,       288,       330,       370,      1813,       371,      1817,       289,      1809,       331,       411,       290,       247,       248,      1993,       372,      1821,      1997,       412,      1805
       330,       371,       289,       329,       331,       290,       372,       288,       370,       248,       332,      1813,       412,       291,       373,      1817,       413,       249,       411,      1809
       331,       372,       332,       330,       290,       373,       371,       291,       289,       413,       374,       329,       333,       414,       370,       412,       288,       248,       292,       249
       332,       291,       331,       373,       333,       290,       374,       372,       292,       330,       250,       289,       414,       371,       334,       249,       251,       415,       413,       293
       333,       374,       334,       292,       332,       373,       293,       375,       291,       335,       415,       331,       252,       251,       416,       294,       414,       376,       290,       372
       334,       335,       333,       293,       375,       294,       376,       292,       374,       252,       336,       416,       417,       415,       377,       332,       253,       295,       373,       291
       335,       334,       376,       294,       336,       375,       293,       377,       295,       333,       417,       253,       252,       416,       292,       374,       337,       378,       296,       418
       336,       337,       377,       295,       335,       378,       296,       376,       294,       338,       334,       254,       418,       255,       419,       297,       417,       375,       253,       379
       337,       296,       338,       378,       336,       297,       295,       379,       377,       255,       339,       256,       419,       298,       254,       380,       335,       376,       294,       420
       338,       337,       379,       339,       297,       378,       380,       298,       296,       336,       420,       256,       419,       340,       381,       421,       255,       377,       295,       257
       339,       338,       298,       340,       380,       299,       297,       381,       379,       337,       257,       341,       256,       258,       421,       300,       378,       296,       382,       422
       340,       299,       341,       381,       339,       300,       382,       298,       380,       258,       342,       259,       338,       422,       423,       383,       301,       257,       379,       297
       341,       340,       300,       382,       299,       342,       381,       301,       383,       259,       339,       423,       302,       343,       258,       298,       260,       424,       422,       380
       342,       343,       383,       341,       301,       302,       382,       384,       300,       424,       340,       344,       425,       303,       261,       423,       385,       299,       260,       381
       343,       302,       342,       344,       384,       303,       301,       385,       383,       261,       345,       425,       341,       304,       386,       262,       260,       382,       426,       424
       344,       345,       303,       343,       385,       304,       302,       386,       384,       346,       262,       261,       342,       426,       305,       387,       263,       301,       427,       425
       345,       346,       344,       304,       386,       305,       387,       303,       385,       347,       343,       263,       264,       427,       262,       388,       426,       384,       428,       306
       346,       345,       305,       347,       387,       304,       386,       388,       306,       344,       264,       428,       265,       389,       385,       348,       307,       263,       427,       429
       347,       388,       346,       306,       348,       389,       305,       387,       307,       429,       345,       265,       428,       349,       430,       390,       386,       264,       304,       266
       348,       349,       389,       307,       347,       390,       308,       306,       388,       350,       430,       309,       266,       391,       267,       429,       265,       346,       305,       431
       349,       390,       350,       348,       308,       309,       391,       389,       307,       267,       351,       431,       347,       430,       310,       306,       392,       268,       432,       388
       350,       309,       349,       351,       391,       308,       390,       310,       392,       348,       352,       268,       267,       433,       432,       311,       389,       269,       431,       307
       351,       352,       310,       392,       350,       311,       309,       393,       391,       353,       433,       269,       349,       312,       394,       270,       308,       390,       268,       434
       352,       351,       311,       310,       393,       353,       392,       312,       394,       350,       270,       309,       433,       269,       271,       434,       391,       354,       395,       435
       353,       312,       394,       354,       352,       395,       313,       393,       311,       355,       271,       351,       314,       272,       435,       270,       392,       310,       396,       436
       354,       355,       313,       353,       395,       314,       312,       396,       394,       272,       356,       397,       436,       315,       271,       273,       352,       437,       393,       311
       355,       354,       396,       314,       356,       397,       313,       395,       315,       353,       437,       436,       394,       398,       312,       273,       272,       357,       438,       316
       356,       397,       357,       315,       355,       398,       316,       396,       314,       354,       358,       439,       438,       399,       317,       274,       313,       275,       395,       437
       357,       398,       358,       356,       316,       399,       317,       397,       315,       439,       359,       440,       400,       438,       275,       355,       396,       276,       318,       314
       358,       317,       357,       359,       399,       316,       318,       400,       398,       276,       356,       360,       319,       277,       440,       275,       441,       315,       401,       439
       359,       358,       318,       360,       400,       319,       317,       401,       399,       357,       441,       361,       277,       320,       276,       278,       316,       440,       402,       442
       360,       401,       361,       359,       319,       320,       400,       402,       318,       362,       442,       358,       278,       443,       441,       403,       279,       321,       317,       399
       361,       362,       402,       360,       320,       401,       403,       321,       319,       443,       363,       279,       359,       400,       442,       404,       444,       318,       322,       280
       362,       361,       321,       363,       403,       320,       402,       322,       404,       360,       279,       280,       401,       319,       443,       281,       444,       364,       323,       405
       363,       322,       362,       404,       321,       403,       364,       323,       405,       361,       281,       402,       365,       282,       320,       280,       445,       446,       324,       444
       364,       323,       365,       405,       363,       324,       406,       404,       322,       282,       366,       446,       325,       407,       403,       283,       321,       281,       362,       445
       365,       364,       406,       366,       324,       407,       325,       323,       405,       447,       367,       446,       404,       363,       283,       408,       326,       282,       448,       322
       366,       325,       365,       367,       407,       324,       326,       408,       406,       364,       284,       285,       323,       368,       327,       448,       283,       449,       409,       447
       367,       326,       408,       366,       368,       325,       327,       409,       407,       285,       369,       365,       449,       324,       286,       284,       328,       410,       406,       450
       368,       369,       327,       409,       367,       328,       410,       408,       326,      1715,       286,       287,      1711,       450,       366,      1719,       285,       451,       325,       449
       369,       368,       328,      1715,       410,       409,       327,      1719,      1711,       287,       367,       451,      1895,       408,      1723,       286,      1707,      1899,      1891,       450
       370,       371,       411,       329,      1809,       412,       330,      1805,      1813,       372,       288,       452,       331,       453,      1989,       413,       289,      1801,      1817,      1985
       371,       372,       370,       330,       412,       331,       329,       413,       411,       289,       290,       373,      1809,       288,       453,       332,      1813,       452,       414,      1805
       372,       331,       371,       413,       373,       330,       332,       412,       414,       370,       290,       374,       329,       289,       291,       454,       411,       453,       333,       415
       373,       374,       332,       414,       372,       331,       333,       415,       413,       291,       375,       371,       290,       455,       292,       416,       334,       330,       456,       412
       374,       373,       333,       415,       375,       414,       332,       334,       416,       372,       331,       292,       291,       456,       413,       335,       417,       376,       293,       455
       375,       416,       376,       417,       334,       415,       374,       335,       333,       457,       377,       373,       418,       293,       458,       414,       456,       336,       294,       292
       376,       417,       377,       375,       335,       418,       416,       336,       334,       378,       458,       457,       415,       419,       294,       374,       333,       459,       337,       295
       377,       376,       418,       378,       336,       417,       419,       335,       337,       375,       459,       458,       334,       379,       416,       295,       420,       338,       296,       460
       378,       377,       337,       419,       379,       336,       338,       420,       418,       376,       296,       380,       295,       460,       335,       297,       339,       417,       459,       421
       379,       380,       338,       420,       378,       419,       421,       339,       337,       381,       461,       377,       297,       462,       422,       460,       336,       298,       340,       296
       380,       379,       421,       381,       339,       338,       420,       422,       340,       462,       378,       419,       382,       423,       461,       298,       337,       463,       299,       341
       381,       382,       340,       380,       422,       423,       341,       339,       421,       299,       379,       383,       463,       338,       300,       424,       342,       464,       298,       462
       382,       423,       383,       381,       341,       424,       340,       342,       422,       464,       299,       380,       300,       384,       463,       425,       465,       421,       343,       339
       383,       424,       382,       342,       384,       423,       425,       341,       343,       381,       465,       385,       464,       422,       302,       340,       301,       466,       426,       300
       384,       425,       385,       383,       343,       426,       424,       342,       344,       386,       427,       302,       467,       466,       382,       345,       423,       465,       303,       301
       385,       426,       386,       384,       427,       344,       425,       343,       345,       467,       387,       468,       383,       342,       428,       346,       424,       303,       466,       302
       386,       385,       427,       387,       345,       426,       428,       344,       346,       384,       468,       467,       388,       425,       304,       343,       347,       469,       305,       429
       387,       428,       386,       388,       346,       427,       345,       429,       347,       385,       469,       426,       468,       389,       305,       344,       470,       430,       304,       467
       388,       429,       389,       347,       387,       428,       430,       346,       348,       386,       470,       390,       469,       306,       427,       305,       345,       471,       431,       349
       389,       348,       388,       430,       390,       347,       429,       349,       431,       307,       387,       391,       428,       306,       346,       471,       308,       350,       472,       470
       390,       349,       391,       389,       348,       431,       350,       430,       432,       308,       388,       472,       309,       392,       429,       347,       433,       307,       351,       473
       391,       390,       432,       350,       392,       431,       433,       349,       351,       473,       430,       389,       309,       472,       348,       474,       393,       308,       352,       310
       392,       433,       351,       393,       391,       352,       350,       434,       432,       394,       310,       474,       390,       309,       349,       311,       475,       435,       353,       431
       393,       394,       434,       392,       352,       435,       433,       353,       351,       475,       395,       476,       436,       391,       474,       311,       312,       354,       432,       310
       394,       393,       395,       353,       435,       434,       354,       436,       352,       392,       312,       355,       396,       476,       351,       433,       437,       475,       313,       311
       395,       436,       394,       396,       354,       355,       353,       437,       435,       393,       397,       477,       313,       478,       434,       312,       314,       356,       476,       438
       396,       397,       355,       437,       395,       436,       438,       356,       354,       398,       478,       439,       394,       479,       314,       477,       357,       353,       313,       315
       397,       396,       356,       398,       438,       355,       439,       357,       437,       395,       399,       479,       315,       354,       436,       478,       316,       314,       480,       358
       398,       357,       439,       397,       399,       356,       438,       358,       440,       396,       316,       480,       479,       355,       317,       400,       315,       437,       441,       359
       399,       398,       440,       357,       358,       400,       439,       441,       359,       397,       480,       317,       438,       481,       356,       316,       401,       482,       360,       442
       400,       441,       401,       359,       399,       360,       442,       440,       358,       402,       318,       482,       361,       319,       357,       443,       398,       483,       317,       481
       401,       360,       402,       400,       442,       361,       443,       359,       441,       319,       403,       320,       362,       483,       444,       318,       399,       440,       358,       484
       402,       361,       443,       401,       403,       360,       362,       442,       444,       400,       320,       404,       363,       484,       485,       321,       319,       359,       441,       445
       403,       404,       362,       402,       363,       444,       361,       443,       445,       405,       321,       446,       401,       485,       322,       364,       360,       320,       442,       486
       404,       405,       403,       363,       445,       446,       364,       362,       444,       406,       402,       322,       323,       365,       321,       486,       443,       361,       485,       447
       405,       404,       446,       364,       406,       445,       365,       363,       447,       403,       323,       487,       407,       486,       444,       322,       362,       324,       488,       366
       406,       365,       407,       447,       405,       364,       446,       448,       366,       324,       404,       408,       449,       488,       489,       325,       445,       323,       367,       487
       407,       406,       408,       448,       366,       365,       449,       447,       367,       325,       489,       405,       324,       409,       364,       450,       326,       446,       488,       490
       408,       367,       409,       407,       449,       368,       366,       450,       448,       410,       326,       327,       325,       406,       369,       490,       365,       451,       447,       489
       409,       410,       368,       408,       450,       369,       451,       367,       449,       327,      1719,       328,      1715,       407,       491,      1723,       448,       492,       326,       366
       410,       409,       451,       369,      1719,       368,       450,      1723,      1715,       408,       492,       328,       491,      1899,       327,       449,       367,      1727,      1903,      1711
       411,      1805,       370,       452,       412,      1809,      1801,       453,       371,      1985,       493,       329,      1989,      1813,       413,      1981,      1797,       372,       330,       454
       412,       453,       413,       411,       371,       452,       370,       372,       454,      1805,       494,       493,       330,       414,      1801,       331,      1809,       495,       329,       455
       413,       414,       412,       454,       372,       455,       371,       453,       373,       331,       495,       415,       374,       411,       370,       494,       452,       496,       456,       332
       414,       415,       373,       413,       455,       374,       456,       372,       454,       416,       332,       496,       331,       412,       375,       333,       457,       497,       371,       495
       415,       416,       374,       414,       456,       375,       373,       457,       455,       417,       333,       413,       334,       376,       497,       458,       332,       372,       498,       454
       416,       417,       457,       375,       415,       456,       376,       458,       374,       418,       414,       334,       498,       377,       335,       333,       373,       497,       455,       499
       417,       376,       416,       418,       375,       458,       457,       377,       459,       415,       335,       334,       499,       456,       419,       374,       336,       500,       378,       498
       418,       377,       459,       417,       419,       458,       376,       460,       378,       500,       416,       457,       499,       501,       420,       375,       336,       335,       379,       461
       419,       420,       378,       460,       418,       379,       377,       459,       461,       421,       501,       380,       338,       337,       502,       376,       336,       417,       462,       458
       420,       419,       461,       379,       421,       460,       462,       380,       378,       502,       338,       418,       459,       501,       422,       377,       463,       503,       337,       381
       421,       462,       380,       422,       420,       461,       379,       463,       381,       423,       419,       503,       504,       460,       502,       464,       339,       338,       382,       378
       422,       423,       463,       421,       381,       464,       382,       462,       380,       504,       424,       465,       420,       383,       340,       461,       379,       505,       503,       341
       423,       422,       382,       464,       424,       463,       383,       381,       465,       421,       341,       425,       380,       340,       342,       505,       462,       504,       384,       506
       424,       383,       423,       425,       465,       464,       382,       384,       466,       342,       422,       506,       463,       426,       507,       381,       385,       505,       467,       341
       425,       384,       424,       426,       466,       385,       383,       467,       465,       427,       343,       507,       342,       386,       468,       423,       506,       508,       382,       464
       426,       427,       385,       467,       425,       468,       386,       384,       466,       508,       387,       428,       344,       424,       469,       345,       507,       509,       343,       383
       427,       426,       468,       386,       428,       467,       385,       387,       469,       425,       384,       508,       345,       509,       429,       388,       510,       346,       344,       466
       428,       387,       429,       469,       427,       388,       386,       468,       470,       426,       346,       347,       430,       510,       389,       511,       385,       467,       345,       471
       429,       388,       430,       428,       470,       389,       387,       471,       469,       347,       431,       511,       472,       390,       348,       427,       512,       346,       386,       510
       430,       429,       431,       389,       471,       472,       390,       388,       470,       432,       348,       391,       428,       512,       473,       349,       513,       347,       469,       511
       431,       472,       432,       430,       473,       390,       391,       471,       389,       513,       433,       429,       474,       349,       514,       512,       470,       392,       348,       350
       432,       431,       473,       433,       391,       472,       474,       392,       390,       514,       430,       434,       513,       471,       515,       475,       350,       349,       393,       389
       433,       392,       432,       434,       474,       391,       393,       475,       473,       431,       351,       435,       352,       515,       350,       394,       516,       476,       390,       472
       434,       475,       435,       393,       433,       476,       474,       394,       392,       516,       436,       517,       432,       395,       477,       515,       352,       353,       391,       473
       435,       434,       476,       436,       394,       475,       393,       395,       477,       517,       437,       433,       516,       353,       518,       478,       392,       474,       396,       354
       436,       437,       395,       477,       435,       478,       396,       394,       476,       438,       434,       518,       397,       354,       355,       479,       393,       517,       519,       475
       437,       478,       436,       396,       477,       438,       395,       479,       397,       435,       439,       519,       355,       518,       476,       394,       520,       398,       480,       354
       438,       439,       479,       397,       437,       480,       398,       478,       396,       436,       356,       440,       399,       520,       357,       477,       481,       355,       521,       395
       439,       438,       398,       480,       440,       399,       479,       397,       481,       357,       396,       437,       356,       478,       441,       521,       358,       522,       400,       520
       440,       441,       481,       399,       439,       480,       482,       400,       398,       522,       442,       438,       483,       357,       358,       479,       401,       523,       359,       521
       441,       440,       400,       482,       442,       481,       399,       483,       401,       359,       480,       439,       443,       360,       523,       522,       358,       484,       398,       402
       442,       443,       483,       401,       441,       484,       402,       400,       482,       444,       360,       440,       524,       361,       485,       481,       359,       403,       525,       523
       443,       444,       402,       442,       484,       485,       401,       403,       483,       361,       445,       360,       441,       404,       362,       400,       525,       486,       526,       482
       444,       443,       485,       445,       403,       402,       484,       486,       404,       442,       526,       446,       527,       401,       483,       361,       525,       405,       362,       487
       445,       446,       486,       404,       444,       405,       485,       487,       403,       527,       447,       443,       528,       406,       363,       526,       488,       402,       364,       484
       446,       445,       405,       447,       404,       487,       406,       486,       488,       364,       444,       403,       528,       365,       485,       448,       527,       363,       489,       407
       447,       488,       448,       406,       446,       489,       487,       407,       405,       449,       445,       529,       365,       528,       530,       486,       404,       490,       364,       408
       448,       449,       489,       407,       447,       490,       488,       406,       408,       450,       530,       531,       366,       446,       491,       365,       487,       409,       529,       367
       449,       448,       450,       490,       408,       407,       489,       409,       491,       447,       531,       451,       406,       367,       488,       530,       532,       410,       366,       368
       450,       449,       491,       451,       409,       490,       410,       408,       492,       448,       532,       531,       368,      1723,       407,       489,       533,       369,      1727,       367
       451,       492,       410,      1723,       450,       491,      1727,       409,      1719,       533,       369,      1903,       449,       490,       532,      1731,       368,       408,      1907,      1715
       452,       453,       493,      1801,       411,       412,      1805,      1797,       494,       370,      1981,       454,       535,       534,      1809,      1985,       495,       413,      1977,       371
       453,       452,       412,       494,       454,       493,       411,       495,       413,      1801,       535,       371,      1797,      1805,       370,       534,       455,       372,       536,       496
       454,       495,       413,       455,       453,       494,       496,       412,       414,       536,       537,       452,       535,       456,       493,       372,       497,       371,       411,       415
       455,       496,       456,       454,       414,       497,       413,       495,       415,       537,       538,       457,       373,       494,       416,       536,       453,       374,       498,       412
       456,       497,       455,       457,       415,       416,       414,       498,       496,       538,       458,       454,       417,       374,       375,       499,       539,       537,       413,       373
       457,       416,       458,       456,       417,       498,       415,       499,       497,       375,       418,       459,       376,       455,       500,       539,       414,       374,       540,       538
       458,       499,       457,       459,       417,       500,       418,       498,       416,       501,       376,       456,       540,       460,       377,       375,       497,       539,       541,       419
       459,       500,       460,       418,       458,       501,       499,       419,       417,       502,       542,       457,       541,       377,       461,       420,       498,       540,       376,       378
       460,       501,       461,       459,       502,       419,       420,       500,       418,       542,       462,       458,       543,       421,       499,       378,       379,       503,       377,       541
       461,       502,       462,       420,       460,       421,       503,       501,       419,       543,       463,       379,       459,       504,       380,       544,       542,       422,       500,       418
       462,       461,       421,       463,       503,       504,       422,       420,       502,       460,       464,       380,       544,       545,       379,       423,       543,       419,       505,       501
       463,       464,       422,       504,       462,       423,       421,       505,       503,       465,       461,       381,       545,       424,       382,       380,       506,       546,       420,       544
       464,       465,       463,       423,       505,       422,       424,       504,       506,       462,       382,       466,       383,       546,       421,       547,       507,       503,       545,       381
       465,       464,       506,       424,       466,       505,       507,       423,       425,       463,       547,       383,       504,       422,       546,       548,       467,       382,       384,       508
       466,       507,       465,       506,       467,       425,       508,       424,       426,       548,       468,       547,       464,       384,       505,       509,       427,       383,       385,       549
       467,       468,       426,       508,       466,       427,       425,       509,       507,       385,       469,       386,       384,       510,       428,       506,       550,       548,       465,       549
       468,       467,       427,       426,       469,       509,       508,       510,       428,       386,       466,       385,       387,       550,       425,       470,       507,       511,       549,       429
       469,       470,       510,       428,       511,       468,       429,       427,       509,       387,       471,       467,       512,       551,       388,       508,       426,       550,       552,       386
       470,       511,       469,       471,       429,       512,       510,       428,       430,       472,       552,       553,       513,       388,       468,       551,       431,       387,       509,       389
       471,       512,       472,       470,       430,       513,       431,       511,       429,       553,       473,       469,       554,       432,       389,       514,       388,       552,       428,       510
       472,       431,       473,       471,       513,       432,       430,       512,       514,       470,       554,       474,       391,       390,       429,       553,       555,       433,       511,       389
       473,       472,       514,       432,       474,       431,       513,       515,       433,       471,       555,       391,       554,       430,       512,       475,       516,       556,       390,       434
       474,       515,       475,       473,       433,       516,       432,       514,       434,       476,       472,       556,       392,       431,       391,       393,       435,       555,       517,       513
       475,       434,       476,       516,       474,       435,       517,       515,       433,       393,       477,       557,       473,       432,       514,       392,       518,       394,       436,       558
       476,       475,       517,       435,       434,       477,       516,       518,       436,       474,       558,       393,       515,       394,       557,       478,       437,       433,       519,       395
       477,       478,       436,       518,       437,       476,       519,       517,       435,       479,       395,       559,       475,       520,       396,       434,       438,       560,       394,       558
       478,       437,       477,       479,       519,       436,       438,       520,       518,       396,       480,       439,       397,       395,       476,       435,       560,       561,       517,       521
       479,       438,       478,       480,       520,       439,       437,       521,       519,       477,       397,       481,       561,       396,       398,       436,       522,       440,       562,       518
       480,       481,       479,       439,       521,       440,       438,       522,       520,       398,       399,       482,       478,       441,       562,       563,       523,       397,       437,       561
       481,       522,       482,       480,       440,       523,       441,       521,       439,       483,       563,       479,       399,       564,       438,       524,       442,       400,       562,       520
       482,       483,       481,       523,       441,       522,       440,       524,       442,       484,       564,       480,       400,       565,       563,       521,       525,       443,       399,       401
       483,       482,       484,       524,       442,       523,       441,       525,       443,       481,       565,       564,       566,       485,       440,       522,       401,       444,       400,       526
       484,       483,       525,       485,       443,       524,       442,       444,       526,       566,       482,       567,       486,       402,       527,       523,       565,       441,       401,       445
       485,       444,       486,       526,       484,       527,       443,       445,       525,       567,       483,       487,       403,       442,       446,       566,       402,       528,       404,       568
       486,       527,       485,       445,       487,       526,       528,       446,       444,       568,       488,       484,       404,       569,       405,       525,       447,       567,       529,       443
       487,       528,       488,       486,       446,       529,       447,       527,       445,       489,       569,       570,       485,       405,       526,       530,       568,       448,       406,       444
       488,       489,       529,       447,       487,       528,       530,       448,       570,       446,       571,       490,       531,       406,       449,       486,       569,       445,       407,       527
       489,       488,       448,       530,       447,       490,       529,       449,       531,       487,       571,       407,       528,       570,       406,       450,       532,       491,       446,       572
       490,       531,       491,       449,       532,       450,       489,       530,       448,       492,       488,       572,       573,       533,       451,       571,       408,       447,       409,       407
       491,       532,       492,       450,       490,       533,       451,       531,       449,       573,      1727,       410,       409,      1731,      1723,       574,       530,       448,       489,       572
       492,       491,       451,      1727,       533,      1723,      1731,       450,       532,       410,       490,       574,      1907,       573,      1903,      1719,      1911,       531,      1735,       409
       493,       452,      1797,       494,       534,       453,       535,      1801,      1793,       495,       411,      1977,       412,       454,      1805,       575,      1981,       576,      1973,      1789
       494,       495,       535,       453,       493,       454,       536,       534,       452,       576,       496,       537,       412,       577,      1797,       455,       413,       575,      1793,      1801
       495,       494,       454,       536,       496,       537,       535,       453,       455,       577,       493,       576,       413,       534,       538,       452,       497,       412,       578,       414
       496,       537,       455,       495,       497,       538,       536,       454,       456,       494,       578,       577,       414,       498,       413,       579,       535,       539,       453,       457
       497,       538,       456,       498,       496,       539,       455,       457,       537,       499,       579,       540,       415,       580,       458,       416,       495,       578,       414,       536
       498,       539,       497,       499,       457,       540,       458,       456,       538,       580,       500,       541,       581,       416,       496,       579,       459,       455,       417,       537
       499,       500,       458,       498,       540,       459,       541,       457,       539,       501,       418,       581,       497,       417,       542,       460,       456,       416,       580,       582
       500,       499,       459,       501,       541,       458,       542,       540,       460,       498,       418,       502,       457,       539,       582,       581,       419,       417,       543,       583
       501,       460,       500,       502,       542,       459,       461,       543,       541,       499,       419,       458,       418,       420,       583,       540,       582,       503,       462,       584
       502,       461,       501,       543,       460,       503,       542,       462,       544,       420,       459,       500,       584,       504,       419,       421,       583,       541,       585,       545
       503,       504,       544,       462,       545,       502,       543,       461,       463,       585,       505,       586,       546,       421,       584,       464,       460,       501,       542,       422
       504,       503,       463,       545,       505,       462,       464,       546,       544,       422,       461,       586,       465,       421,       502,       506,       547,       423,       543,       587
       505,       506,       546,       464,       504,       547,       465,       545,       463,       507,       587,       503,       466,       548,       423,       586,       424,       588,       422,       462
       506,       507,       465,       547,       505,       466,       548,       464,       546,       424,       508,       504,       425,       463,       588,       467,       589,       587,       545,       423
       507,       466,       506,       548,       508,       547,       465,       467,       549,       505,       509,       589,       425,       468,       424,       464,       590,       550,       426,       546
       508,       509,       467,       507,       549,       468,       466,       550,       548,       510,       426,       506,       590,       427,       469,       425,       589,       551,       547,       591
       509,       508,       550,       510,       549,       468,       467,       551,       469,       591,       507,       548,       590,       511,       466,       592,       427,       426,       552,       470
       510,       511,       469,       509,       551,       550,       470,       468,       552,       508,       592,       512,       428,       549,       467,       591,       553,       427,       593,       471
       511,       470,       510,       512,       469,       552,       553,       471,       551,       509,       429,       513,       593,       428,       550,       592,       468,       594,       554,       472
       512,       471,       553,       513,       511,       470,       554,       552,       472,       594,       510,       430,       469,       593,       473,       514,       431,       551,       429,       555
       513,       512,       554,       472,       471,       514,       473,       553,       555,       431,       470,       511,       432,       430,       515,       594,       595,       552,       474,       556
       514,       515,       473,       555,       513,       556,       474,       554,       472,       516,       432,       596,       431,       597,       512,       557,       475,       471,       433,       595
       515,       516,       514,       556,       474,       557,       555,       475,       473,       597,       517,       476,       596,       513,       433,       432,       434,       558,       598,       554
       516,       515,       475,       517,       557,       474,       476,       556,       558,       514,       434,       518,       435,       598,       473,       597,       433,       555,       599,       477
       517,       476,       518,       516,       558,       475,       477,       557,       559,       519,       435,       515,       599,       434,       600,       436,       474,       598,       478,       560
       518,       519,       517,       477,       559,       476,       558,       560,       478,       600,       520,       436,       437,       516,       435,       561,       557,       475,       601,       599
       519,       518,       520,       560,       559,       478,       477,       561,       479,       517,       601,       437,       600,       558,       521,       562,       602,       476,       436,       438
       520,       561,       519,       521,       479,       560,       562,       478,       480,       518,       602,       559,       522,       601,       438,       477,       563,       603,       437,       481
       521,       562,       522,       563,       520,       480,       561,       481,       479,       603,       523,       519,       564,       560,       482,       604,       439,       602,       438,       440
       522,       481,       521,       523,       563,       482,       480,       564,       562,       440,       524,       520,       483,       479,       441,       604,       565,       605,       561,       603
       523,       564,       522,       524,       482,       565,       563,       481,       483,       605,       521,       566,       606,       525,       604,       441,       484,       562,       480,       440
       524,       565,       483,       523,       525,       566,       564,       484,       482,       606,       522,       567,       607,       605,       526,       442,       481,       563,       485,       441
       525,       566,       526,       484,       524,       567,       485,       565,       483,       527,       607,       608,       568,       606,       564,       523,       444,       486,       443,       482
       526,       527,       567,       525,       485,       486,       568,       566,       484,       608,       444,       528,       524,       487,       569,       445,       609,       607,       443,       483
       527,       486,       526,       528,       568,       485,       487,       567,       569,       445,       525,       444,       529,       484,       609,       608,       566,       446,       570,       488
       528,       487,       529,       569,       527,       488,       486,       570,       568,       526,       489,       447,       446,       530,       445,       571,       610,       485,       609,       611
       529,       570,       528,       488,       530,       571,       569,       487,       489,       447,       611,       531,       572,       527,       612,       610,       568,       486,       448,       490
       530,       531,       571,       489,       529,       488,       572,       490,       570,       532,       448,       528,       573,       612,       449,       447,       491,       487,       613,       569
       531,       532,       490,       530,       572,       573,       491,       571,       489,       533,       449,       450,       529,       488,       448,       613,       492,       570,       574,       614
       532,       531,       491,       573,       533,       490,       492,       572,       574,       530,       450,       571,      1731,       451,       614,       449,       489,       615,      1727,       613
       533,       574,       492,      1731,       532,       491,       573,      1727,      1735,       531,       451,       615,      1911,       490,       450,      1723,       614,      1907,      1739,      1915
       534,       535,       575,      1793,       493,       576,      1789,       494,      1797,       616,       617,       536,      1973,       495,       452,       577,      1785,       453,      1969,      1977
       535,       534,       494,       576,       536,       493,       495,       575,       577,      1793,       453,       537,       617,      1797,       454,       452,      1789,       616,       496,       618
       536,       537,       577,       495,       535,       496,       576,       494,       578,       538,       618,       454,       534,       619,       455,       617,       579,       497,       575,       493
       537,       536,       496,       538,       578,       495,       577,       497,       579,       455,       494,       454,       535,       576,       619,       618,       456,       539,       498,       620
       538,       497,       537,       579,       539,       496,       578,       498,       580,       536,       456,       455,       620,       577,       540,       495,       621,       619,       457,       581
       539,       540,       498,       580,       538,       581,       497,       579,       499,       541,       621,       500,       457,       458,       456,       622,       582,       620,       578,       537
       540,       539,       581,       541,       499,       580,       498,       500,       582,       542,       458,       622,       538,       579,       497,       501,       621,       459,       583,       623
       541,       540,       582,       542,       581,       500,       499,       583,       501,       539,       580,       623,       459,       498,       543,       622,       458,       624,       584,       502
       542,       543,       501,       583,       541,       502,       582,       500,       584,       460,       540,       459,       544,       499,       624,       581,       461,       585,       503,       625
       543,       584,       542,       544,       502,       583,       585,       503,       501,       461,       625,       545,       541,       460,       582,       624,       462,       626,       504,       500
       544,       503,       585,       545,       543,       584,       586,       504,       502,       626,       546,       542,       462,       625,       583,       461,       627,       587,       505,       501
       545,       546,       586,       544,       504,       503,       505,       587,       585,       547,       543,       463,       627,       628,       462,       626,       584,       464,       506,       588
       546,       587,       545,       505,       547,       586,       504,       588,       506,       628,       544,       503,       548,       464,       465,       629,       627,       585,       507,       463
       547,       506,       546,       548,       505,       588,       507,       587,       589,       465,       466,       545,       549,       464,       629,       590,       504,       586,       630,       508
       548,       507,       589,       549,       547,       590,       506,       508,       588,       466,       550,       509,       630,       546,       505,       465,       587,       467,       591,       631
       549,       590,       550,       548,       509,       591,       508,       589,       507,       551,       631,       630,       592,       510,       547,       632,       467,       588,       466,       506
       550,       509,       549,       551,       591,       590,       510,       508,       592,       548,       552,       589,       468,       632,       511,       507,       633,       469,       467,       631
       551,       592,       552,       550,       510,       591,       593,       511,       509,       633,       549,       553,       634,       594,       469,       590,       632,       512,       470,       508
       552,       593,       553,       551,       594,       511,       592,       512,       510,       634,       554,       633,       470,       550,       591,       635,       513,       469,       471,       509
       553,       512,       552,       594,       554,       593,       513,       511,       595,       471,       551,       470,       555,       592,       635,       510,       634,       472,       636,       514
       554,       553,       513,       555,       595,       512,       594,       514,       596,       552,       472,       471,       636,       556,       593,       473,       511,       635,       515,       637
       555,       556,       514,       596,       554,       595,       515,       597,       513,       473,       637,       553,       636,       557,       638,       594,       474,       512,       516,       472
       556,       597,       555,       515,       557,       596,       514,       516,       598,       638,       474,       554,       637,       595,       558,       473,       599,       639,       513,       475
       557,       558,       598,       516,       556,       599,       597,       515,       517,       639,       600,       559,       640,       475,       555,       596,       476,       514,       518,       638
       558,       599,       557,       559,       600,       517,       598,       518,       516,       640,       641,       476,       560,       519,       597,       556,       639,       601,       515,       475
       559,       600,       560,       518,       558,       519,       601,       599,       517,       641,       561,       642,       602,       557,       640,       520,       477,       598,       476,       478
       560,       561,       601,       519,       559,       602,       520,       600,       518,       562,       642,       603,       558,       641,       521,       643,       478,       477,       517,       599
       561,       520,       560,       562,       602,       519,       521,       603,       601,       563,       559,       479,       643,       518,       522,       478,       642,       600,       480,       644
       562,       561,       521,       603,       563,       520,       602,       522,       604,       560,       644,       601,       643,       519,       480,       645,       564,       523,       479,       605
       563,       562,       522,       521,       604,       564,       523,       603,       605,       561,       481,       565,       645,       520,       482,       480,       644,       524,       602,       646
       564,       565,       523,       605,       524,       563,       606,       522,       604,       566,       482,       607,       483,       646,       525,       481,       521,       562,       645,       647
       565,       564,       606,       524,       566,       605,       607,       523,       525,       567,       647,       483,       563,       604,       646,       482,       522,       484,       608,       648
       566,       525,       567,       565,       607,       524,       526,       606,       608,       484,       564,       568,       483,       523,       485,       527,       648,       605,       609,       647
       567,       566,       608,       526,       525,       568,       607,       527,       609,       565,       524,       485,       606,       484,       649,       650,       569,       486,       648,       528
       568,       609,       569,       567,       527,       608,       526,       610,       528,       650,       486,       570,       566,       525,       487,       529,       651,       611,       649,       485
       569,       570,       568,       528,       610,       529,       611,       609,       527,       487,       571,       651,       488,       612,       486,       608,       526,       652,       567,       650
       570,       529,       571,       569,       611,       528,       530,       612,       610,       488,       572,       487,       568,       489,       652,       531,       613,       527,       609,       651
       571,       572,       530,       570,       612,       529,       531,       613,       611,       489,       569,       488,       573,       532,       528,       490,       653,       610,       652,       654
       572,       571,       613,       573,       531,       530,       612,       532,       614,       570,       654,       490,       529,       653,       611,       655,       615,       574,       489,       533
       573,       532,       574,       572,       614,       533,       531,       615,       613,       491,      1735,       571,       490,       530,      1731,       492,       655,       656,       654,      1739
       574,      1735,       533,       615,       573,      1731,      1739,       614,       532,      1915,       492,       656,      1911,      1727,       491,      1919,       572,      1743,       531,       655
       575,       616,       534,      1789,       576,       617,      1785,       535,      1793,       657,       577,      1969,       493,      1781,       618,      1965,       658,      1973,      1797,       494
       576,       577,       535,       575,       617,       534,       536,       618,       616,       494,       495,       537,      1789,       578,       619,       658,       493,      1793,      1785,       657
       577,       536,       618,       576,       578,       537,       619,       617,       535,       495,       575,       494,       496,       538,       579,       659,       534,       660,       620,       658
       578,       619,       579,       577,       537,       618,       538,       620,       536,       660,       621,       496,       580,       576,       659,       539,       497,       661,       495,       617
       579,       620,       580,       578,       538,       621,       539,       619,       537,       581,       497,       661,       577,       540,       622,       662,       498,       618,       660,       496
       580,       539,       581,       579,       621,       540,       622,       620,       538,       498,       541,       582,       578,       662,       497,       499,       623,       663,       661,       537
       581,       540,       580,       582,       541,       622,       539,       623,       621,       583,       499,       579,       498,       542,       500,       663,       664,       624,       620,       662
       582,       541,       583,       581,       623,       624,       542,       540,       622,       584,       664,       580,       543,       500,       625,       539,       665,       501,       499,       663
       583,       584,       582,       624,       542,       543,       625,       541,       623,       585,       581,       666,       544,       501,       665,       626,       502,       664,       540,       500
       584,       585,       583,       625,       543,       544,       624,       626,       542,       582,       666,       586,       502,       503,       623,       545,       667,       541,       627,       665
       585,       584,       626,       544,       586,       625,       543,       545,       627,       583,       503,       667,       624,       666,       628,       542,       587,       668,       546,       502
       586,       545,       587,       627,       585,       628,       546,       544,       626,       668,       588,       504,       503,       584,       669,       629,       667,       505,       625,       547
       587,       546,       588,       628,       586,       629,       547,       545,       627,       505,       669,       589,       670,       630,       548,       585,       668,       506,       626,       544
       588,       629,       587,       589,       630,       547,       628,       546,       548,       670,       590,       669,       586,       671,       631,       506,       627,       505,       549,       545
       589,       590,       630,       548,       588,       549,       631,       547,       629,       591,       587,       507,       671,       550,       508,       506,       632,       670,       672,       546
       590,       549,       589,       591,       631,       630,       550,       548,       632,       588,       509,       508,       592,       551,       672,       507,       547,       633,       671,       673
       591,       592,       590,       632,       550,       549,       551,       633,       631,       509,       589,       593,       673,       634,       552,       674,       630,       510,       548,       508
       592,       551,       633,       591,       593,       552,       634,       550,       632,       594,       674,       510,       590,       549,       553,       509,       511,       675,       635,       631
       593,       594,       552,       634,       592,       553,       633,       551,       635,       595,       591,       554,       511,       675,       676,       512,       674,       636,       632,       510
       594,       593,       553,       635,       595,       552,       554,       634,       636,       592,       512,       676,       551,       633,       513,       555,       511,       596,       675,       677
       595,       636,       596,       594,       554,       637,       635,       555,       553,       677,       593,       676,       597,       638,       678,       556,       513,       634,       552,       514
       596,       597,       637,       555,       595,       556,       638,       636,       554,       514,       598,       678,       639,       557,       515,       594,       679,       635,       677,       513
       597,       556,       596,       638,       598,       557,       639,       637,       555,       599,       515,       595,       679,       558,       514,       680,       516,       636,       640,       678
       598,       599,       639,       557,       597,       640,       558,       638,       556,       600,       641,       680,       681,       596,       516,       679,       559,       637,       515,       517
       599,       598,       558,       640,       600,       557,       641,       639,       559,       597,       681,       517,       601,       642,       556,       518,       638,       680,       516,       682
       600,       559,       599,       641,       558,       601,       640,       642,       560,       598,       518,       602,       557,       519,       517,       682,       639,       683,       561,       681
       601,       602,       560,       642,       600,       559,       561,       641,       643,       683,       519,       603,       562,       520,       599,       640,       682,       684,       558,       518
       602,       601,       643,       603,       561,       560,       642,       562,       644,       684,       520,       683,       600,       559,       685,       641,       519,       604,       645,       521
       603,       562,       644,       602,       604,       563,       643,       561,       645,       521,       601,       605,       560,       685,       520,       684,       686,       522,       642,       646
       604,       645,       605,       603,       563,       646,       644,       564,       562,       686,       606,       565,       687,       523,       643,       647,       522,       685,       602,       521
       605,       604,       564,       606,       646,       565,       645,       563,       647,       523,       607,       603,       524,       687,       686,       644,       522,       566,       562,       688
       606,       607,       565,       605,       647,       646,       564,       566,       648,       524,       604,       608,       688,       567,       525,       523,       649,       689,       687,       645
       607,       606,       566,       648,       608,       565,       647,       567,       649,       525,       605,       689,       524,       564,       646,       609,       650,       688,       526,       568
       608,       609,       567,       649,       607,       568,       650,       566,       648,       526,       525,       606,       610,       569,       527,       690,       651,       691,       689,       565
       609,       650,       608,       568,       610,       651,       649,       569,       567,       691,       611,       607,       692,       648,       527,       526,       652,       690,       566,       570
       610,       611,       651,       569,       609,       652,       650,       570,       568,       692,       612,       693,       608,       691,       653,       529,       571,       528,       649,       567
       611,       652,       610,       612,       570,       651,       653,       569,       571,       693,       613,       609,       692,       529,       694,       572,       650,       568,       654,       528
       612,       611,       613,       653,       571,       652,       572,       654,       570,       610,       694,       693,       530,       651,       655,       569,       529,       614,       695,       573
       613,       654,       612,       572,       614,       653,       655,       571,       573,       611,       695,       615,       652,       656,       531,       694,       570,       696,       530,       532
       614,       615,       655,       656,       573,       613,       654,       574,       572,      1739,       697,       696,      1743,      1735,       532,       612,       533,       653,       695,       531
       615,       614,       656,       574,      1739,       573,      1735,      1743,       655,       697,       533,       613,       654,      1919,       572,      1731,      1915,      1747,       532,      1923
       616,       575,      1785,       617,       657,      1789,      1781,       576,       658,       534,      1965,      1969,      1793,      1961,       618,       698,       535,      1777,       577,       699
       617,       616,       576,       658,       618,       575,       657,       577,       659,      1785,       619,       534,       535,      1789,       699,      1781,       536,       700,       660,       578
       618,       619,       577,       659,       617,       578,       660,       576,       658,       536,       620,       700,       537,       575,       579,       616,       701,       657,       535,       661
       619,       618,       660,       578,       620,       659,       577,       579,       661,       701,       617,       621,       700,       658,       537,       536,       576,       702,       538,       662
       620,       621,       579,       661,       619,       662,       578,       660,       580,       622,       702,       618,       538,       663,       659,       703,       539,       701,       577,       581
       621,       620,       662,       580,       622,       579,       661,       663,       581,       578,       619,       539,       703,       660,       704,       702,       623,       540,       538,       664
       622,       663,       623,       621,       581,       662,       664,       580,       582,       704,       620,       540,       579,       624,       661,       541,       705,       703,       539,       665
       623,       664,       624,       582,       622,       665,       583,       581,       663,       666,       705,       625,       541,       704,       584,       621,       706,       580,       540,       542
       624,       625,       583,       623,       665,       666,       584,       582,       664,       626,       585,       542,       706,       622,       543,       667,       707,       541,       581,       705
       625,       584,       624,       626,       666,       585,       583,       667,       665,       543,       627,       623,       544,       582,       707,       586,       664,       668,       542,       706
       626,       585,       625,       667,       627,       584,       586,       668,       666,       628,       544,       624,       708,       583,       709,       545,       669,       543,       665,       587
       627,       628,       668,       626,       586,       667,       669,       585,       587,       709,       629,       625,       710,       670,       545,       708,       546,       588,       544,       666
       628,       627,       669,       587,       629,       668,       586,       670,       588,       626,       546,       710,       667,       709,       545,       585,       630,       671,       547,       711
       629,       670,       588,       628,       669,       630,       587,       671,       589,       627,       668,       631,       710,       711,       586,       672,       547,       546,       712,       590
       630,       631,       589,       671,       629,       588,       590,       672,       670,       548,       632,       549,       591,       587,       673,       628,       547,       669,       713,       712
       631,       630,       672,       590,       632,       671,       589,       673,       591,       549,       713,       629,       588,       633,       714,       670,       674,       550,       548,       712
       632,       673,       633,       591,       631,       674,       592,       672,       590,       714,       634,       715,       630,       713,       675,       550,       549,       551,       589,       671
       633,       634,       592,       674,       632,       591,       593,       675,       673,       551,       635,       552,       594,       715,       631,       676,       550,       590,       716,       714
       634,       633,       593,       635,       675,       674,       592,       594,       676,       552,       632,       551,       591,       716,       636,       553,       673,       715,       595,       677
       635,       676,       636,       634,       594,       677,       595,       593,       675,       717,       633,       637,       678,       674,       553,       716,       552,       718,       554,       592
       636,       595,       637,       635,       677,       678,       676,       596,       594,       638,       554,       718,       717,       555,       634,       593,       597,       719,       553,       679
       637,       638,       636,       596,       678,       595,       597,       679,       677,       639,       719,       555,       635,       680,       556,       720,       718,       676,       598,       554
       638,       637,       597,       679,       639,       596,       680,       678,       598,       636,       556,       720,       595,       719,       721,       681,       640,       555,       677,       557
       639,       598,       680,       638,       640,       681,       679,       599,       597,       721,       641,       557,       637,       596,       558,       720,       600,       556,       722,       678
       640,       641,       599,       681,       639,       598,       600,       682,       680,       642,       558,       559,       557,       683,       722,       601,       638,       597,       721,       679
       641,       640,       642,       600,       682,       599,       681,       683,       601,       559,       639,       598,       558,       602,       723,       560,       643,       680,       722,       684
       642,       683,       601,       641,       682,       643,       602,       600,       684,       640,       560,       559,       724,       599,       681,       725,       685,       644,       561,       603
       643,       684,       644,       602,       685,       642,       603,       683,       601,       645,       725,       726,       561,       686,       604,       562,       682,       560,       641,       724
       644,       645,       685,       643,       603,       686,       684,       604,       602,       726,       646,       562,       727,       605,       687,       725,       563,       642,       683,       601
       645,       604,       644,       686,       646,       603,       605,       685,       687,       643,       563,       727,       684,       647,       726,       728,       688,       562,       606,       602
       646,       647,       687,       605,       645,       688,       604,       686,       606,       728,       644,       729,       648,       607,       564,       565,       689,       727,       603,       563
       647,       688,       646,       648,       606,       607,       689,       687,       605,       729,       649,       565,       645,       686,       728,       604,       690,       730,       608,       564
       648,       649,       689,       647,       607,       690,       688,       606,       608,       650,       730,       731,       646,       691,       729,       609,       566,       687,       567,       565
       649,       648,       650,       690,       689,       608,       691,       609,       607,       731,       647,       651,       567,       730,       606,       732,       688,       692,       568,       610
       650,       609,       649,       691,       651,       608,       610,       690,       692,       648,       568,       689,       731,       652,       732,       567,       733,       607,       693,       569
       651,       692,       610,       652,       650,       693,       611,       691,       609,       733,       569,       653,       649,       694,       612,       734,       732,       568,       690,       608
       652,       611,       693,       651,       653,       610,       612,       692,       694,       734,       570,       613,       650,       654,       569,       733,       609,       691,       571,       735
       653,       612,       654,       694,       652,       613,       695,       611,       693,       655,       735,       651,       736,       696,       572,       610,       571,       692,       614,       734
       654,       655,       613,       653,       695,       614,       696,       612,       694,       656,       572,       736,       697,       615,       652,       573,       611,       737,       735,       571
       655,       654,       614,       656,       696,       695,       697,       613,       615,       653,       736,       737,      1743,       612,       573,       572,       694,       738,      1747,      1739
       656,       697,       615,       655,      1743,       614,      1739,      1747,       696,       654,       574,      1923,       738,       695,       613,      1735,       573,      1919,       737,      1751
       657,       658,       698,      1781,       616,       699,       617,      1777,      1785,       739,       575,       659,       740,       700,      1961,      1773,      1957,       618,      1789,      1965
       658,       699,       657,       659,       617,       700,       618,       698,       616,       740,       660,       701,       739,       619,       741,      1781,       576,       575,      1777,       577
       659,       700,       660,       658,       618,       701,       619,       699,       617,       741,       657,       661,       702,       577,       740,       620,       578,       742,       576,       698
       660,       659,       619,       701,       661,       700,       618,       702,       620,       658,       578,       662,       621,       742,       743,       699,       579,       577,       703,       741
       661,       702,       662,       620,       660,       703,       621,       701,       619,       663,       743,       704,       659,       579,       744,       622,       700,       742,       578,       618
       662,       661,       663,       703,       621,       704,       702,       620,       622,       744,       660,       743,       580,       664,       579,       745,       705,       701,       619,       623
       663,       704,       662,       622,       664,       703,       705,       621,       623,       661,       745,       702,       744,       620,       665,       746,       581,       580,       582,       706
       664,       623,       665,       705,       663,       624,       622,       704,       706,       666,       582,       746,       707,       662,       625,       583,       747,       581,       745,       703
       665,       666,       664,       706,       624,       707,       705,       623,       625,       747,       748,       667,       663,       583,       746,       704,       582,       622,       626,       584
       666,       665,       625,       624,       707,       667,       706,       626,       664,       708,       584,       623,       748,       583,       585,       705,       668,       627,       749,       747
       667,       668,       626,       708,       627,       666,       709,       625,       707,       669,       585,       628,       749,       710,       665,       586,       624,       584,       706,       750
       668,       627,       709,       669,       667,       628,       710,       626,       708,       670,       586,       629,       750,       751,       666,       711,       587,       625,       749,       585
       669,       628,       670,       668,       710,       629,       627,       709,       711,       587,       671,       667,       588,       751,       586,       752,       626,       630,       708,       712
       670,       629,       669,       671,       711,       628,       710,       630,       712,       588,       668,       672,       752,       587,       627,       709,       631,       589,       751,       753
       671,       672,       670,       630,       712,       631,       629,       713,       711,       669,       673,       588,       753,       589,       714,       710,       752,       754,       632,       590
       672,       713,       671,       631,       673,       714,       712,       630,       632,       754,       670,       755,       753,       711,       715,       674,       590,       629,       589,       591
       673,       714,       632,       674,       672,       713,       715,       631,       633,       755,       675,       671,       591,       754,       756,       716,       630,       712,       634,       592
       674,       675,       633,       715,       673,       632,       634,       716,       714,       592,       676,       756,       591,       635,       713,       593,       672,       631,       717,       755
       675,       674,       716,       676,       634,       715,       633,       635,       717,       673,       677,       757,       632,       593,       756,       714,       592,       594,       718,       636
       676,       635,       677,       717,       675,       636,       634,       716,       718,       678,       674,       594,       595,       593,       633,       637,       758,       759,       715,       719
       677,       676,       718,       678,       636,       717,       635,       719,       637,       759,       595,       675,       716,       638,       679,       758,       634,       720,       596,       760
       678,       719,       677,       637,       679,       718,       636,       638,       720,       676,       717,       680,       759,       596,       760,       595,       761,       635,       721,       639
       679,       680,       720,       638,       721,       678,       639,       719,       637,       681,       761,       597,       722,       762,       598,       677,       718,       640,       596,       760
       680,       679,       721,       639,       681,       720,       638,       722,       640,       598,       678,       762,       719,       637,       761,       597,       723,       682,       641,       599
       681,       680,       640,       722,       682,       721,       639,       641,       723,       679,       599,       598,       763,       683,       720,       642,       638,       762,       764,       600
       682,       683,       641,       723,       642,       681,       724,       640,       722,       764,       684,       725,       600,       765,       601,       643,       680,       763,       599,       721
       683,       682,       642,       684,       724,       725,       643,       641,       723,       601,       685,       602,       765,       681,       640,       764,       600,       722,       644,       726
       684,       685,       643,       725,       683,       644,       726,       724,       642,       602,       682,       686,       645,       603,       727,       766,       601,       765,       767,       641
       685,       684,       726,       644,       643,       686,       725,       727,       645,       683,       603,       767,       724,       602,       687,       766,       604,       728,       642,       768
       686,       687,       645,       727,       685,       728,       644,       646,       726,       688,       604,       684,       729,       647,       643,       605,       768,       603,       769,       767
       687,       688,       728,       686,       646,       729,       647,       727,       645,       769,       689,       605,       604,       726,       644,       685,       648,       730,       770,       606
       688,       729,       687,       647,       689,       728,       646,       648,       730,       686,       770,       606,       690,       769,       727,       645,       649,       607,       605,       731
       689,       648,       690,       730,       649,       688,       731,       647,       729,       691,       607,       687,       650,       771,       732,       646,       606,       772,       608,       728
       690,       731,       689,       691,       649,       730,       648,       732,       650,       772,       733,       692,       688,       729,       771,       647,       773,       608,       651,       609
       691,       690,       692,       650,       732,       733,       731,       649,       651,       689,       693,       609,       648,       773,       610,       734,       730,       774,       652,       608
       692,       693,       651,       733,       691,       652,       734,       732,       650,       610,       694,       774,       611,       690,       609,       731,       653,       649,       735,       773
       693,       692,       652,       694,       734,       651,       733,       653,       735,       611,       691,       610,       612,       774,       732,       695,       650,       775,       654,       736
       694,       693,       735,       653,       695,       734,       652,       736,       654,       692,       612,       776,       696,       651,       611,       733,       775,       613,       777,       655
       695,       736,       696,       654,       694,       655,       735,       737,       653,       697,       777,       613,       778,       656,       738,       693,       614,       776,       612,       734
       696,       695,       737,       697,       655,       736,       654,       738,       656,       778,       777,       735,       614,       694,      1747,       653,      1751,       613,       779,      1743
       697,       656,       696,      1747,       738,       655,      1743,       737,      1751,       695,       615,       614,       654,       736,      1927,      1739,       779,      1923,       778,      1931
       698,       739,      1777,       657,       699,      1773,       740,      1781,       658,      1957,       780,      1953,      1769,       700,      1961,       741,       616,       781,      1785,       617
       699,       740,       658,       700,       698,       739,       741,       657,       659,       701,       781,       782,      1777,       617,       660,      1773,       742,      1781,       780,       618
       700,       659,       701,       699,       741,       658,       660,       740,       742,       702,       782,       618,       619,       657,       739,       698,       661,       743,       617,       781
       701,       700,       660,       702,       742,       659,       741,       743,       661,       699,       619,       658,       703,       740,       783,       782,       784,       618,       620,       662
       702,       661,       743,       703,       701,       662,       660,       744,       742,       704,       620,       784,       700,       663,       659,       621,       745,       785,       619,       741
       703,       744,       704,       702,       662,       661,       743,       663,       745,       785,       705,       621,       701,       746,       784,       742,       622,       620,       786,       660
       704,       663,       703,       705,       745,       662,       744,       746,       664,       622,       702,       661,       623,       786,       621,       743,       706,       665,       747,       785
       705,       746,       704,       706,       664,       747,       665,       745,       663,       707,       623,       787,       703,       748,       788,       744,       666,       786,       622,       662
       706,       707,       747,       665,       705,       748,       666,       664,       746,       788,       749,       708,       624,       789,       704,       623,       787,       667,       625,       745
       707,       706,       748,       666,       708,       665,       749,       747,       667,       705,       789,       788,       664,       625,       746,       709,       624,       790,       626,       750
       708,       749,       709,       667,       707,       750,       668,       748,       666,       710,       751,       706,       790,       791,       626,       789,       627,       669,       665,       625
       709,       668,       710,       708,       750,       751,       667,       669,       749,       627,       711,       628,       752,       670,       791,       626,       707,       792,       666,       748
       710,       709,       751,       711,       669,       668,       752,       670,       750,       708,       628,       712,       629,       627,       667,       792,       671,       753,       793,       791
       711,       752,       712,       710,       670,       753,       751,       671,       669,       793,       709,       794,       629,       713,       672,       750,       792,       754,       668,       628
       712,       753,       711,       713,       671,       754,       672,       752,       670,       794,       714,       755,       710,       793,       795,       673,       630,       631,       751,       629
       713,       714,       672,       754,       712,       673,       755,       671,       753,       715,       631,       632,       795,       756,       711,       674,       796,       630,       794,       670
       714,       713,       673,       715,       755,       754,       672,       756,       674,       632,       712,       796,       716,       631,       675,       671,       753,       795,       633,       757
       715,       714,       756,       674,       716,       673,       675,       755,       757,       713,       632,       633,       754,       672,       797,       796,       634,       717,       676,       798
       716,       675,       757,       717,       715,       756,       674,       676,       758,       714,       718,       634,       677,       798,       635,       673,       759,       799,       797,       755
       717,       718,       676,       677,       716,       758,       759,       675,       757,       635,       678,       719,       799,       636,       800,       715,       760,       634,       674,       756
       718,       759,       717,       719,       677,       678,       760,       758,       676,       720,       800,       761,       636,       716,       801,       799,       635,       637,       679,       675
       719,       720,       678,       718,       760,       761,       759,       679,       677,       801,       721,       717,       637,       680,       638,       802,       762,       636,       800,       758
       720,       719,       679,       761,       721,       680,       678,       760,       762,       718,       638,       722,       759,       802,       681,       801,       803,       639,       637,       677
       721,       680,       720,       722,       762,       679,       681,       761,       763,       639,       723,       719,       803,       638,       804,       678,       640,       760,       764,       682
       722,       723,       763,       721,       681,       762,       764,       680,       682,       804,       720,       724,       765,       805,       803,       679,       640,       639,       641,       683
       723,       764,       722,       682,       763,       724,       765,       681,       683,       805,       721,       804,       762,       725,       806,       641,       680,       640,       642,       766
       724,       725,       765,       723,       683,       764,       766,       682,       684,       806,       726,       722,       805,       763,       685,       642,       807,       767,       643,       681
       725,       724,       684,       766,       726,       765,       685,       683,       767,       643,       682,       723,       764,       807,       727,       806,       642,       644,       768,       686
       726,       727,       685,       767,       725,       684,       686,       768,       766,       644,       728,       724,       643,       645,       687,       809,       808,       769,       683,       807
       727,       726,       728,       686,       768,       767,       687,       769,       685,       809,       729,       645,       810,       725,       644,       766,       684,       688,       808,       646
       728,       687,       727,       729,       769,       686,       688,       768,       770,       726,       646,       810,       647,       645,       730,       767,       685,       811,       809,       689
       729,       688,       728,       730,       687,       770,       689,       769,       771,       647,       727,       646,       686,       648,       731,       811,       690,       772,       810,       812
       730,       731,       771,       689,       729,       772,       690,       770,       688,       648,       812,       732,       813,       649,       728,       691,       647,       773,       687,       769
       731,       690,       732,       730,       772,       691,       689,       771,       773,       649,       733,       648,       813,       650,       729,       692,       774,       688,       814,       770
       732,       733,       731,       773,       691,       774,       690,       692,       772,       734,       730,       814,       693,       650,       813,       771,       651,       689,       649,       815
       733,       732,       692,       774,       734,       691,       693,       773,       731,       775,       651,       690,       694,       650,       652,       735,       815,       772,       816,       814
       734,       733,       693,       775,       774,       735,       694,       692,       776,       732,       816,       652,       773,       651,       691,       736,       817,       653,       815,       695
       735,       694,       736,       776,       734,       777,       695,       775,       693,       817,       737,       778,       653,       696,       818,       816,       774,       733,       654,       652
       736,       695,       737,       735,       777,       696,       778,       694,       776,       654,       738,       655,       697,       818,       653,       734,       779,       819,       775,       817
       737,       778,       736,       696,       738,       777,       695,       779,       697,       819,      1751,       820,       735,       655,      1755,       818,      1747,       776,       656,       654
       738,      1751,       737,       779,       697,      1755,      1747,       696,       778,       820,      1931,       736,       656,       819,       777,      1935,      1759,      1927,       695,      1743
       739,       698,       740,      1773,       780,       699,      1777,       781,      1769,       741,       657,       782,       658,      1953,       700,      1781,       821,      1957,       822,      1949
       740,       739,       699,       741,       781,       782,       698,       700,       780,       658,      1773,       657,       742,       701,      1777,       822,       659,      1769,       823,       821
       741,       782,       740,       700,       742,       699,       781,       701,       783,       739,       659,       823,       658,       743,       784,       698,       780,       660,       702,       822
       742,       783,       743,       741,       701,       784,       782,       702,       700,       824,       744,       823,       740,       785,       781,       660,       825,       703,       661,       699
       743,       702,       742,       784,       744,       703,       785,       701,       783,       661,       745,       662,       741,       825,       704,       660,       700,       786,       782,       824
       744,       745,       785,       703,       743,       786,       704,       784,       702,       746,       662,       742,       663,       826,       661,       827,       705,       825,       787,       783
       745,       744,       746,       786,       704,       785,       703,       705,       787,       663,       827,       743,       747,       662,       702,       788,       784,       826,       828,       706
       746,       745,       747,       705,       787,       786,       788,       704,       706,       744,       748,       828,       827,       664,       785,       703,       663,       707,       665,       829
       747,       788,       746,       706,       748,       705,       787,       707,       789,       665,       745,       829,       749,       786,       828,       664,       704,       790,       830,       666
       748,       707,       747,       749,       789,       706,       788,       708,       790,       746,       665,       705,       666,       830,       787,       750,       829,       667,       831,       791
       749,       708,       748,       790,       750,       707,       789,       791,       709,       751,       706,       667,       747,       831,       788,       832,       830,       668,       666,       710
       750,       751,       791,       709,       749,       708,       792,       710,       790,       752,       832,       833,       668,       711,       793,       831,       748,       789,       667,       669
       751,       750,       710,       752,       792,       709,       791,       711,       793,       708,       833,       749,       669,       668,       832,       753,       834,       790,       794,       712
       752,       711,       793,       751,       753,       710,       712,       794,       792,       750,       834,       670,       709,       833,       754,       791,       669,       671,       835,       795
       753,       712,       794,       752,       754,       711,       793,       795,       713,       755,       671,       835,       672,       751,       834,       710,       792,       714,       796,       836
       754,       755,       713,       795,       753,       712,       714,       796,       794,       672,       756,       715,       673,       836,       752,       711,       837,       671,       793,       797
       755,       754,       714,       796,       756,       713,       795,       715,       797,       673,       753,       712,       672,       837,       757,       794,       836,       716,       674,       798
       756,       715,       757,       755,       797,       796,       716,       714,       798,       754,       674,       838,       713,       673,       675,       758,       795,       837,       839,       799
       757,       756,       798,       716,       758,       797,       799,       715,       717,       839,       838,       675,       800,       755,       796,       759,       840,       714,       718,       674
       758,       799,       759,       800,       757,       717,       718,       798,       716,       840,       760,       801,       841,       756,       839,       797,       677,       676,       719,       675
       759,       718,       760,       758,       800,       719,       801,       717,       799,       761,       677,       678,       720,       841,       757,       802,       716,       676,       842,       840
       760,       801,       761,       759,       719,       802,       800,       718,       720,       758,       842,       762,       678,       799,       841,       803,       843,       717,       721,       679
       761,       760,       720,       802,       762,       719,       801,       721,       803,       759,       679,       718,       678,       680,       843,       800,       763,       844,       804,       722
       762,       803,       763,       721,       804,       761,       722,       720,       802,       844,       764,       723,       680,       760,       805,       845,       679,       681,       719,       801
       763,       804,       764,       722,       762,       723,       805,       803,       721,       765,       845,       806,       681,       724,       844,       846,       761,       682,       680,       720
       764,       765,       723,       763,       805,       724,       806,       722,       804,       682,       762,       725,       766,       846,       683,       847,       681,       803,       721,       845
       765,       764,       724,       806,       766,       805,       723,       725,       807,       763,       847,       683,       722,       682,       804,       846,       767,       684,       726,       848
       766,       807,       767,       725,       765,       806,       724,       808,       726,       768,       848,       809,       847,       764,       727,       684,       849,       685,       805,       723
       767,       768,       766,       808,       726,       809,       807,       727,       725,       849,       810,       769,       685,       850,       848,       765,       728,       724,       806,       684
       768,       809,       767,       727,       769,       810,       808,       726,       728,       850,       766,       807,       849,       811,       770,       851,       686,       687,       725,       685
       769,       810,       770,       768,       728,       811,       727,       729,       809,       851,       687,       767,       771,       812,       850,       688,       852,       808,       730,       726
       770,       811,       769,       771,       812,       729,       810,       730,       728,       772,       852,       853,       688,       768,       851,       813,       687,       809,       727,       689
       771,       772,       812,       730,       770,       813,       811,       731,       729,       853,       773,       814,       769,       854,       689,       690,       732,       852,       810,       688
       772,       771,       813,       773,       731,       730,       812,       814,       732,       770,       854,       690,       855,       853,       811,       774,       689,       729,       733,       691
       773,       814,       774,       732,       772,       813,       815,       733,       731,       855,       771,       775,       734,       816,       691,       854,       856,       730,       690,       812
       774,       733,       773,       775,       734,       815,       732,       816,       814,       776,       692,       856,       693,       817,       735,       691,       772,       731,       813,       857
       775,       816,       776,       774,       734,       817,       815,       735,       733,       857,       818,       773,       777,       856,       858,       694,       693,       732,       736,       814
       776,       817,       775,       735,       777,       816,       818,       734,       736,       778,       774,       858,       694,       859,       815,       857,       819,       695,       737,       733
       777,       778,       818,       736,       776,       737,       735,       819,       817,       695,       779,       696,       820,       775,       738,       859,       694,       816,       860,       734
       778,       777,       737,       819,       779,       736,       818,       820,       738,       696,       776,       735,       695,       860,      1755,       817,       697,      1751,       859,       861
       779,       820,      1755,       738,       778,       819,      1759,       737,      1751,      1935,       777,       861,      1763,      1939,       860,      1931,       697,       818,       696,       736
       780,      1769,       821,       781,       739,      1765,      1773,       822,       740,       862,      1949,       782,       698,       863,      1945,      1761,      1953,       741,      1777,       823
       781,       782,       740,       822,       780,       741,       823,       821,       739,       863,       783,       699,      1769,       862,       742,       864,       698,       824,       700,      1773
       782,       781,       741,       823,       783,       740,       742,       822,       824,       780,       700,       699,       739,       784,       864,       821,       701,       863,       865,       743
       783,       784,       824,       742,       782,       823,       825,       741,       743,       865,       781,       785,       864,       866,       701,       826,       822,       740,       744,       702
       784,       783,       743,       785,       825,       742,       824,       744,       826,       702,       866,       782,       823,       703,       786,       741,       701,       745,       865,       867
       785,       744,       784,       786,       826,       745,       825,       743,       827,       703,       783,       787,       742,       746,       866,       702,       824,       867,       868,       704
       786,       827,       787,       745,       785,       746,       828,       744,       826,       788,       868,       829,       747,       704,       784,       825,       869,       705,       703,       743
       787,       788,       828,       786,       746,       829,       827,       747,       745,       869,       789,       705,       870,       785,       868,       748,       830,       744,       706,       826
       788,       787,       747,       829,       789,       748,       746,       828,       830,       786,       706,       790,       827,       870,       707,       705,       745,       749,       871,       869
       789,       790,       830,       748,       788,       749,       831,       747,       829,       707,       871,       787,       791,       706,       872,       708,       832,       750,       870,       828
       790,       789,       831,       791,       749,       830,       832,       748,       750,       872,       788,       708,       871,       792,       829,       873,       707,       833,       747,       751
       791,       832,       792,       750,       790,       833,       831,       751,       749,       789,       793,       834,       873,       872,       708,       709,       752,       874,       830,       710
       792,       833,       791,       793,       751,       834,       832,       750,       752,       794,       874,       710,       790,       835,       711,       831,       753,       875,       873,       709
       793,       794,       834,       752,       792,       753,       833,       835,       751,       711,       795,       791,       712,       875,       750,       832,       710,       754,       876,       836
       794,       793,       753,       835,       795,       834,       752,       754,       836,       712,       792,       711,       796,       833,       876,       755,       877,       875,       751,       837
       795,       796,       754,       836,       794,       837,       755,       753,       835,       877,       797,       793,       713,       712,       756,       714,       838,       878,       834,       876
       796,       795,       837,       755,       797,       754,       756,       836,       838,       798,       714,       794,       757,       878,       839,       715,       713,       879,       753,       877
       797,       798,       838,       796,       756,       839,       757,       837,       755,       879,       795,       799,       840,       880,       715,       758,       836,       716,       878,       754
       798,       797,       839,       757,       838,       799,       840,       758,       756,       880,       796,       800,       879,       837,       716,       881,       841,       755,       715,       759
       799,       800,       758,       840,       798,       841,       757,       759,       839,       801,       797,       717,       760,       881,       718,       838,       842,       716,       882,       756
       800,       799,       841,       759,       801,       758,       840,       760,       842,       718,       798,       802,       757,       882,       717,       761,       839,       719,       881,       843
       801,       760,       802,       800,       842,       761,       759,       841,       843,       799,       719,       758,       803,       718,       720,       883,       762,       884,       840,       844
       802,       801,       843,       761,       803,       842,       760,       844,       762,       884,       800,       841,       883,       720,       804,       759,       885,       719,       845,       721
       803,       762,       804,       844,       802,       763,       845,       761,       843,       805,       721,       801,       722,       885,       760,       720,       764,       884,       842,       886
       804,       763,       803,       805,       845,       762,       844,       764,       846,       722,       723,       806,       802,       765,       886,       721,       843,       761,       885,       847
       805,       806,       764,       804,       846,       763,       765,       845,       847,       723,       803,       724,       722,       762,       807,       844,       766,       887,       888,       848
       806,       805,       847,       765,       807,       846,       764,       766,       848,       724,       804,       763,       723,       725,       808,       888,       845,       767,       889,       849
       807,       766,       808,       848,       806,       767,       847,       849,       765,       809,       889,       768,       725,       890,       805,       850,       846,       724,       726,       764
       808,       809,       849,       807,       767,       850,       768,       848,       766,       810,       890,       889,       891,       851,       847,       806,       769,       726,       727,       725
       809,       808,       768,       850,       810,       767,       849,       851,       769,       807,       727,       811,       766,       848,       891,       890,       726,       852,       892,       770
       810,       769,       811,       809,       851,       768,       850,       770,       852,       808,       767,       728,       812,       727,       892,       849,       853,       729,       771,       891
       811,       770,       810,       812,       852,       769,       851,       853,       771,       850,       809,       893,       768,       729,       813,       772,       892,       728,       730,       894
       812,       771,       853,       811,       813,       770,       772,       852,       854,       730,       814,       810,       894,       769,       851,       855,       893,       895,       729,       773
       813,       772,       814,       854,       812,       771,       855,       773,       853,       815,       895,       731,       730,       732,       770,       811,       774,       856,       896,       894
       814,       855,       813,       773,       815,       854,       772,       856,       774,       812,       771,       896,       732,       895,       816,       853,       897,       857,       731,       775
       815,       856,       816,       814,       774,       857,       855,       773,       775,       817,       897,       898,       813,       854,       858,       776,       733,       896,       734,       732
       816,       775,       817,       815,       857,       776,       856,       774,       858,       818,       734,       898,       773,       735,       859,       814,       899,       777,       855,       733
       817,       816,       776,       818,       858,       775,       859,       857,       777,       815,       735,       899,       856,       774,       898,       778,       819,       900,       734,       860
       818,       817,       777,       859,       819,       776,       778,       858,       860,       816,       900,       820,       775,       735,       736,       737,       861,       779,       899,       857
       819,       820,       778,       860,       818,       779,       861,       777,       859,       737,      1759,      1755,       738,      1763,       900,       901,       817,       902,       776,       736
       820,       779,       819,      1759,       861,       778,      1755,       860,      1763,       738,       737,       818,       777,      1939,      1751,       902,      1935,       859,      1943,      1767
       821,       862,       822,       780,      1765,       863,      1761,       781,      1769,       903,       823,      1945,       782,       904,       864,       739,      1757,      1941,       740,      1773
       822,       863,       821,       862,       781,       823,       780,       864,       782,       904,      1765,       903,      1761,       905,       740,       865,      1769,       824,       783,       741
       823,       864,       824,       782,       822,       783,       865,       781,       863,       821,       741,       905,       742,       825,       862,       784,       906,       904,       866,       780
       824,       865,       783,       825,       823,       866,       864,       784,       782,       826,       906,       742,       867,       822,       785,       905,       907,       781,       863,       743
       825,       826,       866,       824,       784,       867,       785,       783,       865,       827,       868,       823,       743,       908,       907,       786,       742,       744,       864,       906
       826,       825,       867,       785,       827,       866,       868,       786,       784,       824,       908,       828,       744,       869,       783,       909,       865,       745,       907,       787
       827,       828,       786,       868,       826,       787,       869,       785,       829,       867,       745,       825,       788,       870,       746,       909,       744,       910,       908,       866
       828,       827,       829,       787,       869,       870,       868,       786,       788,       910,       826,       830,       746,       909,       871,       911,       747,       785,       745,       789
       829,       828,       870,       788,       830,       787,       869,       871,       789,       827,       747,       911,       786,       868,       831,       790,       746,       910,       872,       748
       830,       871,       831,       789,       829,       790,       872,       870,       788,       828,       832,       748,       912,       787,       873,       911,       791,       913,       749,       869
       831,       790,       872,       830,       832,       871,       789,       791,       873,       913,       833,       749,       829,       750,       874,       792,       788,       870,       912,       748
       832,       791,       833,       831,       873,       792,       790,       872,       874,       750,       834,       830,       751,       789,       914,       913,       793,       749,       871,       875
       833,       792,       834,       832,       874,       791,       793,       875,       873,       835,       751,       831,       750,       794,       752,       876,       790,       915,       872,       916
       834,       833,       793,       835,       875,       792,       794,       876,       874,       832,       752,       916,       791,       753,       836,       751,       917,       877,       873,       795
       835,       876,       834,       794,       836,       875,       877,       793,       795,       917,       833,       753,       837,       916,       792,       874,       878,       918,       752,       796
       836,       877,       837,       795,       835,       878,       796,       876,       794,       838,       918,       919,       879,       917,       754,       797,       834,       875,       755,       793
       837,       836,       796,       838,       878,       795,       797,       879,       877,       839,       919,       755,       835,       798,       880,       920,       754,       756,       794,       918
       838,       839,       797,       879,       837,       798,       880,       796,       878,       840,       920,       836,       757,       756,       881,       921,       799,       919,       795,       877
       839,       838,       798,       840,       880,       797,       879,       881,       799,       837,       757,       921,       920,       841,       796,       878,       758,       800,       756,       922
       840,       799,       839,       841,       881,       798,       800,       880,       882,       838,       758,       797,       842,       922,       757,       923,       879,       801,       921,       759
       841,       842,       840,       800,       882,       799,       801,       883,       881,       923,       802,       843,       758,       924,       839,       759,       760,       884,       798,       922
       842,       841,       883,       843,       801,       802,       884,       882,       800,       924,       760,       844,       840,       925,       799,       885,       923,       761,       803,       881
       843,       884,       844,       802,       842,       885,       883,       803,       801,       925,       845,       841,       926,       886,       924,       882,       761,       760,       804,       762
       844,       803,       845,       843,       885,       804,       802,       886,       884,       762,       842,       926,       846,       763,       805,       883,       887,       761,       801,       927
       845,       844,       886,       846,       804,       803,       805,       887,       885,       763,       843,       927,       847,       888,       762,       806,       928,       926,       884,       764
       846,       847,       805,       845,       887,       888,       806,       886,       804,       848,       928,       764,       844,       765,       763,       807,       889,       927,       803,       929
       847,       806,       846,       848,       888,       807,       889,       805,       887,       849,       765,       766,       845,       808,       890,       929,       764,       804,       930,       886
       848,       889,       849,       807,       847,       890,       808,       806,       888,       766,       846,       850,       891,       809,       930,       767,       931,       929,       805,       887
       849,       808,       890,       848,       850,       889,       891,       809,       807,       931,       847,       767,       851,       768,       892,       932,       766,       810,       930,       806
       850,       851,       809,       849,       891,       808,       810,       892,       890,       852,       768,       811,       848,       932,       769,       767,       893,       933,       807,       889
       851,       852,       850,       892,       810,       811,       893,       809,       891,       853,       769,       933,       849,       808,       770,       768,       812,       894,       932,       890
       852,       851,       893,       853,       811,       892,       894,       812,       810,       850,       770,       934,       933,       935,       891,       769,       854,       809,       771,       895
       853,       812,       852,       894,       854,       811,       893,       813,       895,       851,       771,       935,       770,       855,       772,       814,       892,       810,       934,       896
       854,       855,       895,       813,       814,       853,       896,       812,       894,       772,       856,       897,       936,       815,       771,       773,       935,       852,       937,       893
       855,       854,       814,       896,       856,       813,       895,       815,       897,       773,       857,       853,       772,       937,       898,       812,       894,       936,       816,       774
       856,       857,       815,       897,       855,       898,       816,       814,       896,       858,       938,       854,       817,       899,       775,       774,       773,       895,       939,       813
       857,       856,       898,       858,       816,       815,       899,       897,       817,       855,       775,       939,       859,       938,       896,       940,       814,       776,       774,       818
       858,       899,       859,       857,       817,       900,       898,       818,       816,       940,       856,       776,       860,       941,       939,       775,       815,       901,       897,       819
       859,       900,       858,       818,       860,       899,       817,       901,       819,       941,       857,       861,       940,       776,       777,       816,       898,       942,       902,       778
       860,       861,       901,       819,       859,       900,       902,       820,       818,      1763,       942,       943,       858,       778,      1767,       779,      1759,       941,       899,       777
       861,       860,       902,      1763,       820,       819,       901,      1767,      1759,       943,       900,       779,       859,      1943,       942,      1771,       818,      1947,      1755,      1939
       862,       863,       821,       903,       822,      1761,      1765,       904,      1757,       780,       864,       905,       823,       781,      1941,       944,       945,      1769,      1945,      1753
       863,       862,       822,       904,       821,       864,       823,       903,       905,       781,      1761,       865,       780,       945,      1765,       782,      1757,       906,       944,       824
       864,       865,       823,       905,       863,       906,       824,       904,       822,       862,       866,       946,       783,       782,       781,       821,       907,       825,       947,       945
       865,       864,       824,       906,       866,       823,       905,       825,       907,       783,       863,       867,       904,       947,       946,       822,       826,       784,       782,       908
       866,       867,       825,       865,       826,       907,       824,       908,       906,       868,       864,       784,       783,       785,       949,       948,       823,       827,       909,       947
       867,       908,       866,       826,       868,       825,       907,       909,       949,       827,       865,       824,       869,       906,       948,       785,       950,       910,       828,       784
       868,       869,       827,       909,       867,       828,       826,       908,       910,       870,       786,       866,       829,       950,       825,       787,       951,       911,       949,       785
       869,       868,       870,       828,       910,       909,       827,       829,       911,       951,       787,       871,       908,       867,       950,       786,       952,       826,       830,       788
       870,       869,       829,       911,       871,       828,       910,       830,       912,       868,       952,       909,       827,       788,       787,       872,       951,       789,       831,       953
       871,       830,       872,       870,       912,       831,       829,       911,       913,       873,       789,       790,       869,       952,       828,       953,       954,       788,       832,       910
       872,       873,       831,       871,       913,       830,       832,       912,       914,       790,       874,       954,       870,       791,       789,       915,       911,       955,       829,       833
       873,       872,       914,       874,       913,       832,       831,       915,       833,       955,       871,       954,       912,       791,       956,       830,       875,       790,       792,       916
       874,       915,       873,       875,       833,       914,       916,       832,       834,       956,       876,       872,       913,       792,       955,       791,       831,       835,       917,       957
       875,       876,       916,       834,       874,       917,       835,       915,       833,       877,       956,       957,       958,       793,       918,       836,       873,       914,       792,       794
       876,       875,       917,       835,       877,       916,       834,       918,       836,       958,       874,       794,       878,       833,       959,       915,       793,       957,       919,       795
       877,       836,       878,       876,       918,       917,       835,       837,       919,       875,       795,       959,       879,       916,       958,       794,       796,       834,       920,       838
       878,       919,       879,       877,       837,       920,       918,       836,       838,       880,       960,       959,       917,       921,       876,       796,       839,       961,       795,       835
       879,       880,       920,       838,       878,       839,       919,       837,       921,       797,       881,       877,       798,       836,       961,       840,       918,       796,       922,       960
       880,       879,       921,       881,       839,       920,       838,       922,       840,       878,       798,       962,       919,       797,       837,       923,       961,       882,       963,       841
       881,       922,       880,       840,       882,       923,       921,       839,       841,       879,       920,       963,       962,       924,       838,       964,       799,       798,       883,       842
       882,       923,       883,       924,       841,       881,       842,       922,       840,       884,       965,       964,       925,       800,       843,       880,       799,       963,       801,       921
       883,       884,       924,       842,       882,       925,       843,       923,       841,       965,       885,       926,       802,       966,       801,       881,       844,       964,       922,       840
       884,       843,       883,       885,       925,       842,       926,       924,       844,       802,       882,       886,       966,       841,       967,       965,       845,       803,       801,       927
       885,       926,       886,       884,       844,       843,       927,       845,       925,       883,       967,       887,       928,       968,       803,       842,       802,       924,       966,       804
       886,       927,       887,       885,       845,       928,       926,       844,       846,       888,       968,       884,       843,       969,       967,       804,       925,       803,       929,       805
       887,       928,       888,       886,       846,       927,       845,       929,       847,       969,       885,       968,       926,       889,       805,       970,       844,       930,       806,       848
       888,       887,       929,       847,       889,       928,       846,       930,       848,       886,       927,       970,       969,       890,       971,       845,       806,       805,       849,       931
       889,       890,       848,       930,       849,       888,       931,       847,       929,       891,       807,       808,       971,       932,       887,       850,       846,       972,       806,       970
       890,       889,       849,       891,       931,       848,       930,       932,       850,       808,       892,       972,       888,       807,       847,       809,       929,       933,       971,       851
       891,       890,       932,       892,       850,       931,       849,       933,       851,       889,       930,       848,       808,       893,       809,       973,       972,       852,       974,       934
       892,       933,       893,       891,       851,       852,       932,       850,       934,       974,       890,       931,       894,       849,       810,       935,       853,       811,       975,       973
       893,       852,       892,       934,       894,       933,       935,       851,       853,       975,       974,       891,       976,       811,       850,       932,       895,       812,       936,       810
       894,       935,       893,       853,       895,       936,       852,       934,       854,       976,       896,       892,       812,       975,       977,       933,       851,       855,       937,       811
       895,       896,       854,       936,       894,       855,       937,       935,       853,       897,       977,       813,       814,       893,       976,       938,       856,       978,       812,       852
       896,       895,       897,       937,       855,       936,       854,       938,       856,       898,       978,       894,       814,       857,       977,       979,       935,       815,       939,       813
       897,       896,       938,       898,       856,       937,       857,       855,       939,       895,       979,       815,       854,       936,       899,       814,       978,       858,       940,       980
       898,       857,       897,       899,       939,       856,       938,       858,       940,       896,       815,       816,       937,       859,       855,       979,       980,       817,       981,       941
       899,       858,       940,       898,       900,       859,       939,       941,       857,       981,       817,       938,       901,       856,       897,       982,       816,       980,       942,       818
       900,       859,       901,       941,       860,       899,       858,       942,       940,       902,       818,       861,       943,       819,       982,       817,       898,       983,       939,       981
       901,       900,       942,       902,       860,       943,       941,       861,       859,       983,      1767,       899,       940,       819,      1771,       982,       858,       984,      1763,       818
       902,       943,       901,       861,      1767,       860,       942,      1771,      1763,       900,       984,      1947,       983,       820,      1775,       941,       819,       859,      1951,      1759
       903,      1757,       862,       944,       904,      1761,       945,      1753,       863,       821,      1937,       905,       985,       822,      1941,      1765,      1933,      1749,       986,       946
       904,       905,       945,       863,       903,       946,       864,       862,       944,       906,       822,       865,       986,      1757,       947,       821,       823,      1761,       985,       987
       905,       904,       946,       906,       864,       865,       945,       863,       947,       903,       823,       862,       907,       944,       822,       987,       986,       824,       948,       866
       906,       865,       905,       947,       907,       946,       864,       866,       948,       904,       824,       823,       867,       988,       908,       863,       945,       825,       949,       987
       907,       948,       906,       908,       866,       949,       947,       867,       865,       989,       946,       905,       990,       825,       988,       909,       864,       824,       826,       950
       908,       867,       949,       909,       907,       868,       866,       950,       948,       826,       910,       990,       869,       825,       951,       906,       827,       991,       947,       865
       909,       910,       950,       908,       868,       951,       869,       949,       867,       911,       991,       870,       827,       952,       828,       907,       990,       826,       992,       866
       910,       909,       951,       911,       869,       950,       952,       870,       868,       908,       828,       992,       991,       912,       949,       993,       953,       829,       867,       827
       911,       952,       910,       870,       912,       951,       869,       871,       953,       909,       829,       993,       950,       828,       913,       868,       830,       954,       994,       872
       912,       953,       913,       911,       954,       871,       952,       872,       870,       994,       955,       914,       873,       995,       830,       993,       910,       951,       831,       869
       913,       914,       954,       872,       912,       873,       955,       871,       953,       915,       831,       874,       995,       956,       996,       911,       832,       994,       830,       952
       914,       915,       955,       913,       873,       956,       874,       954,       872,       996,       997,       916,       912,       957,       995,       832,       875,       831,       833,       953
       915,       956,       914,       874,       916,       955,       957,       873,       875,       997,       913,       954,       996,       998,       917,       876,       833,       872,       958,       832
       916,       875,       917,       876,       915,       957,       956,       958,       874,       914,       918,       998,       834,       835,       877,       999,       959,       997,       833,       873
       917,       876,       916,       918,       958,       875,       877,       959,       957,       835,       919,       999,       878,       836,       915,       956,       874,      1000,       834,       998
       918,       959,       919,       917,       877,       958,       878,       960,       876,      1000,       920,       916,       836,       999,       961,       879,       875,      1001,       837,       835
       919,       878,       918,       920,       960,       879,       959,       877,       961,       921,       837,       917,       880,       836,       838,       958,      1001,       962,      1000,       876
       920,       921,       879,       919,       880,       961,       878,       962,       960,       922,       838,       881,       918,       839,       963,      1003,       837,      1002,       959,       877
       921,       920,       880,       962,       922,       881,       879,       961,       963,       919,      1003,       923,       839,       960,       878,       838,      1002,       964,       840,      1004
       922,       881,       923,       921,       963,       962,       964,       880,       882,       920,      1004,       924,       840,      1003,       965,      1005,       961,       879,       839,       841
       923,       882,       922,       924,       964,       881,       965,       963,       883,       921,       841,      1005,       925,       962,      1004,      1006,       840,       880,       842,       966
       924,       883,       965,       923,       925,       882,       884,       964,       966,       842,       922,      1006,       841,       881,       926,       843,       967,       885,      1005,      1007
       925,       924,       966,       884,       926,       883,       965,       967,       885,      1007,       843,       882,       923,      1006,       842,      1008,       968,       927,       964,       886
       926,       885,       967,       925,       927,       886,       968,       884,       966,       928,      1008,       883,       843,       844,       924,      1007,       887,       845,       969,       965
       927,       928,       886,       968,       926,       887,       969,       885,       967,       888,       929,       845,      1009,      1008,       925,       846,      1010,       970,       844,       884
       928,       927,       887,       969,       929,       886,       888,       968,       970,       926,      1010,       846,       885,       967,       971,       845,       930,      1011,      1009,       847
       929,       970,       930,       888,       971,       928,       969,       887,       889,      1011,       927,       972,       931,      1010,      1012,       890,       847,       848,       968,       846
       930,       971,       931,       929,       889,       972,       970,       890,       888,       932,      1012,       891,       848,      1013,       928,       973,       849,       969,      1011,       887
       931,       932,       930,       890,       972,       891,       889,       973,       971,       933,       849,       929,      1013,       892,       848,      1014,       974,      1012,       970,       850
       932,       931,       891,       933,       973,       892,       890,       974,       972,       930,      1014,       934,       850,       889,       849,       893,      1015,      1013,       851,       971
       933,       892,       934,       932,       974,       893,       891,       975,       973,       931,       851,       935,      1015,       852,      1014,       894,       850,       976,       890,       972
       934,       975,       933,       893,       935,       974,       976,       892,       894,       932,      1016,       852,      1015,       973,      1017,       936,       977,       891,       851,       853
       935,       894,       976,       934,       936,       893,       975,       977,       895,       853,       933,      1017,       852,       937,       974,       896,       892,       854,      1016,      1018
       936,       977,       937,       895,       935,       896,       976,       978,       894,      1018,       897,       854,       938,      1017,       934,       979,       975,      1019,       855,       893
       937,       896,       936,       978,       938,       897,       979,       895,       977,      1019,       939,       935,      1020,       898,      1018,       855,       854,       976,       980,       894
       938,       897,       939,       979,       937,       898,       896,       980,       978,       940,       981,       856,       857,       899,       936,      1020,       895,      1021,       855,      1019
       939,       940,       938,       980,       981,       898,       899,       979,       897,       941,      1021,       982,       857,       937,       858,      1022,       856,      1020,       900,       896
       940,       941,       899,       939,       981,       982,       900,       980,       898,       858,       942,       938,       859,       901,      1022,       983,       857,       979,      1023,      1021
       941,       940,       982,       942,       900,       981,       899,       901,       983,       939,       859,       943,       858,       980,      1023,      1024,       902,       860,       898,      1022
       942,       901,       983,       943,       941,       902,       900,       982,       984,      1024,       940,       860,      1771,       861,      1025,       981,       859,      1775,      1023,       899
       943,       902,       942,      1771,       901,       984,      1767,       983,      1775,       861,       860,       941,       900,      1951,      1025,      1763,      1024,      1947,       982,      1955
       944,       945,       985,      1753,       903,       986,      1749,       904,      1757,      1026,       946,      1027,       905,      1933,       862,       987,      1745,      1761,      1929,       863
       945,       944,       904,       986,       946,       985,       903,       905,       987,      1753,      1027,       863,      1757,       947,      1749,      1026,       862,       906,      1028,       864
       946,       947,       905,       945,       987,       906,       904,       986,       988,       948,       864,       944,       907,       865,      1028,       989,      1027,      1029,       863,       903
       947,       946,       948,       988,       906,       907,       989,       987,       905,      1029,       949,       865,       945,       986,       904,      1030,      1028,       864,       990,       908
       948,       989,       947,       907,       949,       988,       990,       906,       908,       946,      1030,      1029,       987,      1031,       950,       867,       866,       905,       991,       865
       949,       908,       990,       948,       950,       907,       909,       991,       989,       867,       947,       951,      1031,       910,      1032,       866,       988,       868,       906,      1030
       950,       951,       991,       909,       949,       910,       990,       992,       908,      1032,       952,       868,       911,       993,       869,      1033,       948,       867,      1031,       907
       951,       910,       950,       952,       992,       909,       911,       991,       993,       869,       953,       949,       870,       990,       908,      1033,       868,       912,      1032,       994
       952,       953,       911,       951,       993,       912,       910,       994,       992,       954,       870,       950,       909,       871,       869,      1034,       995,       991,       913,      1035
       953,       994,       952,       912,       954,       993,       995,       911,       913,      1035,       951,      1036,       955,       992,      1034,       996,       871,       910,       870,       914
       954,       955,       913,       995,       953,       912,       994,       996,       914,       952,      1036,       873,       872,       915,       956,       997,       911,       871,       993,      1035
       955,       954,       996,       914,       956,       913,       915,       997,       995,       873,       994,       912,       953,       957,      1037,      1036,       874,      1038,       998,       872
       956,       915,       957,       997,       955,       914,       916,       998,       996,       874,       958,       954,      1038,       875,       873,       913,       999,       917,      1039,       995
       957,       998,       956,       916,       958,       997,       999,       915,       917,      1039,      1038,       955,       914,       875,       959,       996,      1040,      1000,       874,       876
       958,       959,       999,       917,       957,       918,      1000,       916,       998,       876,       960,       956,       875,      1040,      1041,       877,       919,      1039,      1001,       915
       959,       918,       958,      1000,       960,       999,       919,       917,      1001,       961,      1041,       877,       878,       957,       916,       876,       920,      1002,      1042,       998
       960,       961,      1001,       959,       919,      1002,       918,      1000,       920,      1042,       962,       878,      1003,       958,       921,      1041,      1043,       999,       879,       917
       961,       960,      1002,       962,       920,      1003,      1001,       921,       919,       963,       959,      1043,      1042,       918,       879,      1000,       880,       922,       878,      1004
       962,       963,      1003,       921,       961,       922,      1004,      1002,       920,       964,       960,       880,      1005,       881,      1044,       923,      1045,      1001,       919,       879
       963,       962,      1004,       964,       922,      1003,      1005,       921,       923,      1045,       961,       881,       965,      1002,      1044,      1046,       920,      1006,       880,       924
       964,      1005,       965,       963,       923,      1004,      1006,       922,       924,       962,       882,      1046,       966,       881,      1003,      1045,       925,       921,      1047,       883
       965,       924,       964,      1006,       966,       925,       923,      1005,      1007,       883,       882,       963,       967,      1004,       922,       884,      1047,       926,      1046,      1048
       966,      1007,       967,       965,       925,      1006,      1008,       926,       924,      1048,       968,       964,      1049,       884,       883,      1047,      1005,       923,       885,      1009
       967,       968,      1008,       926,       966,      1007,       925,       927,      1009,       885,       969,      1049,       965,      1048,       886,       928,       884,      1006,      1050,       924
       968,       967,       927,       969,      1009,      1008,       926,       928,      1010,       886,       966,      1007,      1050,       887,       885,       925,       970,      1051,      1011,      1049
       969,       928,      1010,       970,       968,       927,       929,      1011,      1009,       887,       971,       888,      1051,       967,      1008,       886,       930,       926,      1012,      1052
       970,       971,       929,      1011,       969,       930,      1012,      1010,       928,       972,       888,      1052,      1053,      1013,       968,       931,       887,       927,      1051,      1009
       971,       970,       930,       972,      1012,       929,      1011,      1013,       931,       969,      1053,      1010,       889,       888,       973,       928,       890,       932,      1052,      1054
       972,      1013,       971,       931,       973,      1012,       930,       932,      1014,       970,       929,      1054,       890,      1053,      1011,       974,      1015,      1055,       891,       889
       973,      1014,       974,      1015,       972,       932,      1013,       931,       933,      1055,       975,      1012,       891,       934,      1054,      1056,       971,       930,       892,      1016
       974,       975,      1015,       933,       973,       934,      1014,       932,      1016,       976,       892,       893,      1057,       935,       972,      1056,       931,      1017,       891,      1055
       975,       934,       976,       974,      1016,      1017,       935,      1015,       933,       977,       893,      1057,       973,      1014,       894,      1018,       936,       892,      1058,       932
       976,       975,       935,       977,      1017,       934,       936,      1016,      1018,       894,       974,       893,       978,      1058,       933,       895,      1057,       937,      1015,      1059
       977,       936,      1018,       976,       978,      1017,       935,       937,      1019,       975,      1059,       895,      1016,       894,      1060,       896,       979,       934,      1020,      1058
       978,      1019,       937,       977,       979,      1018,      1020,       936,       938,      1060,      1061,       896,       976,      1017,       980,      1059,       897,      1021,       895,       935
       979,       938,       980,      1020,       978,       937,       939,      1021,      1019,       981,      1061,       897,      1022,       896,       898,       977,      1060,       936,       940,      1018
       980,       981,      1021,       979,       939,      1022,       938,       940,      1020,       982,      1063,      1062,      1023,       941,      1061,       978,       898,       899,       937,      1019
       981,       980,       982,       940,       939,      1022,       941,      1021,      1023,       979,       899,      1063,       938,       983,       898,      1024,       942,      1020,      1062,       900
       982,       981,      1023,       941,       983,      1024,       940,      1022,       942,       980,       939,      1063,      1021,      1064,       984,       900,       901,       899,      1025,       943
       983,      1024,       942,       984,       982,      1025,       943,      1023,       941,       901,      1775,       981,      1065,      1066,       902,       940,      1771,      1779,       900,      1022
       984,      1025,      1775,       983,       943,      1779,      1024,      1771,       942,      1066,      1955,       902,      1783,       982,      1959,      1065,       901,      1023,      1951,      1767
       985,      1749,       944,      1026,       986,      1753,      1027,      1745,       945,      1929,      1067,       903,       987,      1933,      1757,      1068,      1925,      1741,      1028,       904
       986,      1027,       987,       945,       985,      1028,      1026,       944,       946,      1068,       988,       904,      1749,       947,      1067,       905,      1029,      1069,      1753,      1745
       987,      1028,       986,       988,       946,      1027,      1029,       947,       945,       989,      1069,      1070,      1030,      1026,      1068,       985,       948,       905,       944,       906
       988,       989,      1029,       987,       947,      1030,       948,      1028,       946,      1070,       986,       990,      1071,      1031,       907,       906,       949,      1027,      1069,       905
       989,       988,      1030,       948,      1029,       990,       947,      1031,       949,       987,       907,      1071,      1072,       946,      1070,      1032,      1028,       991,       906,       908
       990,       991,       949,      1031,       989,      1032,       950,       948,      1030,       992,      1072,       908,      1033,       988,       907,       951,       909,      1073,      1029,       947
       991,      1032,       992,       990,       950,      1033,       951,      1031,       949,       993,      1073,       909,       910,       989,      1074,      1034,      1072,       952,       908,       948
       992,      1033,       991,       993,       951,      1032,      1034,       950,       952,      1074,       990,      1073,       910,       994,       953,      1075,      1031,      1035,       909,       911
       993,       992,      1034,       952,       994,       953,      1035,       951,      1033,       991,       995,       911,      1075,      1036,       950,       912,      1074,       910,       954,      1032
       994,       953,       995,      1035,       993,      1036,       954,       952,      1034,       996,       912,       955,       992,      1037,      1076,       913,       911,      1077,       951,      1075
       995,       994,      1036,       996,       954,      1035,       955,       953,      1037,       997,       993,       912,       913,      1077,      1034,       952,       914,      1038,      1076,      1078
       996,       995,       955,       997,      1037,       954,      1036,      1038,       956,       994,       914,       998,       915,      1035,       913,       953,       957,      1078,      1079,      1039
       997,       998,       996,      1038,       956,       957,       955,      1037,      1039,       915,       995,       914,       999,      1079,       954,      1036,       916,      1040,       958,      1078
       998,       957,      1039,       997,       999,      1038,       956,      1040,       958,       916,      1000,       996,       915,      1080,      1037,       955,      1081,      1079,      1041,       959
       999,      1000,       958,       998,      1040,       957,      1039,       959,      1041,      1001,       917,      1081,       997,       918,       916,       956,      1038,       960,      1082,      1042
      1000,       999,      1041,       959,      1001,       958,       960,      1040,      1042,       918,       998,      1082,      1002,      1039,       961,       957,      1043,       917,      1081,       919
      1001,      1042,      1002,       960,      1000,      1041,      1043,       961,       959,      1003,      1083,       999,      1082,      1084,       919,       918,       958,       962,      1040,      1044
      1002,      1003,      1001,      1043,       961,      1042,       960,       962,      1044,      1084,      1000,       963,      1045,      1085,      1004,      1041,       920,       921,       959,      1083
      1003,       962,      1002,      1004,       963,      1044,       961,      1045,      1043,       921,      1001,      1005,       960,       922,      1042,      1085,       964,       920,      1086,      1046
      1004,      1005,       963,      1045,      1003,       964,      1046,       962,      1044,      1006,       922,      1086,      1002,       965,      1047,       923,      1087,       921,       961,      1085
      1005,      1004,       964,      1046,      1006,       963,      1045,      1047,       965,      1087,      1003,       923,       962,      1044,       922,       966,      1086,      1007,       924,      1088
      1006,       965,      1005,      1007,      1047,       966,       964,      1046,      1048,      1004,       924,       925,      1088,       923,      1008,       963,      1087,       967,      1045,      1049
      1007,       966,      1008,      1048,      1006,       967,      1049,       965,      1047,       925,      1009,       968,      1089,      1050,       926,      1090,      1005,       924,       964,      1088
      1008,       967,      1009,      1007,      1049,       968,      1050,       966,      1048,       926,      1010,      1090,      1051,       969,       927,      1091,      1006,       925,      1089,       965
      1009,      1050,      1008,      1010,       968,      1051,      1049,       969,       967,      1091,      1011,      1007,      1092,      1048,      1052,      1090,       927,       928,       970,       966
      1010,      1011,      1051,      1009,       969,       970,      1052,       968,      1050,      1012,       928,      1092,      1008,       971,       929,      1053,       927,      1093,      1091,       967
      1011,      1010,       970,      1052,      1012,       971,       969,      1053,      1051,      1009,       929,      1013,      1093,       972,      1092,       930,       928,       968,      1050,      1054
      1012,      1013,      1053,       971,      1011,       972,       970,      1054,      1052,       930,      1010,      1014,       973,      1055,       929,      1094,       931,      1095,       969,      1051
      1013,      1012,       972,      1054,      1014,       973,      1055,      1053,       971,      1015,       931,      1011,      1096,       970,      1095,       930,      1056,       932,      1052,       974
      1014,      1015,       973,      1055,      1013,       974,      1056,       972,      1054,       932,      1096,      1016,      1012,      1057,       975,       933,      1097,       931,      1053,       971
      1015,      1014,       974,       973,      1056,      1016,      1055,      1057,       975,      1013,      1097,       933,       934,      1054,       932,      1096,       972,      1017,      1098,       976
      1016,      1057,      1017,       975,      1015,      1058,       976,       974,      1056,      1098,      1018,       934,      1059,      1014,       977,      1099,       935,      1097,       973,      1055
      1017,      1016,      1018,       976,      1058,       977,      1059,       975,      1057,      1019,       935,      1099,       978,       936,      1060,       934,      1015,      1100,      1098,       974
      1018,       977,      1017,      1019,      1059,       978,      1060,       976,      1058,       936,      1020,      1016,      1100,      1061,       937,       975,      1099,       979,       935,      1101
      1019,      1060,      1020,       978,      1018,      1061,      1059,       979,       977,      1017,       937,      1101,      1102,      1021,      1100,       936,      1058,      1062,       980,       938
      1020,      1061,      1019,       979,      1021,      1060,       978,       980,      1062,      1102,      1018,      1022,       938,       937,      1103,      1063,      1059,       977,      1101,       981
      1021,      1022,       980,      1062,      1020,      1063,       981,      1061,       979,      1023,      1103,       939,       982,      1064,      1019,      1102,      1104,       938,       978,      1060
      1022,      1021,      1063,      1023,       981,       980,      1062,      1064,       982,      1020,      1024,      1103,      1104,       979,      1061,       939,       940,      1105,       941,       983
      1023,      1024,      1064,       982,      1022,      1063,      1065,       983,       981,      1021,      1105,      1025,       980,       941,      1066,      1106,      1062,       942,       984,       940
      1024,      1023,       983,      1025,      1065,       982,       984,      1066,      1064,       942,      1106,      1022,      1063,      1779,       941,       981,       943,      1105,      1775,      1107
      1025,      1066,       984,      1024,      1779,      1065,       983,      1783,      1775,      1023,      1107,      1106,      1959,       943,       942,      1787,       982,      1963,      1771,      1955
      1026,      1027,      1067,       985,      1745,      1068,       986,      1749,      1741,      1028,       944,      1108,       987,      1069,      1925,       945,      1109,      1753,      1737,      1929
      1027,      1026,       986,      1028,      1068,       987,      1067,       985,      1069,       945,      1745,       944,      1749,      1109,      1029,      1070,      1741,       988,       946,      1108
      1028,       987,      1027,      1069,      1029,       986,      1068,      1070,       988,      1026,      1110,      1030,      1067,       946,       989,      1109,       947,       985,      1071,       945
      1029,      1030,       988,      1070,       989,      1028,      1071,       987,      1069,      1031,       947,       948,      1072,      1111,      1027,      1110,       990,       986,       946,      1112
      1030,      1029,       989,      1071,      1031,       988,      1072,      1070,       990,       948,      1028,       987,      1032,      1112,       947,      1111,      1069,      1073,      1113,       949
      1031,      1072,      1032,       990,      1030,      1073,      1071,       989,       991,      1033,      1029,      1113,       949,      1114,       988,       948,       992,      1074,       950,      1112
      1032,       991,      1031,      1033,      1073,       990,       992,      1072,      1074,       950,      1114,      1030,      1034,       989,       949,      1071,       993,       951,      1113,      1075
      1033,       992,      1032,      1074,      1034,      1073,       991,      1075,       993,      1031,       990,      1114,      1116,      1115,      1072,       951,       950,      1035,      1076,       952
      1034,      1075,      1035,       993,      1033,      1074,       992,      1076,       994,      1116,      1036,      1077,       953,      1032,       952,       995,      1073,       991,      1117,      1115
      1035,      1036,      1034,       994,      1076,       995,      1077,      1075,       993,       953,      1037,      1117,       996,      1078,      1116,      1033,       992,      1118,      1074,       954
      1036,      1035,       995,      1037,       994,      1077,       996,      1076,      1078,      1034,       954,       953,       993,       955,      1038,      1118,      1075,       997,      1117,      1079
      1037,      1038,      1078,      1036,       996,      1079,       995,      1077,       997,      1035,      1119,      1118,      1039,       955,       994,      1076,       998,      1080,      1120,       954
      1038,      1037,       997,      1039,      1079,       998,       996,      1080,      1078,      1040,       957,       956,      1036,      1081,       955,      1120,       995,       999,      1121,      1119
      1039,      1040,       998,      1038,      1080,      1081,       999,       997,      1079,       957,      1121,      1041,      1037,      1000,      1082,      1122,       958,       956,       996,      1078
      1040,      1039,      1081,      1041,       999,      1082,      1080,       998,      1000,      1122,      1038,      1121,       958,       957,      1079,      1042,      1083,      1001,      1123,       997
      1041,      1000,      1042,      1082,      1040,      1001,       999,      1083,      1081,      1043,       959,      1039,       960,      1002,      1123,       958,      1122,      1084,      1124,       998
      1042,      1043,      1001,      1041,      1083,      1002,      1084,      1082,      1000,       960,      1124,      1044,      1085,       961,      1003,      1125,      1040,       959,      1123,       999
      1043,      1042,      1002,      1084,      1001,      1044,      1085,      1083,      1003,      1041,      1125,      1124,       961,      1045,      1082,       960,      1086,      1000,      1126,       962
      1044,      1045,      1085,      1086,      1003,      1043,      1004,      1002,      1084,      1046,      1126,      1042,      1127,      1005,      1087,       962,       963,      1125,      1001,       961
      1045,      1044,      1086,      1004,      1046,      1005,      1003,      1085,      1087,       963,      1047,      1043,      1002,      1127,       962,      1126,       964,      1006,      1084,      1128
      1046,      1087,      1047,      1005,      1045,      1004,      1086,      1006,      1088,      1044,       964,      1128,       963,      1048,      1129,      1003,      1089,      1085,       965,      1127
      1047,      1088,      1046,      1087,      1006,      1048,      1089,      1005,      1007,      1129,      1049,      1045,      1004,      1090,      1128,       966,       965,      1086,      1130,       964
      1048,      1049,      1007,      1089,      1047,      1090,      1008,      1006,      1088,      1050,       966,      1091,      1009,       967,      1130,      1046,      1131,      1087,       965,      1005
      1049,      1048,      1090,      1050,      1008,      1089,      1091,      1007,      1009,      1051,      1047,      1131,       967,      1132,       966,      1092,      1088,      1130,       968,      1006
      1050,      1091,      1009,      1049,      1051,      1090,      1092,      1008,      1010,      1048,      1132,      1089,       968,      1052,      1007,      1131,      1093,      1011,       967,      1133
      1051,      1092,      1010,      1050,      1052,      1009,      1091,      1011,      1093,      1049,       969,      1008,      1053,      1133,      1132,      1090,       968,       970,      1094,      1012
      1052,      1093,      1053,      1051,      1011,      1092,      1010,      1094,      1012,      1134,      1135,      1054,       970,      1050,      1009,      1133,      1095,      1091,      1013,       971
      1053,      1012,      1052,      1054,      1094,      1013,      1011,      1095,      1093,      1055,      1135,       971,       972,      1051,       970,      1010,      1096,      1136,      1092,      1014
      1054,      1055,      1013,      1053,      1095,      1096,      1012,      1094,      1014,      1056,      1097,       972,      1136,      1052,      1015,       973,      1135,      1137,      1011,      1093
      1055,      1054,      1096,      1056,      1014,      1097,      1013,      1015,      1095,       973,      1057,      1053,      1012,      1137,       972,      1094,       974,      1098,      1138,      1136
      1056,      1097,      1055,      1057,      1015,      1096,      1098,      1014,      1016,      1054,      1138,      1058,      1137,      1095,       973,      1013,       974,      1099,      1139,       975
      1057,      1016,      1098,      1056,      1058,      1015,      1097,      1099,      1017,       975,      1055,      1059,      1014,       974,      1138,      1096,      1139,      1100,       976,      1018
      1058,      1099,      1059,      1057,      1017,      1098,      1016,      1100,      1018,      1060,      1140,      1056,      1141,       976,      1101,      1097,       975,       977,      1019,      1139
      1059,      1058,      1100,      1018,      1060,      1099,      1017,      1019,      1101,      1141,      1057,      1016,       977,      1098,      1061,      1142,       978,      1140,      1020,       976
      1060,      1019,      1061,      1059,      1101,      1020,      1018,      1102,      1100,       978,      1142,      1058,      1017,      1062,       977,      1141,       979,      1099,      1021,      1143
      1061,      1020,      1060,      1102,      1062,      1019,      1021,      1103,      1101,       979,       978,      1063,      1022,      1143,      1059,      1018,       980,      1142,      1104,      1100
      1062,      1103,      1063,      1021,      1061,      1104,      1022,      1102,      1020,      1064,      1144,      1145,      1105,       980,      1143,      1060,      1023,      1019,       979,       981
      1063,      1022,      1064,      1062,      1021,      1023,      1104,      1103,      1105,       980,       981,       982,      1065,      1061,      1145,      1024,      1146,      1020,      1102,      1106
      1064,      1063,      1105,      1023,      1065,      1104,      1106,      1022,      1024,      1062,      1146,      1103,      1145,      1021,      1066,       982,      1107,      1025,      1147,       983
      1065,      1106,      1066,      1064,      1024,      1107,      1025,      1105,      1023,      1783,      1148,      1147,      1063,       983,      1787,      1146,       984,      1779,       982,      1104
      1066,      1025,      1065,      1783,      1107,      1106,      1779,      1024,      1787,       984,      1148,      1064,      1963,       983,      1023,      1775,      1959,      1105,      1147,      1967
      1067,      1068,      1026,      1108,      1741,      1027,      1109,      1745,      1737,      1069,      1028,       985,      1921,       986,      1149,      1150,      1110,      1749,      1925,      1733
      1068,      1067,      1069,      1027,      1109,      1026,      1028,      1108,      1110,      1741,       986,      1070,      1150,      1745,       987,      1737,       985,      1149,      1111,      1029
      1069,      1110,      1070,      1068,      1028,      1109,      1111,      1027,      1067,      1029,      1151,      1150,       987,      1108,      1152,      1026,      1071,       986,      1030,      1112
      1070,      1069,      1029,      1071,      1111,      1110,      1028,      1030,      1112,       988,      1152,      1068,       987,      1072,      1151,      1109,       989,      1153,      1027,      1031
      1071,      1072,      1030,      1112,      1070,      1029,      1031,      1111,      1113,      1153,       989,      1110,      1073,       988,      1069,      1152,      1154,      1114,      1032,      1028
      1072,      1031,      1071,      1073,      1113,      1030,      1032,      1114,      1112,       990,      1029,      1154,      1070,       989,      1153,      1033,      1074,       991,      1111,      1155
      1073,      1114,      1074,      1032,      1072,      1033,      1031,      1113,      1115,       991,      1075,      1071,      1116,       992,      1154,      1155,      1034,       990,      1156,      1112
      1074,      1033,      1075,      1073,      1115,      1116,      1034,      1114,      1032,       992,      1156,      1076,      1072,       991,       993,      1035,      1113,      1031,      1117,      1157
      1075,      1116,      1034,      1076,      1074,      1117,      1035,      1115,      1033,      1077,      1157,      1073,       993,      1158,      1156,       992,      1036,      1114,      1118,       994
      1076,      1077,      1117,      1075,      1035,      1116,      1118,      1034,      1036,      1158,      1078,      1074,      1157,      1119,       994,      1037,      1115,      1159,       995,       993
      1077,      1076,      1118,      1078,      1036,      1117,      1035,      1119,      1037,      1075,      1159,      1079,       995,      1158,      1034,      1116,      1160,       994,      1120,       996
      1078,      1119,      1079,      1037,      1077,      1118,      1120,      1038,      1036,      1076,      1160,      1080,      1161,      1117,      1159,      1035,       996,      1121,       995,      1039
      1079,      1078,      1080,      1120,      1038,      1037,      1121,      1119,      1039,      1161,      1081,      1118,      1077,       997,      1040,      1160,       998,      1122,      1162,       996
      1080,      1121,      1081,      1079,      1039,      1122,      1040,      1120,      1038,      1082,      1162,      1161,      1078,       998,      1163,      1119,      1037,      1123,      1041,       999
      1081,      1080,      1122,      1040,      1082,      1121,      1039,      1123,      1041,      1079,      1163,      1083,       999,      1038,      1120,       998,      1162,      1000,      1164,      1124
      1082,      1083,      1081,      1041,      1123,      1122,      1040,      1124,      1042,      1080,      1084,      1000,      1164,      1043,      1001,      1163,      1121,      1165,      1039,      1125
      1083,      1124,      1082,      1084,      1042,      1123,      1125,      1043,      1041,      1165,      1085,      1122,      1001,      1081,      1164,      1166,      1040,      1002,      1126,      1000
      1084,      1125,      1085,      1083,      1043,      1124,      1042,      1126,      1044,      1166,      1082,      1086,      1167,      1002,      1123,      1165,      1127,      1001,      1041,      1045
      1085,      1044,      1084,      1126,      1086,      1125,      1043,      1045,      1127,      1167,      1083,      1124,      1042,      1002,      1003,      1166,      1168,      1087,      1046,      1128
      1086,      1045,      1085,      1127,      1044,      1087,      1126,      1046,      1128,      1168,      1084,      1004,      1167,      1169,      1088,      1125,      1043,      1005,      1047,      1129
      1087,      1046,      1088,      1128,      1047,      1086,      1129,      1045,      1127,      1005,      1089,      1169,      1044,      1004,      1006,      1085,      1126,      1130,      1168,      1048
      1088,      1047,      1087,      1089,      1129,      1130,      1128,      1046,      1048,      1090,      1170,      1131,      1006,      1086,      1049,      1169,      1171,      1005,      1045,      1007
      1089,      1090,      1088,      1048,      1130,      1049,      1131,      1047,      1129,      1091,      1087,      1132,      1050,      1007,      1171,      1172,      1046,      1008,      1128,      1006
      1090,      1089,      1049,      1091,      1131,      1050,      1048,      1132,      1130,      1088,      1092,      1008,      1172,      1009,      1007,      1047,      1051,      1171,      1129,      1173
      1091,      1050,      1092,      1132,      1090,      1051,      1049,      1131,      1133,      1009,      1089,      1093,      1048,      1052,      1008,      1173,      1010,      1130,      1172,      1174
      1092,      1091,      1051,      1093,      1133,      1132,      1050,      1052,      1134,      1090,      1010,      1009,      1174,      1094,      1049,      1011,      1135,      1131,      1175,      1053
      1093,      1052,      1092,      1134,      1094,      1133,      1135,      1051,      1053,      1091,      1095,      1175,      1011,      1174,      1132,      1136,      1010,      1050,      1176,      1054
      1094,      1135,      1095,      1093,      1053,      1136,      1134,      1052,      1054,      1096,      1176,      1092,      1177,      1133,      1012,      1055,      1175,      1137,      1013,      1011
      1095,      1094,      1136,      1096,      1054,      1135,      1053,      1055,      1137,      1177,      1097,      1093,      1013,      1134,      1178,      1056,      1052,      1176,      1012,      1138
      1096,      1055,      1097,      1095,      1054,      1056,      1137,      1136,      1138,      1094,      1014,      1013,      1053,      1178,      1098,      1135,      1015,      1057,      1179,      1177
      1097,      1056,      1096,      1138,      1098,      1055,      1137,      1057,      1139,      1095,      1179,      1015,      1054,      1099,      1014,      1058,      1136,      1180,      1016,      1178
      1098,      1099,      1057,      1097,      1139,      1058,      1138,      1056,      1140,      1100,      1016,      1059,      1180,      1096,      1181,      1141,      1017,      1179,      1137,      1055
      1099,      1098,      1058,      1100,      1140,      1059,      1141,      1057,      1139,      1181,      1101,      1138,      1017,      1097,      1016,      1182,      1056,      1142,      1180,      1018
      1100,      1141,      1099,      1059,      1101,      1058,      1142,      1140,      1060,      1098,      1182,      1018,      1181,      1102,      1019,      1017,      1057,      1183,      1139,      1143
      1101,      1142,      1100,      1141,      1102,      1060,      1143,      1059,      1061,      1183,      1099,      1019,      1182,      1140,      1103,      1058,      1184,      1020,      1018,      1144
      1102,      1143,      1103,      1061,      1101,      1062,      1142,      1060,      1144,      1020,      1104,      1019,      1100,      1184,      1141,      1021,      1145,      1063,      1059,      1183
      1103,      1062,      1104,      1102,      1144,      1145,      1063,      1143,      1061,      1105,      1021,      1064,      1022,      1146,      1185,      1101,      1020,      1186,      1142,      1060
      1104,      1145,      1103,      1105,      1144,      1062,      1146,      1063,      1064,      1186,      1102,      1022,      1143,      1185,      1106,      1021,      1061,      1187,      1023,      1065
      1105,      1064,      1146,      1104,      1106,      1145,      1065,      1063,      1147,      1103,      1023,      1062,      1107,      1144,      1186,      1187,      1148,      1022,      1066,      1024
      1106,      1065,      1107,      1105,      1147,      1148,      1066,      1064,      1146,      1787,      1024,      1025,      1023,      1783,      1104,      1188,      1791,      1189,      1063,      1145
      1107,      1148,      1106,      1787,      1066,      1065,      1147,      1791,      1783,      1189,      1025,      1967,      1105,      1795,      1971,      1188,      1779,      1963,      1064,      1146
      1108,      1109,      1737,      1067,      1149,      1068,      1150,      1741,      1733,      1190,      1026,      1069,      1917,      1110,      1745,      1921,      1729,      1913,      1027,      1191
      1109,      1150,      1108,      1110,      1068,      1069,      1067,      1149,      1151,      1191,      1190,      1737,      1111,      1152,      1070,      1733,      1027,      1028,      1741,      1026
      1110,      1069,      1111,      1151,      1109,      1070,      1152,      1150,      1068,      1112,      1028,      1071,      1108,      1192,      1153,      1067,      1029,      1191,      1027,      1193
      1111,      1152,      1110,      1112,      1070,      1151,      1153,      1071,      1069,      1109,      1193,      1150,      1192,      1113,      1029,      1194,      1154,      1030,      1072,      1028
      1112,      1153,      1111,      1071,      1113,      1152,      1154,      1072,      1070,      1110,      1194,      1114,      1151,      1030,      1155,      1193,      1195,      1031,      1029,      1073
      1113,      1154,      1114,      1112,      1072,      1153,      1155,      1073,      1071,      1115,      1031,      1195,      1111,      1156,      1074,      1194,      1196,      1032,      1152,      1030
      1114,      1113,      1073,      1115,      1155,      1154,      1074,      1072,      1156,      1116,      1112,      1032,      1033,      1153,      1031,      1196,      1071,      1075,      1197,      1157
      1115,      1156,      1116,      1114,      1074,      1157,      1075,      1155,      1073,      1197,      1113,      1117,      1158,      1154,      1033,      1198,      1196,      1076,      1034,      1072
      1116,      1075,      1115,      1157,      1117,      1074,      1156,      1076,      1158,      1034,      1114,      1073,      1033,      1077,      1198,      1197,      1035,      1118,      1199,      1155
      1117,      1158,      1076,      1118,      1116,      1077,      1157,      1075,      1159,      1199,      1119,      1115,      1156,      1035,      1160,      1200,      1198,      1078,      1034,      1074
      1118,      1119,      1077,      1117,      1159,      1078,      1160,      1076,      1158,      1120,      1200,      1079,      1037,      1036,      1161,      1035,      1116,      1075,      1157,      1201
      1119,      1118,      1078,      1120,      1160,      1159,      1161,      1079,      1077,      1117,      1037,      1201,      1121,      1202,      1200,      1076,      1080,      1158,      1162,      1038
      1120,      1161,      1119,      1121,      1079,      1160,      1078,      1080,      1162,      1202,      1118,      1201,      1159,      1122,      1203,      1038,      1081,      1037,      1163,      1077
      1121,      1080,      1120,      1122,      1162,      1081,      1161,      1079,      1163,      1203,      1039,      1119,      1123,      1040,      1082,      1078,      1202,      1038,      1164,      1204
      1122,      1081,      1123,      1163,      1121,      1082,      1080,      1164,      1162,      1040,      1083,      1124,      1165,      1120,      1205,      1204,      1041,      1039,      1161,      1203
      1123,      1164,      1122,      1124,      1082,      1165,      1083,      1163,      1081,      1205,      1125,      1121,      1084,      1041,      1166,      1162,      1206,      1204,      1080,      1040
      1124,      1125,      1083,      1165,      1123,      1084,      1166,      1082,      1164,      1042,      1085,      1043,      1126,      1122,      1167,      1207,      1206,      1163,      1205,      1041
      1125,      1124,      1084,      1166,      1126,      1083,      1085,      1167,      1165,      1123,      1043,      1207,      1127,      1042,      1208,      1086,      1164,      1044,      1082,      1168
      1126,      1127,      1167,      1085,      1125,      1086,      1168,      1084,      1166,      1044,      1128,      1208,      1169,      1124,      1045,      1087,      1209,      1207,      1043,      1083
      1127,      1126,      1168,      1086,      1128,      1167,      1169,      1085,      1087,      1209,      1125,      1208,      1129,      1166,      1044,      1210,      1045,      1084,      1046,      1170
      1128,      1169,      1129,      1127,      1087,      1168,      1088,      1170,      1086,      1210,      1126,      1130,      1046,      1211,      1047,      1167,      1209,      1171,      1089,      1045
      1129,      1128,      1088,      1170,      1130,      1169,      1087,      1171,      1089,      1211,      1210,      1047,      1127,      1131,      1168,      1046,      1086,      1212,      1172,      1090
      1130,      1131,      1171,      1089,      1129,      1172,      1088,      1170,      1090,      1132,      1212,      1213,      1128,      1173,      1048,      1211,      1049,      1087,      1047,      1091
      1131,      1130,      1172,      1132,      1090,      1171,      1089,      1173,      1091,      1213,      1129,      1049,      1088,      1170,      1212,      1133,      1214,      1050,      1048,      1092
      1132,      1091,      1131,      1133,      1173,      1092,      1090,      1172,      1174,      1050,      1130,      1089,      1049,      1214,      1051,      1093,      1134,      1213,      1171,      1175
      1133,      1174,      1134,      1092,      1132,      1175,      1093,      1173,      1091,      1215,      1135,      1216,      1051,      1094,      1052,      1176,      1131,      1214,      1172,      1050
      1134,      1135,      1133,      1175,      1093,      1174,      1094,      1176,      1092,      1136,      1216,      1052,      1095,      1215,      1177,      1132,      1217,      1053,      1173,      1091
      1135,      1094,      1136,      1134,      1095,      1176,      1093,      1177,      1175,      1133,      1053,      1052,      1137,      1096,      1054,      1217,      1178,      1174,      1092,      1216
      1136,      1135,      1177,      1095,      1137,      1094,      1178,      1176,      1096,      1134,      1054,      1218,      1217,      1093,      1179,      1138,      1097,      1175,      1053,      1219
      1137,      1178,      1138,      1179,      1136,      1096,      1177,      1097,      1095,      1139,      1219,      1180,      1220,      1135,      1056,      1055,      1218,      1098,      1094,      1176
      1138,      1139,      1179,      1097,      1137,      1180,      1098,      1096,      1178,      1056,      1140,      1220,      1099,      1181,      1057,      1221,      1136,      1055,      1219,      1095
      1139,      1138,      1180,      1140,      1179,      1098,      1181,      1099,      1097,      1137,      1221,      1220,      1222,      1178,      1182,      1141,      1057,      1056,      1100,      1058
      1140,      1181,      1141,      1139,      1099,      1182,      1100,      1180,      1098,      1138,      1142,      1222,      1058,      1223,      1183,      1101,      1221,      1179,      1059,      1097
      1141,      1100,      1142,      1140,      1182,      1101,      1099,      1183,      1181,      1059,      1143,      1223,      1058,      1139,      1102,      1060,      1098,      1184,      1224,      1180
      1142,      1101,      1141,      1143,      1183,      1100,      1182,      1102,      1184,      1140,      1060,      1224,      1059,      1181,      1144,      1099,      1223,      1061,      1103,      1225
      1143,      1102,      1142,      1144,      1184,      1101,      1103,      1183,      1185,      1141,      1145,      1104,      1225,      1061,      1062,      1224,      1226,      1182,      1186,      1060
      1144,      1145,      1103,      1185,      1143,      1104,      1186,      1102,      1184,      1146,      1062,      1226,      1105,      1142,      1187,      1227,      1225,      1063,      1101,      1183
      1145,      1104,      1146,      1144,      1186,      1105,      1103,      1185,      1187,      1143,      1062,      1064,      1063,      1147,      1227,      1102,      1106,      1228,      1184,      1226
      1146,      1145,      1105,      1187,      1147,      1104,      1186,      1106,      1188,      1144,      1064,      1103,      1228,      1185,      1148,      1065,      1063,      1229,      1227,      1107
      1147,      1148,      1188,      1106,      1146,      1189,      1107,      1187,      1105,      1229,      1791,      1065,      1230,      1795,      1145,      1228,      1787,      1186,      1064,      1066
      1148,      1107,      1147,      1791,      1189,      1106,      1787,      1188,      1795,      1230,      1065,      1066,      1971,      1146,      1783,      1105,      1967,      1229,      1187,      1975
      1149,      1190,      1733,      1150,      1108,      1729,      1191,      1109,      1737,      1231,      1913,      1232,      1725,      1151,      1909,      1067,      1917,      1741,      1192,      1068
      1150,      1109,      1191,      1149,      1151,      1190,      1108,      1110,      1192,      1152,      1069,      1232,      1068,      1733,      1111,      1067,      1737,      1231,      1193,      1729
      1151,      1152,      1192,      1150,      1110,      1111,      1193,      1191,      1109,      1069,      1153,      1112,      1233,      1070,      1149,      1190,      1194,      1234,      1232,      1108
      1152,      1151,      1111,      1153,      1193,      1110,      1192,      1112,      1194,      1150,      1070,      1069,      1191,      1109,      1234,      1071,      1154,      1233,      1113,      1235
      1153,      1112,      1154,      1152,      1194,      1113,      1111,      1195,      1193,      1155,      1071,      1151,      1114,      1072,      1110,      1235,      1070,      1236,      1192,      1196
      1154,      1155,      1113,      1153,      1195,      1114,      1112,      1196,      1194,      1156,      1072,      1236,      1115,      1073,      1152,      1197,      1071,      1111,      1237,      1193
      1155,      1154,      1196,      1114,      1156,      1195,      1113,      1197,      1115,      1153,      1237,      1238,      1194,      1236,      1112,      1157,      1073,      1116,      1198,      1074
      1156,      1115,      1157,      1197,      1155,      1116,      1198,      1114,      1196,      1158,      1074,      1199,      1154,      1238,      1117,      1075,      1239,      1113,      1073,      1195
      1157,      1158,      1156,      1198,      1116,      1199,      1117,      1197,      1115,      1239,      1075,      1159,      1076,      1200,      1155,      1196,      1240,      1238,      1074,      1118
      1158,      1157,      1117,      1199,      1159,      1198,      1116,      1200,      1118,      1156,      1076,      1115,      1197,      1160,      1075,      1240,      1239,      1077,      1119,      1241
      1159,      1160,      1200,      1118,      1158,      1119,      1201,      1117,      1199,      1241,      1161,      1077,      1157,      1242,      1120,      1202,      1078,      1198,      1240,      1076
      1160,      1159,      1119,      1201,      1161,      1200,      1118,      1120,      1202,      1242,      1078,      1158,      1117,      1241,      1162,      1077,      1199,      1079,      1243,      1121
      1161,      1120,      1162,      1202,      1160,      1121,      1119,      1203,      1201,      1079,      1159,      1080,      1163,      1078,      1243,      1242,      1118,      1204,      1122,      1200
      1162,      1203,      1161,      1163,      1121,      1204,      1202,      1120,      1122,      1164,      1244,      1080,      1205,      1245,      1201,      1160,      1243,      1123,      1081,      1119
      1163,      1164,      1122,      1162,      1204,      1205,      1123,      1203,      1121,      1165,      1081,      1161,      1245,      1082,      1080,      1246,      1206,      1124,      1120,      1202
      1164,      1205,      1165,      1163,      1123,      1204,      1206,      1122,      1124,      1246,      1162,      1166,      1082,      1207,      1203,      1083,      1125,      1247,      1121,      1245
      1165,      1164,      1124,      1166,      1206,      1123,      1205,      1207,      1125,      1163,      1083,      1167,      1084,      1122,      1247,      1082,      1204,      1246,      1208,      1248
      1166,      1207,      1167,      1125,      1165,      1208,      1124,      1206,      1126,      1084,      1168,      1248,      1164,      1127,      1209,      1085,      1123,      1083,      1205,      1247
      1167,      1166,      1126,      1208,      1168,      1127,      1125,      1207,      1209,      1085,      1169,      1084,      1165,      1124,      1086,      1128,      1249,      1210,      1206,      1248
      1168,      1127,      1169,      1167,      1209,      1126,      1128,      1210,      1208,      1086,      1166,      1129,      1250,      1170,      1251,      1085,      1211,      1087,      1125,      1207
      1169,      1128,      1168,      1210,      1170,      1127,      1129,      1209,      1211,      1167,      1126,      1087,      1251,      1208,      1086,      1250,      1171,      1252,      1088,      1130
      1170,      1211,      1171,      1129,      1169,      1210,      1212,      1130,      1128,      1252,      1172,      1253,      1168,      1213,      1088,      1251,      1131,      1209,      1089,      1127
      1171,      1172,      1212,      1130,      1170,      1213,      1131,      1211,      1129,      1253,      1173,      1089,      1214,      1252,      1169,      1210,      1132,      1254,      1088,      1128
      1172,      1213,      1131,      1173,      1171,      1130,      1214,      1212,      1132,      1170,      1090,      1174,      1254,      1253,      1089,      1215,      1255,      1133,      1211,      1091
      1173,      1214,      1172,      1213,      1174,      1132,      1215,      1131,      1133,      1171,      1255,      1175,      1256,      1212,      1130,      1091,      1216,      1254,      1092,      1134
      1174,      1175,      1215,      1133,      1173,      1216,      1134,      1214,      1132,      1176,      1256,      1257,      1092,      1172,      1093,      1135,      1217,      1213,      1255,      1131
      1175,      1174,      1216,      1134,      1176,      1215,      1133,      1217,      1135,      1257,      1173,      1093,      1256,      1214,      1258,      1177,      1132,      1136,      1094,      1092
      1176,      1217,      1177,      1175,      1135,      1216,      1134,      1136,      1218,      1258,      1174,      1178,      1094,      1257,      1215,      1133,      1095,      1259,      1093,      1219
      1177,      1178,      1136,      1176,      1218,      1137,      1217,      1135,      1219,      1095,      1179,      1260,      1259,      1094,      1134,      1220,      1175,      1216,      1258,      1096
      1178,      1177,      1137,      1179,      1219,      1136,      1220,      1218,      1138,      1260,      1176,      1180,      1217,      1096,      1095,      1139,      1221,      1135,      1259,      1097
      1179,      1180,      1138,      1220,      1178,      1137,      1139,      1221,      1219,      1177,      1097,      1181,      1261,      1136,      1140,      1222,      1098,      1260,      1096,      1218
      1180,      1139,      1179,      1221,      1181,      1138,      1220,      1140,      1222,      1137,      1178,      1182,      1098,      1262,      1219,      1261,      1099,      1097,      1223,      1263
      1181,      1140,      1182,      1180,      1222,      1139,      1141,      1223,      1221,      1099,      1183,      1179,      1138,      1100,      1098,      1142,      1263,      1220,      1264,      1262
      1182,      1181,      1183,      1223,      1141,      1140,      1142,      1222,      1224,      1100,      1264,      1180,      1101,      1184,      1139,      1099,      1221,      1143,      1225,      1263
      1183,      1224,      1182,      1184,      1142,      1223,      1225,      1141,      1143,      1101,      1181,      1264,      1140,      1265,      1266,      1185,      1226,      1222,      1100,      1102
      1184,      1225,      1183,      1143,      1185,      1224,      1226,      1142,      1144,      1266,      1182,      1223,      1186,      1102,      1101,      1267,      1265,      1141,      1145,      1227
      1185,      1186,      1226,      1144,      1184,      1227,      1145,      1225,      1143,      1187,      1267,      1268,      1146,      1104,      1103,      1228,      1183,      1266,      1224,      1102
      1186,      1185,      1145,      1187,      1227,      1146,      1144,      1228,      1226,      1104,      1268,      1188,      1105,      1184,      1229,      1147,      1269,      1103,      1143,      1267
      1187,      1228,      1186,      1188,      1229,      1146,      1227,      1147,      1145,      1269,      1185,      1268,      1189,      1270,      1230,      1105,      1144,      1148,      1104,      1226
      1188,      1229,      1189,      1147,      1187,      1230,      1228,      1148,      1146,      1795,      1270,      1186,      1271,      1799,      1269,      1227,      1791,      1106,      1107,      1145
      1189,      1230,      1795,      1188,      1148,      1147,      1791,      1799,      1229,      1107,      1975,      1187,      1271,      1787,      1971,      1228,      1979,      1803,      1106,      1270
      1190,      1149,      1191,      1729,      1231,      1150,      1232,      1733,      1725,      1108,      1109,      1192,      1272,      1909,      1151,      1737,      1913,      1233,      1273,      1905
      1191,      1190,      1232,      1192,      1150,      1231,      1151,      1149,      1233,      1193,      1109,      1273,      1152,      1729,      1274,      1272,      1234,      1108,      1110,      1725
      1192,      1193,      1191,      1151,      1233,      1152,      1234,      1232,      1150,      1274,      1194,      1190,      1235,      1111,      1110,      1273,      1231,      1275,      1153,      1109
      1193,      1192,      1234,      1194,      1152,      1235,      1233,      1151,      1153,      1191,      1275,      1111,      1236,      1274,      1195,      1276,      1112,      1232,      1150,      1110
      1194,      1235,      1193,      1195,      1236,      1153,      1234,      1154,      1152,      1192,      1112,      1276,      1277,      1196,      1155,      1151,      1233,      1111,      1275,      1237
      1195,      1236,      1196,      1194,      1154,      1155,      1237,      1235,      1153,      1277,      1238,      1197,      1113,      1193,      1278,      1234,      1276,      1112,      1156,      1114
      1196,      1237,      1197,      1195,      1155,      1238,      1236,      1154,      1156,      1278,      1198,      1194,      1277,      1239,      1279,      1114,      1115,      1157,      1113,      1153
      1197,      1156,      1196,      1238,      1198,      1157,      1155,      1239,      1237,      1199,      1115,      1195,      1158,      1279,      1116,      1154,      1280,      1114,      1240,      1236
      1198,      1199,      1239,      1157,      1197,      1158,      1240,      1156,      1238,      1200,      1280,      1196,      1281,      1117,      1241,      1159,      1116,      1115,      1279,      1237
      1199,      1198,      1158,      1240,      1200,      1157,      1239,      1159,      1241,      1197,      1117,      1281,      1156,      1280,      1160,      1238,      1201,      1116,      1282,      1118
      1200,      1159,      1241,      1201,      1199,      1160,      1240,      1242,      1158,      1198,      1202,      1282,      1118,      1239,      1117,      1157,      1281,      1119,      1243,      1161
      1201,      1242,      1202,      1160,      1200,      1243,      1159,      1241,      1161,      1284,      1203,      1283,      1119,      1120,      1244,      1162,      1240,      1282,      1199,      1118
      1202,      1201,      1161,      1243,      1203,      1242,      1162,      1160,      1244,      1120,      1284,      1204,      1200,      1159,      1119,      1245,      1241,      1121,      1283,      1163
      1203,      1162,      1204,      1202,      1244,      1245,      1163,      1161,      1243,      1205,      1201,      1121,      1246,      1164,      1120,      1242,      1285,      1122,      1286,      1284
      1204,      1203,      1205,      1245,      1163,      1162,      1246,      1244,      1164,      1286,      1202,      1206,      1287,      1122,      1165,      1161,      1243,      1247,      1123,      1121
      1205,      1164,      1204,      1206,      1246,      1163,      1165,      1245,      1247,      1123,      1203,      1207,      1162,      1287,      1122,      1166,      1248,      1124,      1286,      1244
      1206,      1207,      1247,      1205,      1165,      1248,      1246,      1164,      1166,      1288,      1208,      1204,      1287,      1289,      1124,      1163,      1123,      1167,      1245,      1249
      1207,      1166,      1206,      1208,      1248,      1165,      1167,      1247,      1249,      1125,      1205,      1164,      1209,      1289,      1124,      1246,      1126,      1288,      1168,      1250
      1208,      1167,      1209,      1207,      1166,      1249,      1168,      1248,      1250,      1126,      1206,      1127,      1210,      1169,      1125,      1251,      1289,      1165,      1290,      1247
      1209,      1250,      1208,      1210,      1168,      1251,      1249,      1169,      1167,      1127,      1211,      1291,      1207,      1252,      1166,      1128,      1126,      1292,      1170,      1290
      1210,      1169,      1211,      1209,      1251,      1170,      1252,      1168,      1250,      1128,      1129,      1208,      1212,      1127,      1292,      1171,      1249,      1253,      1167,      1291
      1211,      1170,      1252,      1210,      1212,      1253,      1171,      1251,      1169,      1129,      1209,      1213,      1250,      1293,      1128,      1130,      1168,      1292,      1172,      1254
      1212,      1253,      1213,      1171,      1211,      1170,      1252,      1254,      1172,      1214,      1130,      1294,      1210,      1295,      1173,      1255,      1131,      1129,      1293,      1251
      1213,      1172,      1212,      1214,      1173,      1171,      1254,      1253,      1255,      1131,      1215,      1130,      1211,      1295,      1170,      1256,      1132,      1174,      1252,      1294
      1214,      1173,      1213,      1215,      1255,      1256,      1172,      1174,      1254,      1212,      1216,      1175,      1132,      1257,      1296,      1171,      1131,      1133,      1253,      1295
      1215,      1174,      1216,      1256,      1214,      1175,      1257,      1173,      1255,      1133,      1213,      1297,      1258,      1217,      1134,      1176,      1172,      1132,      1298,      1254
      1216,      1175,      1215,      1257,      1217,      1174,      1176,      1258,      1256,      1134,      1214,      1218,      1133,      1298,      1173,      1299,      1177,      1135,      1297,      1255
      1217,      1218,      1258,      1176,      1216,      1177,      1259,      1257,      1175,      1299,      1260,      1219,      1178,      1215,      1300,      1136,      1135,      1134,      1174,      1256
      1218,      1217,      1259,      1219,      1177,      1260,      1258,      1178,      1176,      1300,      1220,      1216,      1136,      1301,      1299,      1261,      1137,      1179,      1257,      1175
      1219,      1220,      1260,      1178,      1218,      1261,      1179,      1259,      1177,      1221,      1137,      1301,      1217,      1180,      1262,      1302,      1300,      1176,      1136,      1138
      1220,      1219,      1221,      1179,      1261,      1180,      1178,      1260,      1262,      1222,      1218,      1137,      1139,      1138,      1302,      1177,      1259,      1181,      1263,      1301
      1221,      1220,      1180,      1222,      1262,      1261,      1179,      1181,      1263,      1219,      1139,      1302,      1303,      1138,      1140,      1223,      1260,      1178,      1182,      1264
      1222,      1221,      1263,      1181,      1223,      1262,      1264,      1180,      1182,      1220,      1140,      1304,      1261,      1139,      1224,      1305,      1179,      1183,      1303,      1265
      1223,      1264,      1224,      1182,      1222,      1183,      1265,      1181,      1263,      1225,      1305,      1141,      1140,      1184,      1221,      1266,      1142,      1306,      1262,      1304
      1224,      1225,      1183,      1223,      1265,      1184,      1266,      1264,      1182,      1226,      1306,      1142,      1222,      1143,      1267,      1185,      1305,      1307,      1141,      1181
      1225,      1224,      1184,      1226,      1266,      1183,      1267,      1265,      1185,      1223,      1307,      1143,      1264,      1308,      1227,      1306,      1144,      1182,      1268,      1142
      1226,      1225,      1185,      1267,      1227,      1266,      1184,      1268,      1186,      1224,      1308,      1144,      1307,      1265,      1183,      1309,      1269,      1228,      1143,      1187
      1227,      1268,      1228,      1186,      1269,      1226,      1187,      1185,      1267,      1229,      1309,      1310,      1270,      1308,      1145,      1225,      1188,      1146,      1144,      1266
      1228,      1187,      1229,      1269,      1227,      1188,      1268,      1270,      1186,      1310,      1230,      1146,      1271,      1147,      1189,      1185,      1226,      1311,      1145,      1309
      1229,      1188,      1228,      1230,      1270,      1187,      1189,      1269,      1271,      1147,      1227,      1799,      1268,      1186,      1312,      1311,      1310,      1795,      1148,      1146
      1230,      1189,      1799,      1229,      1271,      1188,      1795,      1803,      1270,      1979,      1228,      1148,      1147,      1312,      1791,      1975,      1187,      1983,      1807,      1269
      1231,      1232,      1272,      1725,      1190,      1273,      1191,      1721,      1729,      1149,      1233,      1314,      1274,      1313,      1905,      1192,      1150,      1717,      1733,      1901
      1232,      1231,      1191,      1273,      1233,      1272,      1190,      1274,      1192,      1314,      1725,      1150,      1149,      1234,      1729,      1721,      1193,      1151,      1313,      1275
      1233,      1274,      1234,      1192,      1232,      1273,      1193,      1275,      1191,      1235,      1231,      1315,      1276,      1314,      1151,      1316,      1272,      1194,      1190,      1152
      1234,      1235,      1193,      1233,      1275,      1276,      1192,      1274,      1194,      1236,      1277,      1316,      1232,      1152,      1273,      1191,      1317,      1315,      1151,      1195
      1235,      1234,      1194,      1236,      1276,      1277,      1193,      1275,      1195,      1233,      1317,      1192,      1274,      1237,      1153,      1318,      1278,      1316,      1152,      1196
      1236,      1195,      1277,      1235,      1237,      1194,      1196,      1276,      1278,      1234,      1238,      1318,      1193,      1154,      1155,      1317,      1275,      1153,      1319,      1197
      1237,      1238,      1196,      1278,      1236,      1195,      1277,      1279,      1197,      1319,      1155,      1239,      1318,      1235,      1320,      1280,      1194,      1198,      1276,      1154
      1238,      1237,      1197,      1196,      1279,      1239,      1278,      1198,      1280,      1195,      1236,      1156,      1155,      1320,      1277,      1319,      1199,      1240,      1157,      1281
      1239,      1198,      1280,      1240,      1199,      1238,      1281,      1197,      1279,      1157,      1241,      1321,      1237,      1158,      1200,      1196,      1282,      1156,      1322,      1320
      1240,      1281,      1241,      1239,      1199,      1282,      1280,      1200,      1198,      1322,      1242,      1323,      1158,      1321,      1159,      1283,      1201,      1238,      1157,      1279
      1241,      1240,      1282,      1200,      1242,      1281,      1283,      1201,      1199,      1323,      1243,      1239,      1159,      1284,      1280,      1198,      1160,      1322,      1202,      1324
      1242,      1201,      1243,      1241,      1283,      1284,      1202,      1200,      1282,      1160,      1244,      1240,      1159,      1285,      1161,      1324,      1325,      1203,      1281,      1323
      1243,      1284,      1242,      1244,      1202,      1201,      1283,      1285,      1203,      1325,      1245,      1241,      1161,      1324,      1282,      1204,      1162,      1200,      1326,      1286
      1244,      1245,      1243,      1285,      1203,      1284,      1286,      1204,      1202,      1242,      1246,      1162,      1326,      1327,      1201,      1325,      1283,      1287,      1205,      1161
      1245,      1244,      1286,      1204,      1246,      1203,      1287,      1285,      1205,      1243,      1327,      1247,      1162,      1328,      1163,      1202,      1284,      1326,      1206,      1164
      1246,      1287,      1247,      1245,      1205,      1204,      1206,      1286,      1288,      1248,      1164,      1328,      1244,      1203,      1163,      1165,      1207,      1327,      1329,      1285
      1247,      1248,      1288,      1206,      1246,      1287,      1289,      1207,      1205,      1329,      1245,      1286,      1249,      1165,      1328,      1330,      1204,      1164,      1290,      1166
      1248,      1247,      1289,      1207,      1288,      1249,      1206,      1290,      1208,      1246,      1166,      1329,      1330,      1287,      1331,      1205,      1250,      1165,      1209,      1291
      1249,      1250,      1290,      1248,      1208,      1289,      1291,      1209,      1207,      1251,      1331,      1292,      1247,      1167,      1332,      1288,      1210,      1330,      1166,      1206
      1250,      1251,      1209,      1249,      1291,      1292,      1210,      1290,      1208,      1252,      1168,      1211,      1333,      1332,      1169,      1331,      1293,      1289,      1248,      1167
      1251,      1250,      1252,      1210,      1292,      1209,      1291,      1211,      1293,      1249,      1169,      1333,      1170,      1253,      1168,      1208,      1290,      1334,      1212,      1332
      1252,      1211,      1251,      1253,      1293,      1210,      1212,      1292,      1294,      1170,      1250,      1334,      1254,      1209,      1171,      1333,      1169,      1291,      1295,      1213
      1253,      1212,      1254,      1252,      1294,      1295,      1211,      1213,      1293,      1171,      1255,      1335,      1170,      1251,      1172,      1214,      1296,      1334,      1210,      1292
      1254,      1295,      1255,      1253,      1294,      1213,      1296,      1212,      1214,      1336,      1335,      1256,      1252,      1293,      1172,      1337,      1297,      1173,      1171,      1211
      1255,      1254,      1296,      1256,      1214,      1295,      1213,      1297,      1215,      1253,      1173,      1257,      1294,      1212,      1337,      1172,      1336,      1174,      1298,      1216
      1256,      1257,      1215,      1255,      1297,      1214,      1216,      1298,      1296,      1174,      1258,      1254,      1175,      1173,      1213,      1338,      1299,      1339,      1295,      1217
      1257,      1256,      1258,      1216,      1298,      1215,      1297,      1299,      1217,      1175,      1255,      1339,      1174,      1176,      1214,      1259,      1340,      1218,      1296,      1300
      1258,      1217,      1257,      1299,      1259,      1216,      1218,      1298,      1300,      1176,      1256,      1340,      1260,      1215,      1175,      1297,      1339,      1177,      1341,      1301
      1259,      1260,      1300,      1218,      1258,      1301,      1217,      1219,      1299,      1261,      1341,      1340,      1177,      1302,      1342,      1220,      1257,      1178,      1176,      1298
      1260,      1259,      1219,      1301,      1218,      1261,      1300,      1220,      1302,      1178,      1217,      1258,      1177,      1262,      1221,      1299,      1179,      1342,      1343,      1303
      1261,      1262,      1302,      1220,      1260,      1221,      1219,      1303,      1301,      1263,      1343,      1259,      1222,      1179,      1304,      1180,      1218,      1344,      1300,      1178
      1262,      1261,      1263,      1221,      1303,      1302,      1222,      1304,      1220,      1264,      1180,      1219,      1260,      1344,      1305,      1343,      1301,      1345,      1223,      1181
      1263,      1262,      1304,      1222,      1264,      1305,      1303,      1221,      1223,      1261,      1345,      1302,      1265,      1344,      1181,      1306,      1220,      1346,      1180,      1182
      1264,      1265,      1223,      1305,      1263,      1224,      1222,      1306,      1304,      1266,      1182,      1262,      1183,      1225,      1346,      1181,      1345,      1221,      1307,      1347
      1265,      1306,      1264,      1266,      1224,      1305,      1307,      1223,      1225,      1347,      1263,      1348,      1183,      1267,      1304,      1346,      1308,      1226,      1184,      1222
      1266,      1225,      1265,      1307,      1267,      1226,      1224,      1306,      1308,      1184,      1264,      1348,      1349,      1223,      1268,      1305,      1183,      1185,      1347,      1309
      1267,      1308,      1226,      1268,      1266,      1309,      1307,      1227,      1225,      1349,      1269,      1185,      1348,      1265,      1350,      1310,      1184,      1306,      1224,      1186
      1268,      1227,      1269,      1267,      1309,      1228,      1310,      1226,      1308,      1270,      1186,      1187,      1185,      1350,      1229,      1266,      1351,      1311,      1349,      1225
      1269,      1268,      1310,      1228,      1270,      1227,      1309,      1229,      1311,      1187,      1267,      1351,      1271,      1312,      1308,      1188,      1350,      1186,      1226,      1352
      1270,      1311,      1271,      1269,      1229,      1312,      1310,      1228,      1230,      1268,      1188,      1803,      1352,      1227,      1187,      1351,      1309,      1807,      1353,      1799
      1271,      1312,      1803,      1270,      1230,      1799,      1807,      1311,      1229,      1983,      1353,      1189,      1269,      1188,      1228,      1310,      1795,      1979,      1987,      1811
      1272,      1231,      1721,      1273,      1232,      1313,      1725,      1314,      1717,      1274,      1190,      1901,      1729,      1191,      1233,      1905,      1354,      1355,      1897,      1713
      1273,      1274,      1314,      1232,      1272,      1233,      1231,      1315,      1313,      1275,      1191,      1355,      1721,      1316,      1234,      1192,      1725,      1717,      1190,      1356
      1274,      1233,      1273,      1275,      1315,      1314,      1234,      1232,      1316,      1192,      1272,      1276,      1231,      1193,      1191,      1235,      1356,      1357,      1355,      1313
      1275,      1276,      1316,      1234,      1274,      1315,      1235,      1317,      1233,      1277,      1357,      1273,      1193,      1358,      1236,      1356,      1314,      1318,      1192,      1194
      1276,      1275,      1317,      1235,      1277,      1234,      1316,      1236,      1318,      1274,      1358,      1194,      1278,      1315,      1233,      1193,      1357,      1359,      1195,      1237
      1277,      1236,      1278,      1276,      1318,      1235,      1317,      1237,      1319,      1195,      1275,      1194,      1234,      1196,      1238,      1359,      1279,      1358,      1316,      1320
      1278,      1319,      1277,      1237,      1318,      1279,      1320,      1238,      1236,      1360,      1317,      1196,      1276,      1195,      1359,      1361,      1280,      1235,      1321,      1197
      1279,      1320,      1280,      1238,      1278,      1321,      1319,      1237,      1239,      1281,      1361,      1322,      1318,      1197,      1360,      1362,      1196,      1277,      1240,      1198
      1280,      1281,      1239,      1321,      1279,      1240,      1322,      1238,      1320,      1282,      1198,      1323,      1199,      1241,      1362,      1237,      1278,      1197,      1363,      1361
      1281,      1280,      1240,      1282,      1322,      1239,      1321,      1323,      1241,      1279,      1199,      1283,      1198,      1363,      1200,      1320,      1362,      1238,      1364,      1242
      1282,      1323,      1241,      1281,      1283,      1240,      1322,      1324,      1242,      1280,      1284,      1364,      1200,      1321,      1325,      1365,      1239,      1243,      1363,      1201
      1283,      1284,      1324,      1282,      1242,      1325,      1243,      1241,      1323,      1365,      1285,      1201,      1281,      1326,      1244,      1364,      1322,      1240,      1366,      1200
      1284,      1243,      1283,      1285,      1325,      1242,      1244,      1324,      1326,      1282,      1202,      1201,      1241,      1365,      1245,      1286,      1323,      1366,      1203,      1327
      1285,      1326,      1244,      1284,      1286,      1325,      1327,      1243,      1245,      1283,      1367,      1324,      1287,      1328,      1242,      1203,      1368,      1366,      1202,      1204
      1286,      1287,      1245,      1327,      1285,      1328,      1246,      1244,      1326,      1204,      1288,      1368,      1247,      1369,      1284,      1329,      1203,      1243,      1205,      1325
      1287,      1286,      1328,      1246,      1288,      1247,      1245,      1327,      1329,      1369,      1205,      1206,      1248,      1285,      1204,      1289,      1370,      1244,      1330,      1326
      1288,      1247,      1329,      1287,      1289,      1248,      1330,      1246,      1328,      1206,      1370,      1290,      1286,      1331,      1369,      1249,      1207,      1371,      1245,      1327
      1289,      1290,      1248,      1288,      1330,      1331,      1249,      1329,      1247,      1291,      1207,      1371,      1206,      1287,      1250,      1332,      1208,      1370,      1372,      1246
      1290,      1331,      1289,      1291,      1249,      1332,      1330,      1248,      1250,      1288,      1372,      1292,      1329,      1373,      1371,      1333,      1251,      1208,      1209,      1247
      1291,      1292,      1290,      1332,      1250,      1331,      1249,      1333,      1251,      1373,      1289,      1293,      1209,      1334,      1252,      1372,      1374,      1330,      1248,      1210
      1292,      1333,      1291,      1293,      1251,      1250,      1334,      1332,      1252,      1290,      1294,      1249,      1374,      1331,      1373,      1210,      1375,      1335,      1209,      1211
      1293,      1334,      1294,      1292,      1333,      1252,      1335,      1253,      1251,      1295,      1375,      1291,      1376,      1211,      1336,      1254,      1250,      1332,      1212,      1374
      1294,      1295,      1335,      1293,      1253,      1254,      1336,      1334,      1252,      1296,      1376,      1212,      1292,      1255,      1337,      1333,      1377,      1211,      1375,      1213
      1295,      1254,      1294,      1296,      1336,      1335,      1255,      1253,      1337,      1293,      1377,      1213,      1212,      1297,      1334,      1376,      1378,      1214,      1252,      1256
      1296,      1295,      1337,      1255,      1297,      1254,      1336,      1338,      1256,      1294,      1378,      1335,      1377,      1298,      1214,      1253,      1339,      1379,      1257,      1213
      1297,      1298,      1256,      1338,      1296,      1339,      1257,      1255,      1337,      1299,      1379,      1215,      1380,      1295,      1258,      1378,      1340,      1254,      1214,      1216
      1298,      1339,      1299,      1297,      1257,      1340,      1338,      1258,      1256,      1380,      1300,      1379,      1296,      1341,      1216,      1381,      1337,      1217,      1255,      1259
      1299,      1340,      1298,      1258,      1300,      1339,      1259,      1257,      1341,      1297,      1217,      1301,      1381,      1218,      1382,      1256,      1216,      1260,      1338,      1380
      1300,      1259,      1301,      1299,      1341,      1340,      1260,      1342,      1258,      1218,      1382,      1298,      1217,      1302,      1343,      1339,      1381,      1219,      1261,      1383
      1301,      1300,      1302,      1342,      1260,      1343,      1259,      1261,      1341,      1303,      1219,      1299,      1384,      1383,      1218,      1340,      1344,      1262,      1382,      1220
      1302,      1303,      1261,      1343,      1301,      1262,      1344,      1260,      1342,      1304,      1263,      1220,      1384,      1221,      1219,      1300,      1345,      1259,      1385,      1383
      1303,      1302,      1344,      1304,      1262,      1343,      1261,      1263,      1345,      1301,      1385,      1305,      1384,      1221,      1386,      1342,      1222,      1260,      1220,      1346
      1304,      1263,      1305,      1345,      1303,      1262,      1344,      1346,      1264,      1302,      1386,      1306,      1222,      1265,      1385,      1261,      1343,      1387,      1347,      1223
      1305,      1304,      1264,      1306,      1346,      1265,      1263,      1345,      1347,      1223,      1303,      1387,      1307,      1262,      1222,      1386,      1266,      1224,      1344,      1348
      1306,      1265,      1347,      1305,      1307,      1266,      1348,      1346,      1264,      1304,      1308,      1224,      1388,      1349,      1225,      1345,      1267,      1263,      1223,      1387
      1307,      1348,      1308,      1266,      1306,      1349,      1267,      1347,      1265,      1309,      1225,      1389,      1350,      1226,      1305,      1390,      1346,      1388,      1224,      1268
      1308,      1267,      1307,      1349,      1309,      1348,      1266,      1350,      1268,      1226,      1306,      1310,      1227,      1225,      1269,      1351,      1265,      1390,      1347,      1391
      1309,      1350,      1308,      1310,      1268,      1351,      1349,      1267,      1269,      1307,      1227,      1391,      1311,      1348,      1352,      1270,      1226,      1266,      1392,      1228
      1310,      1269,      1311,      1351,      1309,      1270,      1268,      1352,      1350,      1312,      1228,      1227,      1308,      1271,      1229,      1392,      1267,      1393,      1353,      1349
      1311,      1312,      1310,      1270,      1352,      1351,      1353,      1271,      1269,      1393,      1807,      1309,      1229,      1811,      1394,      1392,      1350,      1803,      1268,      1228
      1312,      1311,      1271,      1807,      1353,      1270,      1803,      1811,      1352,      1310,      1230,      1269,      1987,      1229,      1394,      1799,      1351,      1393,      1983,      1991
      1313,      1717,      1354,      1314,      1272,      1355,      1713,      1721,      1273,      1897,      1395,      1709,      1893,      1231,      1315,      1901,      1396,      1725,      1274,      1232
      1314,      1273,      1313,      1355,      1315,      1274,      1272,      1356,      1354,      1232,      1316,      1717,      1231,      1233,      1721,      1275,      1357,      1713,      1396,      1397
      1315,      1316,      1356,      1357,      1314,      1274,      1275,      1355,      1273,      1397,      1398,      1317,      1233,      1276,      1358,      1313,      1234,      1396,      1272,      1232
      1316,      1315,      1357,      1275,      1356,      1317,      1276,      1358,      1274,      1398,      1314,      1397,      1234,      1273,      1233,      1355,      1359,      1399,      1318,      1235
      1317,      1276,      1318,      1358,      1316,      1359,      1277,      1275,      1357,      1235,      1399,      1319,      1278,      1315,      1236,      1234,      1360,      1400,      1356,      1398
      1318,      1319,      1317,      1277,      1278,      1359,      1360,      1358,      1276,      1320,      1236,      1237,      1401,      1400,      1279,      1275,      1399,      1235,      1361,      1316
      1319,      1320,      1278,      1318,      1360,      1279,      1361,      1359,      1277,      1401,      1237,      1317,      1321,      1402,      1238,      1358,      1362,      1280,      1400,      1236
      1320,      1319,      1361,      1279,      1321,      1360,      1278,      1362,      1280,      1318,      1402,      1322,      1238,      1403,      1401,      1237,      1363,      1281,      1359,      1239
      1321,      1322,      1280,      1362,      1320,      1279,      1281,      1363,      1361,      1323,      1319,      1239,      1282,      1403,      1240,      1364,      1404,      1360,      1238,      1278
      1322,      1323,      1321,      1363,      1281,      1282,      1364,      1280,      1362,      1240,      1324,      1404,      1320,      1279,      1365,      1283,      1241,      1361,      1239,      1405
      1323,      1322,      1282,      1364,      1324,      1281,      1363,      1283,      1365,      1321,      1241,      1280,      1325,      1362,      1240,      1405,      1404,      1284,      1366,      1242
      1324,      1365,      1325,      1283,      1323,      1366,      1364,      1284,      1282,      1326,      1285,      1322,      1406,      1367,      1243,      1242,      1407,      1241,      1405,      1363
      1325,      1324,      1326,      1284,      1366,      1283,      1285,      1365,      1367,      1243,      1327,      1323,      1244,      1282,      1364,      1407,      1242,      1408,      1368,      1286
      1326,      1367,      1285,      1325,      1327,      1368,      1366,      1286,      1284,      1324,      1408,      1328,      1365,      1244,      1283,      1407,      1409,      1369,      1243,      1245
      1327,      1328,      1286,      1326,      1368,      1285,      1369,      1367,      1287,      1245,      1325,      1244,      1409,      1408,      1329,      1370,      1410,      1246,      1284,      1366
      1328,      1327,      1287,      1369,      1286,      1329,      1370,      1288,      1368,      1246,      1326,      1410,      1330,      1245,      1285,      1247,      1367,      1411,      1409,      1289
      1329,      1330,      1288,      1370,      1328,      1289,      1371,      1369,      1287,      1247,      1331,      1248,      1290,      1411,      1412,      1327,      1410,      1372,      1286,      1246
      1330,      1329,      1371,      1289,      1331,      1370,      1288,      1290,      1372,      1412,      1328,      1248,      1369,      1413,      1332,      1411,      1247,      1287,      1373,      1249
      1331,      1290,      1332,      1330,      1372,      1291,      1289,      1373,      1371,      1249,      1329,      1413,      1333,      1292,      1248,      1288,      1250,      1412,      1374,      1370
      1332,      1373,      1331,      1333,      1291,      1374,      1372,      1290,      1292,      1414,      1334,      1375,      1413,      1371,      1330,      1250,      1415,      1249,      1289,      1293
      1333,      1292,      1334,      1332,      1293,      1374,      1291,      1375,      1373,      1335,      1251,      1331,      1250,      1376,      1294,      1252,      1290,      1415,      1372,      1416
      1334,      1293,      1333,      1335,      1375,      1292,      1376,      1294,      1374,      1336,      1332,      1416,      1252,      1295,      1291,      1373,      1253,      1377,      1251,      1415
      1335,      1294,      1336,      1334,      1376,      1293,      1295,      1377,      1375,      1337,      1333,      1254,      1253,      1296,      1378,      1417,      1292,      1416,      1418,      1252
      1336,      1377,      1335,      1337,      1295,      1378,      1376,      1296,      1294,      1418,      1334,      1254,      1338,      1293,      1419,      1375,      1255,      1417,      1379,      1297
      1337,      1378,      1336,      1296,      1338,      1377,      1379,      1295,      1297,      1335,      1419,      1418,      1339,      1376,      1255,      1294,      1380,      1254,      1420,      1298
      1338,      1379,      1339,      1297,      1337,      1380,      1378,      1298,      1296,      1420,      1340,      1336,      1421,      1377,      1256,      1299,      1381,      1419,      1255,      1257
      1339,      1298,      1338,      1380,      1340,      1297,      1379,      1299,      1381,      1341,      1257,      1337,      1421,      1382,      1258,      1378,      1296,      1300,      1256,      1422
      1340,      1341,      1299,      1339,      1381,      1300,      1298,      1382,      1380,      1342,      1258,      1338,      1259,      1422,      1301,      1297,      1379,      1257,      1383,      1423
      1341,      1382,      1340,      1342,      1300,      1381,      1299,      1383,      1301,      1339,      1423,      1259,      1343,      1422,      1298,      1384,      1424,      1380,      1258,      1260
      1342,      1341,      1383,      1343,      1301,      1382,      1384,      1300,      1302,      1340,      1424,      1344,      1381,      1425,      1259,      1423,      1385,      1303,      1260,      1299
      1343,      1344,      1384,      1302,      1342,      1303,      1301,      1385,      1383,      1261,      1425,      1345,      1341,      1300,      1262,      1304,      1386,      1382,      1260,      1424
      1344,      1385,      1343,      1303,      1345,      1386,      1384,      1302,      1304,      1425,      1342,      1426,      1262,      1346,      1427,      1301,      1263,      1383,      1387,      1261
      1345,      1386,      1304,      1346,      1344,      1305,      1387,      1385,      1303,      1427,      1263,      1347,      1343,      1302,      1388,      1306,      1262,      1384,      1428,      1264
      1346,      1387,      1347,      1345,      1305,      1388,      1386,      1306,      1304,      1428,      1348,      1427,      1429,      1344,      1265,      1264,      1385,      1389,      1307,      1263
      1347,      1346,      1388,      1348,      1306,      1307,      1387,      1389,      1305,      1265,      1349,      1429,      1345,      1390,      1430,      1266,      1386,      1428,      1308,      1304
      1348,      1307,      1349,      1347,      1389,      1306,      1308,      1390,      1388,      1266,      1350,      1346,      1430,      1265,      1267,      1431,      1309,      1391,      1305,      1429
      1349,      1348,      1308,      1350,      1307,      1390,      1309,      1389,      1391,      1267,      1347,      1351,      1431,      1266,      1306,      1430,      1268,      1310,      1388,      1432
      1350,      1309,      1351,      1349,      1391,      1308,      1310,      1392,      1390,      1352,      1348,      1268,      1307,      1432,      1267,      1431,      1269,      1311,      1433,      1389
      1351,      1350,      1352,      1310,      1392,      1309,      1391,      1311,      1393,      1269,      1349,      1433,      1270,      1353,      1308,      1312,      1268,      1434,      1390,      1432
      1352,      1393,      1351,      1311,      1392,      1353,      1310,      1394,      1312,      1350,      1434,      1391,      1270,      1433,      1811,      1309,      1435,      1815,      1269,      1807
      1353,      1811,      1394,      1312,      1352,      1807,      1815,      1393,      1311,      1991,      1271,      1435,      1987,      1995,      1803,      1351,      1819,      1270,      1392,      1310
      1354,      1713,      1395,      1313,      1355,      1709,      1717,      1396,      1314,      1436,      1893,      1437,      1889,      1705,      1897,      1356,      1272,      1721,      1397,      1273
      1355,      1354,      1314,      1396,      1356,      1313,      1397,      1315,      1395,      1713,      1437,      1273,      1357,      1436,      1717,      1709,      1316,      1398,      1272,      1274
      1356,      1397,      1357,      1315,      1398,      1355,      1316,      1396,      1314,      1438,      1358,      1439,      1437,      1399,      1274,      1275,      1354,      1317,      1273,      1313
      1357,      1356,      1316,      1398,      1315,      1358,      1397,      1399,      1317,      1275,      1359,      1355,      1439,      1440,      1438,      1396,      1276,      1314,      1274,      1400
      1358,      1359,      1399,      1317,      1357,      1400,      1316,      1318,      1398,      1440,      1276,      1356,      1401,      1360,      1315,      1275,      1397,      1319,      1277,      1441
      1359,      1358,      1400,      1399,      1318,      1360,      1317,      1401,      1319,      1440,      1357,      1441,      1398,      1316,      1402,      1277,      1442,      1278,      1276,      1361
      1360,      1401,      1319,      1361,      1402,      1359,      1320,      1318,      1400,      1278,      1442,      1362,      1403,      1358,      1443,      1279,      1399,      1317,      1321,      1441
      1361,      1320,      1362,      1360,      1402,      1403,      1319,      1321,      1401,      1363,      1279,      1443,      1404,      1322,      1278,      1444,      1318,      1442,      1359,      1280
      1362,      1363,      1361,      1403,      1321,      1404,      1322,      1320,      1402,      1364,      1360,      1323,      1444,      1445,      1280,      1405,      1279,      1319,      1281,      1443
      1363,      1362,      1404,      1364,      1322,      1323,      1321,      1405,      1403,      1445,      1361,      1365,      1281,      1320,      1282,      1324,      1406,      1280,      1444,      1446
      1364,      1365,      1363,      1323,      1405,      1324,      1322,      1404,      1406,      1366,      1362,      1282,      1445,      1446,      1325,      1283,      1447,      1321,      1407,      1281
      1365,      1324,      1366,      1364,      1406,      1325,      1323,      1407,      1405,      1283,      1367,      1326,      1363,      1447,      1282,      1284,      1322,      1408,      1404,      1448
      1366,      1365,      1407,      1367,      1325,      1406,      1324,      1408,      1326,      1448,      1364,      1368,      1447,      1405,      1449,      1283,      1285,      1284,      1409,      1323
      1367,      1408,      1368,      1326,      1366,      1407,      1409,      1327,      1325,      1449,      1365,      1285,      1448,      1450,      1369,      1324,      1406,      1328,      1410,      1286
      1368,      1367,      1409,      1327,      1369,      1408,      1326,      1410,      1328,      1450,      1449,      1366,      1451,      1370,      1286,      1407,      1411,      1285,      1325,      1287
      1369,      1370,      1410,      1328,      1368,      1411,      1327,      1329,      1409,      1451,      1287,      1330,      1367,      1371,      1286,      1452,      1288,      1450,      1412,      1326
      1370,      1369,      1329,      1411,      1371,      1330,      1410,      1412,      1328,      1288,      1452,      1368,      1372,      1413,      1287,      1451,      1327,      1289,      1453,      1331
      1371,      1412,      1372,      1330,      1413,      1370,      1329,      1331,      1411,      1453,      1373,      1454,      1369,      1452,      1289,      1414,      1290,      1332,      1410,      1288
      1372,      1413,      1373,      1371,      1331,      1412,      1414,      1332,      1330,      1454,      1374,      1290,      1455,      1453,      1370,      1291,      1415,      1329,      1333,      1289
      1373,      1332,      1374,      1372,      1414,      1331,      1333,      1413,      1415,      1291,      1375,      1371,      1455,      1290,      1292,      1412,      1334,      1330,      1454,      1416
      1374,      1373,      1415,      1375,      1333,      1332,      1414,      1416,      1334,      1372,      1456,      1455,      1376,      1457,      1292,      1413,      1417,      1291,      1331,      1293
      1375,      1416,      1374,      1376,      1334,      1415,      1333,      1417,      1335,      1457,      1373,      1293,      1332,      1377,      1292,      1414,      1336,      1456,      1294,      1458
      1376,      1335,      1375,      1377,      1417,      1336,      1416,      1334,      1418,      1294,      1378,      1293,      1374,      1337,      1458,      1457,      1333,      1415,      1419,      1295
      1377,      1336,      1378,      1418,      1376,      1337,      1419,      1335,      1417,      1459,      1295,      1379,      1296,      1338,      1375,      1294,      1416,      1420,      1458,      1334
      1378,      1337,      1377,      1379,      1419,      1336,      1338,      1418,      1420,      1296,      1380,      1376,      1335,      1297,      1339,      1460,      1459,      1295,      1461,      1421
      1379,      1380,      1338,      1420,      1378,      1421,      1339,      1337,      1419,      1461,      1297,      1381,      1377,      1298,      1462,      1418,      1296,      1340,      1422,      1336
      1380,      1379,      1339,      1421,      1338,      1381,      1420,      1422,      1340,      1298,      1378,      1462,      1382,      1461,      1297,      1337,      1341,      1463,      1299,      1419
      1381,      1382,      1422,      1380,      1340,      1341,      1423,      1421,      1339,      1463,      1383,      1379,      1342,      1424,      1299,      1462,      1298,      1464,      1300,      1338
      1382,      1341,      1381,      1383,      1423,      1342,      1422,      1340,      1424,      1300,      1384,      1380,      1463,      1464,      1339,      1299,      1301,      1421,      1343,      1425
      1383,      1424,      1384,      1342,      1382,      1425,      1423,      1341,      1343,      1381,      1465,      1385,      1466,      1422,      1464,      1301,      1426,      1344,      1340,      1300
      1384,      1383,      1425,      1343,      1385,      1342,      1344,      1424,      1426,      1382,      1466,      1302,      1386,      1303,      1301,      1341,      1467,      1465,      1423,      1345
      1385,      1344,      1386,      1384,      1426,      1425,      1345,      1427,      1343,      1467,      1303,      1387,      1383,      1304,      1468,      1302,      1342,      1466,      1346,      1424
      1386,      1427,      1345,      1385,      1387,      1344,      1346,      1428,      1426,      1304,      1388,      1468,      1384,      1425,      1467,      1303,      1429,      1305,      1343,      1347
      1387,      1346,      1388,      1386,      1428,      1427,      1429,      1345,      1347,      1385,      1469,      1305,      1389,      1470,      1468,      1304,      1344,      1426,      1306,      1430
      1388,      1429,      1387,      1347,      1389,      1346,      1428,      1430,      1348,      1470,      1386,      1390,      1427,      1306,      1431,      1345,      1469,      1471,      1307,      1305
      1389,      1430,      1390,      1388,      1431,      1348,      1429,      1347,      1349,      1471,      1391,      1432,      1472,      1307,      1387,      1470,      1428,      1346,      1350,      1306
      1390,      1431,      1389,      1391,      1430,      1349,      1432,      1348,      1350,      1472,      1388,      1471,      1347,      1392,      1433,      1429,      1308,      1473,      1307,      1351
      1391,      1350,      1392,      1432,      1390,      1433,      1351,      1431,      1349,      1309,      1389,      1352,      1393,      1473,      1434,      1430,      1348,      1474,      1308,      1310
      1392,      1433,      1393,      1391,      1351,      1352,      1434,      1350,      1432,      1394,      1474,      1435,      1475,      1390,      1310,      1311,      1431,      1353,      1309,      1473
      1393,      1352,      1392,      1394,      1434,      1435,      1353,      1351,      1433,      1311,      1815,      1391,      1475,      1811,      1819,      1476,      1312,      1310,      1350,      1474
      1394,      1815,      1353,      1393,      1435,      1811,      1819,      1352,      1434,      1995,      1476,      1392,      1991,      1999,      1312,      1807,      1823,      1311,      1475,      1351
      1395,      1436,      1709,      1354,      1396,      1437,      1705,      1713,      1355,      1477,      1889,      1313,      1701,      1885,      1397,      1478,      1893,      1717,      1438,      1356
      1396,      1437,      1397,      1395,      1355,      1436,      1438,      1356,      1354,      1478,      1398,      1477,      1709,      1439,      1357,      1705,      1479,      1314,      1313,      1315
      1397,      1356,      1398,      1396,      1438,      1357,      1355,      1439,      1437,      1315,      1316,      1399,      1395,      1479,      1440,      1358,      1436,      1314,      1354,      1480
      1398,      1397,      1357,      1439,      1356,      1399,      1438,      1440,      1358,      1316,      1396,      1315,      1480,      1400,      1359,      1481,      1479,      1437,      1355,      1317
      1399,      1400,      1440,      1358,      1359,      1398,      1441,      1357,      1439,      1401,      1481,      1317,      1397,      1442,      1356,      1360,      1316,      1318,      1480,      1438
      1400,      1399,      1401,      1441,      1359,      1440,      1442,      1358,      1360,      1402,      1481,      1482,      1398,      1318,      1443,      1317,      1483,      1439,      1357,      1319
      1401,      1360,      1400,      1402,      1442,      1359,      1441,      1443,      1361,      1399,      1319,      1403,      1358,      1440,      1318,      1320,      1483,      1444,      1484,      1362
      1402,      1401,      1361,      1443,      1403,      1360,      1442,      1444,      1362,      1400,      1320,      1484,      1319,      1404,      1441,      1359,      1483,      1363,      1321,      1485
      1403,      1362,      1402,      1444,      1404,      1361,      1443,      1363,      1445,      1401,      1360,      1484,      1321,      1442,      1485,      1320,      1405,      1322,      1364,      1486
      1404,      1445,      1363,      1405,      1403,      1362,      1364,      1444,      1446,      1322,      1406,      1361,      1486,      1402,      1487,      1447,      1323,      1321,      1443,      1365
      1405,      1406,      1446,      1404,      1364,      1445,      1447,      1363,      1365,      1487,      1407,      1366,      1403,      1323,      1362,      1488,      1486,      1448,      1324,      1322
      1406,      1447,      1407,      1405,      1365,      1366,      1446,      1448,      1364,      1408,      1488,      1445,      1404,      1324,      1487,      1367,      1449,      1489,      1363,      1325
      1407,      1448,      1406,      1366,      1408,      1447,      1449,      1367,      1365,      1405,      1409,      1489,      1446,      1450,      1368,      1488,      1325,      1490,      1326,      1324
      1408,      1367,      1449,      1407,      1409,      1368,      1448,      1450,      1366,      1326,      1406,      1490,      1410,      1327,      1365,      1447,      1451,      1325,      1491,      1369
      1409,      1450,      1368,      1408,      1410,      1449,      1451,      1367,      1369,      1411,      1491,      1490,      1407,      1448,      1327,      1492,      1452,      1326,      1366,      1370
      1410,      1411,      1451,      1369,      1409,      1452,      1370,      1368,      1450,      1412,      1328,      1492,      1408,      1453,      1371,      1449,      1327,      1329,      1367,      1493
      1411,      1410,      1452,      1370,      1412,      1451,      1369,      1453,      1371,      1409,      1413,      1329,      1492,      1493,      1450,      1368,      1330,      1454,      1328,      1372
      1412,      1371,      1413,      1453,      1411,      1372,      1454,      1452,      1370,      1330,      1414,      1410,      1329,      1373,      1494,      1369,      1331,      1495,      1451,      1455
      1413,      1372,      1412,      1454,      1414,      1371,      1453,      1373,      1455,      1331,      1411,      1495,      1330,      1332,      1452,      1374,      1370,      1415,      1494,      1496
      1414,      1455,      1413,      1415,      1373,      1454,      1372,      1456,      1374,      1496,      1412,      1332,      1495,      1497,      1453,      1416,      1371,      1457,      1375,      1331
      1415,      1374,      1456,      1416,      1414,      1457,      1455,      1375,      1373,      1417,      1497,      1498,      1496,      1376,      1333,      1413,      1332,      1458,      1372,      1454
      1416,      1417,      1457,      1375,      1415,      1376,      1374,      1458,      1456,      1498,      1418,      1334,      1414,      1455,      1459,      1377,      1497,      1335,      1499,      1373
      1417,      1416,      1458,      1457,      1376,      1418,      1459,      1375,      1377,      1415,      1419,      1499,      1498,      1500,      1456,      1374,      1335,      1336,      1460,      1334
      1418,      1419,      1459,      1377,      1417,      1378,      1458,      1460,      1376,      1420,      1336,      1500,      1337,      1416,      1501,      1461,      1379,      1457,      1335,      1499
      1419,      1418,      1460,      1420,      1459,      1378,      1377,      1461,      1379,      1501,      1458,      1417,      1337,      1500,      1421,      1336,      1462,      1376,      1502,      1338
      1420,      1461,      1421,      1419,      1379,      1462,      1460,      1380,      1378,      1418,      1502,      1338,      1501,      1459,      1422,      1463,      1377,      1337,      1503,      1381
      1421,      1420,      1462,      1380,      1461,      1422,      1379,      1463,      1381,      1423,      1419,      1339,      1338,      1503,      1502,      1460,      1504,      1378,      1382,      1340
      1422,      1423,      1463,      1381,      1421,      1382,      1464,      1462,      1380,      1424,      1504,      1383,      1341,      1340,      1420,      1505,      1461,      1379,      1465,      1503
      1423,      1422,      1464,      1424,      1463,      1382,      1381,      1383,      1465,      1505,      1504,      1421,      1341,      1462,      1425,      1466,      1342,      1506,      1380,      1384
      1424,      1383,      1423,      1465,      1425,      1464,      1466,      1384,      1382,      1422,      1342,      1426,      1381,      1463,      1506,      1507,      1341,      1505,      1467,      1385
      1425,      1426,      1384,      1466,      1424,      1385,      1383,      1467,      1465,      1343,      1344,      1427,      1386,      1507,      1342,      1468,      1423,      1464,      1508,      1382
      1426,      1467,      1425,      1385,      1427,      1466,      1468,      1384,      1386,      1508,      1424,      1465,      1344,      1428,      1507,      1383,      1509,      1387,      1469,      1343
      1427,      1386,      1428,      1468,      1387,      1426,      1385,      1467,      1469,      1429,      1345,      1388,      1346,      1425,      1344,      1509,      1470,      1384,      1510,      1466
      1428,      1429,      1427,      1469,      1387,      1470,      1388,      1468,      1386,      1346,      1510,      1430,      1426,      1467,      1511,      1509,      1389,      1471,      1347,      1345
      1429,      1428,      1388,      1470,      1430,      1387,      1469,      1389,      1471,      1427,      1347,      1511,      1346,      1431,      1512,      1386,      1390,      1468,      1472,      1510
      1430,      1389,      1431,      1471,      1390,      1429,      1472,      1388,      1470,      1432,      1512,      1428,      1348,      1347,      1391,      1473,      1511,      1349,      1469,      1387
      1431,      1390,      1430,      1432,      1389,      1472,      1471,      1391,      1473,      1433,      1349,      1429,      1348,      1350,      1388,      1513,      1470,      1392,      1512,      1474
      1432,      1431,      1473,      1433,      1391,      1390,      1472,      1474,      1392,      1430,      1514,      1471,      1389,      1434,      1350,      1513,      1475,      1349,      1351,      1515
      1433,      1392,      1434,      1432,      1474,      1391,      1473,      1475,      1393,      1431,      1435,      1351,      1352,      1515,      1514,      1390,      1350,      1516,      1472,      1476
      1434,      1433,      1475,      1435,      1393,      1392,      1476,      1474,      1394,      1352,      1516,      1432,      1819,      1391,      1473,      1515,      1823,      1351,      1815,      1517
      1435,      1476,      1434,      1819,      1394,      1393,      1823,      1475,      1815,      1433,      1999,      1353,      1517,      1392,      1352,      1827,      2003,      1516,      1474,      1811
      1436,      1395,      1437,      1477,      1705,      1396,      1709,      1478,      1701,      1354,      1438,      1355,      1885,      1713,      1518,      1397,      1889,      1519,      1881,      1697
      1437,      1396,      1436,      1478,      1438,      1395,      1477,      1397,      1479,      1705,      1355,      1354,      1439,      1519,      1709,      1356,      1701,      1398,      1518,      1480
      1438,      1439,      1479,      1397,      1437,      1396,      1398,      1480,      1478,      1356,      1440,      1436,      1521,      1481,      1520,      1519,      1357,      1477,      1399,      1395
      1439,      1438,      1480,      1398,      1440,      1479,      1481,      1397,      1399,      1521,      1522,      1437,      1478,      1396,      1357,      1441,      1356,      1520,      1482,      1400
      1440,      1399,      1481,      1441,      1439,      1400,      1398,      1480,      1482,      1358,      1359,      1438,      1442,      1522,      1401,      1357,      1397,      1521,      1479,      1523
      1441,      1440,      1400,      1442,      1482,      1481,      1399,      1483,      1401,      1443,      1523,      1359,      1522,      1439,      1480,      1402,      1524,      1358,      1484,      1360
      1442,      1443,      1441,      1401,      1483,      1402,      1400,      1484,      1482,      1444,      1360,      1440,      1524,      1403,      1525,      1399,      1359,      1481,      1485,      1361
      1443,      1442,      1484,      1444,      1402,      1403,      1483,      1401,      1485,      1525,      1441,      1361,      1360,      1400,      1524,      1445,      1526,      1362,      1404,      1482
      1444,      1443,      1485,      1403,      1484,      1445,      1404,      1402,      1486,      1442,      1526,      1525,      1362,      1527,      1483,      1487,      1446,      1361,      1363,      1405
      1445,      1404,      1446,      1405,      1444,      1486,      1487,      1403,      1485,      1363,      1447,      1406,      1364,      1362,      1527,      1443,      1488,      1484,      1528,      1526
      1446,      1447,      1487,      1445,      1405,      1406,      1488,      1486,      1404,      1528,      1448,      1489,      1407,      1364,      1444,      1529,      1527,      1363,      1485,      1365
      1447,      1406,      1446,      1488,      1448,      1405,      1407,      1487,      1489,      1445,      1366,      1365,      1449,      1529,      1364,      1404,      1486,      1528,      1408,      1530
      1448,      1407,      1449,      1447,      1489,      1408,      1406,      1490,      1488,      1450,      1366,      1409,      1367,      1446,      1491,      1530,      1531,      1405,      1365,      1529
      1449,      1450,      1448,      1408,      1490,      1409,      1407,      1491,      1489,      1367,      1451,      1368,      1531,      1447,      1366,      1406,      1410,      1492,      1532,      1488
      1450,      1409,      1449,      1451,      1491,      1490,      1408,      1410,      1492,      1368,      1448,      1367,      1452,      1407,      1411,      1532,      1531,      1369,      1489,      1493
      1451,      1410,      1452,      1492,      1450,      1411,      1409,      1493,      1491,      1449,      1369,      1453,      1490,      1368,      1533,      1370,      1408,      1534,      1412,      1532
      1452,      1411,      1451,      1453,      1493,      1410,      1412,      1492,      1494,      1454,      1370,      1534,      1450,      1371,      1413,      1369,      1409,      1535,      1495,      1491
      1453,      1454,      1452,      1412,      1494,      1413,      1495,      1411,      1493,      1371,      1535,      1451,      1455,      1414,      1536,      1372,      1534,      1410,      1492,      1496
      1454,      1453,      1495,      1413,      1455,      1414,      1412,      1494,      1496,      1372,      1452,      1536,      1371,      1456,      1535,      1497,      1411,      1537,      1493,      1373
      1455,      1414,      1456,      1496,      1454,      1415,      1497,      1495,      1413,      1457,      1374,      1373,      1453,      1372,      1537,      1416,      1498,      1412,      1538,      1494
      1456,      1455,      1497,      1415,      1457,      1496,      1414,      1498,      1416,      1374,      1495,      1538,      1454,      1539,      1417,      1537,      1458,      1375,      1373,      1499
      1457,      1416,      1458,      1456,      1417,      1498,      1415,      1497,      1499,      1375,      1455,      1539,      1459,      1374,      1376,      1500,      1414,      1418,      1496,      1540
      1458,      1417,      1459,      1499,      1457,      1500,      1418,      1498,      1416,      1460,      1419,      1501,      1540,      1541,      1376,      1539,      1456,      1415,      1377,      1375
      1459,      1458,      1418,      1500,      1460,      1419,      1501,      1417,      1499,      1377,      1457,      1541,      1461,      1420,      1416,      1378,      1542,      1498,      1376,      1502
      1460,      1501,      1459,      1419,      1461,      1500,      1502,      1420,      1418,      1462,      1542,      1458,      1543,      1421,      1541,      1378,      1503,      1499,      1417,      1377
      1461,      1420,      1462,      1460,      1502,      1421,      1419,      1501,      1503,      1379,      1463,      1459,      1380,      1418,      1422,      1544,      1504,      1543,      1378,      1500
      1462,      1461,      1421,      1463,      1503,      1502,      1420,      1504,      1422,      1460,      1544,      1380,      1501,      1379,      1423,      1419,      1381,      1464,      1505,      1543
      1463,      1422,      1504,      1462,      1464,      1423,      1421,      1505,      1503,      1381,      1461,      1424,      1545,      1465,      1382,      1502,      1420,      1544,      1380,      1506
      1464,      1465,      1423,      1505,      1463,      1506,      1424,      1504,      1422,      1546,      1466,      1507,      1383,      1382,      1547,      1545,      1462,      1381,      1425,      1503
      1465,      1466,      1464,      1424,      1506,      1507,      1425,      1423,      1505,      1467,      1383,      1547,      1426,      1546,      1548,      1508,      1463,      1504,      1384,      1422
      1466,      1465,      1507,      1425,      1467,      1426,      1424,      1508,      1506,      1464,      1468,      1384,      1383,      1548,      1549,      1423,      1547,      1385,      1505,      1509
      1467,      1426,      1468,      1466,      1508,      1425,      1427,      1509,      1507,      1385,      1465,      1549,      1469,      1386,      1428,      1550,      1384,      1424,      1510,      1548
      1468,      1467,      1509,      1427,      1469,      1426,      1508,      1428,      1510,      1550,      1466,      1386,      1470,      1549,      1425,      1387,      1429,      1385,      1551,      1507
      1469,      1470,      1428,      1510,      1468,      1511,      1429,      1509,      1427,      1551,      1512,      1552,      1471,      1387,      1467,      1550,      1388,      1430,      1508,      1426
      1470,      1469,      1429,      1511,      1471,      1512,      1428,      1430,      1510,      1472,      1552,      1388,      1468,      1389,      1553,      1387,      1427,      1551,      1509,      1431
      1471,      1472,      1512,      1430,      1470,      1431,      1513,      1511,      1429,      1389,      1473,      1553,      1432,      1390,      1469,      1514,      1554,      1552,      1388,      1428
      1472,      1471,      1513,      1473,      1431,      1512,      1430,      1432,      1514,      1470,      1390,      1554,      1389,      1474,      1511,      1553,      1555,      1429,      1433,      1391
      1473,      1514,      1474,      1432,      1472,      1513,      1433,      1515,      1431,      1555,      1471,      1475,      1391,      1516,      1554,      1434,      1430,      1512,      1556,      1390
      1474,      1473,      1475,      1515,      1433,      1514,      1516,      1434,      1432,      1556,      1557,      1392,      1472,      1555,      1476,      1513,      1435,      1391,      1431,      1517
      1475,      1516,      1474,      1434,      1476,      1515,      1435,      1433,      1517,      1557,      1473,      1823,      1514,      1393,      1392,      1558,      1827,      1556,      1432,      1819
      1476,      1435,      1823,      1475,      1517,      1819,      1434,      1827,      1516,      1394,      2003,      1474,      1558,      1557,      1815,      1393,      1999,      2007,      1831,      1515
      1477,      1701,      1436,      1478,      1518,      1437,      1705,      1697,      1519,      1395,      1881,      1396,      1709,      1479,      1885,      1559,      1438,      1877,      1520,      1693
      1478,      1519,      1477,      1479,      1437,      1518,      1438,      1520,      1436,      1396,      1701,      1480,      1439,      1560,      1395,      1521,      1561,      1697,      1705,      1397
      1479,      1480,      1520,      1438,      1478,      1521,      1439,      1519,      1437,      1481,      1561,      1522,      1562,      1477,      1397,      1396,      1398,      1440,      1518,      1560
      1480,      1521,      1439,      1479,      1481,      1522,      1438,      1440,      1520,      1482,      1562,      1478,      1398,      1519,      1523,      1441,      1561,      1399,      1397,      1563
      1481,      1480,      1482,      1522,      1440,      1441,      1439,      1521,      1523,      1479,      1399,      1400,      1438,      1483,      1398,      1563,      1442,      1520,      1562,      1564
      1482,      1523,      1481,      1441,      1483,      1522,      1524,      1440,      1442,      1480,      1564,      1521,      1400,      1563,      1525,      1439,      1484,      1565,      1399,      1443
      1483,      1524,      1484,      1525,      1442,      1482,      1443,      1441,      1523,      1485,      1565,      1566,      1481,      1444,      1526,      1564,      1401,      1522,      1402,      1400
      1484,      1485,      1525,      1443,      1483,      1444,      1526,      1442,      1524,      1527,      1486,      1402,      1566,      1567,      1403,      1482,      1445,      1441,      1401,      1565
      1485,      1484,      1526,      1444,      1486,      1525,      1527,      1443,      1567,      1445,      1483,      1487,      1524,      1403,      1566,      1568,      1442,      1528,      1404,      1446
      1486,      1487,      1527,      1485,      1528,      1445,      1526,      1446,      1444,      1568,      1488,      1569,      1484,      1567,      1404,      1529,      1447,      1405,      1525,      1403
      1487,      1486,      1446,      1528,      1488,      1445,      1447,      1527,      1529,      1405,      1569,      1485,      1489,      1526,      1406,      1404,      1444,      1570,      1568,      1530
      1488,      1489,      1529,      1447,      1487,      1528,      1446,      1530,      1448,      1570,      1486,      1406,      1571,      1490,      1569,      1407,      1531,      1405,      1445,      1449
      1489,      1488,      1530,      1448,      1490,      1529,      1531,      1447,      1449,      1571,      1491,      1407,      1528,      1487,      1446,      1570,      1572,      1406,      1532,      1450
      1490,      1491,      1531,      1449,      1489,      1450,      1532,      1448,      1530,      1492,      1408,      1409,      1488,      1533,      1451,      1572,      1407,      1529,      1573,      1447
      1491,      1490,      1532,      1492,      1450,      1531,      1533,      1449,      1451,      1409,      1493,      1489,      1573,      1448,      1574,      1530,      1572,      1408,      1534,      1452
      1492,      1493,      1451,      1491,      1533,      1534,      1452,      1532,      1450,      1490,      1574,      1410,      1535,      1494,      1411,      1575,      1409,      1531,      1453,      1449
      1493,      1534,      1492,      1494,      1535,      1452,      1533,      1451,      1453,      1575,      1491,      1574,      1536,      1411,      1532,      1495,      1576,      1454,      1410,      1450
      1494,      1535,      1495,      1536,      1453,      1493,      1534,      1454,      1452,      1496,      1537,      1576,      1577,      1492,      1575,      1412,      1455,      1413,      1451,      1411
      1495,      1496,      1454,      1494,      1536,      1537,      1455,      1453,      1535,      1497,      1414,      1577,      1456,      1413,      1538,      1493,      1534,      1578,      1412,      1452
      1496,      1497,      1495,      1537,      1455,      1456,      1538,      1536,      1454,      1414,      1494,      1578,      1498,      1415,      1577,      1453,      1539,      1457,      1535,      1413
      1497,      1456,      1496,      1538,      1498,      1455,      1537,      1539,      1457,      1495,      1415,      1414,      1499,      1579,      1454,      1536,      1578,      1580,      1416,      1540
      1498,      1539,      1499,      1457,      1497,      1540,      1458,      1456,      1538,      1580,      1500,      1416,      1541,      1496,      1417,      1415,      1455,      1459,      1581,      1579
      1499,      1500,      1540,      1498,      1458,      1541,      1539,      1459,      1457,      1501,      1417,      1581,      1580,      1542,      1497,      1460,      1582,      1416,      1456,      1538
      1500,      1499,      1459,      1501,      1541,      1458,      1460,      1542,      1540,      1498,      1418,      1419,      1417,      1539,      1502,      1582,      1457,      1543,      1581,      1583
      1501,      1460,      1500,      1542,      1502,      1459,      1543,      1461,      1541,      1419,      1499,      1458,      1420,      1418,      1503,      1462,      1584,      1583,      1544,      1540
      1502,      1503,      1543,      1461,      1501,      1544,      1462,      1460,      1542,      1420,      1584,      1504,      1585,      1421,      1500,      1463,      1545,      1419,      1459,      1583
      1503,      1544,      1502,      1504,      1462,      1545,      1463,      1543,      1461,      1585,      1505,      1586,      1421,      1501,      1584,      1546,      1460,      1420,      1542,      1464
      1504,      1505,      1463,      1503,      1545,      1464,      1544,      1546,      1462,      1506,      1422,      1502,      1423,      1586,      1585,      1421,      1587,      1461,      1465,      1547
      1505,      1504,      1546,      1506,      1464,      1545,      1463,      1547,      1465,      1503,      1587,      1423,      1544,      1507,      1422,      1586,      1548,      1462,      1424,      1466
      1506,      1547,      1505,      1546,      1507,      1465,      1464,      1548,      1466,      1504,      1588,      1545,      1587,      1589,      1508,      1424,      1549,      1463,      1423,      1467
      1507,      1466,      1506,      1548,      1508,      1465,      1547,      1549,      1467,      1589,      1546,      1464,      1505,      1425,      1426,      1509,      1590,      1424,      1588,      1550
      1508,      1549,      1509,      1507,      1467,      1550,      1468,      1548,      1466,      1590,      1426,      1589,      1510,      1591,      1465,      1547,      1506,      1551,      1469,      1425
      1509,      1550,      1510,      1468,      1508,      1549,      1551,      1469,      1467,      1591,      1511,      1507,      1592,      1427,      1552,      1428,      1426,      1590,      1470,      1466
      1510,      1551,      1509,      1469,      1511,      1552,      1550,      1470,      1468,      1592,      1512,      1508,      1428,      1591,      1553,      1549,      1593,      1467,      1429,      1427
      1511,      1512,      1552,      1470,      1510,      1553,      1469,      1551,      1471,      1429,      1509,      1513,      1593,      1472,      1428,      1554,      1592,      1430,      1550,      1468
      1512,      1511,      1471,      1553,      1513,      1472,      1470,      1552,      1554,      1430,      1510,      1469,      1514,      1429,      1551,      1473,      1594,      1431,      1555,      1593
      1513,      1554,      1514,      1472,      1512,      1555,      1473,      1553,      1471,      1515,      1595,      1511,      1474,      1556,      1432,      1431,      1552,      1596,      1430,      1594
      1514,      1473,      1555,      1513,      1515,      1474,      1556,      1472,      1554,      1516,      1432,      1557,      1475,      1512,      1596,      1433,      1471,      1553,      1431,      1597
      1515,      1516,      1556,      1514,      1474,      1557,      1555,      1475,      1473,      1597,      1513,      1517,      1558,      1433,      1596,      1554,      1598,      1434,      1476,      1432
      1516,      1557,      1515,      1475,      1517,      1474,      1556,      1558,      1476,      1514,      1434,      1598,      1473,      1555,      1827,      1597,      1433,      1435,      1599,      1831
      1517,      1827,      1558,      1476,      1516,      1831,      1557,      1823,      1475,      2007,      1599,      1515,      1435,      1835,      2011,      2003,      1598,      1819,      1556,      1474
      1518,      1519,      1697,      1559,      1477,      1478,      1693,      1701,      1560,      1520,      1600,      1877,      1436,      1561,      1437,      1689,      1705,      1479,      1873,      1881
      1519,      1520,      1478,      1518,      1560,      1479,      1561,      1477,      1559,      1521,      1437,      1562,      1438,      1602,      1697,      1480,      1601,      1600,      1701,      1436
      1520,      1561,      1519,      1479,      1521,      1562,      1560,      1478,      1480,      1602,      1518,      1522,      1438,      1603,      1439,      1601,      1477,      1559,      1481,      1563
      1521,      1480,      1522,      1520,      1562,      1479,      1481,      1561,      1563,      1439,      1523,      1519,      1482,      1603,      1438,      1478,      1440,      1564,      1602,      1604
      1522,      1521,      1481,      1523,      1482,      1480,      1563,      1562,      1564,      1479,      1520,      1440,      1439,      1441,      1604,      1561,      1524,      1603,      1483,      1605
      1523,      1482,      1564,      1522,      1524,      1563,      1483,      1481,      1565,      1521,      1441,      1605,      1525,      1604,      1480,      1566,      1562,      1442,      1440,      1606
      1524,      1525,      1483,      1565,      1523,      1566,      1564,      1482,      1484,      1526,      1485,      1567,      1442,      1606,      1522,      1563,      1443,      1441,      1605,      1607
      1525,      1524,      1484,      1526,      1566,      1483,      1485,      1567,      1565,      1443,      1527,      1444,      1523,      1442,      1482,      1607,      1564,      1608,      1486,      1606
      1526,      1527,      1567,      1485,      1525,      1486,      1484,      1568,      1566,      1608,      1444,      1524,      1528,      1487,      1569,      1483,      1565,      1609,      1607,      1443
      1527,      1526,      1486,      1568,      1567,      1528,      1485,      1487,      1569,      1525,      1484,      1609,      1444,      1608,      1445,      1566,      1570,      1529,      1446,      1610
      1528,      1569,      1529,      1487,      1570,      1527,      1486,      1488,      1568,      1446,      1530,      1571,      1489,      1610,      1526,      1611,      1447,      1567,      1609,      1445
      1529,      1530,      1570,      1528,      1488,      1571,      1489,      1569,      1487,      1611,      1531,      1572,      1447,      1612,      1486,      1446,      1568,      1527,      1610,      1490
      1530,      1571,      1529,      1489,      1531,      1572,      1488,      1570,      1490,      1612,      1528,      1532,      1611,      1448,      1569,      1491,      1573,      1613,      1447,      1487
      1531,      1532,      1490,      1530,      1572,      1491,      1489,      1573,      1571,      1533,      1449,      1529,      1450,      1492,      1448,      1574,      1488,      1613,      1612,      1614
      1532,      1531,      1533,      1491,      1573,      1574,      1490,      1572,      1492,      1530,      1614,      1450,      1575,      1534,      1493,      1489,      1615,      1571,      1449,      1451
      1533,      1574,      1532,      1492,      1534,      1573,      1575,      1491,      1493,      1531,      1615,      1535,      1490,      1616,      1572,      1451,      1614,      1576,      1450,      1494
      1534,      1535,      1493,      1575,      1494,      1533,      1492,      1576,      1574,      1536,      1452,      1616,      1453,      1532,      1577,      1495,      1451,      1491,      1615,      1573
      1535,      1534,      1494,      1536,      1576,      1493,      1575,      1577,      1495,      1453,      1533,      1537,      1492,      1574,      1454,      1452,      1617,      1616,      1496,      1578
      1536,      1535,      1495,      1577,      1537,      1494,      1496,      1576,      1578,      1534,      1454,      1538,      1493,      1453,      1575,      1497,      1618,      1455,      1619,      1617
      1537,      1538,      1578,      1496,      1536,      1577,      1495,      1497,      1579,      1619,      1494,      1535,      1455,      1539,      1576,      1456,      1620,      1454,      1580,      1618
      1538,      1537,      1579,      1497,      1539,      1578,      1580,      1496,      1498,      1620,      1536,      1577,      1456,      1619,      1495,      1540,      1621,      1455,      1499,      1581
      1539,      1498,      1540,      1580,      1538,      1499,      1497,      1581,      1579,      1541,      1457,      1621,      1456,      1500,      1458,      1537,      1496,      1622,      1578,      1582
      1540,      1541,      1499,      1539,      1581,      1580,      1498,      1582,      1500,      1622,      1542,      1458,      1538,      1621,      1623,      1583,      1579,      1501,      1459,      1457
      1541,      1540,      1500,      1542,      1582,      1499,      1581,      1501,      1583,      1539,      1543,      1459,      1498,      1458,      1623,      1580,      1584,      1460,      1622,      1624
      1542,      1543,      1583,      1501,      1541,      1584,      1582,      1500,      1502,      1460,      1624,      1540,      1544,      1499,      1625,      1459,      1581,      1623,      1503,      1585
      1543,      1584,      1542,      1502,      1544,      1583,      1585,      1501,      1503,      1625,      1541,      1624,      1460,      1582,      1586,      1545,      1500,      1461,      1626,      1462
      1544,      1503,      1585,      1545,      1543,      1502,      1504,      1586,      1584,      1462,      1505,      1542,      1546,      1587,      1626,      1463,      1461,      1501,      1627,      1625
      1545,      1586,      1544,      1546,      1504,      1505,      1587,      1585,      1503,      1627,      1506,      1547,      1463,      1464,      1502,      1543,      1626,      1588,      1462,      1628
      1546,      1505,      1547,      1506,      1545,      1587,      1504,      1588,      1548,      1586,      1464,      1507,      1465,      1544,      1589,      1503,      1628,      1627,      1585,      1463
      1547,      1548,      1506,      1546,      1588,      1589,      1507,      1587,      1505,      1549,      1465,      1590,      1629,      1545,      1508,      1464,      1466,      1630,      1628,      1504
      1548,      1547,      1589,      1507,      1549,      1588,      1506,      1590,      1508,      1546,      1630,      1466,      1465,      1550,      1587,      1629,      1505,      1591,      1509,      1631
      1549,      1508,      1550,      1590,      1548,      1509,      1589,      1591,      1507,      1547,      1467,      1551,      1468,      1510,      1466,      1506,      1588,      1631,      1592,      1632
      1550,      1509,      1549,      1591,      1551,      1508,      1510,      1590,      1592,      1468,      1632,      1552,      1548,      1469,      1589,      1467,      1633,      1507,      1511,      1631
      1551,      1510,      1592,      1552,      1550,      1509,      1511,      1591,      1593,      1469,      1633,      1553,      1549,      1632,      1512,      1470,      1508,      1468,      1594,      1590
      1552,      1511,      1553,      1551,      1593,      1510,      1512,      1592,      1594,      1470,      1554,      1469,      1550,      1509,      1634,      1633,      1513,      1471,      1595,      1591
      1553,      1552,      1554,      1512,      1594,      1511,      1513,      1593,      1595,      1551,      1471,      1555,      1472,      1510,      1635,      1470,      1592,      1514,      1636,      1634
      1554,      1513,      1553,      1555,      1595,      1594,      1514,      1512,      1596,      1552,      1472,      1556,      1636,      1511,      1473,      1593,      1471,      1637,      1515,      1635
      1555,      1514,      1556,      1554,      1596,      1513,      1515,      1595,      1597,      1473,      1557,      1553,      1637,      1474,      1516,      1472,      1638,      1594,      1512,      1636
      1556,      1515,      1555,      1597,      1557,      1596,      1516,      1514,      1598,      1638,      1558,      1554,      1474,      1637,      1513,      1639,      1473,      1599,      1595,      1475
      1557,      1516,      1556,      1558,      1515,      1598,      1517,      1597,      1599,      1475,      1555,      1474,      1514,      1831,      1639,      1476,      1596,      1827,      1638,      1640
      1558,      1517,      1599,      1557,      1831,      1598,      1835,      1516,      1827,      1640,      1556,      1597,      2011,      1515,      1476,      1639,      1839,      1475,      2015,      2007
      1559,      1693,      1600,      1518,      1560,      1689,      1697,      1601,      1519,      1641,      1873,      1869,      1685,      1877,      1642,      1477,      1602,      1701,      1561,      1520
      1560,      1601,      1561,      1602,      1559,      1519,      1600,      1520,      1518,      1562,      1642,      1641,      1693,      1478,      1603,      1689,      1643,      1697,      1479,      1521
      1561,      1562,      1520,      1602,      1560,      1603,      1521,      1519,      1601,      1479,      1563,      1522,      1644,      1480,      1643,      1604,      1478,      1518,      1600,      1559
      1562,      1561,      1603,      1521,      1563,      1602,      1520,      1604,      1522,      1560,      1644,      1480,      1479,      1519,      1564,      1643,      1523,      1601,      1645,      1605
      1563,      1604,      1564,      1562,      1522,      1605,      1523,      1603,      1521,      1565,      1646,      1561,      1645,      1482,      1644,      1524,      1481,      1606,      1602,      1480
      1564,      1563,      1605,      1523,      1565,      1604,      1524,      1606,      1522,      1646,      1482,      1566,      1562,      1603,      1483,      1647,      1525,      1521,      1645,      1607
      1565,      1566,      1606,      1524,      1564,      1605,      1607,      1525,      1523,      1647,      1567,      1563,      1483,      1608,      1646,      1648,      1604,      1526,      1482,      1484
      1566,      1565,      1567,      1607,      1525,      1524,      1606,      1608,      1526,      1564,      1648,      1484,      1483,      1605,      1485,      1647,      1568,      1527,      1523,      1649
      1567,      1526,      1608,      1566,      1568,      1527,      1525,      1607,      1609,      1485,      1565,      1569,      1524,      1484,      1486,      1649,      1606,      1610,      1648,      1528
      1568,      1569,      1609,      1527,      1567,      1610,      1608,      1526,      1528,      1570,      1486,      1650,      1611,      1566,      1485,      1651,      1487,      1607,      1529,      1649
      1569,      1570,      1528,      1568,      1610,      1611,      1529,      1609,      1527,      1571,      1487,      1486,      1567,      1651,      1488,      1530,      1526,      1608,      1612,      1652
      1570,      1569,      1529,      1611,      1571,      1528,      1530,      1610,      1612,      1568,      1488,      1652,      1572,      1489,      1609,      1487,      1653,      1527,      1651,      1613
      1571,      1530,      1570,      1612,      1572,      1529,      1611,      1613,      1531,      1489,      1569,      1653,      1528,      1488,      1652,      1573,      1610,      1532,      1614,      1654
      1572,      1573,      1571,      1613,      1531,      1612,      1530,      1532,      1614,      1654,      1574,      1570,      1529,      1611,      1533,      1653,      1490,      1489,      1655,      1491
      1573,      1574,      1614,      1572,      1532,      1533,      1615,      1613,      1531,      1655,      1575,      1616,      1491,      1656,      1612,      1571,      1530,      1654,      1490,      1492
      1574,      1533,      1575,      1573,      1615,      1532,      1616,      1534,      1614,      1492,      1576,      1493,      1572,      1535,      1656,      1491,      1531,      1655,      1613,      1657
      1575,      1574,      1534,      1616,      1576,      1533,      1615,      1535,      1617,      1493,      1573,      1577,      1492,      1532,      1494,      1536,      1657,      1658,      1656,      1618
      1576,      1577,      1617,      1575,      1535,      1618,      1616,      1536,      1534,      1658,      1578,      1494,      1574,      1659,      1615,      1619,      1537,      1493,      1657,      1533
      1577,      1578,      1576,      1536,      1618,      1537,      1619,      1535,      1617,      1659,      1495,      1538,      1494,      1579,      1575,      1534,      1496,      1620,      1658,      1616
      1578,      1619,      1577,      1537,      1579,      1538,      1620,      1618,      1536,      1576,      1580,      1496,      1660,      1659,      1621,      1617,      1497,      1661,      1495,      1539
      1579,      1620,      1580,      1578,      1538,      1621,      1619,      1537,      1539,      1661,      1581,      1622,      1577,      1662,      1660,      1497,      1540,      1498,      1618,      1496
      1580,      1579,      1539,      1581,      1621,      1540,      1538,      1622,      1620,      1498,      1578,      1499,      1582,      1541,      1662,      1661,      1497,      1623,      1537,      1619
      1581,      1622,      1582,      1580,      1540,      1623,      1621,      1541,      1539,      1583,      1579,      1499,      1663,      1624,      1664,      1662,      1542,      1620,      1498,      1500
      1582,      1623,      1583,      1581,      1541,      1624,      1622,      1542,      1540,      1584,      1664,      1580,      1625,      1543,      1500,      1665,      1663,      1621,      1499,      1539
      1583,      1624,      1584,      1582,      1542,      1625,      1543,      1623,      1541,      1665,      1581,      1664,      1585,      1540,      1501,      1626,      1666,      1622,      1500,      1502
      1584,      1543,      1583,      1625,      1585,      1542,      1624,      1544,      1626,      1582,      1502,      1586,      1503,      1666,      1501,      1541,      1623,      1665,      1545,      1627
      1585,      1586,      1544,      1626,      1584,      1545,      1543,      1627,      1625,      1503,      1587,      1502,      1583,      1668,      1504,      1667,      1542,      1546,      1666,      1628
      1586,      1585,      1627,      1545,      1587,      1626,      1544,      1628,      1546,      1668,      1584,      1503,      1625,      1504,      1543,      1505,      1667,      1588,      1669,      1629
      1587,      1586,      1546,      1628,      1627,      1545,      1588,      1547,      1629,      1585,      1505,      1506,      1544,      1589,      1626,      1548,      1668,      1504,      1669,      1670
      1588,      1589,      1629,      1547,      1587,      1548,      1630,      1628,      1546,      1590,      1670,      1506,      1627,      1671,      1631,      1549,      1507,      1586,      1545,      1505
      1589,      1590,      1548,      1588,      1630,      1547,      1549,      1629,      1631,      1507,      1591,      1508,      1506,      1550,      1546,      1587,      1671,      1628,      1632,      1670
      1590,      1589,      1549,      1591,      1631,      1548,      1630,      1550,      1632,      1588,      1508,      1547,      1592,      1507,      1629,      1509,      1672,      1633,      1551,      1671
      1591,      1550,      1590,      1632,      1592,      1549,      1551,      1633,      1631,      1509,      1589,      1510,      1508,      1593,      1548,      1630,      1673,      1552,      1674,      1672
      1592,      1633,      1551,      1593,      1591,      1632,      1552,      1550,      1634,      1510,      1674,      1594,      1509,      1590,      1553,      1511,      1635,      1675,      1631,      1549
      1593,      1594,      1592,      1634,      1552,      1635,      1633,      1553,      1551,      1675,      1595,      1511,      1636,      1591,      1674,      1632,      1676,      1554,      1510,      1512
      1594,      1595,      1635,      1593,      1636,      1553,      1634,      1554,      1552,      1676,      1592,      1675,      1637,      1596,      1677,      1633,      1512,      1555,      1513,      1551
      1595,      1594,      1636,      1554,      1596,      1637,      1635,      1553,      1555,      1593,      1676,      1677,      1513,      1634,      1678,      1638,      1597,      1552,      1556,      1512
      1596,      1637,      1597,      1638,      1555,      1595,      1556,      1636,      1554,      1678,      1598,      1639,      1594,      1514,      1679,      1515,      1557,      1677,      1513,      1635
      1597,      1638,      1598,      1556,      1596,      1639,      1557,      1637,      1555,      1599,      1515,      1679,      1680,      1558,      1640,      1678,      1516,      1595,      1514,      1554
      1598,      1599,      1639,      1597,      1640,      1557,      1558,      1638,      1556,      1680,      1835,      1596,      1681,      1839,      1516,      1831,      1517,      1515,      1679,      1637
      1599,      1640,      1598,      1558,      1835,      1639,      1839,      1831,      1557,      1597,      1681,      1517,      2015,      1680,      1843,      2019,      1556,      1638,      2011,      1516
      1600,      1601,      1559,      1641,      1689,      1560,      1642,      1693,      1685,      1602,      1518,      1844,      1869,      1840,      1697,      1561,      1519,      1873,      1848,      1643
      1601,      1600,      1642,      1560,      1602,      1641,      1559,      1643,      1561,      1840,      1689,      1844,      1603,      1644,      1685,      1836,      1519,      1693,      1562,      1520
      1602,      1561,      1601,      1603,      1560,      1643,      1562,      1644,      1642,      1520,      1600,      1604,      1519,      1836,      1641,      1559,      1521,      1563,      1645,      1840
      1603,      1562,      1644,      1604,      1602,      1561,      1563,      1643,      1645,      1605,      1521,      1832,      1520,      1601,      1564,      1560,      1646,      1522,      1828,      1836
      1604,      1563,      1605,      1603,      1645,      1564,      1646,      1562,      1644,      1523,      1606,      1522,      1828,      1602,      1565,      1561,      1647,      1824,      1643,      1521
      1605,      1646,      1564,      1604,      1606,      1563,      1565,      1647,      1645,      1523,      1824,      1603,      1607,      1566,      1820,      1524,      1828,      1648,      1644,      1562
      1606,      1647,      1607,      1565,      1605,      1648,      1646,      1566,      1564,      1608,      1820,      1604,      1816,      1649,      1524,      1824,      1567,      1563,      1525,      1523
      1607,      1648,      1608,      1606,      1566,      1649,      1647,      1565,      1567,      1816,      1609,      1650,      1605,      1812,      1820,      1525,      1646,      1568,      1526,      1524
      1608,      1607,      1567,      1609,      1649,      1648,      1566,      1568,      1650,      1606,      1526,      1610,      1565,      1812,      1527,      1647,      1569,      1525,      1816,      1651
      1609,      1610,      1568,      1650,      1608,      1651,      1569,      1649,      1567,      1611,      1808,      1607,      1527,      1570,      1804,      1648,      1812,      1652,      1526,      1528
      1610,      1609,      1651,      1611,      1569,      1568,      1570,      1650,      1652,      1608,      1804,      1528,      1612,      1653,      1571,      1808,      1649,      1800,      1529,      1567
      1611,      1570,      1612,      1610,      1652,      1571,      1569,      1653,      1651,      1529,      1609,      1613,      1530,      1528,      1572,      1568,      1800,      1654,      1796,      1804
      1612,      1613,      1653,      1611,      1571,      1572,      1654,      1652,      1570,      1614,      1530,      1796,      1610,      1655,      1529,      1573,      1792,      1800,      1569,      1651
      1613,      1612,      1654,      1614,      1572,      1653,      1655,      1573,      1571,      1792,      1611,      1652,      1796,      1615,      1788,      1656,      1530,      1531,      1532,      1574
      1614,      1655,      1613,      1573,      1615,      1654,      1656,      1572,      1574,      1612,      1788,      1616,      1653,      1792,      1532,      1784,      1533,      1657,      1571,      1575
      1615,      1616,      1574,      1656,      1614,      1575,      1573,      1657,      1655,      1533,      1617,      1784,      1658,      1576,      1613,      1532,      1780,      1788,      1572,      1534
      1616,      1615,      1575,      1657,      1617,      1574,      1656,      1658,      1576,      1614,      1573,      1618,      1780,      1534,      1533,      1655,      1784,      1535,      1659,      1776
      1617,      1618,      1658,      1576,      1659,      1616,      1657,      1577,      1575,      1776,      1619,      1615,      1772,      1780,      1660,      1578,      1535,      1656,      1536,      1574
      1618,      1659,      1617,      1619,      1577,      1658,      1576,      1660,      1578,      1772,      1620,      1616,      1776,      1768,      1657,      1536,      1661,      1575,      1579,      1537
      1619,      1578,      1620,      1618,      1660,      1579,      1659,      1577,      1661,      1617,      1537,      1621,      1768,      1538,      1576,      1662,      1772,      1764,      1658,      1580
      1620,      1579,      1661,      1619,      1621,      1662,      1578,      1660,      1580,      1538,      1622,      1764,      1618,      1659,      1768,      1577,      1760,      1581,      1537,      1539
      1621,      1622,      1662,      1620,      1580,      1579,      1661,      1581,      1663,      1623,      1760,      1619,      1539,      1540,      1538,      1660,      1578,      1582,      1764,      1756
      1622,      1581,      1621,      1623,      1663,      1580,      1662,      1582,      1664,      1540,      1620,      1756,      1579,      1661,      1624,      1760,      1541,      1539,      1583,      1752
      1623,      1582,      1664,      1624,      1622,      1581,      1583,      1663,      1665,      1752,      1621,      1625,      1541,      1756,      1540,      1748,      1584,      1580,      1542,      1662
      1624,      1583,      1623,      1625,      1665,      1582,      1664,      1584,      1666,      1542,      1748,      1622,      1626,      1581,      1543,      1663,      1752,      1541,      1744,      1585
      1625,      1626,      1624,      1584,      1666,      1583,      1665,      1585,      1667,      1543,      1623,      1744,      1582,      1586,      1668,      1627,      1664,      1542,      1748,      1740
      1626,      1625,      1667,      1627,      1585,      1668,      1586,      1666,      1584,      1740,      1624,      1628,      1665,      1544,      1587,      1669,      1583,      1736,      1543,      1744
      1627,      1586,      1668,      1628,      1626,      1587,      1669,      1585,      1667,      1545,      1629,      1670,      1736,      1588,      1625,      1546,      1732,      1544,      1666,      1740
      1628,      1629,      1627,      1669,      1670,      1587,      1588,      1668,      1586,      1732,      1630,      1728,      1671,      1626,      1736,      1667,      1546,      1589,      1547,      1545
      1629,      1628,      1670,      1588,      1630,      1671,      1589,      1669,      1587,      1627,      1728,      1547,      1631,      1590,      1724,      1548,      1732,      1668,      1546,      1672
      1630,      1629,      1631,      1671,      1589,      1588,      1590,      1670,      1672,      1628,      1724,      1548,      1632,      1673,      1720,      1728,      1591,      1547,      1549,      1669
      1631,      1632,      1630,      1672,      1590,      1673,      1591,      1671,      1589,      1633,      1720,      1629,      1674,      1716,      1724,      1588,      1549,      1592,      1670,      1550
      1632,      1633,      1631,      1591,      1673,      1674,      1592,      1672,      1590,      1634,      1550,      1630,      1716,      1593,      1675,      1551,      1712,      1589,      1549,      1720
      1633,      1632,      1592,      1674,      1634,      1593,      1591,      1675,      1673,      1631,      1551,      1635,      1712,      1594,      1550,      1552,      1672,      1590,      1716,      1708
      1634,      1635,      1675,      1593,      1633,      1676,      1594,      1674,      1592,      1636,      1708,      1632,      1595,      1704,      1677,      1712,      1552,      1553,      1551,      1673
      1635,      1634,      1676,      1594,      1636,      1675,      1593,      1595,      1677,      1704,      1633,      1637,      1674,      1708,      1553,      1592,      1678,      1700,      1554,      1552
      1636,      1595,      1635,      1677,      1637,      1676,      1594,      1678,      1596,      1634,      1700,      1638,      1554,      1675,      1593,      1704,      1679,      1696,      1553,      1555
      1637,      1678,      1596,      1638,      1636,      1595,      1677,      1679,      1597,      1676,      1639,      1696,      1635,      1555,      1594,      1556,      1554,      1700,      1680,      1692
      1638,      1597,      1637,      1639,      1596,      1679,      1678,      1598,      1680,      1556,      1636,      1692,      1595,      1677,      1640,      1555,      1696,      1599,      1557,      1688
      1639,      1598,      1680,      1638,      1640,      1597,      1599,      1681,      1679,      1688,      1637,      1596,      1839,      1557,      1678,      1556,      1558,      1692,      1684,      1835
      1640,      1599,      1839,      1681,      1639,      1598,      1835,      1843,      1680,      1558,      2019,      1597,      1684,      1831,      2015,      1638,      2023,      1847,      1557,      1688
      1641,      1642,      1600,      1685,      1844,      1601,      1689,      1840,      1848,      1559,      1865,      1560,      2024,      1643,      1693,      1602,      1836,      1869,      2020,      1852
      1642,      1641,      1601,      1840,      1643,      1844,      1600,      1836,      1602,      1560,      1685,      2020,      1644,      1848,      2024,      1689,      1559,      2016,      1832,      1603
      1643,      1644,      1836,      1642,      1602,      1832,      1840,      1603,      1601,      1645,      2016,      1641,      1828,      2012,      1561,      2020,      1562,      1560,      1604,      1844
      1644,      1643,      1603,      1645,      1832,      1602,      1836,      1604,      1828,      1562,      1642,      1646,      1561,      1601,      2012,      1563,      1840,      1605,      2016,      1824
      1645,      1828,      1644,      1646,      1604,      1832,      1824,      1603,      1605,      1643,      2008,      1563,      2012,      1836,      2004,      1647,      1820,      1602,      1564,      1562
      1646,      1605,      1647,      1824,      1645,      1604,      1606,      1820,      1828,      1564,      1563,      1565,      1644,      1648,      2004,      1603,      1607,      1816,      1832,      2000
      1647,      1606,      1820,      1648,      1646,      1607,      1816,      1605,      1824,      1565,      1649,      2000,      1566,      1608,      1645,      1812,      1564,      1996,      1604,      2004
      1648,      1607,      1649,      1816,      1647,      1606,      1812,      1608,      1820,      1650,      1566,      1996,      1646,      1565,      1808,      1609,      1992,      1605,      1567,      2000
      1649,      1648,      1812,      1650,      1608,      1607,      1816,      1808,      1609,      1647,      1992,      1651,      1606,      1996,      1988,      1820,      1567,      1804,      1610,      1568
      1650,      1808,      1649,      1609,      1651,      1812,      1804,      1610,      1608,      1648,      1988,      1607,      1568,      1816,      1992,      1984,      1652,      1800,      1567,      1569
      1651,      1804,      1610,      1650,      1652,      1609,      1808,      1800,      1611,      1984,      1653,      1649,      1569,      1988,      1812,      1980,      1568,      1796,      1570,      1608
      1652,      1653,      1800,      1611,      1651,      1796,      1612,      1610,      1804,      1654,      1613,      1980,      1570,      1792,      1571,      1976,      1650,      1609,      1569,      1984
      1653,      1652,      1654,      1612,      1796,      1613,      1611,      1800,      1792,      1571,      1655,      1651,      1614,      1976,      1572,      1610,      1570,      1804,      1980,      1788
      1654,      1653,      1613,      1792,      1655,      1796,      1612,      1614,      1788,      1652,      1972,      1572,      1800,      1656,      1976,      1611,      1968,      1573,      1571,      1784
      1655,      1614,      1656,      1788,      1654,      1613,      1792,      1784,      1615,      1573,      1653,      1657,      1968,      1612,      1572,      1616,      1796,      1972,      1574,      1780
      1656,      1657,      1784,      1655,      1615,      1788,      1616,      1780,      1614,      1658,      1964,      1574,      1654,      1573,      1968,      1960,      1792,      1613,      1776,      1617
      1657,      1780,      1656,      1658,      1616,      1784,      1776,      1615,      1617,      1960,      1655,      1659,      1964,      1788,      1956,      1618,      1575,      1772,      1614,      1576
      1658,      1617,      1657,      1776,      1659,      1618,      1780,      1616,      1772,      1576,      1656,      1956,      1615,      1784,      1660,      1960,      1575,      1619,      1577,      1952
      1659,      1618,      1658,      1772,      1660,      1617,      1619,      1776,      1768,      1577,      1657,      1576,      1952,      1661,      1578,      1620,      1780,      1616,      1956,      1764
      1660,      1768,      1661,      1659,      1619,      1764,      1772,      1620,      1618,      1662,      1948,      1944,      1760,      1578,      1952,      1579,      1621,      1658,      1617,      1776
      1661,      1662,      1620,      1660,      1764,      1621,      1760,      1768,      1619,      1579,      1944,      1622,      1663,      1659,      1756,      1940,      1578,      1580,      1948,      1772
      1662,      1661,      1760,      1621,      1663,      1764,      1620,      1622,      1756,      1660,      1940,      1579,      1580,      1768,      1944,      1619,      1581,      1664,      1936,      1623
      1663,      1756,      1664,      1622,      1752,      1662,      1623,      1760,      1621,      1936,      1581,      1665,      1661,      1932,      1748,      1940,      1624,      1582,      1764,      1620
      1664,      1623,      1663,      1752,      1665,      1748,      1624,      1756,      1622,      1582,      1932,      1666,      1583,      1744,      1581,      1625,      1928,      1662,      1936,      1760
      1665,      1748,      1666,      1664,      1624,      1744,      1625,      1752,      1623,      1583,      1928,      1667,      1663,      1740,      1924,      1626,      1582,      1932,      1584,      1756
      1666,      1665,      1744,      1667,      1625,      1740,      1626,      1748,      1624,      1668,      1924,      1664,      1736,      1584,      1920,      1583,      1928,      1752,      1627,      1623
      1667,      1668,      1740,      1666,      1626,      1736,      1744,      1627,      1625,      1669,      1920,      1665,      1732,      1916,      1586,      1924,      1585,      1628,      1748,      1624
      1668,      1667,      1627,      1669,      1736,      1626,      1740,      1628,      1732,      1666,      1586,      1670,      1625,      1916,      1585,      1587,      1744,      1629,      1920,      1728
      1669,      1732,      1670,      1668,      1628,      1736,      1728,      1627,      1629,      1667,      1912,      1916,      1671,      1740,      1908,      1587,      1626,      1724,      1586,      1588
      1670,      1629,      1669,      1728,      1671,      1628,      1732,      1630,      1724,      1588,      1668,      1908,      1627,      1736,      1672,      1912,      1587,      1904,      1720,      1631
      1671,      1724,      1630,      1670,      1672,      1728,      1720,      1629,      1631,      1904,      1673,      1669,      1628,      1908,      1900,      1732,      1716,      1588,      1589,      1590
      1672,      1673,      1720,      1631,      1671,      1716,      1724,      1630,      1632,      1900,      1674,      1896,      1712,      1904,      1670,      1633,      1590,      1728,      1629,      1591
      1673,      1672,      1716,      1674,      1632,      1631,      1720,      1712,      1633,      1896,      1671,      1675,      1724,      1900,      1630,      1892,      1591,      1708,      1590,      1634
      1674,      1675,      1633,      1712,      1673,      1632,      1634,      1708,      1716,      1672,      1592,      1635,      1631,      1593,      1892,      1676,      1704,      1591,      1720,      1888
      1675,      1634,      1674,      1708,      1676,      1635,      1633,      1712,      1704,      1593,      1677,      1594,      1636,      1673,      1888,      1632,      1592,      1716,      1700,      1892
      1676,      1635,      1677,      1636,      1704,      1675,      1634,      1700,      1708,      1594,      1678,      1595,      1637,      1884,      1674,      1593,      1696,      1880,      1888,      1633
      1677,      1676,      1700,      1678,      1636,      1696,      1704,      1637,      1635,      1679,      1595,      1880,      1675,      1634,      1594,      1638,      1876,      1884,      1692,      1708
      1678,      1637,      1679,      1677,      1696,      1638,      1636,      1700,      1692,      1596,      1676,      1680,      1595,      1597,      1639,      1876,      1635,      1704,      1688,      1880
      1679,      1692,      1678,      1680,      1638,      1696,      1688,      1637,      1639,      1677,      1872,      1597,      1700,      1876,      1596,      1868,      1681,      1636,      1684,      1598
      1680,      1639,      1688,      1679,      1681,      1692,      1684,      1638,      1640,      1598,      1678,      1868,      1843,      1597,      1599,      1696,      1872,      1839,      1637,      1864
      1681,      1843,      1640,      1684,      1680,      1839,      1847,      1639,      1688,      1599,      2023,      1598,      1864,      2019,      1835,      2027,      1679,      1851,      1868,      1692
