  0.0000000000000000E+00,  6.8696765944328149E+01,  6.3642377224359883E+01,  4.2945557459569557E+01,  3.9964678162564070E+01,  2.4542841413194548E+01,  2.3388545657478694E+01,  2.0012368210747645E+01,  1.6161366569801469E+01,  1.0364345614413382E+00,  9.8977908135598236E-01,  1.1420881389165940E+00, -8.5391799880050190E-01, -7.1718267235486000E-01, -2.9909238942648386E-01,  6.1232002628758719E-02,  5.1629208243550440E-02, -1.6138947833975870E-01, -1.5462340051733936E-01, -9.2693678620974107E-02,  0.0000000000000000E+00,  0.0000000000000000E+00,  0.0000000000000000E+00,  0.0000000000000000E+00,  0.0000000000000000E+00,  0.0000000000000000E+00,  0.0000000000000000E+00,  0.0000000000000000E+00,  0.0000000000000000E+00,  0.0000000000000000E+00,  0.0000000000000000E+00,  0.0000000000000000E+00,  0.0000000000000000E+00,  0.0000000000000000E+00,  0.0000000000000000E+00,  0.0000000000000000E+00
  0.0000000000000000E+00,  7.6669790045783969E+01,  7.3087355325054432E+01,  4.5675546756697841E+01,  4.3642447328840774E+01,  2.7522886168999399E+01,  1.7723349320134886E+01,  1.8218430438987756E+01,  1.5032213308758990E+01,  2.5579574458946404E+00,  1.2812027865250255E+00,  1.5036967802884211E+00, -9.4619077677280994E-01, -3.9343199961935671E-01, -1.5896609544250351E-01, -3.1818252165125677E-01, -7.4255862820355112E-01,  7.8264838627797206E-02, -6.1315271708863717E-01,  4.1474849440742756E-02,  0.0000000000000000E+00,  0.0000000000000000E+00,  0.0000000000000000E+00,  0.0000000000000000E+00,  0.0000000000000000E+00,  0.0000000000000000E+00,  0.0000000000000000E+00,  0.0000000000000000E+00,  0.0000000000000000E+00,  0.0000000000000000E+00,  0.0000000000000000E+00,  0.0000000000000000E+00,  0.0000000000000000E+00,  0.0000000000000000E+00,  0.0000000000000000E+00,  0.0000000000000000E+00
  0.0000000000000000E+00,  7.3633421870367783E+01,  6.4575907620785742E+01,  4.9911531384456765E+01,  4.3181535683110525E+01,  2.7335754261795387E+01,  1.7909610306982994E+01,  1.7983696184665980E+01,  1.7527609156516725E+01,  2.8094303649522399E+00,  5.9063269958242426E-01, -2.6401882423657597E-01,  1.7127607301965719E-02,  6.5010555539999348E-03,  2.1959993369618558E-01, -7.9642899904812781E-01,  9.6414848838100298E-01, -1.0568830082319391E+00, -6.5086162954772186E-01, -1.0115832215413536E+00,  0.0000000000000000E+00,  0.0000000000000000E+00,  0.0000000000000000E+00,  0.0000000000000000E+00,  0.0000000000000000E+00,  0.0000000000000000E+00,  0.0000000000000000E+00,  0.0000000000000000E+00,  0.0000000000000000E+00,  0.0000000000000000E+00,  0.0000000000000000E+00,  0.0000000000000000E+00,  0.0000000000000000E+00,  0.0000000000000000E+00,  0.0000000000000000E+00,  0.0000000000000000E+00
  0.0000000000000000E+00,  8.2904595412055812E+01,  6.7516169937215508E+01,  5.1986512981223413E+01,  4.1887469138941618E+01,  2.5858415889919868E+01,  2.4036834234843504E+01,  2.1241139977456498E+01,  1.2093895401622591E+01,  2.9843040713223346E-01,  2.5741070429721602E+00, -2.1869028109909650E-01, -3.9017379187417323E-01, -7.3637946148071776E-01, -5.4857336448599603E-01,  5.1746315334210569E-01, -9.0030575682177616E-01, -3.2784391164981763E-01,  2.1091377876305140E-01, -1.9783081131286545E-02,  0.0000000000000000E+00,  0.0000000000000000E+00,  0.0000000000000000E+00,  0.0000000000000000E+00,  0.0000000000000000E+00,  0.0000000000000000E+00,  0.0000000000000000E+00,  0.0000000000000000E+00,  0.0000000000000000E+00,  0.0000000000000000E+00,  0.0000000000000000E+00,  0.0000000000000000E+00,  0.0000000000000000E+00,  0.0000000000000000E+00,  0.0000000000000000E+00,  0.0000000000000000E+00
  0.0000000000000000E+00,  8.2307204910540761E+01,  6.5672289301470840E+01,  5.0673177956308592E+01,  2.7561639851370387E+01,  3.5380216067858669E+01,  2.5797852109812034E+01,  1.9458626504633862E+01,  1.7886939707261355E+01,  6.2055629775507981E-01,  1.1242483874315159E+00,  1.2777225871115614E+00, -6.6025165475014314E-01, -9.8107746780724581E-01, -3.4607301765795428E-01, -1.3911568177174782E-01, -1.8012648558740574E-01, -2.8590248602600621E-01, -1.0268121157559740E-01, -1.2685851688785754E-01,  0.0000000000000000E+00,  0.0000000000000000E+00,  0.0000000000000000E+00,  0.0000000000000000E+00,  0.0000000000000000E+00,  0.0000000000000000E+00,  0.0000000000000000E+00,  0.0000000000000000E+00,  0.0000000000000000E+00,  0.0000000000000000E+00,  0.0000000000000000E+00,  0.0000000000000000E+00,  0.0000000000000000E+00,  0.0000000000000000E+00,  0.0000000000000000E+00,  0.0000000000000000E+00
  0.0000000000000000E+00,  8.7665338276324078E+01,  6.7768909822940472E+01,  6.7550640191521950E+01,  3.0053150927747033E+01,  3.6698169993218741E+01,  2.1377403865416269E+01,  1.9181316339215428E+01,  1.0091284378415049E+01,  1.4295547685817707E+00,  8.1073247902830481E-01,  1.1611269286272137E+00, -2.9704756703054414E-01, -5.7603817155109205E-01, -1.3317990029507909E-01, -4.1666729465124919E-01, -1.4604398114508910E-01, -4.4641849412684209E-01, -1.8238373335732438E-01, -1.9290922410866479E-01,  0.0000000000000000E+00,  0.0000000000000000E+00,  0.0000000000000000E+00,  0.0000000000000000E+00,  0.0000000000000000E+00,  0.0000000000000000E+00,  0.0000000000000000E+00,  0.0000000000000000E+00,  0.0000000000000000E+00,  0.0000000000000000E+00,  0.0000000000000000E+00,  0.0000000000000000E+00,  0.0000000000000000E+00,  0.0000000000000000E+00,  0.0000000000000000E+00,  0.0000000000000000E+00
  0.0000000000000000E+00,  8.1971800887484477E+01,  5.4435221210435657E+01,  5.0934612454933472E+01,  4.8979067651645948E+01,  2.3599685765651081E+01,  2.0555542418763952E+01,  2.1831705207574803E+01,  1.6348756365971976E+01,  3.0158634539968494E+00,  1.7335695814847401E+00,  2.8826782172053367E-01, -5.4295025076825798E-01, -6.9655593082409051E-01, -5.2716865839993488E-01,  1.8801722046328262E-01,  3.5133977117458581E-03, -6.3986256761656513E-01, -4.1341513558027088E-01, -3.0235286021660301E-01,  0.0000000000000000E+00,  0.0000000000000000E+00,  0.0000000000000000E+00,  0.0000000000000000E+00,  0.0000000000000000E+00,  0.0000000000000000E+00,  0.0000000000000000E+00,  0.0000000000000000E+00,  0.0000000000000000E+00,  0.0000000000000000E+00,  0.0000000000000000E+00,  0.0000000000000000E+00,  0.0000000000000000E+00,  0.0000000000000000E+00,  0.0000000000000000E+00,  0.0000000000000000E+00
  0.0000000000000000E+00,  7.1997935772417719E+01,  6.7834326376512450E+01,  6.2821355123881183E+01,  5.0723728221422036E+01,  2.1515649263603763E+01,  2.2800178286896212E+01,  2.0576620579142862E+01,  1.3197633491518541E+01,  3.1634118579857069E+00,  1.0931831658110811E+00,  1.0667663572719146E+00, -1.0295322462301695E+00, -7.6516593634849417E-01, -5.2230925404860806E-01, -1.8591354623193856E-01, -4.2815451165371743E-01, -3.3355284339014057E-01,  2.4411702635209903E-01, -5.0543396770362736E-01,  0.0000000000000000E+00,  0.0000000000000000E+00,  0.0000000000000000E+00,  0.0000000000000000E+00,  0.0000000000000000E+00,  0.0000000000000000E+00,  0.0000000000000000E+00,  0.0000000000000000E+00,  0.0000000000000000E+00,  0.0000000000000000E+00,  0.0000000000000000E+00,  0.0000000000000000E+00,  0.0000000000000000E+00,  0.0000000000000000E+00,  0.0000000000000000E+00,  0.0000000000000000E+00
  0.0000000000000000E+00,  7.2958560414366247E+01,  6.9019058919026790E+01,  6.0628993276935056E+01,  3.8445347131354659E+01,  2.9272716521260111E+01,  2.5041727150996259E+01,  2.4433709813700027E+01,  1.8852863541715880E+01,  5.4257410951439544E-01,  9.1246895696016983E-01, -4.1091998833458376E-01, -2.5940461207545729E-01,  4.7448345890779109E-01, -3.4017227584593401E-01, -6.4324414802791086E-01, -2.1378352997027572E-01, -3.4376522449924185E-01, -5.2487863926135669E-01, -7.5797707248976276E-02,  0.0000000000000000E+00,  0.0000000000000000E+00,  0.0000000000000000E+00,  0.0000000000000000E+00,  0.0000000000000000E+00,  0.0000000000000000E+00,  0.0000000000000000E+00,  0.0000000000000000E+00,  0.0000000000000000E+00,  0.0000000000000000E+00,  0.0000000000000000E+00,  0.0000000000000000E+00,  0.0000000000000000E+00,  0.0000000000000000E+00,  0.0000000000000000E+00,  0.0000000000000000E+00
  0.0000000000000000E+00,  7.3451043359917250E+01,  6.2640170885242064E+01,  4.8271543399238212E+01,  3.2507281109956466E+01,  3.5058062130740993E+01,  2.0390794481014755E+01,  1.6926884855577853E+01,  1.5242400091466664E+01,  2.1586494669181859E+00,  2.0283796491847208E+00, -2.0119872977682318E-01, -2.4749783589015384E-01,  1.9476285256567127E-01,  4.0734353031375869E-01, -2.4071019646399172E-01, -9.5894459229301621E-02, -3.4446249935909312E-01, -3.0922631501528608E-01, -1.5595332371571724E-01,  0.0000000000000000E+00,  0.0000000000000000E+00,  0.0000000000000000E+00,  0.0000000000000000E+00,  0.0000000000000000E+00,  0.0000000000000000E+00,  0.0000000000000000E+00,  0.0000000000000000E+00,  0.0000000000000000E+00,  0.0000000000000000E+00,  0.0000000000000000E+00,  0.0000000000000000E+00,  0.0000000000000000E+00,  0.0000000000000000E+00,  0.0000000000000000E+00,  0.0000000000000000E+00
  0.0000000000000000E+00,  7.2242143831214889E+01,  6.2931206186094784E+01,  6.4928120488622227E+01,  4.4725246597999430E+01,  2.5220369386875184E+01,  2.4347498040300053E+01,  1.8811645427572181E+01,  1.1644720249726841E+01,  2.1987419767895182E+00,  9.4499264917584513E-01, -8.8820833369026464E-01, -1.1357196017120774E-01, -1.0064534544307771E+00,  8.4035871867314371E-01,  7.7840960240411383E-01,  1.3304683513418691E-01, -3.1365976747701807E-02, -1.3926345778472982E-01, -5.1559249021769382E-01,  0.0000000000000000E+00,  0.0000000000000000E+00,  0.0000000000000000E+00,  0.0000000000000000E+00,  0.0000000000000000E+00,  0.0000000000000000E+00,  0.0000000000000000E+00,  0.0000000000000000E+00,  0.0000000000000000E+00,  0.0000000000000000E+00,  0.0000000000000000E+00,  0.0000000000000000E+00,  0.0000000000000000E+00,  0.0000000000000000E+00,  0.0000000000000000E+00,  0.0000000000000000E+00
  0.0000000000000000E+00,  5.5085170177800286E+01,  5.4043128274484033E+01,  5.6465870468311415E+01,  4.4265344599370316E+01,  3.2143076037390820E+01,  2.6866251131872957E+01,  1.9186559417763743E+01,  1.5581442678533012E+01,  4.3259649382443754E-01,  9.5835192670731129E-01,  4.1604505768960420E-01,  1.0120774078668116E+00, -1.3176716524122232E+00,  4.5302378124871723E-01, -8.0405004036215089E-01, -5.6625493176512220E-02, -1.5074158806469373E-01, -5.0211223268337712E-01,  1.1452635285240287E-01,  0.0000000000000000E+00,  0.0000000000000000E+00,  0.0000000000000000E+00,  0.0000000000000000E+00,  0.0000000000000000E+00,  0.0000000000000000E+00,  0.0000000000000000E+00,  0.0000000000000000E+00,  0.0000000000000000E+00,  0.0000000000000000E+00,  0.0000000000000000E+00,  0.0000000000000000E+00,  0.0000000000000000E+00,  0.0000000000000000E+00,  0.0000000000000000E+00,  0.0000000000000000E+00
  0.0000000000000000E+00,  8.0951821531972669E+01,  7.0093930509663835E+01,  7.0797073918760660E+01,  6.3274631937050508E+01,  2.0007119650864780E+01,  2.0194642484758361E+01,  1.5286822055122485E+01,  1.9558790910074084E+01,  1.3314285357748830E+00,  8.2310332326850233E-01,  1.6914897235538962E+00, -6.8919294570876621E-01, -6.0690192994199077E-01,  3.4696309256456909E-01,  4.9262203057283460E-01, -5.4316287089717963E-01, -8.8104597235339921E-01, -2.4130813925666628E-01, -4.3625050406337257E-01,  0.0000000000000000E+00,  0.0000000000000000E+00,  0.0000000000000000E+00,  0.0000000000000000E+00,  0.0000000000000000E+00,  0.0000000000000000E+00,  0.0000000000000000E+00,  0.0000000000000000E+00,  0.0000000000000000E+00,  0.0000000000000000E+00,  0.0000000000000000E+00,  0.0000000000000000E+00,  0.0000000000000000E+00,  0.0000000000000000E+00,  0.0000000000000000E+00,  0.0000000000000000E+00
  0.0000000000000000E+00,  5.9887196201755849E+01,  6.1774101925869530E+01,  5.3870664544979903E+01,  4.2796484329701443E+01,  2.9067670770475971E+01,  2.5476944488874995E+01,  1.6827283660638365E+01,  1.1987624042257554E+01, -7.5689326401163637E-01,  1.6441520061821753E+00,  2.5856739341291597E+00, -5.5945642950839247E-01, -1.5781153898931755E-01,  7.9392582196350969E-01,  1.1789203789540403E-02,  3.3330981572838436E-01, -5.0100862441530269E-01, -9.7004779018888998E-01,  1.5604967239067727E-01,  0.0000000000000000E+00,  0.0000000000000000E+00,  0.0000000000000000E+00,  0.0000000000000000E+00,  0.0000000000000000E+00,  0.0000000000000000E+00,  0.0000000000000000E+00,  0.0000000000000000E+00,  0.0000000000000000E+00,  0.0000000000000000E+00,  0.0000000000000000E+00,  0.0000000000000000E+00,  0.0000000000000000E+00,  0.0000000000000000E+00,  0.0000000000000000E+00,  0.0000000000000000E+00
  0.0000000000000000E+00,  7.6458607574488042E+01,  6.7781399453529275E+01,  5.5273966857311443E+01,  3.9547101227164895E+01,  1.6315735866556658E+01,  1.5539966363167153E+01,  1.2982502522345776E+01,  1.6387446756152997E+01,  3.2414321575123015E+00,  1.1110643556086628E+00,  1.9090096177669866E+00,  4.4892227002554108E-01,  1.0161678844820157E+00, -7.0636507492750988E-01, -3.4578827331764783E-01, -4.0474136225615320E-01, -2.9957117986594817E-01, -5.1089926112106943E-01,  6.7001968903125875E-02,  0.0000000000000000E+00,  0.0000000000000000E+00,  0.0000000000000000E+00,  0.0000000000000000E+00,  0.0000000000000000E+00,  0.0000000000000000E+00,  0.0000000000000000E+00,  0.0000000000000000E+00,  0.0000000000000000E+00,  0.0000000000000000E+00,  0.0000000000000000E+00,  0.0000000000000000E+00,  0.0000000000000000E+00,  0.0000000000000000E+00,  0.0000000000000000E+00,  0.0000000000000000E+00
  0.0000000000000000E+00,  7.9089570033888222E+01,  6.4135951164869880E+01,  4.9230966939042659E+01,  4.1640155032431366E+01,  2.8571352992279976E+01,  2.3393385521101347E+01,  1.4996239093880337E+01,  9.2677589181245761E+00,  1.3307667130039866E+00,  3.8284640351107946E-01,  1.7381045298793136E+00, -3.0794702914798977E-01, -3.8404544842465205E-01, -4.8641992244505272E-01, -3.3204089665677983E-01,  1.2310739012878180E-01, -4.6509425258703541E-01, -1.0886082592915236E-02, -3.1627689555033300E-01,  0.0000000000000000E+00,  0.0000000000000000E+00,  0.0000000000000000E+00,  0.0000000000000000E+00,  0.0000000000000000E+00,  0.0000000000000000E+00,  0.0000000000000000E+00,  0.0000000000000000E+00,  0.0000000000000000E+00,  0.0000000000000000E+00,  0.0000000000000000E+00,  0.0000000000000000E+00,  0.0000000000000000E+00,  0.0000000000000000E+00,  0.0000000000000000E+00,  0.0000000000000000E+00
  0.0000000000000000E+00,  5.8534629872351267E+01,  5.8673497656146374E+01,  5.1195524083247690E+01,  3.2533241791940107E+01,  2.1923131348238520E+01,  2.4425908296531503E+01,  1.7278825726157635E+01,  1.7262155007887255E+01,  2.1936685869863881E+00,  3.1956098861591484E+00,  1.1496419318259163E+00,  7.2908564598473524E-01,  2.6831052660652333E-02, -6.3520529177771978E-01, -5.4243039168125473E-01, -2.4380117696460091E-01, -3.0706050733996082E-01, -5.7121836590776631E-01, -3.4776330446758441E-01,  0.0000000000000000E+00,  0.0000000000000000E+00,  0.0000000000000000E+00,  0.0000000000000000E+00,  0.0000000000000000E+00,  0.0000000000000000E+00,  0.0000000000000000E+00,  0.0000000000000000E+00,  0.0000000000000000E+00,  0.0000000000000000E+00,  0.0000000000000000E+00,  0.0000000000000000E+00,  0.0000000000000000E+00,  0.0000000000000000E+00,  0.0000000000000000E+00,  0.0000000000000000E+00
  0.0000000000000000E+00,  8.3971625590583784E+01,  5.6004533698061465E+01,  4.8618583205788823E+01,  4.4675299536812446E+01,  2.2245612412280323E+01,  2.2796545300030701E+01,  1.9709370651010481E+01,  1.1868889159560995E+01,  1.6945426385094029E+00,  8.8787171769384821E-01,  9.8191554674041681E-01, -3.9303045600324293E-01, -4.1585347941297135E-01,  7.3751129610127308E-01, -6.3535225999828349E-01, -6.8122976894945486E-01,  9.3383274464557187E-02, -1.7924462630995619E-01, -3.9998275481598800E-01,  0.0000000000000000E+00,  0.0000000000000000E+00,  0.0000000000000000E+00,  0.0000000000000000E+00,  0.0000000000000000E+00,  0.0000000000000000E+00,  0.0000000000000000E+00,  0.0000000000000000E+00,  0.0000000000000000E+00,  0.0000000000000000E+00,  0.0000000000000000E+00,  0.0000000000000000E+00,  0.0000000000000000E+00,  0.0000000000000000E+00,  0.0000000000000000E+00,  0.0000000000000000E+00
  0.0000000000000000E+00,  6.0900889966089267E+01,  5.8168931244100690E+01,  5.1519434016024775E+01,  4.0716785003228907E+01,  2.4680051136377806E+01,  2.1528498833359830E+01,  1.8531355704601907E+01,  1.2768037445618372E+01,  2.7492946193847456E+00,  7.7207143235566011E-01,  1.7006942066489952E+00, -1.4386597460245421E+00,  7.3779650423821619E-01,  2.5784068560250906E-01,  2.0288652686397046E-01,  2.1392461426841125E-01,  2.9161574877412888E-01, -4.8489884114023252E-01, -9.3565512965916553E-01,  0.0000000000000000E+00,  0.0000000000000000E+00,  0.0000000000000000E+00,  0.0000000000000000E+00,  0.0000000000000000E+00,  0.0000000000000000E+00,  0.0000000000000000E+00,  0.0000000000000000E+00,  0.0000000000000000E+00,  0.0000000000000000E+00,  0.0000000000000000E+00,  0.0000000000000000E+00,  0.0000000000000000E+00,  0.0000000000000000E+00,  0.0000000000000000E+00,  0.0000000000000000E+00
  0.0000000000000000E+00,  8.5896431973363974E+01,  6.9569380546198545E+01,  6.5180919240820003E+01,  3.9441017987841811E+01,  2.1068203879248173E+01,  1.8578319891369119E+01,  1.8194349693070368E+01,  1.6499276685299236E+01,  1.0466355359732660E+00,  1.1842945086664693E+00,  5.3579882759364317E-01,  1.6681425027865959E-01, -1.3110813139104684E+00,  4.2691890035524382E-01, -9.2936704179971352E-02, -3.6940919535846428E-01,  1.4766161761260621E-01, -8.1066514667978584E-01, -4.0355655416242187E-01,  0.0000000000000000E+00,  0.0000000000000000E+00,  0.0000000000000000E+00,  0.0000000000000000E+00,  0.0000000000000000E+00,  0.0000000000000000E+00,  0.0000000000000000E+00,  0.0000000000000000E+00,  0.0000000000000000E+00,  0.0000000000000000E+00,  0.0000000000000000E+00,  0.0000000000000000E+00,  0.0000000000000000E+00,  0.0000000000000000E+00,  0.0000000000000000E+00,  0.0000000000000000E+00
  0.0000000000000000E+00,  7.6820131707876783E+01,  5.7135019955454837E+01,  4.7123034298803702E+01,  3.6759778210850172E+01,  2.1575855147436371E+01,  2.1435343999332936E+01,  1.6734334532910367E+01,  1.1765095812499132E+01,  2.3904190149473590E+00,  2.1288234060391154E+00,  1.5161122627043420E+00, -4.2935516344963043E-01,  1.6988792872795400E-01,  2.2712330167275230E-01, -2.5910873586483851E-01, -4.8114797765615291E-01, -1.7584299292477534E-01, -2.5406984314261671E-01, -2.3615096945859521E-01,  0.0000000000000000E+00,  0.0000000000000000E+00,  0.0000000000000000E+00,  0.0000000000000000E+00,  0.0000000000000000E+00,  0.0000000000000000E+00,  0.0000000000000000E+00,  0.0000000000000000E+00,  0.0000000000000000E+00,  0.0000000000000000E+00,  0.0000000000000000E+00,  0.0000000000000000E+00,  0.0000000000000000E+00,  0.0000000000000000E+00,  0.0000000000000000E+00,  0.0000000000000000E+00
  0.0000000000000000E+00,  6.8877545623735841E+01,  7.1323062657403213E+01,  6.0605958319282379E+01,  4.1159862249157364E+01,  2.4518192638463063E+01,  2.1871430262492119E+01,  2.1130449414595844E+01,  1.5380676581916145E+01,  1.1996383056627202E+00,  8.0785382389689131E-01,  1.2696826937738326E-02,  1.5030357742675378E+00, -5.9812279882522856E-01, -6.0630638352518962E-01,  3.4176261512284656E-01, -6.1251542669654868E-01, -7.3212231287895813E-01, -3.5551134030157955E-01, -6.8647119092148379E-03,  0.0000000000000000E+00,  0.0000000000000000E+00,  0.0000000000000000E+00,  0.0000000000000000E+00,  0.0000000000000000E+00,  0.0000000000000000E+00,  0.0000000000000000E+00,  0.0000000000000000E+00,  0.0000000000000000E+00,  0.0000000000000000E+00,  0.0000000000000000E+00,  0.0000000000000000E+00,  0.0000000000000000E+00,  0.0000000000000000E+00,  0.0000000000000000E+00,  0.0000000000000000E+00
  0.0000000000000000E+00,  7.1277566702048063E+01,  5.8409884955045555E+01,  5.5618495671265983E+01,  5.1516723548098170E+01,  2.8125722013490734E+01,  2.1975009931978342E+01,  1.5112589143357528E+01,  1.3960127042894193E+01,  4.1085142083237667E+00,  3.4539597289282562E+00, -1.9009566658837851E-01,  1.0658257695273505E+00, -1.8576462987922460E-01, -3.5210309559704189E-01, -4.4680555785418385E-01, -1.2986911555689773E-01, -7.0372324204686143E-01, -6.1729664529326156E-02, -5.1262283936194475E-02,  0.0000000000000000E+00,  0.0000000000000000E+00,  0.0000000000000000E+00,  0.0000000000000000E+00,  0.0000000000000000E+00,  0.0000000000000000E+00,  0.0000000000000000E+00,  0.0000000000000000E+00,  0.0000000000000000E+00,  0.0000000000000000E+00,  0.0000000000000000E+00,  0.0000000000000000E+00,  0.0000000000000000E+00,  0.0000000000000000E+00,  0.0000000000000000E+00,  0.0000000000000000E+00
  0.0000000000000000E+00,  7.4079666345490580E+01,  6.6471264589086999E+01,  6.0485837727762743E+01,  4.1492603292471571E+01,  3.7437173389440375E+01,  3.0238242404359745E+01,  1.5889917482192097E+01,  1.1557422721058998E+01,  2.9964670393197927E+00,  1.7118707844261647E+00,  4.9494809518419980E-01,  1.7665694879888649E-01,  2.6792979229307767E-01, -3.8847125752982758E-01, -8.5158977035221228E-01, -3.6087614878334984E-01, -4.3188401180554681E-01, -3.7485182780596160E-01, -4.5668391645534046E-02,  0.0000000000000000E+00,  0.0000000000000000E+00,  0.0000000000000000E+00,  0.0000000000000000E+00,  0.0000000000000000E+00,  0.0000000000000000E+00,  0.0000000000000000E+00,  0.0000000000000000E+00,  0.0000000000000000E+00,  0.0000000000000000E+00,  0.0000000000000000E+00,  0.0000000000000000E+00,  0.0000000000000000E+00,  0.0000000000000000E+00,  0.0000000000000000E+00,  0.0000000000000000E+00
  0.0000000000000000E+00,  6.0649198359881240E+01,  6.1551678583261932E+01,  5.3861339884578641E+01,  4.0430572100104733E+01,  2.7752123599112863E+01,  1.6567719028163442E+01,  1.8886197750221328E+01,  1.8626482767129410E+01,  2.9110058924017088E+00,  1.4726002952778567E+00,  1.3639809601318826E+00,  5.9545640708820868E-01, -1.7091015950849631E-01, -5.6373351112741132E-01, -8.6105092974111330E-01, -1.2167824129219440E-01,  6.1706345542592911E-02, -3.0503049592274745E-01, -4.9214060826340178E-01,  0.0000000000000000E+00,  0.0000000000000000E+00,  0.0000000000000000E+00,  0.0000000000000000E+00,  0.0000000000000000E+00,  0.0000000000000000E+00,  0.0000000000000000E+00,  0.0000000000000000E+00,  0.0000000000000000E+00,  0.0000000000000000E+00,  0.0000000000000000E+00,  0.0000000000000000E+00,  0.0000000000000000E+00,  0.0000000000000000E+00,  0.0000000000000000E+00,  0.0000000000000000E+00
  0.0000000000000000E+00,  7.2113309857665371E+01,  6.8480694796732053E+01,  4.8416146694395778E+01,  4.2814834541827572E+01,  2.9694674781518160E+01,  1.8133565014990015E+01,  1.9239380441723384E+01,  1.8266364193064408E+01,  2.1081108305215235E+00,  2.6593503437399968E+00, -3.5452672886524028E-01, -1.9867416557940554E-02, -1.0880693581951806E-01,  3.2668230920512098E-01, -3.3466354289599654E-01, -4.5056753002964312E-01, -6.2735819408488336E-01, -1.4198564791669810E-01, -1.9444753676155280E-01,  0.0000000000000000E+00,  0.0000000000000000E+00,  0.0000000000000000E+00,  0.0000000000000000E+00,  0.0000000000000000E+00,  0.0000000000000000E+00,  0.0000000000000000E+00,  0.0000000000000000E+00,  0.0000000000000000E+00,  0.0000000000000000E+00,  0.0000000000000000E+00,  0.0000000000000000E+00,  0.0000000000000000E+00,  0.0000000000000000E+00,  0.0000000000000000E+00,  0.0000000000000000E+00
  0.0000000000000000E+00,  8.2624665737490830E+01,  5.7577398742670070E+01,  4.7779207134022577E+01,  4.3939499039370396E+01,  2.8312115758278232E+01,  2.5613677497994843E+01,  2.1092630168282838E+01,  1.3484526812036190E+01,  4.9495354827373319E+00,  6.0782730489167047E-01, -2.7524003050482193E-01,  1.5512820864425612E+00, -6.8812212757399038E-01,  3.2293952094807454E-01, -4.4043927500711977E-01,  1.4699239753078386E-01, -3.3016791917185173E-01,  2.2332790527238855E-03, -3.0849459686825809E-01,  0.0000000000000000E+00,  0.0000000000000000E+00,  0.0000000000000000E+00,  0.0000000000000000E+00,  0.0000000000000000E+00,  0.0000000000000000E+00,  0.0000000000000000E+00,  0.0000000000000000E+00,  0.0000000000000000E+00,  0.0000000000000000E+00,  0.0000000000000000E+00,  0.0000000000000000E+00,  0.0000000000000000E+00,  0.0000000000000000E+00,  0.0000000000000000E+00,  0.0000000000000000E+00
  0.0000000000000000E+00,  8.4910786951431618E+01,  5.9362034090764752E+01,  6.1274973177036031E+01,  3.7743681989060555E+01,  2.8836584662224038E+01,  2.0156972897490473E+01,  2.2525699483572097E+01,  1.7757948307837488E+01,  2.3659311916023813E+00,  1.5097770814470941E+00, -7.9415196578385205E-01,  1.5195548360905109E-01, -9.6983449054714588E-01,  4.6024795830479293E-01, -9.9915407439205239E-02,  2.5638331647782442E-01, -1.9859186018270542E-01, -2.9269317949057216E-01, -3.6760072114587183E-01,  0.0000000000000000E+00,  0.0000000000000000E+00,  0.0000000000000000E+00,  0.0000000000000000E+00,  0.0000000000000000E+00,  0.0000000000000000E+00,  0.0000000000000000E+00,  0.0000000000000000E+00,  0.0000000000000000E+00,  0.0000000000000000E+00,  0.0000000000000000E+00,  0.0000000000000000E+00,  0.0000000000000000E+00,  0.0000000000000000E+00,  0.0000000000000000E+00,  0.0000000000000000E+00
  0.0000000000000000E+00,  9.0009015235800689E+01,  6.2048516153997937E+01,  5.8569454328183340E+01,  5.1962818163111280E+01,  1.8527475409299626E+01,  1.8109587316893869E+01,  1.5413588219904451E+01,  1.4752257935961337E+01,  4.2706388532723132E+00,  2.8928433487994987E+00,  4.4120964105471394E-02,  1.3888078168964180E-01, -4.8879509906642737E-01, -5.4608109469672861E-01, -2.4487761651514806E-01, -3.0021767190841686E-01, -1.0220255321624705E-01, -3.5678108622141480E-01, -2.6901519446751165E-01,  0.0000000000000000E+00,  0.0000000000000000E+00,  0.0000000000000000E+00,  0.0000000000000000E+00,  0.0000000000000000E+00,  0.0000000000000000E+00,  0.0000000000000000E+00,  0.0000000000000000E+00,  0.0000000000000000E+00,  0.0000000000000000E+00,  0.0000000000000000E+00,  0.0000000000000000E+00,  0.0000000000000000E+00,  0.0000000000000000E+00,  0.0000000000000000E+00,  0.0000000000000000E+00
  0.0000000000000000E+00,  7.1831667527022034E+01,  5.6654301749515220E+01,  4.8683471225149930E+01,  5.5073164807490585E+01,  2.2077665993426166E+01,  2.2120411688890592E+01,  1.6153828548960604E+01,  1.5767769746219296E+01,  1.8625860262511731E+00,  1.6086515165268882E+00,  9.7383011652198093E-02,  2.5930150170793631E-01,  1.8056402447733011E-01,  3.5673417452929279E-01, -1.6972277740522990E-01, -7.0341086635832584E-01, -4.0116974360966834E-01, -3.6601818364440597E-01, -5.8208581290823846E-01,  0.0000000000000000E+00,  0.0000000000000000E+00,  0.0000000000000000E+00,  0.0000000000000000E+00,  0.0000000000000000E+00,  0.0000000000000000E+00,  0.0000000000000000E+00,  0.0000000000000000E+00,  0.0000000000000000E+00,  0.0000000000000000E+00,  0.0000000000000000E+00,  0.0000000000000000E+00,  0.0000000000000000E+00,  0.0000000000000000E+00,  0.0000000000000000E+00,  0.0000000000000000E+00
  0.0000000000000000E+00,  8.1915583314126721E+01,  5.8951888903859057E+01,  5.3285960715914499E+01,  3.8911881401288881E+01,  3.1243928263601362E+01,  2.4989925081805740E+01,  1.8635434857797357E+01,  1.8608454586800619E+01,  3.6590117723883520E-01,  7.7753066292345352E-02, -2.5011384801568370E-01,  1.1047548382624361E-01, -4.2692908279878550E-01,  7.5422274049697369E-01, -3.9950729718727218E-01, -7.0173548791439999E-01, -2.2870314019435012E-01, -3.3379483058442294E-02, -3.3444296509126548E-01,  0.0000000000000000E+00,  0.0000000000000000E+00,  0.0000000000000000E+00,  0.0000000000000000E+00,  0.0000000000000000E+00,  0.0000000000000000E+00,  0.0000000000000000E+00,  0.0000000000000000E+00,  0.0000000000000000E+00,  0.0000000000000000E+00,  0.0000000000000000E+00,  0.0000000000000000E+00,  0.0000000000000000E+00,  0.0000000000000000E+00,  0.0000000000000000E+00,  0.0000000000000000E+00
  0.0000000000000000E+00,  6.6396838679633674E+01,  5.2273371981060663E+01,  5.9823031608601084E+01,  5.1922614416241927E+01,  2.4362807027686259E+01,  1.8360307746945239E+01,  1.9563174926556297E+01,  1.9796975997485088E+01,  1.2681642981052268E+00, -4.8256944964597448E-01,  1.7367952136373876E-01,  6.1754972479456560E-01,  6.5207572690339854E-01, -7.7888201572727689E-02, -6.9345632257786427E-01,  2.6560846678375549E-02, -3.3138304439761090E-01, -2.1071784175462627E-02, -5.5715216699779946E-01,  0.0000000000000000E+00,  0.0000000000000000E+00,  0.0000000000000000E+00,  0.0000000000000000E+00,  0.0000000000000000E+00,  0.0000000000000000E+00,  0.0000000000000000E+00,  0.0000000000000000E+00,  0.0000000000000000E+00,  0.0000000000000000E+00,  0.0000000000000000E+00,  0.0000000000000000E+00,  0.0000000000000000E+00,  0.0000000000000000E+00,  0.0000000000000000E+00,  0.0000000000000000E+00
  0.0000000000000000E+00,  6.5049526521869154E+01,  5.7577420066372184E+01,  6.0390819207333024E+01,  5.2983600120630484E+01,  2.5091082374208248E+01,  2.3356161333150460E+01,  2.0303808012413175E+01,  1.4162193971018873E+01,  2.8082383612448139E+00,  9.4561490680250726E-01,  3.9869598014502472E-01,  4.2001367305724946E-01, -3.9568690705732434E-02, -9.1208188076036611E-01, -3.9156195359121893E-01, -7.8891354685902693E-02, -6.5586443883771728E-01, -6.1017167087091306E-01,  9.2908351987593285E-02,  0.0000000000000000E+00,  0.0000000000000000E+00,  0.0000000000000000E+00,  0.0000000000000000E+00,  0.0000000000000000E+00,  0.0000000000000000E+00,  0.0000000000000000E+00,  0.0000000000000000E+00,  0.0000000000000000E+00,  0.0000000000000000E+00,  0.0000000000000000E+00,  0.0000000000000000E+00,  0.0000000000000000E+00,  0.0000000000000000E+00,  0.0000000000000000E+00,  0.0000000000000000E+00
  0.0000000000000000E+00,  8.5610271750585611E+01,  7.1290145566104741E+01,  6.3668104828978173E+01,  5.2581465894400637E+01,  2.3755283101604270E+01,  2.0380997152712890E+01,  1.6230721985539404E+01,  1.5985774235807757E+01,  2.4814171059272194E+00,  1.3448121649699623E+00,  8.9698548590093985E-01,  1.4078332375367508E-01,  5.4514795553248785E-01, -1.8564366057585380E-02, -1.4629155242953007E-01, -5.4634903961562320E-01, -4.1171170935662338E-01, -4.0878427824986130E-01, -1.5341797185272099E-01,  0.0000000000000000E+00,  0.0000000000000000E+00,  0.0000000000000000E+00,  0.0000000000000000E+00,  0.0000000000000000E+00,  0.0000000000000000E+00,  0.0000000000000000E+00,  0.0000000000000000E+00,  0.0000000000000000E+00,  0.0000000000000000E+00,  0.0000000000000000E+00,  0.0000000000000000E+00,  0.0000000000000000E+00,  0.0000000000000000E+00,  0.0000000000000000E+00,  0.0000000000000000E+00
  0.0000000000000000E+00,  6.4699938501457353E+01,  6.4512566520443769E+01,  4.9425267811381303E+01,  3.9771256617187134E+01,  2.6969977801714535E+01,  2.6037809660182539E+01,  2.8358519489241544E+01,  1.7053299444869587E+01,  1.3795133225913179E+00,  1.4398642277680684E-01,  7.6275327081893662E-01,  4.0516346753104759E-01, -1.1546048829349487E-01,  4.8872949578338698E-01, -2.3502053761472941E-01, -4.8270529400698237E-01, -2.4625349711961442E-01, -6.6948593931114719E-01, -3.4962831051177679E-01,  0.0000000000000000E+00,  0.0000000000000000E+00,  0.0000000000000000E+00,  0.0000000000000000E+00,  0.0000000000000000E+00,  0.0000000000000000E+00,  0.0000000000000000E+00,  0.0000000000000000E+00,  0.0000000000000000E+00,  0.0000000000000000E+00,  0.0000000000000000E+00,  0.0000000000000000E+00,  0.0000000000000000E+00,  0.0000000000000000E+00,  0.0000000000000000E+00,  0.0000000000000000E+00
  0.0000000000000000E+00,  6.3032560784458440E+01,  5.4951621552258473E+01,  5.4067130732581411E+01,  4.8854754043390372E+01,  3.0659333247378694E+01,  2.6282076249674610E+01,  1.8386529903576797E+01,  1.0452821525146589E+01,  2.2041781462738648E+00,  8.9233856738293360E-01,  1.0785934157540389E+00,  6.8462492506426065E-01,  3.9810539626411856E-01, -9.1407495439720376E-02,  1.2647243758976789E-01, -4.1735975512566248E-01, -5.2028738789710038E-01, -4.7056223336128555E-01, -4.0315128667668360E-01,  0.0000000000000000E+00,  0.0000000000000000E+00,  0.0000000000000000E+00,  0.0000000000000000E+00,  0.0000000000000000E+00,  0.0000000000000000E+00,  0.0000000000000000E+00,  0.0000000000000000E+00,  0.0000000000000000E+00,  0.0000000000000000E+00,  0.0000000000000000E+00,  0.0000000000000000E+00,  0.0000000000000000E+00,  0.0000000000000000E+00,  0.0000000000000000E+00,  0.0000000000000000E+00
  0.0000000000000000E+00,  7.5827668012667914E+01,  6.0990027034175498E+01,  6.3643802823282577E+01,  5.7326669381196844E+01,  2.4471045136270178E+01,  2.1959052382876450E+01,  1.2215683882127914E+01,  1.1391645867014201E+01,  4.6101572587127855E+00,  1.6339312673795141E+00,  1.2933242785137669E+00, -2.0766142880107230E-01,  1.1311407372078275E-01,  9.4774688559390974E-02,  4.9353887497891019E-01, -2.3212550941228738E-01, -4.1721977906093288E-01, -2.0986702913941063E-01, -2.1142503465186446E-01,  0.0000000000000000E+00,  0.0000000000000000E+00,  0.0000000000000000E+00,  0.0000000000000000E+00,  0.0000000000000000E+00,  0.0000000000000000E+00,  0.0000000000000000E+00,  0.0000000000000000E+00,  0.0000000000000000E+00,  0.0000000000000000E+00,  0.0000000000000000E+00,  0.0000000000000000E+00,  0.0000000000000000E+00,  0.0000000000000000E+00,  0.0000000000000000E+00,  0.0000000000000000E+00
  0.0000000000000000E+00,  5.9007658885329434E+01,  5.8224049123777228E+01,  6.0345428249084705E+01,  5.6937938938720379E+01,  3.3491009254975275E+01,  2.3235772134205178E+01,  2.2554995114399105E+01,  1.9045862605395964E+01,  3.3522403708398674E-01,  1.5799852732810189E+00,  1.7433505771035063E+00,  2.0374966775661241E-01,  1.3703162738805341E-01,  7.6569671152122343E-01,  1.2443367402736083E-01, -4.7698043681080793E-01, -3.3046199194236370E-01, -5.9642773791520254E-01, -3.5926866397890928E-01,  0.0000000000000000E+00,  0.0000000000000000E+00,  0.0000000000000000E+00,  0.0000000000000000E+00,  0.0000000000000000E+00,  0.0000000000000000E+00,  0.0000000000000000E+00,  0.0000000000000000E+00,  0.0000000000000000E+00,  0.0000000000000000E+00,  0.0000000000000000E+00,  0.0000000000000000E+00,  0.0000000000000000E+00,  0.0000000000000000E+00,  0.0000000000000000E+00,  0.0000000000000000E+00
  0.0000000000000000E+00,  6.6231079132535797E+01,  6.0947505269854936E+01,  5.7616354014806419E+01,  6.1759288555087366E+01,  2.9951534770629124E+01,  2.6122608393192674E+01,  1.5337137618758078E+01,  1.6553036710482452E+01,  1.5985923253705381E+00,  1.6548861067911611E+00,  1.8802183062263791E+00, -2.7221956083295740E-01, -3.8283413162949631E-01,  1.0114360617018601E+00, -6.5627731142951151E-01, -4.8550857347189791E-01, -7.7968887654154440E-01, -4.5223843452953660E-02, -2.5465922849636224E-02,  0.0000000000000000E+00,  0.0000000000000000E+00,  0.0000000000000000E+00,  0.0000000000000000E+00,  0.0000000000000000E+00,  0.0000000000000000E+00,  0.0000000000000000E+00,  0.0000000000000000E+00,  0.0000000000000000E+00,  0.0000000000000000E+00,  0.0000000000000000E+00,  0.0000000000000000E+00,  0.0000000000000000E+00,  0.0000000000000000E+00,  0.0000000000000000E+00,  0.0000000000000000E+00
  0.0000000000000000E+00,  5.3342366297262913E+01,  5.2221706425262369E+01,  5.2593840818922757E+01,  4.0011644308529725E+01,  2.4357557320214859E+01,  2.3956916885782547E+01,  2.1362479776601006E+01,  1.9818459721504293E+01,  3.0256740922816014E+00,  8.4766066515077254E-01,  1.5242942370319645E-01,  6.4906971281096570E-01,  6.5640918934925074E-02, -2.6320387758018438E-01, -3.0822434595107362E-01, -2.1303871455454870E-02, -3.0032106200793973E-01, -4.8004382330749529E-01, -3.4085171651353863E-01,  0.0000000000000000E+00,  0.0000000000000000E+00,  0.0000000000000000E+00,  0.0000000000000000E+00,  0.0000000000000000E+00,  0.0000000000000000E+00,  0.0000000000000000E+00,  0.0000000000000000E+00,  0.0000000000000000E+00,  0.0000000000000000E+00,  0.0000000000000000E+00,  0.0000000000000000E+00,  0.0000000000000000E+00,  0.0000000000000000E+00,  0.0000000000000000E+00,  0.0000000000000000E+00
  0.0000000000000000E+00,  7.4127355467980209E+01,  6.6243824968456252E+01,  5.8296814600339360E+01,  4.8529343067914120E+01,  2.9969792231612693E+01,  1.9084495856882739E+01,  1.4237469937242523E+01,  1.3863554015831934E+01,  3.6840018934983032E-01,  4.1612049646146021E-01,  2.3202009300118709E-01,  3.2424587137820882E-01,  3.2881266828730338E-01, -6.7147131915517466E-02, -7.2564336067551238E-01, -1.9590894081750410E-02,  1.2140435970974073E-01, -8.3689095875213848E-01, -4.6238294118629197E-01,  0.0000000000000000E+00,  0.0000000000000000E+00,  0.0000000000000000E+00,  0.0000000000000000E+00,  0.0000000000000000E+00,  0.0000000000000000E+00,  0.0000000000000000E+00,  0.0000000000000000E+00,  0.0000000000000000E+00,  0.0000000000000000E+00,  0.0000000000000000E+00,  0.0000000000000000E+00,  0.0000000000000000E+00,  0.0000000000000000E+00,  0.0000000000000000E+00,  0.0000000000000000E+00
  0.0000000000000000E+00,  8.1602295528920592E+01,  6.2393551937543648E+01,  4.7947789160231835E+01,  4.2923024405546805E+01,  2.6146092377030115E+01,  2.9460480397084595E+01,  1.7402054587075842E+01,  1.8590313760196047E+01,  1.0790078049936200E+00, -1.0585652736778917E-01,  1.3629531620595787E+00, -4.4244605567749962E-01, -2.1777559872431240E-02, -6.1980421698852006E-01, -6.1961041067082112E-01, -4.2070901737147015E-01, -1.3087386777662147E-01, -1.7174745561802973E-01, -3.7373661226360388E-01,  0.0000000000000000E+00,  0.0000000000000000E+00,  0.0000000000000000E+00,  0.0000000000000000E+00,  0.0000000000000000E+00,  0.0000000000000000E+00,  0.0000000000000000E+00,  0.0000000000000000E+00,  0.0000000000000000E+00,  0.0000000000000000E+00,  0.0000000000000000E+00,  0.0000000000000000E+00,  0.0000000000000000E+00,  0.0000000000000000E+00,  0.0000000000000000E+00,  0.0000000000000000E+00
  0.0000000000000000E+00,  7.2195196171490863E+01,  6.3304880047591261E+01,  6.7587639449775210E+01,  5.3742512293498365E+01,  2.4947179716321415E+01,  2.4621890283663184E+01,  1.5715368335409668E+01,  1.2024180350580579E+01,  1.2295984884965145E+00,  1.1030818789814045E+00, -7.0423267264531475E-01, -4.2859962425236131E-01, -2.7998582706377428E-01,  7.0340281446205233E-01, -5.7325176812216505E-01, -1.4258208328039146E-01, -8.7442601837406597E-01,  1.5323447947390989E-01, -5.1052028148609518E-01,  0.0000000000000000E+00,  0.0000000000000000E+00,  0.0000000000000000E+00,  0.0000000000000000E+00,  0.0000000000000000E+00,  0.0000000000000000E+00,  0.0000000000000000E+00,  0.0000000000000000E+00,  0.0000000000000000E+00,  0.0000000000000000E+00,  0.0000000000000000E+00,  0.0000000000000000E+00,  0.0000000000000000E+00,  0.0000000000000000E+00,  0.0000000000000000E+00,  0.0000000000000000E+00
  0.0000000000000000E+00,  6.4236219210720563E+01,  5.6960646463977142E+01,  5.6588636818461154E+01,  5.9284112704897069E+01,  1.9198939844933708E+01,  2.0012963829827029E+01,  1.6915905460576134E+01,  1.9719067738673218E+01,  2.0340671335370604E+00,  4.5741156879723199E-01,  1.7876437762444031E-01,  1.4417893441793419E+00, -6.4923256921844175E-01, -4.1656167955598145E-01, -7.5739476936315908E-01, -3.1336192889441516E-01, -2.6211102138251130E-01,  3.3281929838833141E-01,  1.9430407144820638E-01,  0.0000000000000000E+00,  0.0000000000000000E+00,  0.0000000000000000E+00,  0.0000000000000000E+00,  0.0000000000000000E+00,  0.0000000000000000E+00,  0.0000000000000000E+00,  0.0000000000000000E+00,  0.0000000000000000E+00,  0.0000000000000000E+00,  0.0000000000000000E+00,  0.0000000000000000E+00,  0.0000000000000000E+00,  0.0000000000000000E+00,  0.0000000000000000E+00,  0.0000000000000000E+00
  0.0000000000000000E+00,  8.0132329020042349E+01,  6.1125399933741946E+01,  5.3642478409835277E+01,  4.1513062592659246E+01,  2.8700042979860662E+01,  2.5267994118679002E+01,  2.0858529278634592E+01,  1.5445008363056562E+01,  3.2119681492874701E+00,  1.1410285619401281E+00,  6.8827331397774749E-01, -3.4810783271286283E-03,  1.0038167133478693E-01, -8.8069614117532602E-01,  1.1150525013069679E-02, -5.0360726408594814E-01, -5.0492962038560196E-01,  9.4644193382551034E-02,  3.2212269567378438E-02,  0.0000000000000000E+00,  0.0000000000000000E+00,  0.0000000000000000E+00,  0.0000000000000000E+00,  0.0000000000000000E+00,  0.0000000000000000E+00,  0.0000000000000000E+00,  0.0000000000000000E+00,  0.0000000000000000E+00,  0.0000000000000000E+00,  0.0000000000000000E+00,  0.0000000000000000E+00,  0.0000000000000000E+00,  0.0000000000000000E+00,  0.0000000000000000E+00,  0.0000000000000000E+00
  0.0000000000000000E+00,  6.6084428822092292E+01,  6.3791200906401215E+01,  5.4379707026569022E+01,  3.8995366101669902E+01,  2.7670946211306514E+01,  2.0876830721889583E+01,  2.1268136233200451E+01,  1.6086934239999643E+01,  1.5887353673864011E+00,  2.8396480531799502E+00,  3.5694073643550528E-01,  7.4719510351534435E-01, -1.0077952973614712E-01,  1.9285726951177473E-02, -4.7800710569115346E-01, -1.8807639153756761E-01, -1.8503948254913705E-01, -5.3191796180405315E-01, -4.0617142246468452E-02,  0.0000000000000000E+00,  0.0000000000000000E+00,  0.0000000000000000E+00,  0.0000000000000000E+00,  0.0000000000000000E+00,  0.0000000000000000E+00,  0.0000000000000000E+00,  0.0000000000000000E+00,  0.0000000000000000E+00,  0.0000000000000000E+00,  0.0000000000000000E+00,  0.0000000000000000E+00,  0.0000000000000000E+00,  0.0000000000000000E+00,  0.0000000000000000E+00,  0.0000000000000000E+00
  0.0000000000000000E+00,  7.0068648500524091E+01,  5.6194641933178815E+01,  5.6790461415844021E+01,  5.8431001246806957E+01,  3.8795245194015678E+01,  1.7273820037066990E+01,  1.7364242209043137E+01,  1.2976239867316959E+01,  2.1890408772361623E+00,  6.3163278523657018E-01,  3.3530911817343356E-01, -2.0058058119079525E-01,  5.8000063711454564E-01,  4.1102210400101535E-01, -1.0594084736575549E-01,  1.4411833420447717E-02, -2.8422298288486092E-01, -1.3173219243524970E-01, -3.4005705828801336E-01,  0.0000000000000000E+00,  0.0000000000000000E+00,  0.0000000000000000E+00,  0.0000000000000000E+00,  0.0000000000000000E+00,  0.0000000000000000E+00,  0.0000000000000000E+00,  0.0000000000000000E+00,  0.0000000000000000E+00,  0.0000000000000000E+00,  0.0000000000000000E+00,  0.0000000000000000E+00,  0.0000000000000000E+00,  0.0000000000000000E+00,  0.0000000000000000E+00,  0.0000000000000000E+00
  0.0000000000000000E+00,  5.8701379307676262E+01,  5.2537238454252609E+01,  5.7417272787976650E+01,  4.4725487986482037E+01,  3.0557484306750467E+01,  2.8972665485933163E+01,  1.4950688768068652E+01,  9.2545299946188848E+00,  2.7489420170204868E+00,  9.8248166613164667E-01,  1.5534992680457762E+00, -3.4183406554028095E-01,  8.8401606262688759E-01, -2.0504576315894152E-01,  2.3115638720299725E-01,  4.8970137748201470E-01, -3.6845603155218365E-01, -4.0118258132936169E-01,  1.6931790228354615E-02,  0.0000000000000000E+00,  0.0000000000000000E+00,  0.0000000000000000E+00,  0.0000000000000000E+00,  0.0000000000000000E+00,  0.0000000000000000E+00,  0.0000000000000000E+00,  0.0000000000000000E+00,  0.0000000000000000E+00,  0.0000000000000000E+00,  0.0000000000000000E+00,  0.0000000000000000E+00,  0.0000000000000000E+00,  0.0000000000000000E+00,  0.0000000000000000E+00,  0.0000000000000000E+00
  0.0000000000000000E+00,  7.2333840923396977E+01,  6.0874087691477328E+01,  5.5761428323091138E+01,  4.8759089381922514E+01,  3.5952615767256162E+01,  2.6779171557841007E+01,  2.0937601495280774E+01,  1.0899435019171793E+01,  1.5676122092052536E+00,  5.1004854407650191E-01,  6.4934551068562429E-01,  1.2329130929374763E+00, -4.6817600045353247E-01, -7.2570507342045087E-01, -3.2252153723771382E-01,  2.9856558884557260E-01, -7.3583728577103158E-01, -5.2419986013483610E-01, -1.2328909139410682E-01,  0.0000000000000000E+00,  0.0000000000000000E+00,  0.0000000000000000E+00,  0.0000000000000000E+00,  0.0000000000000000E+00,  0.0000000000000000E+00,  0.0000000000000000E+00,  0.0000000000000000E+00,  0.0000000000000000E+00,  0.0000000000000000E+00,  0.0000000000000000E+00,  0.0000000000000000E+00,  0.0000000000000000E+00,  0.0000000000000000E+00,  0.0000000000000000E+00,  0.0000000000000000E+00
  0.0000000000000000E+00,  7.2787315650727152E+01,  6.6926365535492550E+01,  6.1230516225699013E+01,  5.3631277804159978E+01,  2.3051421239581451E+01,  1.8045500028056647E+01,  2.1522954019876146E+01,  1.8225524734233566E+01,  1.7900585839381256E+00,  1.4727632632502141E-01,  2.7843155667961978E+00, -2.1657977068145362E-01, -1.0195169283376737E-01, -5.5330020593314866E-01, -7.3256678381669849E-01, -1.5891015462857616E-01, -2.4652803698012871E-01, -6.2091937977855771E-01,  5.8133368906236549E-02,  0.0000000000000000E+00,  0.0000000000000000E+00,  0.0000000000000000E+00,  0.0000000000000000E+00,  0.0000000000000000E+00,  0.0000000000000000E+00,  0.0000000000000000E+00,  0.0000000000000000E+00,  0.0000000000000000E+00,  0.0000000000000000E+00,  0.0000000000000000E+00,  0.0000000000000000E+00,  0.0000000000000000E+00,  0.0000000000000000E+00,  0.0000000000000000E+00,  0.0000000000000000E+00
  0.0000000000000000E+00,  7.2936424413196079E+01,  6.9309525728621480E+01,  4.8668025104911251E+01,  4.0875692378144691E+01,  1.8000098322471668E+01,  1.7827226432102471E+01,  1.3950036265457490E+01,  1.4380640373282056E+01,  3.0560117401901170E+00,  1.3341757810588692E+00,  1.4024290422923107E+00,  9.9218722077286881E-01,  5.9748806897419482E-01, -3.5608284215830033E-01, -1.0013093798855288E-01, -4.4967346329476876E-01, -3.0727723088481940E-01, -3.2226598599932332E-01, -2.3270413267958417E-01,  0.0000000000000000E+00,  0.0000000000000000E+00,  0.0000000000000000E+00,  0.0000000000000000E+00,  0.0000000000000000E+00,  0.0000000000000000E+00,  0.0000000000000000E+00,  0.0000000000000000E+00,  0.0000000000000000E+00,  0.0000000000000000E+00,  0.0000000000000000E+00,  0.0000000000000000E+00,  0.0000000000000000E+00,  0.0000000000000000E+00,  0.0000000000000000E+00,  0.0000000000000000E+00
  0.0000000000000000E+00,  7.3059874170366314E+01,  6.1062393950112344E+01,  4.9699197875916632E+01,  2.9708861974699438E+01,  2.3045718130589368E+01,  1.8237383591388063E+01,  1.6896632239879160E+01,  1.7577906327240647E+01,  2.4450263477222265E+00,  2.2184283810242951E+00,  1.4939120235621584E+00,  1.0130909969409183E+00, -3.7935241428144995E-01, -2.4747410256540969E-01, -5.8250446881224194E-01, -3.3549482470143266E-01, -1.7019031490725278E-01, -9.5451375404023042E-02, -5.9442305254792704E-01,  0.0000000000000000E+00,  0.0000000000000000E+00,  0.0000000000000000E+00,  0.0000000000000000E+00,  0.0000000000000000E+00,  0.0000000000000000E+00,  0.0000000000000000E+00,  0.0000000000000000E+00,  0.0000000000000000E+00,  0.0000000000000000E+00,  0.0000000000000000E+00,  0.0000000000000000E+00,  0.0000000000000000E+00,  0.0000000000000000E+00,  0.0000000000000000E+00,  0.0000000000000000E+00
  0.0000000000000000E+00,  8.3322702105775775E+01,  7.4816243192937364E+01,  5.5487694472046066E+01,  4.1901899904204114E+01,  2.3242943280605502E+01,  2.0573920038266145E+01,  1.4188963445280706E+01,  1.0973071661382725E+01,  6.2615406006518270E-01,  2.4479510721243321E+00,  1.3241092005226087E+00,  5.4238399665663106E-01, -4.7771743199702765E-01,  4.2142802664019285E-01, -4.5109018917277766E-01, -1.0138684859707079E+00, -3.2666854788849214E-01, -4.1455707638424100E-01, -1.2442159392654301E-01,  0.0000000000000000E+00,  0.0000000000000000E+00,  0.0000000000000000E+00,  0.0000000000000000E+00,  0.0000000000000000E+00,  0.0000000000000000E+00,  0.0000000000000000E+00,  0.0000000000000000E+00,  0.0000000000000000E+00,  0.0000000000000000E+00,  0.0000000000000000E+00,  0.0000000000000000E+00,  0.0000000000000000E+00,  0.0000000000000000E+00,  0.0000000000000000E+00,  0.0000000000000000E+00
  0.0000000000000000E+00,  7.5763326801079515E+01,  4.7227059434360321E+01,  4.7174086720055925E+01,  3.7570262145396562E+01,  2.6889157551990216E+01,  1.9820349486990416E+01,  1.9423027919121566E+01,  1.7473586666737134E+01,  1.4735510018827171E+00,  7.1819924364640597E-01, -1.3242750014950611E-01,  1.1104546160022077E-01, -2.3049339812668168E-01,  6.0912515518175780E-01, -6.9599515515198362E-01, -2.9228489245904066E-01, -3.5701018798908773E-01, -2.6904474747687440E-01, -1.1515006202892497E-01,  0.0000000000000000E+00,  0.0000000000000000E+00,  0.0000000000000000E+00,  0.0000000000000000E+00,  0.0000000000000000E+00,  0.0000000000000000E+00,  0.0000000000000000E+00,  0.0000000000000000E+00,  0.0000000000000000E+00,  0.0000000000000000E+00,  0.0000000000000000E+00,  0.0000000000000000E+00,  0.0000000000000000E+00,  0.0000000000000000E+00,  0.0000000000000000E+00,  0.0000000000000000E+00
  0.0000000000000000E+00,  6.9608762170068658E+01,  5.6548267142147537E+01,  5.3466577540630212E+01,  3.8396141511527176E+01,  2.6643229653311550E+01,  2.0955873476867506E+01,  1.7430751002496059E+01,  1.5451824396095525E+01,  1.5149801302111530E+00,  1.3079265103853288E+00,  4.1095269070039997E-01,  1.0267060007402935E+00, -6.5115153364488698E-02, -7.6829564681035456E-01, -3.2160304951488161E-01, -7.9409120321542226E-01,  1.5794409107229801E-01, -1.0817264112131586E-01, -4.6102122145653079E-01,  0.0000000000000000E+00,  0.0000000000000000E+00,  0.0000000000000000E+00,  0.0000000000000000E+00,  0.0000000000000000E+00,  0.0000000000000000E+00,  0.0000000000000000E+00,  0.0000000000000000E+00,  0.0000000000000000E+00,  0.0000000000000000E+00,  0.0000000000000000E+00,  0.0000000000000000E+00,  0.0000000000000000E+00,  0.0000000000000000E+00,  0.0000000000000000E+00,  0.0000000000000000E+00
  0.0000000000000000E+00,  6.6648092284755137E+01,  6.3894343670516243E+01,  5.1611213290212973E+01,  4.2458299268857978E+01,  2.5118257160048614E+01,  2.2575333855030504E+01,  1.5375983187134331E+01,  1.5422926828532848E+01,  3.3353647426293023E+00,  1.1920853193314924E+00,  3.6313306850346860E-01, -5.4595148645218550E-01, -7.5128317051186388E-01,  3.2871910597922971E-01,  2.1963103431288378E-02, -2.7744148181878536E-02, -1.7990042558274721E-01,  1.6023419067398681E-02, -4.9369767657468366E-01,  0.0000000000000000E+00,  0.0000000000000000E+00,  0.0000000000000000E+00,  0.0000000000000000E+00,  0.0000000000000000E+00,  0.0000000000000000E+00,  0.0000000000000000E+00,  0.0000000000000000E+00,  0.0000000000000000E+00,  0.0000000000000000E+00,  0.0000000000000000E+00,  0.0000000000000000E+00,  0.0000000000000000E+00,  0.0000000000000000E+00,  0.0000000000000000E+00,  0.0000000000000000E+00
  0.0000000000000000E+00,  6.9603064732143650E+01,  6.5675457207779743E+01,  5.4668810243886242E+01,  4.5744549471266225E+01,  2.6524248641714713E+01,  1.4318400640831637E+01,  1.9028894929305388E+01,  1.6527366903603820E+01,  2.8223409333732157E+00,  2.2490864097783039E+00,  2.7824612992528142E-02,  7.6444608945767922E-01, -7.8088184469291555E-03,  1.7153620575639339E-01,  2.2311481374369113E-01, -5.2258307087200584E-01, -7.9983100508077387E-01, -1.8913543629129381E-01, -2.2810680131661387E-01,  0.0000000000000000E+00,  0.0000000000000000E+00,  0.0000000000000000E+00,  0.0000000000000000E+00,  0.0000000000000000E+00,  0.0000000000000000E+00,  0.0000000000000000E+00,  0.0000000000000000E+00,  0.0000000000000000E+00,  0.0000000000000000E+00,  0.0000000000000000E+00,  0.0000000000000000E+00,  0.0000000000000000E+00,  0.0000000000000000E+00,  0.0000000000000000E+00,  0.0000000000000000E+00
  0.0000000000000000E+00,  7.0895143625471277E+01,  6.6967801395776661E+01,  5.7488162275360679E+01,  5.0886583590676565E+01,  3.4983147065027779E+01,  2.7908471244889121E+01,  2.4059960044128768E+01,  1.0830406921831715E+01,  1.8415739583620319E+00,  5.6551098236139241E-01,  1.2537655380444757E+00,  7.1321472201335423E-01, -1.1769502823880007E-02, -4.9576950021312161E-01, -1.9314826500800719E-01, -7.6328124213178872E-01, -2.0113922697097475E-01, -8.0308779670579422E-02, -2.1413540137778664E-01,  0.0000000000000000E+00,  0.0000000000000000E+00,  0.0000000000000000E+00,  0.0000000000000000E+00,  0.0000000000000000E+00,  0.0000000000000000E+00,  0.0000000000000000E+00,  0.0000000000000000E+00,  0.0000000000000000E+00,  0.0000000000000000E+00,  0.0000000000000000E+00,  0.0000000000000000E+00,  0.0000000000000000E+00,  0.0000000000000000E+00,  0.0000000000000000E+00,  0.0000000000000000E+00
  0.0000000000000000E+00,  5.9789603410739275E+01,  5.7627952162104826E+01,  5.1207934195252221E+01,  3.6926390782731154E+01,  4.3478160907110592E+01,  2.2201363070713853E+01,  1.8250949032153262E+01,  1.1270978336450963E+01,  2.5241598758818040E-01,  1.3543137036479691E+00, -4.7587652007490711E-01,  8.8218723328367243E-01,  1.6488974130547254E+00, -8.5648041470295788E-01,  4.7156493893773588E-01,  3.8142546260045174E-01, -6.5184413794449236E-01, -4.3726385073031837E-02, -1.4901331852007368E-01,  0.0000000000000000E+00,  0.0000000000000000E+00,  0.0000000000000000E+00,  0.0000000000000000E+00,  0.0000000000000000E+00,  0.0000000000000000E+00,  0.0000000000000000E+00,  0.0000000000000000E+00,  0.0000000000000000E+00,  0.0000000000000000E+00,  0.0000000000000000E+00,  0.0000000000000000E+00,  0.0000000000000000E+00,  0.0000000000000000E+00,  0.0000000000000000E+00,  0.0000000000000000E+00
  0.0000000000000000E+00,  7.5105887202715763E+01,  7.0721163248305189E+01,  5.9879388378084691E+01,  4.6633953777405942E+01,  1.6346646793018202E+01,  2.3574899655508574E+01,  1.6654639018883536E+01,  1.4517389668750276E+01,  4.1842540656171812E-01,  1.2503772461518379E+00,  8.9803416339552466E-02,  1.3228242835125927E+00,  1.4822572012058188E-01, -1.8655103201782541E-02,  2.9697658427347418E-01, -1.0493694387411723E+00, -2.8343243913719518E-01, -9.3836274223470373E-01,  2.6175154919458232E-01,  0.0000000000000000E+00,  0.0000000000000000E+00,  0.0000000000000000E+00,  0.0000000000000000E+00,  0.0000000000000000E+00,  0.0000000000000000E+00,  0.0000000000000000E+00,  0.0000000000000000E+00,  0.0000000000000000E+00,  0.0000000000000000E+00,  0.0000000000000000E+00,  0.0000000000000000E+00,  0.0000000000000000E+00,  0.0000000000000000E+00,  0.0000000000000000E+00,  0.0000000000000000E+00
  0.0000000000000000E+00,  7.3303099917707158E+01,  5.8837383673991297E+01,  4.6401205967105497E+01,  4.2945106913076820E+01,  3.4838652643588297E+01,  2.7157566706936276E+01,  2.0310366297409047E+01,  1.5646766776666247E+01,  1.1632641865545348E+00,  1.0689652943045127E+00,  8.7319181823415359E-02, -8.3052441516655007E-01, -8.4777262041383761E-01, -1.6860543415535501E-01,  3.0753334566611112E-03, -1.7723654595613847E-01,  5.9349831217769600E-02, -2.8827322229256397E-01, -2.9312207143067781E-01,  0.0000000000000000E+00,  0.0000000000000000E+00,  0.0000000000000000E+00,  0.0000000000000000E+00,  0.0000000000000000E+00,  0.0000000000000000E+00,  0.0000000000000000E+00,  0.0000000000000000E+00,  0.0000000000000000E+00,  0.0000000000000000E+00,  0.0000000000000000E+00,  0.0000000000000000E+00,  0.0000000000000000E+00,  0.0000000000000000E+00,  0.0000000000000000E+00,  0.0000000000000000E+00
  0.0000000000000000E+00,  6.2709023715550273E+01,  6.8696688470691825E+01,  4.4263415490126519E+01,  4.5345028848738750E+01,  2.6678607792067577E+01,  2.1153551279796538E+01,  1.7748933870371964E+01,  1.6423399846372387E+01,  3.3083956657641922E+00,  5.4483351462205043E-01,  1.8228464867284475E+00, -1.3046544445384467E-01,  1.1699746958313328E-01,  2.4302515267493607E-01, -6.9947357722773251E-01,  1.5874942954006199E-01,  2.6439739125818740E-01, -1.1089825577908394E+00, -3.3865130773022101E-01,  0.0000000000000000E+00,  0.0000000000000000E+00,  0.0000000000000000E+00,  0.0000000000000000E+00,  0.0000000000000000E+00,  0.0000000000000000E+00,  0.0000000000000000E+00,  0.0000000000000000E+00,  0.0000000000000000E+00,  0.0000000000000000E+00,  0.0000000000000000E+00,  0.0000000000000000E+00,  0.0000000000000000E+00,  0.0000000000000000E+00,  0.0000000000000000E+00,  0.0000000000000000E+00
  0.0000000000000000E+00,  8.7516368260144532E+01,  6.4337099105756266E+01,  4.6482049393535313E+01,  3.6473744218734033E+01,  3.5133874450500301E+01,  2.4147998106434340E+01,  1.8983450447658093E+01,  2.0910699244059881E+01,  2.2835031996906801E+00,  6.6332015177381498E-01,  1.1578072560596491E+00, -4.1868311286966076E-01,  3.2850057918394415E-01, -4.9689192702870133E-01,  1.6050615338928953E-01, -3.3540689805723312E-01, -6.8848146343675709E-01, -2.6408341097559213E-01, -1.2450510971843715E-01,  0.0000000000000000E+00,  0.0000000000000000E+00,  0.0000000000000000E+00,  0.0000000000000000E+00,  0.0000000000000000E+00,  0.0000000000000000E+00,  0.0000000000000000E+00,  0.0000000000000000E+00,  0.0000000000000000E+00,  0.0000000000000000E+00,  0.0000000000000000E+00,  0.0000000000000000E+00,  0.0000000000000000E+00,  0.0000000000000000E+00,  0.0000000000000000E+00,  0.0000000000000000E+00
  0.0000000000000000E+00,  9.1774603235980265E+01,  7.7878959095522305E+01,  5.6464462774898188E+01,  3.9728540786124192E+01,  2.1986392638746008E+01,  2.1959172251234882E+01,  1.5471365429611330E+01,  1.9505860956914823E+01,  2.9676323502558200E+00,  1.5689456986212271E+00,  1.2743260015216209E+00,  1.5153580646985754E-01,  2.6893222030751485E-01, -5.0339502100408584E-01, -6.7615654090289201E-01, -1.2651580371706939E-01, -2.2561516884360600E-01, -1.6480080575357936E-01, -3.9798908706077613E-01,  0.0000000000000000E+00,  0.0000000000000000E+00,  0.0000000000000000E+00,  0.0000000000000000E+00,  0.0000000000000000E+00,  0.0000000000000000E+00,  0.0000000000000000E+00,  0.0000000000000000E+00,  0.0000000000000000E+00,  0.0000000000000000E+00,  0.0000000000000000E+00,  0.0000000000000000E+00,  0.0000000000000000E+00,  0.0000000000000000E+00,  0.0000000000000000E+00,  0.0000000000000000E+00
  0.0000000000000000E+00,  8.3481486741620586E+01,  6.2507133474247354E+01,  5.2137149373933163E+01,  3.5680500249907254E+01,  2.4922561483387753E+01,  2.1146526319316543E+01,  1.9895637509882409E+01,  1.9226149570879073E+01,  8.2326122860068152E-01,  5.1996625749393877E-01,  1.4258379899060167E+00, -2.5046089252274406E-01, -9.0122848075082862E-01,  4.9414613515253802E-01,  6.2240454345662832E-02, -1.7964038225854495E-01,  2.1600944081586682E-01, -1.9646403818583780E-01, -3.6983842818405355E-01,  0.0000000000000000E+00,  0.0000000000000000E+00,  0.0000000000000000E+00,  0.0000000000000000E+00,  0.0000000000000000E+00,  0.0000000000000000E+00,  0.0000000000000000E+00,  0.0000000000000000E+00,  0.0000000000000000E+00,  0.0000000000000000E+00,  0.0000000000000000E+00,  0.0000000000000000E+00,  0.0000000000000000E+00,  0.0000000000000000E+00,  0.0000000000000000E+00,  0.0000000000000000E+00
  0.0000000000000000E+00,  8.7990268276793557E+01,  7.0859566702285235E+01,  5.9935909558433394E+01,  4.4770452435086497E+01,  2.0229317776463617E+01,  2.1441002510412112E+01,  1.6225852113518215E+01,  1.4066627380796000E+01,  2.4810921628017151E+00,  6.4706518269564040E-01,  1.2834453508279218E+00,  6.3656226105445679E-01, -4.7444251351887701E-01, -2.9075363308610180E-01, -6.4013640245194703E-01, -3.5517060937715983E-01, -1.4254854896032287E-02, -2.7114071685269447E-01, -3.9816041415719639E-01,  0.0000000000000000E+00,  0.0000000000000000E+00,  0.0000000000000000E+00,  0.0000000000000000E+00,  0.0000000000000000E+00,  0.0000000000000000E+00,  0.0000000000000000E+00,  0.0000000000000000E+00,  0.0000000000000000E+00,  0.0000000000000000E+00,  0.0000000000000000E+00,  0.0000000000000000E+00,  0.0000000000000000E+00,  0.0000000000000000E+00,  0.0000000000000000E+00,  0.0000000000000000E+00
  0.0000000000000000E+00,  5.7112935106957835E+01,  5.3426775970341915E+01,  4.9930181264009953E+01,  3.9857480790873424E+01,  2.3606735221929796E+01,  2.3967387539507101E+01,  1.9482162659875570E+01,  1.4596002034638470E+01,  1.2225416029585889E+00,  1.4574456481577993E+00,  9.9222046039041811E-01,  7.1062613718716694E-01,  4.6896328921515051E-01, -2.6986765499744714E-01, -4.5430178487603157E-01, -4.2520285856667317E-01, -3.4471645408088503E-01, -5.1248460790428996E-01, -2.9181752437947811E-01,  0.0000000000000000E+00,  0.0000000000000000E+00,  0.0000000000000000E+00,  0.0000000000000000E+00,  0.0000000000000000E+00,  0.0000000000000000E+00,  0.0000000000000000E+00,  0.0000000000000000E+00,  0.0000000000000000E+00,  0.0000000000000000E+00,  0.0000000000000000E+00,  0.0000000000000000E+00,  0.0000000000000000E+00,  0.0000000000000000E+00,  0.0000000000000000E+00,  0.0000000000000000E+00
  0.0000000000000000E+00,  6.9682832901191375E+01,  5.8827132818138395E+01,  6.1739729917162279E+01,  3.2849264090741372E+01,  3.7421741924761783E+01,  2.6045102353697921E+01,  1.6759173896523819E+01,  1.1103840123661833E+01,  1.6537859030717947E+00,  1.4706163894233755E+00,  1.8010259685157761E+00, -2.7143496663497269E-01, -5.9189652906515422E-01,  7.7894360835396803E-01, -5.3175285703592279E-01, -1.3600685392281875E-01, -2.1604670999353270E-01, -3.3210629042747880E-01, -1.2410610832665603E-01,  0.0000000000000000E+00,  0.0000000000000000E+00,  0.0000000000000000E+00,  0.0000000000000000E+00,  0.0000000000000000E+00,  0.0000000000000000E+00,  0.0000000000000000E+00,  0.0000000000000000E+00,  0.0000000000000000E+00,  0.0000000000000000E+00,  0.0000000000000000E+00,  0.0000000000000000E+00,  0.0000000000000000E+00,  0.0000000000000000E+00,  0.0000000000000000E+00,  0.0000000000000000E+00
  0.0000000000000000E+00,  7.4431608448048223E+01,  7.5356927263625792E+01,  6.6166548947449911E+01,  6.6454472553777549E+01,  2.5782929313489184E+01,  2.0955423345385459E+01,  1.6126594027899898E+01,  1.4012950540254714E+01,  1.5658764487529986E+00,  2.1148670336188329E+00,  1.2660854049877326E+00,  9.4641481359602997E-01, -7.3777056287845566E-01,  1.9509738076319949E-01, -4.0117310910639192E-02, -2.9078648705636412E-01, -5.5513370523119510E-01, -2.9690478848387925E-01, -3.9088780479787610E-01,  0.0000000000000000E+00,  0.0000000000000000E+00,  0.0000000000000000E+00,  0.0000000000000000E+00,  0.0000000000000000E+00,  0.0000000000000000E+00,  0.0000000000000000E+00,  0.0000000000000000E+00,  0.0000000000000000E+00,  0.0000000000000000E+00,  0.0000000000000000E+00,  0.0000000000000000E+00,  0.0000000000000000E+00,  0.0000000000000000E+00,  0.0000000000000000E+00,  0.0000000000000000E+00
  0.0000000000000000E+00,  6.5609415959773202E+01,  5.9888877090688624E+01,  5.3075924645053540E+01,  4.6566911528476808E+01,  2.4210242784493218E+01,  2.4560605268514571E+01,  2.4677442412078211E+01,  1.2558232162123151E+01,  5.2978764716725557E-01,  1.4436264669038810E+00,  8.8066182201620391E-01, -2.7823109798994627E-01,  2.9145494972551389E-01,  4.9685126963314508E-02,  4.4622472838096572E-01,  4.8106207115593547E-01, -5.7571996342571352E-01, -1.1646202871808411E+00, -2.9668022518752446E-01,  0.0000000000000000E+00,  0.0000000000000000E+00,  0.0000000000000000E+00,  0.0000000000000000E+00,  0.0000000000000000E+00,  0.0000000000000000E+00,  0.0000000000000000E+00,  0.0000000000000000E+00,  0.0000000000000000E+00,  0.0000000000000000E+00,  0.0000000000000000E+00,  0.0000000000000000E+00,  0.0000000000000000E+00,  0.0000000000000000E+00,  0.0000000000000000E+00,  0.0000000000000000E+00
  0.0000000000000000E+00,  6.5882258316506068E+01,  5.4689332685030777E+01,  5.1597613633401139E+01,  4.6246644123562305E+01,  2.4849071434144673E+01,  2.4320142357854060E+01,  2.0539379428759780E+01,  1.0320249471101517E+01,  1.3688960367982967E+00,  7.8772334269151401E-01,  6.8445027596270958E-01,  1.3423719143547252E+00, -1.9798486798085269E-01, -2.8069672413187141E-01, -4.9011098081243865E-01, -5.3894309520005290E-01, -3.4533499926642064E-01, -1.4877245313054765E-01, -9.1882368726039498E-02,  0.0000000000000000E+00,  0.0000000000000000E+00,  0.0000000000000000E+00,  0.0000000000000000E+00,  0.0000000000000000E+00,  0.0000000000000000E+00,  0.0000000000000000E+00,  0.0000000000000000E+00,  0.0000000000000000E+00,  0.0000000000000000E+00,  0.0000000000000000E+00,  0.0000000000000000E+00,  0.0000000000000000E+00,  0.0000000000000000E+00,  0.0000000000000000E+00,  0.0000000000000000E+00
  0.0000000000000000E+00,  7.5052942049531765E+01,  6.0339685481562150E+01,  5.2408758595787006E+01,  4.4039429529298879E+01,  2.4744318169598309E+01,  2.1868918864301556E+01,  2.0367155973656924E+01,  1.6313106132885288E+01,  3.1975926235728500E+00,  2.7079461158599392E+00,  7.4734099900143702E-01,  1.8993639893163095E-01, -9.7836497345832085E-01, -3.3426189402279460E-01, -5.7910075065505540E-01,  2.2654513818037714E-01, -2.0473290797079113E-01, -7.9013874471128287E-02, -3.9110999401734814E-01,  0.0000000000000000E+00,  0.0000000000000000E+00,  0.0000000000000000E+00,  0.0000000000000000E+00,  0.0000000000000000E+00,  0.0000000000000000E+00,  0.0000000000000000E+00,  0.0000000000000000E+00,  0.0000000000000000E+00,  0.0000000000000000E+00,  0.0000000000000000E+00,  0.0000000000000000E+00,  0.0000000000000000E+00,  0.0000000000000000E+00,  0.0000000000000000E+00,  0.0000000000000000E+00
  0.0000000000000000E+00,  7.9101286223244131E+01,  7.2242866900822577E+01,  6.6376849987247880E+01,  6.0813333482015793E+01,  2.1725260556889317E+01,  1.9631149256511048E+01,  1.7556937797393296E+01,  1.8037142702636981E+01,  3.9700316780117286E+00,  5.4609884928065133E-01,  1.2530510336646796E+00, -6.2288490274041575E-01, -2.2286077429880180E-01,  3.4610070246764235E-01,  3.2402529428296667E-01, -2.2924822381133314E-01, -3.4951714849121240E-01, -4.3432507196366277E-01, -5.7400319193309601E-01,  0.0000000000000000E+00,  0.0000000000000000E+00,  0.0000000000000000E+00,  0.0000000000000000E+00,  0.0000000000000000E+00,  0.0000000000000000E+00,  0.0000000000000000E+00,  0.0000000000000000E+00,  0.0000000000000000E+00,  0.0000000000000000E+00,  0.0000000000000000E+00,  0.0000000000000000E+00,  0.0000000000000000E+00,  0.0000000000000000E+00,  0.0000000000000000E+00,  0.0000000000000000E+00
  0.0000000000000000E+00,  7.4465956893229276E+01,  6.4412703646340958E+01,  5.7873910133853983E+01,  4.3539995314396180E+01,  3.2761497340999099E+01,  3.0553652664462426E+01,  1.6253843536752520E+01,  1.4175627486693282E+01,  3.1281351024931401E+00,  1.8820179053693540E+00, -2.7578925563045442E-01,  8.6499335796452481E-01,  6.3714905123080934E-01, -4.6619231898631153E-02, -4.0313961878426341E-01, -4.4330866999525431E-01, -3.4718490633045651E-01,  4.4615639183003042E-02, -3.5307634984897773E-01,  0.0000000000000000E+00,  0.0000000000000000E+00,  0.0000000000000000E+00,  0.0000000000000000E+00,  0.0000000000000000E+00,  0.0000000000000000E+00,  0.0000000000000000E+00,  0.0000000000000000E+00,  0.0000000000000000E+00,  0.0000000000000000E+00,  0.0000000000000000E+00,  0.0000000000000000E+00,  0.0000000000000000E+00,  0.0000000000000000E+00,  0.0000000000000000E+00,  0.0000000000000000E+00
  0.0000000000000000E+00,  6.8787290358573983E+01,  4.9997339458230030E+01,  5.0068942998477304E+01,  4.1330046201735811E+01,  3.1730311899264009E+01,  2.4952078578416064E+01,  1.9219228906469951E+01,  2.1906606733279688E+01,  1.8401024782889879E+00,  1.4405415215068462E+00,  5.9949254240551531E-01,  8.7793171271738379E-01,  6.1946687985274984E-01, -1.4386438528394785E-01, -6.3057521615601064E-01, -6.7735223061661576E-01,  1.1458730773963399E-01,  2.0238413607373418E-01, -4.9420670777210213E-01,  0.0000000000000000E+00,  0.0000000000000000E+00,  0.0000000000000000E+00,  0.0000000000000000E+00,  0.0000000000000000E+00,  0.0000000000000000E+00,  0.0000000000000000E+00,  0.0000000000000000E+00,  0.0000000000000000E+00,  0.0000000000000000E+00,  0.0000000000000000E+00,  0.0000000000000000E+00,  0.0000000000000000E+00,  0.0000000000000000E+00,  0.0000000000000000E+00,  0.0000000000000000E+00
  0.0000000000000000E+00,  6.8484858452460855E+01,  5.7918629106907879E+01,  5.5419814515131804E+01,  4.0137271618282320E+01,  2.4517730407591870E+01,  1.8705711837811350E+01,  1.8515725895686067E+01,  1.9473649533966832E+01,  3.3998970070751193E+00,  2.0317978041654614E+00,  2.0928697580608313E-01,  2.5869334894346530E-01, -8.6188891783406252E-01,  5.4243438195292137E-01,  3.3586679636675498E-01,  2.9280497666441091E-01, -7.3320299698933189E-01,  1.1606023585402325E-01, -6.4578662568672396E-01,  0.0000000000000000E+00,  0.0000000000000000E+00,  0.0000000000000000E+00,  0.0000000000000000E+00,  0.0000000000000000E+00,  0.0000000000000000E+00,  0.0000000000000000E+00,  0.0000000000000000E+00,  0.0000000000000000E+00,  0.0000000000000000E+00,  0.0000000000000000E+00,  0.0000000000000000E+00,  0.0000000000000000E+00,  0.0000000000000000E+00,  0.0000000000000000E+00,  0.0000000000000000E+00
  0.0000000000000000E+00,  6.6459582587356323E+01,  6.7729798097029914E+01,  6.1589823686996255E+01,  4.1430126361433750E+01,  2.3836886148472910E+01,  2.7403157667264225E+01,  1.6727998249461326E+01,  1.4028111853331989E+01,  1.6232392767438473E+00,  5.1466643652863064E-01,  5.1823609759945954E-01,  7.5185751618831276E-01,  2.6767978342810783E-01,  8.0923009671449053E-02,  9.2095101576371807E-01, -9.7279132849070638E-01,  3.0377318504845541E-01, -5.8047267583884921E-01, -8.7466697172846497E-01,  0.0000000000000000E+00,  0.0000000000000000E+00,  0.0000000000000000E+00,  0.0000000000000000E+00,  0.0000000000000000E+00,  0.0000000000000000E+00,  0.0000000000000000E+00,  0.0000000000000000E+00,  0.0000000000000000E+00,  0.0000000000000000E+00,  0.0000000000000000E+00,  0.0000000000000000E+00,  0.0000000000000000E+00,  0.0000000000000000E+00,  0.0000000000000000E+00,  0.0000000000000000E+00
  0.0000000000000000E+00,  7.0820095523262367E+01,  5.8282791621263371E+01,  5.7563146734127322E+01,  6.1007839567140294E+01,  2.6148733012853363E+01,  2.4600555246035889E+01,  1.7263187878631058E+01,  1.0604640617109130E+01,  1.4882343227396881E+00,  6.6511316394094200E-01,  1.7985735001509617E-01, -1.8948003591561147E-01, -2.3056479287514864E-01, -6.0999270163888142E-01,  4.6744478894681052E-01, -6.7126417927808768E-01,  3.6785520050470866E-02, -3.5996998912734879E-01, -7.3075799047812640E-02,  0.0000000000000000E+00,  0.0000000000000000E+00,  0.0000000000000000E+00,  0.0000000000000000E+00,  0.0000000000000000E+00,  0.0000000000000000E+00,  0.0000000000000000E+00,  0.0000000000000000E+00,  0.0000000000000000E+00,  0.0000000000000000E+00,  0.0000000000000000E+00,  0.0000000000000000E+00,  0.0000000000000000E+00,  0.0000000000000000E+00,  0.0000000000000000E+00,  0.0000000000000000E+00
  0.0000000000000000E+00,  8.7573901567083524E+01,  6.1315975772225194E+01,  5.9593547151970760E+01,  3.9119961864163216E+01,  2.3617241900375859E+01,  2.6655958023507026E+01,  1.9962917045011491E+01,  1.3054838545258832E+01,  2.4634663540959920E+00,  3.6660579946118110E-01,  1.3533091237140527E-01,  7.0888391258852002E-01, -4.4511062102834420E-01,  8.8842278929652352E-01, -4.3351447371869678E-01, -3.5136439258360497E-01, -4.8395539844039037E-01, -2.5091167624421540E-02, -1.7395512742976371E-01,  0.0000000000000000E+00,  0.0000000000000000E+00,  0.0000000000000000E+00,  0.0000000000000000E+00,  0.0000000000000000E+00,  0.0000000000000000E+00,  0.0000000000000000E+00,  0.0000000000000000E+00,  0.0000000000000000E+00,  0.0000000000000000E+00,  0.0000000000000000E+00,  0.0000000000000000E+00,  0.0000000000000000E+00,  0.0000000000000000E+00,  0.0000000000000000E+00,  0.0000000000000000E+00
  0.0000000000000000E+00,  5.7793220389041934E+01,  5.9081414495944003E+01,  4.9531819066570904E+01,  4.9997517788135511E+01,  2.4126648810301699E+01,  2.3549913059952708E+01,  2.6790535590880189E+01,  1.8268820626108575E+01,  2.7446513983540197E+00,  1.8490581947862266E+00,  1.6061059984076753E+00, -4.1681391017603753E-01,  9.7559437120590031E-01,  6.6528209818734640E-02, -7.0147570178607688E-01, -2.5580840957087025E-01, -7.5276472809957939E-01, -3.6226334611463518E-01, -8.5685974427592626E-02,  0.0000000000000000E+00,  0.0000000000000000E+00,  0.0000000000000000E+00,  0.0000000000000000E+00,  0.0000000000000000E+00,  0.0000000000000000E+00,  0.0000000000000000E+00,  0.0000000000000000E+00,  0.0000000000000000E+00,  0.0000000000000000E+00,  0.0000000000000000E+00,  0.0000000000000000E+00,  0.0000000000000000E+00,  0.0000000000000000E+00,  0.0000000000000000E+00,  0.0000000000000000E+00
  0.0000000000000000E+00,  5.8174198283715199E+01,  6.0022107467726855E+01,  6.0084272396243733E+01,  4.9170095224053512E+01,  2.5764123813754786E+01,  2.5741649616396757E+01,  1.8851571208072141E+01,  1.6978984591870557E+01,  2.9014785566411039E-01,  5.9518470074405583E-01,  5.7084491933405968E-01,  5.7195643960011289E-01, -1.8603791989052110E-01, -2.6473182907787352E-01, -1.8758009608965920E-01, -3.9853647718870922E-01, -3.5007703539515300E-01, -5.6279977174292251E-01,  1.9926299563902683E-02,  0.0000000000000000E+00,  0.0000000000000000E+00,  0.0000000000000000E+00,  0.0000000000000000E+00,  0.0000000000000000E+00,  0.0000000000000000E+00,  0.0000000000000000E+00,  0.0000000000000000E+00,  0.0000000000000000E+00,  0.0000000000000000E+00,  0.0000000000000000E+00,  0.0000000000000000E+00,  0.0000000000000000E+00,  0.0000000000000000E+00,  0.0000000000000000E+00,  0.0000000000000000E+00
  0.0000000000000000E+00,  6.3101333316619218E+01,  5.9895095704363214E+01,  5.6978405214474179E+01,  4.8788722031131918E+01,  2.8550960006240217E+01,  2.2533780009845369E+01,  1.9642607945911031E+01,  1.3514129088382809E+01,  1.3467366516465633E+00,  1.6268494857232496E+00,  4.8085508944338473E-01,  1.5876721729262133E-02,  5.2682869264666810E-02, -2.0286536618584172E-01, -4.7845592848398966E-01, -1.7494500461236451E-01, -4.0290285977414148E-01, -4.4127675338692440E-01, -4.1237802727045991E-01,  0.0000000000000000E+00,  0.0000000000000000E+00,  0.0000000000000000E+00,  0.0000000000000000E+00,  0.0000000000000000E+00,  0.0000000000000000E+00,  0.0000000000000000E+00,  0.0000000000000000E+00,  0.0000000000000000E+00,  0.0000000000000000E+00,  0.0000000000000000E+00,  0.0000000000000000E+00,  0.0000000000000000E+00,  0.0000000000000000E+00,  0.0000000000000000E+00,  0.0000000000000000E+00
  0.0000000000000000E+00,  7.6235294551957352E+01,  6.1082945714279461E+01,  5.8369629527182326E+01,  4.9954314199868222E+01,  1.9852820510006850E+01,  2.2123059635831190E+01,  1.4977155777016630E+01,  2.0480584216109072E+01,  1.0650791951459011E+00,  4.5547322214476127E-01, -4.2908689450304860E-01,  1.1099484669148829E-01,  1.4284899308801655E+00, -9.9658455066012186E-01,  4.9636971926534046E-02,  2.6824923852210691E-01,  3.3299637853151598E-01, -5.0398051983618919E-01, -5.8182336165626869E-01,  0.0000000000000000E+00,  0.0000000000000000E+00,  0.0000000000000000E+00,  0.0000000000000000E+00,  0.0000000000000000E+00,  0.0000000000000000E+00,  0.0000000000000000E+00,  0.0000000000000000E+00,  0.0000000000000000E+00,  0.0000000000000000E+00,  0.0000000000000000E+00,  0.0000000000000000E+00,  0.0000000000000000E+00,  0.0000000000000000E+00,  0.0000000000000000E+00,  0.0000000000000000E+00
  0.0000000000000000E+00,  5.3057989630944398E+01,  5.7114317166501081E+01,  5.8186779908731580E+01,  4.4412041421234647E+01,  3.1681985512745467E+01,  2.4450476027712909E+01,  2.0584171619107430E+01,  1.4719040763789181E+01,  1.7455581944750787E-01,  2.8958833541923896E+00,  1.1637751287646951E+00,  6.0617873276895029E-01,  5.5428810372240589E-01, -4.2984444733217564E-01, -9.9793444624181493E-02, -5.8573735758364698E-01, -2.6489915060153713E-01, -8.3461997534808141E-01,  3.6215231553366922E-02,  0.0000000000000000E+00,  0.0000000000000000E+00,  0.0000000000000000E+00,  0.0000000000000000E+00,  0.0000000000000000E+00,  0.0000000000000000E+00,  0.0000000000000000E+00,  0.0000000000000000E+00,  0.0000000000000000E+00,  0.0000000000000000E+00,  0.0000000000000000E+00,  0.0000000000000000E+00,  0.0000000000000000E+00,  0.0000000000000000E+00,  0.0000000000000000E+00,  0.0000000000000000E+00
  0.0000000000000000E+00,  5.9541243221549166E+01,  5.9146151937970146E+01,  5.7376460189813848E+01,  5.2589863363797548E+01,  2.4059029006108901E+01,  1.5554170285908757E+01,  1.4977036333916484E+01,  1.6175290717920863E+01,  4.3530488191483077E+00,  2.0793495275389193E+00,  2.4709737427448402E+00,  1.1243565207733996E+00,  1.0504414745630937E+00, -3.8075756985986597E-01, -4.2556761216313332E-01, -7.3070600810135833E-02, -5.7891030344083871E-01,  1.4721568280761660E-01, -7.0116628330806330E-01,  0.0000000000000000E+00,  0.0000000000000000E+00,  0.0000000000000000E+00,  0.0000000000000000E+00,  0.0000000000000000E+00,  0.0000000000000000E+00,  0.0000000000000000E+00,  0.0000000000000000E+00,  0.0000000000000000E+00,  0.0000000000000000E+00,  0.0000000000000000E+00,  0.0000000000000000E+00,  0.0000000000000000E+00,  0.0000000000000000E+00,  0.0000000000000000E+00,  0.0000000000000000E+00
  0.0000000000000000E+00,  7.7913260950476229E+01,  6.2373600316355919E+01,  5.3444441502402967E+01,  4.5673883316524069E+01,  2.7531733407439784E+01,  2.5892738475947844E+01,  2.3549893538426801E+01,  1.3214682706990889E+01,  1.1090482403205546E+00,  1.5572135293577420E+00, -1.6090033175279128E-01,  5.0257879354207136E-01, -6.5334059430137481E-02,  5.1053108221749754E-01, -5.0117161662659448E-02, -1.6518219580038396E-01, -3.6921360687722238E-01, -1.0733500061253887E-01, -5.5287381434770189E-01,  0.0000000000000000E+00,  0.0000000000000000E+00,  0.0000000000000000E+00,  0.0000000000000000E+00,  0.0000000000000000E+00,  0.0000000000000000E+00,  0.0000000000000000E+00,  0.0000000000000000E+00,  0.0000000000000000E+00,  0.0000000000000000E+00,  0.0000000000000000E+00,  0.0000000000000000E+00,  0.0000000000000000E+00,  0.0000000000000000E+00,  0.0000000000000000E+00,  0.0000000000000000E+00
  0.0000000000000000E+00,  7.9746893489471361E+01,  7.5942330525152897E+01,  5.8448732049083333E+01,  4.0532186042171567E+01,  1.9761228171570480E+01,  2.0675019060337359E+01,  2.0330274451363696E+01,  1.4242330817409439E+01,  3.3281368078681890E+00,  1.3629081032161450E+00,  1.1490568830997829E+00,  5.1012745808387594E-01, -4.6553909631237222E-01,  1.0477764569885464E+00,  2.1544363855972154E-01, -7.4537448019092234E-01, -7.1317312157156698E-01, -7.1039321387107401E-01, -2.2145356843007724E-01,  0.0000000000000000E+00,  0.0000000000000000E+00,  0.0000000000000000E+00,  0.0000000000000000E+00,  0.0000000000000000E+00,  0.0000000000000000E+00,  0.0000000000000000E+00,  0.0000000000000000E+00,  0.0000000000000000E+00,  0.0000000000000000E+00,  0.0000000000000000E+00,  0.0000000000000000E+00,  0.0000000000000000E+00,  0.0000000000000000E+00,  0.0000000000000000E+00,  0.0000000000000000E+00
  0.0000000000000000E+00,  6.7143246447485566E+01,  6.2908133914674409E+01,  4.0398930288262719E+01,  3.4852672980659356E+01,  2.6017718717401159E+01,  2.1523309598836128E+01,  1.8842917504317295E+01,  1.8380684096864805E+01,  2.8882453605837979E+00,  1.1149861673085684E+00,  7.2326963623767471E-01, -8.9696305567076351E-01, -1.1598477380727781E+00,  8.7796672150312050E-01,  1.2680184673692474E-01,  7.4091415631305502E-03, -3.8317121027359835E-01, -5.0189481406172076E-03,  2.9750004361489890E-02,  0.0000000000000000E+00,  0.0000000000000000E+00,  0.0000000000000000E+00,  0.0000000000000000E+00,  0.0000000000000000E+00,  0.0000000000000000E+00,  0.0000000000000000E+00,  0.0000000000000000E+00,  0.0000000000000000E+00,  0.0000000000000000E+00,  0.0000000000000000E+00,  0.0000000000000000E+00,  0.0000000000000000E+00,  0.0000000000000000E+00,  0.0000000000000000E+00,  0.0000000000000000E+00
  0.0000000000000000E+00,  6.6031957734192417E+01,  6.1146194929083975E+01,  5.6260474127268594E+01,  4.1478743953695250E+01,  2.1052779101938182E+01,  2.1166974855687805E+01,  1.8190232676762591E+01,  2.2756042005826622E+01,  3.2738873147038778E+00,  4.7828409599591204E-01,  9.5080678546272912E-01,  1.1289878037234393E+00,  1.5145274127981656E-01, -6.9271405594877211E-01, -5.3973275013366040E-01, -1.1293905739006194E-01, -2.9037406422694689E-01, -5.4578138190294290E-01,  1.9780252566343137E-02,  0.0000000000000000E+00,  0.0000000000000000E+00,  0.0000000000000000E+00,  0.0000000000000000E+00,  0.0000000000000000E+00,  0.0000000000000000E+00,  0.0000000000000000E+00,  0.0000000000000000E+00,  0.0000000000000000E+00,  0.0000000000000000E+00,  0.0000000000000000E+00,  0.0000000000000000E+00,  0.0000000000000000E+00,  0.0000000000000000E+00,  0.0000000000000000E+00,  0.0000000000000000E+00
  0.0000000000000000E+00,  8.7383054926808995E+01,  5.5863352466913888E+01,  5.3859997604094318E+01,  4.4236536973817834E+01,  2.8904690923230554E+01,  2.6503979216078179E+01,  2.6326643520409270E+01,  1.1211285711006335E+01,  1.7922180923301658E+00,  4.6126995961821748E-01, -2.6344601081491592E-01,  3.9248667495809020E-01, -2.9765563480473234E-01, -2.2494004951407409E-01,  6.6846272106361404E-02, -5.2131853471868395E-01, -3.0366844826413852E-01,  1.6546640240003041E-01, -5.3694536808818438E-01,  0.0000000000000000E+00,  0.0000000000000000E+00,  0.0000000000000000E+00,  0.0000000000000000E+00,  0.0000000000000000E+00,  0.0000000000000000E+00,  0.0000000000000000E+00,  0.0000000000000000E+00,  0.0000000000000000E+00,  0.0000000000000000E+00,  0.0000000000000000E+00,  0.0000000000000000E+00,  0.0000000000000000E+00,  0.0000000000000000E+00,  0.0000000000000000E+00,  0.0000000000000000E+00
  0.0000000000000000E+00,  8.1548017606969793E+01,  5.4848715122109745E+01,  5.4109476665684305E+01,  5.7634872278034230E+01,  2.5544844746110446E+01,  2.3729912667343456E+01,  1.5602308724078728E+01,  1.4848802695704396E+01,  2.2049459230313002E+00,  9.2952742413413780E-01,  1.3073790080281960E+00, -1.9256868505143254E-01, -2.2372363335183065E-01,  7.6327374106219237E-01, -8.8908117418383381E-01, -7.0617982200080098E-01, -3.4887889380782378E-01,  9.2829840785906559E-02, -4.0172411068911640E-01,  0.0000000000000000E+00,  0.0000000000000000E+00,  0.0000000000000000E+00,  0.0000000000000000E+00,  0.0000000000000000E+00,  0.0000000000000000E+00,  0.0000000000000000E+00,  0.0000000000000000E+00,  0.0000000000000000E+00,  0.0000000000000000E+00,  0.0000000000000000E+00,  0.0000000000000000E+00,  0.0000000000000000E+00,  0.0000000000000000E+00,  0.0000000000000000E+00,  0.0000000000000000E+00
  0.0000000000000000E+00,  7.6893864703931342E+01,  5.8675279413415396E+01,  4.8381674290452793E+01,  3.9685287275994078E+01,  2.3256756520825732E+01,  2.1869480012458531E+01,  1.5682083161982174E+01,  2.1109587129833628E+01,  2.0857152200104889E+00,  3.5703348035086391E-01,  1.1226763689864283E+00, -7.9157636077942151E-01,  3.7682064784729574E-01,  6.9742784477255482E-01,  3.4553832826872966E-02, -5.6534409915792172E-01,  1.9825167404384730E-01, -4.1189236795566497E-01, -2.7682540347901713E-01,  0.0000000000000000E+00,  0.0000000000000000E+00,  0.0000000000000000E+00,  0.0000000000000000E+00,  0.0000000000000000E+00,  0.0000000000000000E+00,  0.0000000000000000E+00,  0.0000000000000000E+00,  0.0000000000000000E+00,  0.0000000000000000E+00,  0.0000000000000000E+00,  0.0000000000000000E+00,  0.0000000000000000E+00,  0.0000000000000000E+00,  0.0000000000000000E+00,  0.0000000000000000E+00
  0.0000000000000000E+00,  7.9254791836063035E+01,  6.6389915015005187E+01,  6.5912171207590958E+01,  5.3538644870750844E+01,  1.8596481364813375E+01,  1.8125957904544975E+01,  1.5683807599152114E+01,  1.4885324281404159E+01,  2.0310891320394506E+00,  4.0301555828590052E-01,  6.7912725765939452E-01,  9.3306978143382002E-01,  6.0835897847777498E-01, -5.7084791693863013E-01, -1.9500540011835099E-02, -4.1974485624721436E-01, -4.5003468461964685E-01, -4.1224247558038074E-01, -4.0785579986029880E-01,  0.0000000000000000E+00,  0.0000000000000000E+00,  0.0000000000000000E+00,  0.0000000000000000E+00,  0.0000000000000000E+00,  0.0000000000000000E+00,  0.0000000000000000E+00,  0.0000000000000000E+00,  0.0000000000000000E+00,  0.0000000000000000E+00,  0.0000000000000000E+00,  0.0000000000000000E+00,  0.0000000000000000E+00,  0.0000000000000000E+00,  0.0000000000000000E+00,  0.0000000000000000E+00
  0.0000000000000000E+00,  7.1014411402023740E+01,  5.5474936680140232E+01,  4.2088597934379507E+01,  4.2022661563083929E+01,  2.5778431795222431E+01,  2.3159887072829520E+01,  2.2013288009557169E+01,  1.4063523076471746E+01,  2.8026579073746238E+00,  5.3309876812657242E-01,  9.2435102042515505E-01,  3.3508799180407989E-01, -6.6774706155433128E-01, -1.0058346386724240E+00, -6.5351683386762005E-02,  2.1832166172096623E-01, -4.3766061979818272E-01, -1.9258398284941580E-02, -4.4476905789213966E-01,  0.0000000000000000E+00,  0.0000000000000000E+00,  0.0000000000000000E+00,  0.0000000000000000E+00,  0.0000000000000000E+00,  0.0000000000000000E+00,  0.0000000000000000E+00,  0.0000000000000000E+00,  0.0000000000000000E+00,  0.0000000000000000E+00,  0.0000000000000000E+00,  0.0000000000000000E+00,  0.0000000000000000E+00,  0.0000000000000000E+00,  0.0000000000000000E+00,  0.0000000000000000E+00
  0.0000000000000000E+00,  8.2602791236946786E+01,  5.3060802769654046E+01,  3.7816045505609807E+01,  4.6114291022268702E+01,  4.5036359979751587E+01,  1.9345287672144366E+01,  1.9729535630595500E+01,  1.5740720261859355E+01,  3.5201047067391933E-01,  6.2505650530133705E-01, -5.8339209753579269E-01,  1.2265736037970369E+00, -7.1131929686308371E-01,  6.5471938523889883E-01,  3.6348205166524050E-01, -5.9774058754542381E-01, -3.3872835258603629E-02, -3.7225973528464185E-01,  4.2181133690862849E-02,  0.0000000000000000E+00,  0.0000000000000000E+00,  0.0000000000000000E+00,  0.0000000000000000E+00,  0.0000000000000000E+00,  0.0000000000000000E+00,  0.0000000000000000E+00,  0.0000000000000000E+00,  0.0000000000000000E+00,  0.0000000000000000E+00,  0.0000000000000000E+00,  0.0000000000000000E+00,  0.0000000000000000E+00,  0.0000000000000000E+00,  0.0000000000000000E+00,  0.0000000000000000E+00
  0.0000000000000000E+00,  6.4899191821908346E+01,  6.4293700380718818E+01,  6.3819967850956331E+01,  5.4800963295347003E+01,  2.2290065515685388E+01,  2.3124261879530046E+01,  2.2687898414076862E+01,  1.5730788397996156E+01,  5.5342392357710501E-01,  1.7102370058792884E+00,  9.2833827406107838E-01,  4.8894356213868551E-01, -4.2525229139142695E-02, -1.4786061549750840E-01, -2.3627229903460911E-01,  1.2403175730631588E-01,  7.7229804229926535E-02, -6.7947106782038591E-01, -5.2826297964629609E-01,  0.0000000000000000E+00,  0.0000000000000000E+00,  0.0000000000000000E+00,  0.0000000000000000E+00,  0.0000000000000000E+00,  0.0000000000000000E+00,  0.0000000000000000E+00,  0.0000000000000000E+00,  0.0000000000000000E+00,  0.0000000000000000E+00,  0.0000000000000000E+00,  0.0000000000000000E+00,  0.0000000000000000E+00,  0.0000000000000000E+00,  0.0000000000000000E+00,  0.0000000000000000E+00
  0.0000000000000000E+00,  7.5452309139862763E+01,  6.1639461883074276E+01,  4.4215911118321415E+01,  4.4882254742804825E+01,  2.9058174251304532E+01,  2.4238582662510908E+01,  1.9314205643284065E+01,  1.8307006833745326E+01,  1.6282703370413576E+00,  6.1280950663497391E-01,  2.1989744181936466E+00,  2.7092261195490108E-01,  8.4442841546453606E-01,  1.2069004788309279E-01, -5.6552473632673683E-02, -6.8711334035196692E-01, -2.3152502477079107E-01, -4.3671930290526362E-01, -1.5118980386881922E-01,  0.0000000000000000E+00,  0.0000000000000000E+00,  0.0000000000000000E+00,  0.0000000000000000E+00,  0.0000000000000000E+00,  0.0000000000000000E+00,  0.0000000000000000E+00,  0.0000000000000000E+00,  0.0000000000000000E+00,  0.0000000000000000E+00,  0.0000000000000000E+00,  0.0000000000000000E+00,  0.0000000000000000E+00,  0.0000000000000000E+00,  0.0000000000000000E+00,  0.0000000000000000E+00
  0.0000000000000000E+00,  8.2895468024854210E+01,  7.9011145579416905E+01,  5.6532458151859878E+01,  4.9988253248910297E+01,  2.5356541133920558E+01,  2.3554703438157812E+01,  1.2914821894357864E+01,  1.4609667658650075E+01,  2.6427372489141616E+00,  1.8390629362388622E+00,  1.0036126387893121E+00, -1.3799222186362048E-01,  9.2844629573163595E-01, -6.6516876539556269E-01, -7.9357394574296380E-01,  4.8684032374325192E-01, -6.8124358718943778E-01, -1.5298543782535468E-01, -2.1444957916235505E-01,  0.0000000000000000E+00,  0.0000000000000000E+00,  0.0000000000000000E+00,  0.0000000000000000E+00,  0.0000000000000000E+00,  0.0000000000000000E+00,  0.0000000000000000E+00,  0.0000000000000000E+00,  0.0000000000000000E+00,  0.0000000000000000E+00,  0.0000000000000000E+00,  0.0000000000000000E+00,  0.0000000000000000E+00,  0.0000000000000000E+00,  0.0000000000000000E+00,  0.0000000000000000E+00
  0.0000000000000000E+00,  7.6717044471129498E+01,  5.7868414830973606E+01,  4.7640343540689742E+01,  3.6860579171763547E+01,  4.3757806020563294E+01,  2.0566530617328755E+01,  1.7972665865263597E+01,  1.5847159369454552E+01,  5.3357658394016738E-01, -4.3379584197684284E-02, -2.3404640769059215E-01, -1.0612140695602692E+00,  1.2328149478920114E-01,  7.2785136538094752E-01,  2.4426595110088467E-01, -8.6080679865694676E-02, -1.6131444115016813E-01, -9.0626743655358499E-02, -2.1846620265641814E-01,  0.0000000000000000E+00,  0.0000000000000000E+00,  0.0000000000000000E+00,  0.0000000000000000E+00,  0.0000000000000000E+00,  0.0000000000000000E+00,  0.0000000000000000E+00,  0.0000000000000000E+00,  0.0000000000000000E+00,  0.0000000000000000E+00,  0.0000000000000000E+00,  0.0000000000000000E+00,  0.0000000000000000E+00,  0.0000000000000000E+00,  0.0000000000000000E+00,  0.0000000000000000E+00
  0.0000000000000000E+00,  8.0301310418437538E+01,  6.4478514383137522E+01,  5.8765831340511411E+01,  5.0357507819661684E+01,  2.4166492490491418E+01,  2.0052721683914392E+01,  1.4681418461640098E+01,  1.0442568524170049E+01,  2.0409330968086268E+00,  5.3389211922865609E-01,  2.9854027387096229E+00,  9.4138393160935641E-01, -6.1975994617481733E-01, -5.2634716425120542E-01, -6.6674063905935954E-01,  3.9756189997043112E-02, -2.9931381166496229E-01,  6.2877249160860460E-02, -4.8020257541171207E-01,  0.0000000000000000E+00,  0.0000000000000000E+00,  0.0000000000000000E+00,  0.0000000000000000E+00,  0.0000000000000000E+00,  0.0000000000000000E+00,  0.0000000000000000E+00,  0.0000000000000000E+00,  0.0000000000000000E+00,  0.0000000000000000E+00,  0.0000000000000000E+00,  0.0000000000000000E+00,  0.0000000000000000E+00,  0.0000000000000000E+00,  0.0000000000000000E+00,  0.0000000000000000E+00
  0.0000000000000000E+00,  8.3616288059975275E+01,  4.9306617450599674E+01,  4.7281333277850607E+01,  4.0538789690284645E+01,  2.4002299004877834E+01,  2.0870609313632468E+01,  2.1442530780119966E+01,  1.4491904998937164E+01,  2.9669022643165270E+00,  2.9642418851866248E-01,  1.3007604936780170E-01,  9.0045454553169746E-01,  5.1784640569753382E-01, -5.7124927689853700E-01, -2.0561894610196796E-01, -6.4077593242154218E-01, -3.2796208058053400E-01,  4.2799718435882372E-02, -4.5208600870608701E-01,  0.0000000000000000E+00,  0.0000000000000000E+00,  0.0000000000000000E+00,  0.0000000000000000E+00,  0.0000000000000000E+00,  0.0000000000000000E+00,  0.0000000000000000E+00,  0.0000000000000000E+00,  0.0000000000000000E+00,  0.0000000000000000E+00,  0.0000000000000000E+00,  0.0000000000000000E+00,  0.0000000000000000E+00,  0.0000000000000000E+00,  0.0000000000000000E+00,  0.0000000000000000E+00
  0.0000000000000000E+00,  8.6352712668857492E+01,  5.3907501302844629E+01,  4.9713409713443887E+01,  4.0326057851275017E+01,  2.7109000924135074E+01,  1.7254099551550109E+01,  2.0056751476451261E+01,  1.2775501470337696E+01,  1.6220404454722979E+00, -2.1799412269686824E-01,  2.6411986716166020E+00, -4.7740882860138312E-01,  4.0967542519086964E-02, -3.1383898739119953E-01, -1.4448413173441921E-01, -6.0854263621338456E-01, -4.6318398245061865E-01, -4.3996514914941276E-03, -3.2207614186302141E-01,  0.0000000000000000E+00,  0.0000000000000000E+00,  0.0000000000000000E+00,  0.0000000000000000E+00,  0.0000000000000000E+00,  0.0000000000000000E+00,  0.0000000000000000E+00,  0.0000000000000000E+00,  0.0000000000000000E+00,  0.0000000000000000E+00,  0.0000000000000000E+00,  0.0000000000000000E+00,  0.0000000000000000E+00,  0.0000000000000000E+00,  0.0000000000000000E+00,  0.0000000000000000E+00
  0.0000000000000000E+00,  8.7824587477298110E+01,  6.6884292810237540E+01,  3.8804296640636721E+01,  3.9995248306360040E+01,  2.3733039292306387E+01,  2.1264161304756950E+01,  1.7378469151382959E+01,  1.3678054550154959E+01,  1.8206382157299075E+00,  3.9159563753212545E-01,  1.3073727310843175E-01,  1.6976633698892241E+00, -3.6400276462129200E-01, -4.6305331913079273E-01, -2.2042990918003602E-01, -2.6841920595255675E-01, -5.3172403135409962E-01, -5.3845156980467990E-02, -7.1953295888434021E-02,  0.0000000000000000E+00,  0.0000000000000000E+00,  0.0000000000000000E+00,  0.0000000000000000E+00,  0.0000000000000000E+00,  0.0000000000000000E+00,  0.0000000000000000E+00,  0.0000000000000000E+00,  0.0000000000000000E+00,  0.0000000000000000E+00,  0.0000000000000000E+00,  0.0000000000000000E+00,  0.0000000000000000E+00,  0.0000000000000000E+00,  0.0000000000000000E+00,  0.0000000000000000E+00
  0.0000000000000000E+00,  9.0535648309078823E+01,  6.3504118098390151E+01,  4.6999397696600539E+01,  3.9127785778470894E+01,  2.2952495957281741E+01,  2.2286350792833666E+01,  1.9150659830678840E+01,  1.6957351010687642E+01,  1.2408962625995938E+00,  1.5338454954194312E+00, -4.4112348058784123E-01,  5.7738471260324076E-01,  1.1013816980602238E+00, -1.0869936603154040E-01, -5.0169289576925857E-01, -6.9449700027084160E-01, -3.8581753113210671E-01, -5.0796010117142054E-01, -1.1900427877936293E-01,  0.0000000000000000E+00,  0.0000000000000000E+00,  0.0000000000000000E+00,  0.0000000000000000E+00,  0.0000000000000000E+00,  0.0000000000000000E+00,  0.0000000000000000E+00,  0.0000000000000000E+00,  0.0000000000000000E+00,  0.0000000000000000E+00,  0.0000000000000000E+00,  0.0000000000000000E+00,  0.0000000000000000E+00,  0.0000000000000000E+00,  0.0000000000000000E+00,  0.0000000000000000E+00
  0.0000000000000000E+00,  6.8005771369114996E+01,  6.7434429790281285E+01,  4.3059900062732254E+01,  3.6797359284320699E+01,  2.8354765602064667E+01,  2.4208320805895582E+01,  1.8128386681278698E+01,  1.5575812342842344E+01,  1.9900945870561459E+00,  2.0504866762204106E+00,  1.4060511029400424E+00,  6.0566101304079023E-01,  4.0267139276659458E-01, -6.7364633929682693E-01,  7.9450115354426920E-02, -5.3018201711824475E-01, -6.5921653711845796E-01,  1.3686483924946868E-02, -3.9230061281032025E-01,  0.0000000000000000E+00,  0.0000000000000000E+00,  0.0000000000000000E+00,  0.0000000000000000E+00,  0.0000000000000000E+00,  0.0000000000000000E+00,  0.0000000000000000E+00,  0.0000000000000000E+00,  0.0000000000000000E+00,  0.0000000000000000E+00,  0.0000000000000000E+00,  0.0000000000000000E+00,  0.0000000000000000E+00,  0.0000000000000000E+00,  0.0000000000000000E+00,  0.0000000000000000E+00
  0.0000000000000000E+00,  9.1616202438082752E+01,  7.7812838234823431E+01,  6.2220568681886718E+01,  4.7504493007079020E+01,  2.7681647023983839E+01,  1.5252910710013245E+01,  2.0454928763844755E+01,  1.4043619773827785E+01,  1.5437769753747568E+00, -3.0010147705178181E-01,  3.8314912614829622E-01,  7.4674456546485013E-01,  5.5204374427757941E-01,  4.3948995121214107E-01, -3.3335740437874239E-01, -7.9872520446462880E-01, -9.5663546801173838E-01, -3.3703270339685465E-01, -1.4151416254396099E-01,  0.0000000000000000E+00,  0.0000000000000000E+00,  0.0000000000000000E+00,  0.0000000000000000E+00,  0.0000000000000000E+00,  0.0000000000000000E+00,  0.0000000000000000E+00,  0.0000000000000000E+00,  0.0000000000000000E+00,  0.0000000000000000E+00,  0.0000000000000000E+00,  0.0000000000000000E+00,  0.0000000000000000E+00,  0.0000000000000000E+00,  0.0000000000000000E+00,  0.0000000000000000E+00
  0.0000000000000000E+00,  6.5224946468790989E+01,  5.7658213491621112E+01,  6.0273278744926245E+01,  4.9890883449373881E+01,  3.8839058412438646E+01,  2.5185022758856874E+01,  1.9622360240662619E+01,  1.0569858433558684E+01,  1.7018307213145620E+00,  1.5816358216401563E+00, -3.0315197934841054E-01,  9.1220808491951644E-01, -1.1308498704317760E-01, -5.4565269940050798E-01, -7.2240936879882012E-01, -4.7921444134685792E-01, -9.9327426554606690E-02, -4.3755639218356990E-01,  5.0135446561020980E-03,  0.0000000000000000E+00,  0.0000000000000000E+00,  0.0000000000000000E+00,  0.0000000000000000E+00,  0.0000000000000000E+00,  0.0000000000000000E+00,  0.0000000000000000E+00,  0.0000000000000000E+00,  0.0000000000000000E+00,  0.0000000000000000E+00,  0.0000000000000000E+00,  0.0000000000000000E+00,  0.0000000000000000E+00,  0.0000000000000000E+00,  0.0000000000000000E+00,  0.0000000000000000E+00
  0.0000000000000000E+00,  7.2717286412034852E+01,  5.0925583765085364E+01,  4.7549733122830460E+01,  5.3863980621578605E+01,  1.9910306599546875E+01,  2.6541137714373605E+01,  1.9486753006264095E+01,  1.2401181131464384E+01,  2.4144511532292423E-01,  9.2222806353540898E-01,  1.8869231254447374E+00, -9.7557581348226563E-03,  5.8095409433377876E-02, -6.6633342325941181E-01, -3.3307664230659406E-01, -8.5103456852006154E-01, -3.7282467619534909E-03,  2.1362921300287918E-01, -4.5414038146337821E-02,  0.0000000000000000E+00,  0.0000000000000000E+00,  0.0000000000000000E+00,  0.0000000000000000E+00,  0.0000000000000000E+00,  0.0000000000000000E+00,  0.0000000000000000E+00,  0.0000000000000000E+00,  0.0000000000000000E+00,  0.0000000000000000E+00,  0.0000000000000000E+00,  0.0000000000000000E+00,  0.0000000000000000E+00,  0.0000000000000000E+00,  0.0000000000000000E+00,  0.0000000000000000E+00
  0.0000000000000000E+00,  6.5864762848339808E+01,  5.3545554001513032E+01,  5.8249950117715478E+01,  5.3808826959097033E+01,  3.8087503889214418E+01,  2.8275139345758699E+01,  1.4579257024818212E+01,  9.6509502425058553E+00,  1.5507097990759080E+00,  1.0660141694240717E+00, -4.5853705550998125E-01,  4.8218380833722208E-01, -4.4130858115884708E-01,  2.6145946087252803E-01, -1.5656143849781845E-01, -3.5855268059949230E-01, -7.1179255819246212E-01, -2.6591934245684068E-01, -6.3232925301229370E-02,  0.0000000000000000E+00,  0.0000000000000000E+00,  0.0000000000000000E+00,  0.0000000000000000E+00,  0.0000000000000000E+00,  0.0000000000000000E+00,  0.0000000000000000E+00,  0.0000000000000000E+00,  0.0000000000000000E+00,  0.0000000000000000E+00,  0.0000000000000000E+00,  0.0000000000000000E+00,  0.0000000000000000E+00,  0.0000000000000000E+00,  0.0000000000000000E+00,  0.0000000000000000E+00
  0.0000000000000000E+00,  6.4353627999848669E+01,  5.6003267643003404E+01,  5.8773324629640726E+01,  4.7246252364796469E+01,  3.6286065023770504E+01,  2.0305230667233062E+01,  2.0647997209785434E+01,  1.2249264836364754E+01,  1.1723738716782943E+00,  6.4835194353498826E-01,  1.2109563528369383E+00, -2.5029912256175324E-01, -7.5430516501623446E-01,  1.2060329575386619E-01,  1.2737729490669936E-01, -6.1557218053082352E-01, -4.4763958591126773E-01,  1.2571933295459192E-01, -6.3073120976030572E-02,  0.0000000000000000E+00,  0.0000000000000000E+00,  0.0000000000000000E+00,  0.0000000000000000E+00,  0.0000000000000000E+00,  0.0000000000000000E+00,  0.0000000000000000E+00,  0.0000000000000000E+00,  0.0000000000000000E+00,  0.0000000000000000E+00,  0.0000000000000000E+00,  0.0000000000000000E+00,  0.0000000000000000E+00,  0.0000000000000000E+00,  0.0000000000000000E+00,  0.0000000000000000E+00
  0.0000000000000000E+00,  7.7825366644902616E+01,  5.5907338780153864E+01,  5.3072076740269907E+01,  4.8510911042244800E+01,  2.1569599532467940E+01,  2.2988410842099739E+01,  1.5874266259592748E+01,  1.7128550366992172E+01,  2.2078301783537841E+00,  2.0181881473131908E+00,  2.8378333814942058E-01,  7.7112769493709843E-01,  3.0670461487255318E-01, -8.1228335821762099E-01, -8.9048293409024915E-01, -4.4959787299131954E-01, -1.9760603547746303E-01, -1.0875562282720136E-01, -4.0463483165871000E-01,  0.0000000000000000E+00,  0.0000000000000000E+00,  0.0000000000000000E+00,  0.0000000000000000E+00,  0.0000000000000000E+00,  0.0000000000000000E+00,  0.0000000000000000E+00,  0.0000000000000000E+00,  0.0000000000000000E+00,  0.0000000000000000E+00,  0.0000000000000000E+00,  0.0000000000000000E+00,  0.0000000000000000E+00,  0.0000000000000000E+00,  0.0000000000000000E+00,  0.0000000000000000E+00
  0.0000000000000000E+00,  7.1042715777408745E+01,  7.0149441650877037E+01,  5.4605870299418498E+01,  4.2440070416978621E+01,  2.6250556312670241E+01,  2.3638968328564040E+01,  1.8417359037317638E+01,  1.5015165894168025E+01,  1.3846435511808290E+00,  1.4820437529197452E+00,  9.2810109437984023E-01, -5.4094009208497140E-01, -4.6518964015601372E-01, -2.6946267314256478E-01, -1.2355135322778077E-01, -2.1265192440491654E-01, -3.6015447324402394E-01, -1.6662753447551260E-01, -2.2667199584126124E-01,  0.0000000000000000E+00,  0.0000000000000000E+00,  0.0000000000000000E+00,  0.0000000000000000E+00,  0.0000000000000000E+00,  0.0000000000000000E+00,  0.0000000000000000E+00,  0.0000000000000000E+00,  0.0000000000000000E+00,  0.0000000000000000E+00,  0.0000000000000000E+00,  0.0000000000000000E+00,  0.0000000000000000E+00,  0.0000000000000000E+00,  0.0000000000000000E+00,  0.0000000000000000E+00
  0.0000000000000000E+00,  7.0468584278618664E+01,  5.5725771196057721E+01,  5.8397794260631116E+01,  5.2555460134058208E+01,  2.4329053536378353E+01,  2.1228764777936242E+01,  2.2230272708667776E+01,  1.6527588270663600E+01,  8.4465226333384136E-01,  1.6785640064261420E-01,  6.6620832734943947E-01,  4.6186551672577902E-02,  3.2626915889980856E-01, -5.1941481544463541E-01, -5.1260138431617830E-01, -5.2341074180619607E-01, -5.8198384369923495E-01, -4.4768387791296171E-01, -2.3576251052726904E-01,  0.0000000000000000E+00,  0.0000000000000000E+00,  0.0000000000000000E+00,  0.0000000000000000E+00,  0.0000000000000000E+00,  0.0000000000000000E+00,  0.0000000000000000E+00,  0.0000000000000000E+00,  0.0000000000000000E+00,  0.0000000000000000E+00,  0.0000000000000000E+00,  0.0000000000000000E+00,  0.0000000000000000E+00,  0.0000000000000000E+00,  0.0000000000000000E+00,  0.0000000000000000E+00
  0.0000000000000000E+00,  6.6191430497511533E+01,  6.7348826322609753E+01,  5.7854799119589430E+01,  4.3050327803874367E+01,  2.3515387016256000E+01,  2.2489287561178884E+01,  1.8681777897471886E+01,  1.3615657859923793E+01,  2.0693992483064862E+00,  1.0776833385875646E+00,  1.3287567262959539E+00,  2.3012491556636672E-01, -6.3621167001411782E-01, -5.8512577951155476E-01, -5.5284883412312413E-02,  2.9679844361738739E-01, -2.5401561382361892E-01, -6.3728494434517646E-01, -4.7154361733029471E-01,  0.0000000000000000E+00,  0.0000000000000000E+00,  0.0000000000000000E+00,  0.0000000000000000E+00,  0.0000000000000000E+00,  0.0000000000000000E+00,  0.0000000000000000E+00,  0.0000000000000000E+00,  0.0000000000000000E+00,  0.0000000000000000E+00,  0.0000000000000000E+00,  0.0000000000000000E+00,  0.0000000000000000E+00,  0.0000000000000000E+00,  0.0000000000000000E+00,  0.0000000000000000E+00
  0.0000000000000000E+00,  8.0216580313767849E+01,  6.0448671528717043E+01,  4.8620335686370005E+01,  4.4032329613247271E+01,  2.7477047061419096E+01,  2.3079789771549649E+01,  2.4732059851605854E+01,  1.8657804968223651E+01,  7.1450743677698503E-01,  1.2851220207996521E+00,  1.0083664823953304E+00, -7.8086700020935074E-01, -1.7423335614619884E-01, -2.2380648669935610E-02, -4.8659085613503983E-01,  1.8637538834874134E-01, -3.6611353383410261E-02, -2.0714564550805736E-01, -2.9280058155008248E-01,  0.0000000000000000E+00,  0.0000000000000000E+00,  0.0000000000000000E+00,  0.0000000000000000E+00,  0.0000000000000000E+00,  0.0000000000000000E+00,  0.0000000000000000E+00,  0.0000000000000000E+00,  0.0000000000000000E+00,  0.0000000000000000E+00,  0.0000000000000000E+00,  0.0000000000000000E+00,  0.0000000000000000E+00,  0.0000000000000000E+00,  0.0000000000000000E+00,  0.0000000000000000E+00
  0.0000000000000000E+00,  8.5210668283667943E+01,  7.5398503068050346E+01,  6.1572406630815564E+01,  4.7571055023501764E+01,  2.4503365912998721E+01,  1.7837132316652450E+01,  1.8636265729219033E+01,  1.4206505123082657E+01,  1.0755132700611152E+00,  8.0547123512578800E-01,  8.8465952793536129E-01,  8.4577706113111306E-01,  6.2681897198276593E-01, -6.5956284252984898E-01, -6.3127496062418165E-01, -4.6308901779915645E-02, -2.7917087508096894E-01, -1.9968762770319115E-01, -3.3856734189381216E-01,  0.0000000000000000E+00,  0.0000000000000000E+00,  0.0000000000000000E+00,  0.0000000000000000E+00,  0.0000000000000000E+00,  0.0000000000000000E+00,  0.0000000000000000E+00,  0.0000000000000000E+00,  0.0000000000000000E+00,  0.0000000000000000E+00,  0.0000000000000000E+00,  0.0000000000000000E+00,  0.0000000000000000E+00,  0.0000000000000000E+00,  0.0000000000000000E+00,  0.0000000000000000E+00
  0.0000000000000000E+00,  6.6905988140206219E+01,  5.9642088954867830E+01,  4.2236603702224770E+01,  4.0137493493477002E+01,  2.6432144520939584E+01,  2.2456027120772127E+01,  2.0020922799540589E+01,  1.8733813329841528E+01,  1.5239876997862538E+00,  1.5463961003351532E+00,  8.7584507725362171E-01,  1.0343921227206745E+00, -1.6987155741006466E-01, -3.4964473988249689E-01, -1.3690099198143235E-02, -2.5393060206710516E-01, -2.2296916223215024E-01, -2.9804468178587834E-01, -4.9265414099096683E-01,  0.0000000000000000E+00,  0.0000000000000000E+00,  0.0000000000000000E+00,  0.0000000000000000E+00,  0.0000000000000000E+00,  0.0000000000000000E+00,  0.0000000000000000E+00,  0.0000000000000000E+00,  0.0000000000000000E+00,  0.0000000000000000E+00,  0.0000000000000000E+00,  0.0000000000000000E+00,  0.0000000000000000E+00,  0.0000000000000000E+00,  0.0000000000000000E+00,  0.0000000000000000E+00
  0.0000000000000000E+00,  6.7655976179639566E+01,  5.5075709264865296E+01,  4.7694068500586120E+01,  5.1035491379533461E+01,  2.5889939742898740E+01,  1.7863340313674435E+01,  1.7117560585008484E+01,  1.5086958249434399E+01,  1.2937567705417798E+00,  1.9588931946938093E-01,  3.5560169589598511E-01,  6.1634387390056367E-01,  3.5381848586328468E-01, -3.0221677594494167E-01,  3.7799171949869992E-01, -2.8060793139265505E-01, -4.7456463884053046E-01, -2.5429593656194971E-01, -4.7068896079419431E-01,  0.0000000000000000E+00,  0.0000000000000000E+00,  0.0000000000000000E+00,  0.0000000000000000E+00,  0.0000000000000000E+00,  0.0000000000000000E+00,  0.0000000000000000E+00,  0.0000000000000000E+00,  0.0000000000000000E+00,  0.0000000000000000E+00,  0.0000000000000000E+00,  0.0000000000000000E+00,  0.0000000000000000E+00,  0.0000000000000000E+00,  0.0000000000000000E+00,  0.0000000000000000E+00
  0.0000000000000000E+00,  6.9198692104094675E+01,  5.3644189043288733E+01,  5.2638431905489831E+01,  5.0979024747973746E+01,  2.6962970937544029E+01,  2.2263618912666665E+01,  1.3425761635040054E+01,  9.0651028589165001E+00,  6.8318241701363469E-01,  1.7026742247253308E+00,  1.0486829944769602E+00,  5.6862471454337138E-01, -6.3184049203390646E-01, -2.1554369784506444E-01, -6.0828628764031922E-01,  1.0760131197378175E-02, -3.1235338907864285E-01, -2.7027561778383896E-01, -2.3371507819360610E-01,  0.0000000000000000E+00,  0.0000000000000000E+00,  0.0000000000000000E+00,  0.0000000000000000E+00,  0.0000000000000000E+00,  0.0000000000000000E+00,  0.0000000000000000E+00,  0.0000000000000000E+00,  0.0000000000000000E+00,  0.0000000000000000E+00,  0.0000000000000000E+00,  0.0000000000000000E+00,  0.0000000000000000E+00,  0.0000000000000000E+00,  0.0000000000000000E+00,  0.0000000000000000E+00
  0.0000000000000000E+00,  5.4087845351224935E+01,  5.4465939724850081E+01,  5.2433572517028310E+01,  4.8060606069062899E+01,  3.2553216326079479E+01,  2.0417120029155043E+01,  1.9960244968033990E+01,  1.3063819864241470E+01,  1.6620229017855528E+00,  3.3529449809888145E-01,  4.3994905180307553E-01, -4.5440434761342630E-02, -2.9496656345419070E-01,  4.4807277677118806E-01,  2.9565160853587580E-01, -3.4832455641800608E-01, -4.4974358747391319E-01, -3.7698420718903408E-01, -2.5369181780283723E-01,  0.0000000000000000E+00,  0.0000000000000000E+00,  0.0000000000000000E+00,  0.0000000000000000E+00,  0.0000000000000000E+00,  0.0000000000000000E+00,  0.0000000000000000E+00,  0.0000000000000000E+00,  0.0000000000000000E+00,  0.0000000000000000E+00,  0.0000000000000000E+00,  0.0000000000000000E+00,  0.0000000000000000E+00,  0.0000000000000000E+00,  0.0000000000000000E+00,  0.0000000000000000E+00
  0.0000000000000000E+00,  7.2159360654399734E+01,  6.9922961057890291E+01,  5.9475888346642400E+01,  4.9349040222725222E+01,  3.0747385888120469E+01,  2.1752395881133584E+01,  1.9451583806435210E+01,  1.0066150602542660E+01,  1.7803979094938596E+00,  1.9534279942995547E+00,  8.1494654010069789E-01, -3.8584476852080685E-01, -2.1628257956192409E-01,  2.1508676978873797E-01, -2.0005566163843758E-01, -1.7135491633772204E-01, -1.5342962891943190E-01, -2.8425509155958961E-01, -2.2105208717404584E-01,  0.0000000000000000E+00,  0.0000000000000000E+00,  0.0000000000000000E+00,  0.0000000000000000E+00,  0.0000000000000000E+00,  0.0000000000000000E+00,  0.0000000000000000E+00,  0.0000000000000000E+00,  0.0000000000000000E+00,  0.0000000000000000E+00,  0.0000000000000000E+00,  0.0000000000000000E+00,  0.0000000000000000E+00,  0.0000000000000000E+00,  0.0000000000000000E+00,  0.0000000000000000E+00
