  0.0000000000000000E+00,  2.6082302737390927E+02,  2.4395053624285163E+02,  2.0309360491191958E+02,  1.8410854189479363E+02,  1.1671598690089289E+02,  8.6778604763366872E+01,  7.5476779830250877E+01,  5.5591883059890876E+01,  7.8142462937155734E+00,  7.8326750558449341E+00,  1.1099236889151900E+00, -3.1565092757743489E+00,  3.0425212018474275E+00,  1.1766536298074506E+00, -1.9581248030342380E+00, -4.8844453091602436E-01, -6.5623646698634008E-01, -7.8370593950831502E-01, -5.3079223273676113E-01,  0.0000000000000000E+00,  0.0000000000000000E+00,  0.0000000000000000E+00,  0.0000000000000000E+00,  0.0000000000000000E+00,  0.0000000000000000E+00,  0.0000000000000000E+00,  0.0000000000000000E+00,  0.0000000000000000E+00,  0.0000000000000000E+00,  0.0000000000000000E+00,  0.0000000000000000E+00,  0.0000000000000000E+00,  0.0000000000000000E+00,  0.0000000000000000E+00,  0.0000000000000000E+00
  0.0000000000000000E+00,  3.0229895633515753E+02,  3.0003534328206496E+02,  2.8454602289912117E+02,  2.2788538110285094E+02,  8.8833312235885700E+01,  8.2186204015864178E+01,  7.1539319466893289E+01,  8.0952804154031696E+01,  4.1272362864147922E+00,  4.7365221557739527E+00,  2.1909962626734707E+00,  1.3269243030514222E+00, -2.4754351938814123E+00, -2.3382128872866303E-01, -1.0589895212839133E+00, -1.1794562602377865E+00, -1.6734809507908981E+00, -1.1204508373071809E-01, -7.9956211735626415E-01,  0.0000000000000000E+00,  0.0000000000000000E+00,  0.0000000000000000E+00,  0.0000000000000000E+00,  0.0000000000000000E+00,  0.0000000000000000E+00,  0.0000000000000000E+00,  0.0000000000000000E+00,  0.0000000000000000E+00,  0.0000000000000000E+00,  0.0000000000000000E+00,  0.0000000000000000E+00,  0.0000000000000000E+00,  0.0000000000000000E+00,  0.0000000000000000E+00,  0.0000000000000000E+00
  0.0000000000000000E+00,  2.4808124915654750E+02,  2.6674317876576055E+02,  1.8143539041958957E+02,  1.6165448236973265E+02,  1.0426187085193553E+02,  9.9783214119444125E+01,  8.9377562178443952E+01,  7.6999465113083346E+01,  7.6190281799944781E+00,  7.4278981817441494E+00,  3.9162512107363217E+00, -7.4049036130778489E-01, -2.3188017830392016E+00, -5.4058562873296800E-02, -2.0650727971989857E-01, -3.0745320118651347E+00, -2.1632477156114440E+00, -2.6437204081877175E-01, -5.1823526755293114E-01,  0.0000000000000000E+00,  0.0000000000000000E+00,  0.0000000000000000E+00,  0.0000000000000000E+00,  0.0000000000000000E+00,  0.0000000000000000E+00,  0.0000000000000000E+00,  0.0000000000000000E+00,  0.0000000000000000E+00,  0.0000000000000000E+00,  0.0000000000000000E+00,  0.0000000000000000E+00,  0.0000000000000000E+00,  0.0000000000000000E+00,  0.0000000000000000E+00,  0.0000000000000000E+00
  0.0000000000000000E+00,  3.0660843987077612E+02,  2.8224173631021620E+02,  2.0502145768657795E+02,  1.6450811971836660E+02,  9.0321097760607387E+01,  8.6999044984258830E+01,  7.3988318422707877E+01,  5.6897307024859288E+01,  5.0300769333225617E+00,  8.1515857449873099E+00, -8.7255565212045738E-01,  2.4825037403002028E+00,  2.1581804952922745E+00, -2.1147079801033808E+00, -1.4944474129218870E+00,  4.2271667701275906E-01, -7.3523460116728101E-01, -8.7566673614326707E-01, -8.2000271986114837E-01,  0.0000000000000000E+00,  0.0000000000000000E+00,  0.0000000000000000E+00,  0.0000000000000000E+00,  0.0000000000000000E+00,  0.0000000000000000E+00,  0.0000000000000000E+00,  0.0000000000000000E+00,  0.0000000000000000E+00,  0.0000000000000000E+00,  0.0000000000000000E+00,  0.0000000000000000E+00,  0.0000000000000000E+00,  0.0000000000000000E+00,  0.0000000000000000E+00,  0.0000000000000000E+00
  0.0000000000000000E+00,  2.8931436670038471E+02,  2.3926695891659341E+02,  2.1881487009006781E+02,  2.1635397356000942E+02,  1.1821599952174986E+02,  9.5785111310088894E+01,  7.2172534886636271E+01,  7.8811866411775000E+01,  6.3817960499091502E+00,  3.6020001274990605E+00,  3.8345142213447669E+00, -6.7582142229522102E-01,  1.6025951078311085E+00, -1.1221207285238215E+00, -1.2186055828618398E+00, -1.3291148104854305E+00, -1.5480074138745752E+00, -5.5322542574872413E-01, -7.9680883123507318E-01,  0.0000000000000000E+00,  0.0000000000000000E+00,  0.0000000000000000E+00,  0.0000000000000000E+00,  0.0000000000000000E+00,  0.0000000000000000E+00,  0.0000000000000000E+00,  0.0000000000000000E+00,  0.0000000000000000E+00,  0.0000000000000000E+00,  0.0000000000000000E+00,  0.0000000000000000E+00,  0.0000000000000000E+00,  0.0000000000000000E+00,  0.0000000000000000E+00,  0.0000000000000000E+00
  0.0000000000000000E+00,  2.7480857396102198E+02,  2.2602667949324220E+02,  2.3038802744398447E+02,  2.2027490421662324E+02,  8.8611756780915186E+01,  1.0162231875546371E+02,  9.8940089629759854E+01,  7.3273079610426677E+01,  1.0394211620136250E+01,  1.0141109997540946E+01,  6.4456736952818510E+00, -1.2873222634295836E+00,  4.6806106561036476E-01,  8.4627411699952537E-01, -1.4569794924020929E-01, -2.3653082784610291E-01, -1.7403499505055549E+00, -9.6221054397299000E-01, -1.6885368518146804E+00,  0.0000000000000000E+00,  0.0000000000000000E+00,  0.0000000000000000E+00,  0.0000000000000000E+00,  0.0000000000000000E+00,  0.0000000000000000E+00,  0.0000000000000000E+00,  0.0000000000000000E+00,  0.0000000000000000E+00,  0.0000000000000000E+00,  0.0000000000000000E+00,  0.0000000000000000E+00,  0.0000000000000000E+00,  0.0000000000000000E+00,  0.0000000000000000E+00,  0.0000000000000000E+00
  0.0000000000000000E+00,  3.5308595171234998E+02,  2.4018861074313838E+02,  2.4695541064071978E+02,  2.0958730399317341E+02,  1.1851522614572193E+02,  8.1112643647844450E+01,  8.7519999009706638E+01,  5.7348659624415369E+01, -7.6526390900269092E-01,  3.2404109504099861E+00, -3.9657593241182170E+00,  4.6349298831241388E+00,  2.8309710118700018E+00,  3.0387497220687392E+00, -1.6224379751370801E+00, -1.9647638184121812E+00, -3.0520504875310195E-01, -2.2969893654467932E+00, -1.5117500488294804E+00,  0.0000000000000000E+00,  0.0000000000000000E+00,  0.0000000000000000E+00,  0.0000000000000000E+00,  0.0000000000000000E+00,  0.0000000000000000E+00,  0.0000000000000000E+00,  0.0000000000000000E+00,  0.0000000000000000E+00,  0.0000000000000000E+00,  0.0000000000000000E+00,  0.0000000000000000E+00,  0.0000000000000000E+00,  0.0000000000000000E+00,  0.0000000000000000E+00,  0.0000000000000000E+00
  0.0000000000000000E+00,  2.7856879763521613E+02,  2.3330222966927067E+02,  2.3796050604015858E+02,  2.3379472525713624E+02,  1.2065466324744114E+02,  7.2469683599932921E+01,  8.5967729667879325E+01,  5.4489910790096843E+01,  7.8859200523660800E+00,  4.4052834550934925E+00,  6.5045242454035179E-01, -8.8046427635344138E-01,  3.8419285367286227E+00, -2.4839082936242853E+00, -1.4978878387513221E+00, -2.2509696876676779E+00, -3.0271038374533012E+00,  1.3721321086856531E-01, -1.1583214172681122E+00,  0.0000000000000000E+00,  0.0000000000000000E+00,  0.0000000000000000E+00,  0.0000000000000000E+00,  0.0000000000000000E+00,  0.0000000000000000E+00,  0.0000000000000000E+00,  0.0000000000000000E+00,  0.0000000000000000E+00,  0.0000000000000000E+00,  0.0000000000000000E+00,  0.0000000000000000E+00,  0.0000000000000000E+00,  0.0000000000000000E+00,  0.0000000000000000E+00,  0.0000000000000000E+00
  0.0000000000000000E+00,  2.7353567270132532E+02,  2.3048351460625997E+02,  2.4506690010709252E+02,  1.5874801112976641E+02,  1.1239363999287727E+02,  1.2134140683308225E+02,  8.1893077929821558E+01,  5.1297587200167321E+01,  5.9677324933896596E+00,  3.4348499095944511E+00,  4.1605165141816691E+00, -1.9228916473222792E+00, -1.7035817119096732E+00,  4.2031218646383905E-01, -1.0806576045655412E+00, -6.5700264351602256E-01, -8.6911941131072501E-01, -1.0820129809096333E+00, -6.5630940906885860E-01,  0.0000000000000000E+00,  0.0000000000000000E+00,  0.0000000000000000E+00,  0.0000000000000000E+00,  0.0000000000000000E+00,  0.0000000000000000E+00,  0.0000000000000000E+00,  0.0000000000000000E+00,  0.0000000000000000E+00,  0.0000000000000000E+00,  0.0000000000000000E+00,  0.0000000000000000E+00,  0.0000000000000000E+00,  0.0000000000000000E+00,  0.0000000000000000E+00,  0.0000000000000000E+00
  0.0000000000000000E+00,  2.8008241997203260E+02,  2.2748108219692023E+02,  2.0719975908621143E+02,  1.6103240665193169E+02,  1.1559402217427534E+02,  9.0219812795711022E+01,  1.0144042767237048E+02,  8.7952878086925438E+01,  8.3724091507854776E+00,  8.5750047591893797E+00,  2.4962695626952147E-01, -5.4382138567649196E-01, -2.2713224355593846E+00, -9.6549859898373303E-01,  1.2599503198276194E+00, -7.8178627747218155E-01,  7.9968081203675512E-01, -5.9025017155642745E-01, -4.2621372144886061E-01,  0.0000000000000000E+00,  0.0000000000000000E+00,  0.0000000000000000E+00,  0.0000000000000000E+00,  0.0000000000000000E+00,  0.0000000000000000E+00,  0.0000000000000000E+00,  0.0000000000000000E+00,  0.0000000000000000E+00,  0.0000000000000000E+00,  0.0000000000000000E+00,  0.0000000000000000E+00,  0.0000000000000000E+00,  0.0000000000000000E+00,  0.0000000000000000E+00,  0.0000000000000000E+00
  0.0000000000000000E+00,  2.9243106754202961E+02,  2.6133169269954385E+02,  2.4520463990709891E+02,  2.1179605588234995E+02,  1.0119035533917423E+02,  9.5025622172012319E+01,  1.0066142819679189E+02,  8.5812412078164925E+01,  5.4480737801545143E+00,  3.6179252698379667E+00, -5.3217418206485956E-01, -4.4405318002715255E-01, -1.1597842614760365E+00, -3.9962745225115004E-01, -1.0938765626738092E+00,  6.3794809854907886E-01, -2.9379462123588684E-01, -1.0740745456076004E+00, -1.1624867571074633E+00,  0.0000000000000000E+00,  0.0000000000000000E+00,  0.0000000000000000E+00,  0.0000000000000000E+00,  0.0000000000000000E+00,  0.0000000000000000E+00,  0.0000000000000000E+00,  0.0000000000000000E+00,  0.0000000000000000E+00,  0.0000000000000000E+00,  0.0000000000000000E+00,  0.0000000000000000E+00,  0.0000000000000000E+00,  0.0000000000000000E+00,  0.0000000000000000E+00,  0.0000000000000000E+00
  0.0000000000000000E+00,  2.7396185397291902E+02,  2.5152814641878865E+02,  2.3690426968348038E+02,  1.8705345730814372E+02,  9.0659975920734070E+01,  7.2008679598570211E+01,  8.4947271104685683E+01,  7.5695735300519004E+01,  7.4722343523287869E+00,  6.7121690202280924E+00,  1.9573162452339083E+00, -5.5892281602548888E-01, -2.4592160314642535E+00, -2.3912072680206320E+00,  1.3454599248377885E+00, -1.4417941481215366E+00, -4.5048660737485768E-01, -1.7906791284292620E+00, -5.8779398273790240E-01,  0.0000000000000000E+00,  0.0000000000000000E+00,  0.0000000000000000E+00,  0.0000000000000000E+00,  0.0000000000000000E+00,  0.0000000000000000E+00,  0.0000000000000000E+00,  0.0000000000000000E+00,  0.0000000000000000E+00,  0.0000000000000000E+00,  0.0000000000000000E+00,  0.0000000000000000E+00,  0.0000000000000000E+00,  0.0000000000000000E+00,  0.0000000000000000E+00,  0.0000000000000000E+00
  0.0000000000000000E+00,  2.6335760955338372E+02,  2.1070994645027216E+02,  1.6640722055265451E+02,  1.9394659054454229E+02,  9.8054429262241172E+01,  7.8291173264201575E+01,  7.1672599260829628E+01,  5.7500076842374199E+01,  7.5211912276123396E+00,  4.6707165371208497E+00,  1.2593476389267444E-01,  1.6305900720020503E+00, -2.5767694575955868E+00, -3.5722056659574863E+00,  3.1718810483124011E+00, -1.4627026146884345E+00, -2.1776504322885066E+00, -1.0809597878231236E-01,  3.0681272852651786E-01,  0.0000000000000000E+00,  0.0000000000000000E+00,  0.0000000000000000E+00,  0.0000000000000000E+00,  0.0000000000000000E+00,  0.0000000000000000E+00,  0.0000000000000000E+00,  0.0000000000000000E+00,  0.0000000000000000E+00,  0.0000000000000000E+00,  0.0000000000000000E+00,  0.0000000000000000E+00,  0.0000000000000000E+00,  0.0000000000000000E+00,  0.0000000000000000E+00,  0.0000000000000000E+00
  0.0000000000000000E+00,  3.1387246604265374E+02,  2.4942936404549513E+02,  2.1349092504665191E+02,  2.4939497227125418E+02,  1.4992206019933673E+02,  9.0142443222749989E+01,  6.0079034774028258E+01,  6.2419326513239497E+01,  6.9096333684078637E-01,  5.2057903506566117E+00, -1.3057232163704704E+00, -2.9083277152445559E+00, -1.6788016634827452E+00,  2.4063569429201186E+00, -2.3646842999230020E+00, -3.9605825810187407E+00, -2.4660367262703775E+00,  3.6428831335509315E-01, -8.8754620938153694E-01,  0.0000000000000000E+00,  0.0000000000000000E+00,  0.0000000000000000E+00,  0.0000000000000000E+00,  0.0000000000000000E+00,  0.0000000000000000E+00,  0.0000000000000000E+00,  0.0000000000000000E+00,  0.0000000000000000E+00,  0.0000000000000000E+00,  0.0000000000000000E+00,  0.0000000000000000E+00,  0.0000000000000000E+00,  0.0000000000000000E+00,  0.0000000000000000E+00,  0.0000000000000000E+00
  0.0000000000000000E+00,  3.1018734278438194E+02,  3.0098437230651399E+02,  2.4945068656879161E+02,  1.9636201841611395E+02,  1.2676169476189071E+02,  9.0323264358917754E+01,  6.4558394444530663E+01,  4.9303545226556949E+01,  5.2746977834145810E+00,  7.3133724232435107E+00,  8.8955498451398718E-01, -3.0778411946670570E-01,  3.5505216402796496E+00, -3.0949461476350297E+00,  8.6548313084550799E-01, -1.3370815105706755E+00, -2.4895420028047557E+00, -2.8539193838359131E+00,  2.8421652367236194E-01,  0.0000000000000000E+00,  0.0000000000000000E+00,  0.0000000000000000E+00,  0.0000000000000000E+00,  0.0000000000000000E+00,  0.0000000000000000E+00,  0.0000000000000000E+00,  0.0000000000000000E+00,  0.0000000000000000E+00,  0.0000000000000000E+00,  0.0000000000000000E+00,  0.0000000000000000E+00,  0.0000000000000000E+00,  0.0000000000000000E+00,  0.0000000000000000E+00,  0.0000000000000000E+00
  0.0000000000000000E+00,  2.6009134256634354E+02,  2.2846897957729053E+02,  2.2180295631179365E+02,  1.7067695497130038E+02,  1.0287564885868980E+02,  7.1054285711683420E+01,  7.2107307470063887E+01,  9.1684374580902187E+01,  5.3469718118758252E+00, -7.2477329749562891E-01,  5.5235968768325385E+00, -3.3251664728315951E+00, -1.9990443032515159E-01, -2.4766973222915230E+00,  3.8350611909541765E-01, -2.8428689192256984E+00,  2.7873346126686336E+00,  8.9910766248739460E-01, -3.0783742076032254E+00,  0.0000000000000000E+00,  0.0000000000000000E+00,  0.0000000000000000E+00,  0.0000000000000000E+00,  0.0000000000000000E+00,  0.0000000000000000E+00,  0.0000000000000000E+00,  0.0000000000000000E+00,  0.0000000000000000E+00,  0.0000000000000000E+00,  0.0000000000000000E+00,  0.0000000000000000E+00,  0.0000000000000000E+00,  0.0000000000000000E+00,  0.0000000000000000E+00,  0.0000000000000000E+00
  0.0000000000000000E+00,  2.4972026380825665E+02,  2.4357914950159568E+02,  2.4618829822863319E+02,  2.5452033343827253E+02,  8.9264297750406115E+01,  1.0072525399909392E+02,  9.4972641688682117E+01,  7.8705101869839879E+01,  3.6074556158012179E+00,  1.3994336096831361E+00,  4.1148981369865929E+00,  2.1350453660357029E+00, -3.7140239750294639E+00,  5.7580158297254069E-01, -1.3558356732674248E-01, -2.0875983169353964E+00, -9.5605553400274212E-01,  3.5814662697692778E-01, -2.1284514829883125E+00,  0.0000000000000000E+00,  0.0000000000000000E+00,  0.0000000000000000E+00,  0.0000000000000000E+00,  0.0000000000000000E+00,  0.0000000000000000E+00,  0.0000000000000000E+00,  0.0000000000000000E+00,  0.0000000000000000E+00,  0.0000000000000000E+00,  0.0000000000000000E+00,  0.0000000000000000E+00,  0.0000000000000000E+00,  0.0000000000000000E+00,  0.0000000000000000E+00,  0.0000000000000000E+00
  0.0000000000000000E+00,  2.3454368706303731E+02,  2.4568698345281339E+02,  2.2809900386140134E+02,  2.3790707966390852E+02,  1.0481952483890731E+02,  7.6294089378179791E+01,  8.3593530639211281E+01,  7.2155738381568227E+01,  1.1546774314954316E+01,  2.5606920973194320E+00,  1.3349582560109905E+00,  6.4711655599093643E+00, -5.4654352322947553E+00, -4.5005094883109296E+00, -3.2958858359748588E+00, -4.5576525893800213E-01, -1.6586316997739217E+00, -5.3774864095807828E-01,  1.0332861848086385E+00,  0.0000000000000000E+00,  0.0000000000000000E+00,  0.0000000000000000E+00,  0.0000000000000000E+00,  0.0000000000000000E+00,  0.0000000000000000E+00,  0.0000000000000000E+00,  0.0000000000000000E+00,  0.0000000000000000E+00,  0.0000000000000000E+00,  0.0000000000000000E+00,  0.0000000000000000E+00,  0.0000000000000000E+00,  0.0000000000000000E+00,  0.0000000000000000E+00,  0.0000000000000000E+00
  0.0000000000000000E+00,  2.8807681090995362E+02,  2.2736511223116156E+02,  2.2514272622913143E+02,  1.7309638121557271E+02,  1.0451368340140291E+02,  8.9982077269661929E+01,  6.1365178829780788E+01,  4.6053946184871599E+01,  5.5146704827652506E+00,  3.0598801258958837E+00,  2.2612018519378516E+00, -2.1147218871985904E+00,  1.0771129773746226E+00, -2.8019583889212525E+00, -2.5711417269023906E+00,  4.7812709810377640E-01,  3.3501343053681909E+00,  2.3318550157218545E+00, -2.9739388503054296E+00,  0.0000000000000000E+00,  0.0000000000000000E+00,  0.0000000000000000E+00,  0.0000000000000000E+00,  0.0000000000000000E+00,  0.0000000000000000E+00,  0.0000000000000000E+00,  0.0000000000000000E+00,  0.0000000000000000E+00,  0.0000000000000000E+00,  0.0000000000000000E+00,  0.0000000000000000E+00,  0.0000000000000000E+00,  0.0000000000000000E+00,  0.0000000000000000E+00,  0.0000000000000000E+00
  0.0000000000000000E+00,  2.4811029905563623E+02,  2.2474262614454318E+02,  2.3733436577194493E+02,  1.7432534886984851E+02,  1.1419496381223387E+02,  9.4238284083602821E+01,  9.6379838807179993E+01,  6.7313013215210489E+01,  3.6239113648527184E+00,  3.8583459549107726E+00,  4.1683730563393695E-01,  6.5272713844793859E+00,  5.5961117309419173E-01, -3.9734090699664644E+00, -5.4733952483381421E-01, -3.3202974825505689E+00, -3.7384946767739926E+00,  4.8504099837749459E-01, -1.4965582461780913E+00,  0.0000000000000000E+00,  0.0000000000000000E+00,  0.0000000000000000E+00,  0.0000000000000000E+00,  0.0000000000000000E+00,  0.0000000000000000E+00,  0.0000000000000000E+00,  0.0000000000000000E+00,  0.0000000000000000E+00,  0.0000000000000000E+00,  0.0000000000000000E+00,  0.0000000000000000E+00,  0.0000000000000000E+00,  0.0000000000000000E+00,  0.0000000000000000E+00,  0.0000000000000000E+00
  0.0000000000000000E+00,  2.7025778685669223E+02,  2.5749657089762957E+02,  2.3908626444498856E+02,  2.3154560189942859E+02,  9.1332911491056137E+01,  8.4238623934771638E+01,  7.2289454157337900E+01,  7.7535082485619455E+01,  3.3879347745700219E+00,  4.5315746740883078E+00,  3.0276529123667295E+00, -1.0040618252052980E-01, -2.1047134923187407E+00, -2.5767047991483611E+00, -1.9452846021145298E-01, -9.5458663656680498E-01,  8.6140406274288317E-02, -7.1859531813014144E-01, -1.3787040133551764E+00,  0.0000000000000000E+00,  0.0000000000000000E+00,  0.0000000000000000E+00,  0.0000000000000000E+00,  0.0000000000000000E+00,  0.0000000000000000E+00,  0.0000000000000000E+00,  0.0000000000000000E+00,  0.0000000000000000E+00,  0.0000000000000000E+00,  0.0000000000000000E+00,  0.0000000000000000E+00,  0.0000000000000000E+00,  0.0000000000000000E+00,  0.0000000000000000E+00,  0.0000000000000000E+00
  0.0000000000000000E+00,  2.4775902602643521E+02,  2.4787199393631411E+02,  2.4037697127991629E+02,  1.7519655654041227E+02,  1.1637882567118419E+02,  8.8491086118588157E+01,  8.3265745568652491E+01,  6.7834809042696833E+01,  8.4466838089540666E+00,  1.1614881612971821E+00,  5.4577978543573380E+00,  3.0650322873551552E+00, -1.1918592723074424E+00, -7.2218240108978549E-01, -2.1643748085551380E+00, -2.1143125791187156E-02, -2.7589573618037466E-01, -1.5197318329918570E+00, -1.7210169537330491E+00,  0.0000000000000000E+00,  0.0000000000000000E+00,  0.0000000000000000E+00,  0.0000000000000000E+00,  0.0000000000000000E+00,  0.0000000000000000E+00,  0.0000000000000000E+00,  0.0000000000000000E+00,  0.0000000000000000E+00,  0.0000000000000000E+00,  0.0000000000000000E+00,  0.0000000000000000E+00,  0.0000000000000000E+00,  0.0000000000000000E+00,  0.0000000000000000E+00,  0.0000000000000000E+00
  0.0000000000000000E+00,  2.8933760409979129E+02,  2.8930636730094756E+02,  2.1965173364918729E+02,  1.8633214410257366E+02,  1.2860070988849878E+02,  1.0875936799439708E+02,  6.6673325465291001E+01,  6.1085263494139980E+01,  4.0514483465789510E+00,  1.0537942521822679E+01,  3.5181938816469582E-02, -2.6737296674682387E+00,  8.7172632589363719E-01, -1.8467741910582323E+00, -1.2662029918066100E+00,  1.4342159796274001E+00, -1.5359911796468961E+00, -1.3906979690015147E+00, -1.6149132373015762E+00,  0.0000000000000000E+00,  0.0000000000000000E+00,  0.0000000000000000E+00,  0.0000000000000000E+00,  0.0000000000000000E+00,  0.0000000000000000E+00,  0.0000000000000000E+00,  0.0000000000000000E+00,  0.0000000000000000E+00,  0.0000000000000000E+00,  0.0000000000000000E+00,  0.0000000000000000E+00,  0.0000000000000000E+00,  0.0000000000000000E+00,  0.0000000000000000E+00,  0.0000000000000000E+00
  0.0000000000000000E+00,  2.6425603964751048E+02,  2.2659430474143875E+02,  2.2464715316874327E+02,  1.8607729603548904E+02,  7.4369054646335059E+01,  8.0986715208606341E+01,  9.9179059341658046E+01,  7.6280974744248056E+01,  4.8994056610381165E-01,  3.8118547319149325E+00, -4.6045902158224035E+00,  4.1196732997664007E+00,  2.1094050006458485E+00, -1.5541206883145620E+00, -1.2668100870182926E+00,  2.3419407742991329E+00, -2.6765389458871169E-01, -2.8212075995761268E+00,  6.7004411714925416E-01,  0.0000000000000000E+00,  0.0000000000000000E+00,  0.0000000000000000E+00,  0.0000000000000000E+00,  0.0000000000000000E+00,  0.0000000000000000E+00,  0.0000000000000000E+00,  0.0000000000000000E+00,  0.0000000000000000E+00,  0.0000000000000000E+00,  0.0000000000000000E+00,  0.0000000000000000E+00,  0.0000000000000000E+00,  0.0000000000000000E+00,  0.0000000000000000E+00,  0.0000000000000000E+00
  0.0000000000000000E+00,  3.0146258875555964E+02,  2.3096080349342313E+02,  2.2755274108414758E+02,  1.7817191201078967E+02,  8.4828049482333995E+01,  7.0529084492148002E+01,  7.9522736401880991E+01,  6.6671254560372589E+01,  8.1090548810977499E+00,  6.3537133938977775E+00,  1.6114171339466061E+00,  4.2265023656995435E+00,  1.2575973030940837E+00,  1.4460834727233864E+00,  1.5757058347343755E+00, -3.1655410617232409E+00, -3.6497233481495934E+00, -2.3718794907354463E+00, -7.5293104395533383E-02,  0.0000000000000000E+00,  0.0000000000000000E+00,  0.0000000000000000E+00,  0.0000000000000000E+00,  0.0000000000000000E+00,  0.0000000000000000E+00,  0.0000000000000000E+00,  0.0000000000000000E+00,  0.0000000000000000E+00,  0.0000000000000000E+00,  0.0000000000000000E+00,  0.0000000000000000E+00,  0.0000000000000000E+00,  0.0000000000000000E+00,  0.0000000000000000E+00,  0.0000000000000000E+00
  0.0000000000000000E+00,  2.7522045707350878E+02,  2.5868749576116977E+02,  2.3606007589401344E+02,  1.8779622684122282E+02,  1.1998161562848338E+02,  9.4430709243399050E+01,  7.5233828094237111E+01,  8.0743494973916341E+01,  1.2676977970371624E+01,  7.9028252256453513E-01,  1.2167166327716927E+00,  2.7119642267305419E+00,  2.0079188701165709E+00, -2.7529488800733461E+00, -1.8186591759474497E+00, -1.0994725319089884E+00,  8.4913187407345259E-01,  5.8559959546329066E-01, -2.4519457080700082E+00,  0.0000000000000000E+00,  0.0000000000000000E+00,  0.0000000000000000E+00,  0.0000000000000000E+00,  0.0000000000000000E+00,  0.0000000000000000E+00,  0.0000000000000000E+00,  0.0000000000000000E+00,  0.0000000000000000E+00,  0.0000000000000000E+00,  0.0000000000000000E+00,  0.0000000000000000E+00,  0.0000000000000000E+00,  0.0000000000000000E+00,  0.0000000000000000E+00,  0.0000000000000000E+00
  0.0000000000000000E+00,  2.7473130413257633E+02,  2.8051874996150707E+02,  2.3156328655431503E+02,  1.8113257651320691E+02,  1.2704206605502137E+02,  1.1532628141419508E+02,  7.8373914272013849E+01,  6.1026386492705321E+01,  4.9659987225647768E+00,  1.4890076537032080E+00,  4.7055806993432556E+00,  1.1497287384927644E+00, -4.8157001872020500E+00,  6.3431921287053949E-01,  2.2753968094054136E+00, -2.4098595197217665E+00, -3.8403380264906497E+00,  2.5172778344510656E+00,  7.9132788391398123E-01,  0.0000000000000000E+00,  0.0000000000000000E+00,  0.0000000000000000E+00,  0.0000000000000000E+00,  0.0000000000000000E+00,  0.0000000000000000E+00,  0.0000000000000000E+00,  0.0000000000000000E+00,  0.0000000000000000E+00,  0.0000000000000000E+00,  0.0000000000000000E+00,  0.0000000000000000E+00,  0.0000000000000000E+00,  0.0000000000000000E+00,  0.0000000000000000E+00,  0.0000000000000000E+00
  0.0000000000000000E+00,  3.1571157607631898E+02,  2.5637165959066675E+02,  1.6889681915695832E+02,  1.6151323881239949E+02,  7.8855296337570763E+01,  8.0825396114463985E+01,  7.1173837915214250E+01,  8.0733931440322507E+01,  1.0633411940842565E+01,  5.8102088043237643E-01,  1.7258060020084498E+00, -4.5282107537557668E+00, -5.7927217587990132E+00,  5.1739918208051305E+00, -2.5662150909278982E+00, -6.7070305736711422E-01,  4.1754615741973566E-01, -1.7235276110136066E-01, -3.5287015804819077E-04,  0.0000000000000000E+00,  0.0000000000000000E+00,  0.0000000000000000E+00,  0.0000000000000000E+00,  0.0000000000000000E+00,  0.0000000000000000E+00,  0.0000000000000000E+00,  0.0000000000000000E+00,  0.0000000000000000E+00,  0.0000000000000000E+00,  0.0000000000000000E+00,  0.0000000000000000E+00,  0.0000000000000000E+00,  0.0000000000000000E+00,  0.0000000000000000E+00,  0.0000000000000000E+00
  0.0000000000000000E+00,  2.2742472312778256E+02,  2.0467211784595372E+02,  2.2326625061949710E+02,  1.6085661431161100E+02,  1.0958288051206287E+02,  1.0741510611804944E+02,  7.1478903419905777E+01,  4.2004835135185154E+01,  1.2390756018108107E+00,  2.3990676433875144E+00, -2.3063028369178573E+00,  8.4942473824865594E-01,  9.7116518096186422E-01, -3.2382981380013383E+00, -1.9994884368031358E+00, -1.8546932497414517E+00, -1.2656183028612316E+00, -7.4755258521953083E-02, -1.6764272468935473E+00,  0.0000000000000000E+00,  0.0000000000000000E+00,  0.0000000000000000E+00,  0.0000000000000000E+00,  0.0000000000000000E+00,  0.0000000000000000E+00,  0.0000000000000000E+00,  0.0000000000000000E+00,  0.0000000000000000E+00,  0.0000000000000000E+00,  0.0000000000000000E+00,  0.0000000000000000E+00,  0.0000000000000000E+00,  0.0000000000000000E+00,  0.0000000000000000E+00,  0.0000000000000000E+00
  0.0000000000000000E+00,  2.5657312585406288E+02,  2.4223171545062525E+02,  2.3591627953234712E+02,  2.2954593597966687E+02,  9.3385752186975694E+01,  6.3471415238471309E+01,  4.6510029411977442E+01,  3.7449931017871918E+01,  2.0552606192946797E+01,  1.0649107502172797E+01,  1.5009820249089927E+00, -1.3319528879858655E+00,  1.7681960416573350E+00, -1.5821785347184862E+00, -1.8923209357707593E+00, -1.6112640581876878E+00, -1.9036854644611441E+00, -4.7948204191188692E-01, -7.8919487396601462E-01,  0.0000000000000000E+00,  0.0000000000000000E+00,  0.0000000000000000E+00,  0.0000000000000000E+00,  0.0000000000000000E+00,  0.0000000000000000E+00,  0.0000000000000000E+00,  0.0000000000000000E+00,  0.0000000000000000E+00,  0.0000000000000000E+00,  0.0000000000000000E+00,  0.0000000000000000E+00,  0.0000000000000000E+00,  0.0000000000000000E+00,  0.0000000000000000E+00,  0.0000000000000000E+00
  0.0000000000000000E+00,  3.6049009248409925E+02,  2.7452149739912352E+02,  2.1861244532483090E+02,  1.8230763497257698E+02,  8.9913639728536126E+01,  7.3002309242367531E+01,  6.5703538048189984E+01,  5.3537151493016609E+01,  1.2113789475241317E+01,  6.9894495100522640E+00,  6.0892559358424361E+00, -1.5370244363295216E+00, -2.2512545801522812E+00,  3.5438036491326752E-01, -5.0691549637065858E-01, -3.3791815201931907E-01, -8.6868774672610116E-01, -9.1755827689500524E-01, -8.3426141891236139E-01,  0.0000000000000000E+00,  0.0000000000000000E+00,  0.0000000000000000E+00,  0.0000000000000000E+00,  0.0000000000000000E+00,  0.0000000000000000E+00,  0.0000000000000000E+00,  0.0000000000000000E+00,  0.0000000000000000E+00,  0.0000000000000000E+00,  0.0000000000000000E+00,  0.0000000000000000E+00,  0.0000000000000000E+00,  0.0000000000000000E+00,  0.0000000000000000E+00,  0.0000000000000000E+00
  0.0000000000000000E+00,  3.4581786858434407E+02,  1.9983654183976901E+02,  2.1715401761492635E+02,  1.5895821618566146E+02,  9.1026603532070993E+01,  9.9090370061723249E+01,  7.6407830974388901E+01,  7.7300613191898535E+01,  2.2981822896739978E+01,  1.9293378801330281E+00,  4.5208527148532092E+00,  1.6119319854202141E+00,  2.1255280988657299E+00, -2.3834588084316461E+00, -1.9731272357203840E+00, -2.0030326505378415E+00, -9.1865380042233058E-01, -1.0040399426551769E+00, -7.2744456323617290E-01,  0.0000000000000000E+00,  0.0000000000000000E+00,  0.0000000000000000E+00,  0.0000000000000000E+00,  0.0000000000000000E+00,  0.0000000000000000E+00,  0.0000000000000000E+00,  0.0000000000000000E+00,  0.0000000000000000E+00,  0.0000000000000000E+00,  0.0000000000000000E+00,  0.0000000000000000E+00,  0.0000000000000000E+00,  0.0000000000000000E+00,  0.0000000000000000E+00,  0.0000000000000000E+00
  0.0000000000000000E+00,  2.6302733285190686E+02,  2.7068345328290013E+02,  2.5588555037692086E+02,  2.1983437898742051E+02,  8.7247665660325097E+01,  7.2556305952690451E+01,  6.5536120666602343E+01,  4.3407480184118093E+01,  1.4762593971964121E+01,  4.5919223291468327E+00, -3.2989012116802865E+00,  1.4524066594252725E+00, -3.3741140891555785E+00, -1.3893769770939617E+00, -2.1615848818026251E-01,  2.7093243812092549E-01,  2.7350485341591657E-01, -2.3313426330109657E+00, -2.5094966690956255E-01,  0.0000000000000000E+00,  0.0000000000000000E+00,  0.0000000000000000E+00,  0.0000000000000000E+00,  0.0000000000000000E+00,  0.0000000000000000E+00,  0.0000000000000000E+00,  0.0000000000000000E+00,  0.0000000000000000E+00,  0.0000000000000000E+00,  0.0000000000000000E+00,  0.0000000000000000E+00,  0.0000000000000000E+00,  0.0000000000000000E+00,  0.0000000000000000E+00,  0.0000000000000000E+00
  0.0000000000000000E+00,  2.4462960332296601E+02,  2.3819855587172719E+02,  1.9206998542793428E+02,  1.6055842277653659E+02,  1.1781161179244998E+02,  7.4789550345315490E+01,  5.5404520760094883E+01,  4.9052882659599696E+01,  4.0380135552620313E+00, -2.2775510728965731E+00,  2.4951343922234894E+00,  4.1628430169754811E+00,  1.1776247871890333E+00, -3.9855710037210343E+00, -2.1238567379444779E+00, -1.9962720306030999E+00, -4.5217177757789750E-01, -8.7427197703737036E-01, -5.0814981377948509E-01,  0.0000000000000000E+00,  0.0000000000000000E+00,  0.0000000000000000E+00,  0.0000000000000000E+00,  0.0000000000000000E+00,  0.0000000000000000E+00,  0.0000000000000000E+00,  0.0000000000000000E+00,  0.0000000000000000E+00,  0.0000000000000000E+00,  0.0000000000000000E+00,  0.0000000000000000E+00,  0.0000000000000000E+00,  0.0000000000000000E+00,  0.0000000000000000E+00,  0.0000000000000000E+00
  0.0000000000000000E+00,  3.0892138870723500E+02,  2.4921192881807292E+02,  2.3271956230672293E+02,  1.9146020145906073E+02,  1.1517368776230150E+02,  6.0927663080982398E+01,  7.7997202801436345E+01,  6.8245384339293551E+01,  5.1287832411817362E+00,  2.0583615730946505E+00, -2.5529555588618393E+00, -3.6073876512759560E+00,  5.3563460517029364E+00, -4.8382773500071083E+00, -1.6057927740886067E+00, -2.7388558367914606E+00, -1.1165721944738631E+00,  8.6121770036691148E-01, -1.8494441051996531E+00,  0.0000000000000000E+00,  0.0000000000000000E+00,  0.0000000000000000E+00,  0.0000000000000000E+00,  0.0000000000000000E+00,  0.0000000000000000E+00,  0.0000000000000000E+00,  0.0000000000000000E+00,  0.0000000000000000E+00,  0.0000000000000000E+00,  0.0000000000000000E+00,  0.0000000000000000E+00,  0.0000000000000000E+00,  0.0000000000000000E+00,  0.0000000000000000E+00,  0.0000000000000000E+00
  0.0000000000000000E+00,  2.9401419847853492E+02,  2.2362304872588095E+02,  1.7899992650127029E+02,  1.4372493106047983E+02,  1.9643359999270510E+02,  7.7086286931483130E+01,  8.7847870583215538E+01,  4.1557230039403905E+01,  4.2406183115750444E+00,  7.0320232733307364E-01, -1.8762209882140670E+00, -4.3142050315203937E+00, -2.7929424510620873E+00, -4.7687711129723054E-01,  5.0200800381378921E+00, -3.4211030309100976E+00,  2.3264440624730369E+00,  1.4485039097107375E+00, -2.8307586047632638E+00,  0.0000000000000000E+00,  0.0000000000000000E+00,  0.0000000000000000E+00,  0.0000000000000000E+00,  0.0000000000000000E+00,  0.0000000000000000E+00,  0.0000000000000000E+00,  0.0000000000000000E+00,  0.0000000000000000E+00,  0.0000000000000000E+00,  0.0000000000000000E+00,  0.0000000000000000E+00,  0.0000000000000000E+00,  0.0000000000000000E+00,  0.0000000000000000E+00,  0.0000000000000000E+00
  0.0000000000000000E+00,  2.1286779954018584E+02,  1.9809188977810390E+02,  1.9107086294123440E+02,  1.7381815651749835E+02,  1.2820167725237752E+02,  7.8587613232201576E+01,  6.7489648592414511E+01,  3.7603043387071196E+01,  8.4252683449594699E+00,  2.1305417139311089E-01,  2.9340962387380340E+00,  7.6920413144691917E+00,  7.6349357613475277E-02, -2.9690258744108231E+00,  1.8420848285298379E+00, -3.8868236525778941E+00, -1.8300022940926590E+00,  1.4315135049398773E+00,  6.4839160447925348E-01,  0.0000000000000000E+00,  0.0000000000000000E+00,  0.0000000000000000E+00,  0.0000000000000000E+00,  0.0000000000000000E+00,  0.0000000000000000E+00,  0.0000000000000000E+00,  0.0000000000000000E+00,  0.0000000000000000E+00,  0.0000000000000000E+00,  0.0000000000000000E+00,  0.0000000000000000E+00,  0.0000000000000000E+00,  0.0000000000000000E+00,  0.0000000000000000E+00,  0.0000000000000000E+00
  0.0000000000000000E+00,  3.4305520365921006E+02,  2.6256130695766086E+02,  2.6136854107794807E+02,  2.1292165958571303E+02,  1.1729631227358749E+02,  9.4361797476098928E+01,  8.6185685326018159E+01,  4.3325926797811320E+01,  4.3007497332241709E+00,  3.6379937872494352E+00,  3.1331364389134961E+00, -3.3323795659755993E+00, -2.5638899850530610E+00,  1.5712234063312094E+00, -8.2095366977654738E-01, -7.5460365229653403E-01, -1.3385157137506769E+00, -4.3917273822197367E-01, -6.9048982852227492E-01,  0.0000000000000000E+00,  0.0000000000000000E+00,  0.0000000000000000E+00,  0.0000000000000000E+00,  0.0000000000000000E+00,  0.0000000000000000E+00,  0.0000000000000000E+00,  0.0000000000000000E+00,  0.0000000000000000E+00,  0.0000000000000000E+00,  0.0000000000000000E+00,  0.0000000000000000E+00,  0.0000000000000000E+00,  0.0000000000000000E+00,  0.0000000000000000E+00,  0.0000000000000000E+00
  0.0000000000000000E+00,  3.3163845291252733E+02,  2.9008396212535433E+02,  2.6100352875992451E+02,  1.7368851598961280E+02,  8.3678307284704459E+01,  9.5913298872462349E+01,  7.0219995970438958E+01,  5.0291149379121883E+01,  1.1326850443311764E+01,  4.2292656049589166E+00, -6.2233554862527667E+00,  1.1535460354581675E+00, -4.6131209766333114E-01, -4.9588921243900330E+00, -3.8603919727293601E-03,  1.6404903362077787E+00,  1.2350930253604429E+00,  8.5714321868691545E-01, -1.1994306680264943E+00,  0.0000000000000000E+00,  0.0000000000000000E+00,  0.0000000000000000E+00,  0.0000000000000000E+00,  0.0000000000000000E+00,  0.0000000000000000E+00,  0.0000000000000000E+00,  0.0000000000000000E+00,  0.0000000000000000E+00,  0.0000000000000000E+00,  0.0000000000000000E+00,  0.0000000000000000E+00,  0.0000000000000000E+00,  0.0000000000000000E+00,  0.0000000000000000E+00,  0.0000000000000000E+00
  0.0000000000000000E+00,  2.3111945881233584E+02,  2.1697215932753289E+02,  1.4657284924650867E+02,  1.6389939877422256E+02,  9.8707795134273013E+01,  1.1689145224317116E+02,  8.4092207067119659E+01,  6.0292390771007874E+01,  1.2495342832575458E+01,  5.2224707968609465E+00,  3.4926543601603566E+00, -3.8048510489948328E+00,  6.2943667805897814E+00, -2.8426813035075620E+00, -8.2767933515969450E-01,  9.7873999846126125E-01, -1.5070518665575412E+00, -1.5619515007278140E+00, -7.6578995027727670E-01,  0.0000000000000000E+00,  0.0000000000000000E+00,  0.0000000000000000E+00,  0.0000000000000000E+00,  0.0000000000000000E+00,  0.0000000000000000E+00,  0.0000000000000000E+00,  0.0000000000000000E+00,  0.0000000000000000E+00,  0.0000000000000000E+00,  0.0000000000000000E+00,  0.0000000000000000E+00,  0.0000000000000000E+00,  0.0000000000000000E+00,  0.0000000000000000E+00,  0.0000000000000000E+00
  0.0000000000000000E+00,  3.5519452474784180E+02,  3.0900979931859064E+02,  2.8294039331681182E+02,  1.9923987319172892E+02,  1.3101980131710170E+02,  7.9874291390717104E+01,  7.5182594722277230E+01,  5.5427598352949445E+01,  8.5867671033753759E+00, -4.4407558735705113E+00, -9.0798326590664402E-01, -5.3105370100077467E+00,  2.0622642819544508E+00,  2.5122004402552811E-01,  5.7467737165955413E-01,  2.9003011197864810E+00, -2.6825145442303109E+00, -2.9393700075026916E+00,  9.4080622174689976E-01,  0.0000000000000000E+00,  0.0000000000000000E+00,  0.0000000000000000E+00,  0.0000000000000000E+00,  0.0000000000000000E+00,  0.0000000000000000E+00,  0.0000000000000000E+00,  0.0000000000000000E+00,  0.0000000000000000E+00,  0.0000000000000000E+00,  0.0000000000000000E+00,  0.0000000000000000E+00,  0.0000000000000000E+00,  0.0000000000000000E+00,  0.0000000000000000E+00,  0.0000000000000000E+00
  0.0000000000000000E+00,  3.1094315655874533E+02,  2.6144358899277120E+02,  1.9824924974653132E+02,  1.5368439327642460E+02,  1.3124325586956994E+02,  8.8581699347099743E+01,  6.7672047525778396E+01,  6.9594448055412954E+01,  1.1851127871151126E+01,  3.3902297630351317E+00,  3.1951453538719132E+00,  2.9561203984151785E-01,  3.7672382729136888E-01, -5.4371275359535503E+00,  4.0069702191773384E+00, -2.6765773553933334E+00, -9.5761661463722048E-01,  2.6107811999546771E-01,  7.4977988231031700E-01,  0.0000000000000000E+00,  0.0000000000000000E+00,  0.0000000000000000E+00,  0.0000000000000000E+00,  0.0000000000000000E+00,  0.0000000000000000E+00,  0.0000000000000000E+00,  0.0000000000000000E+00,  0.0000000000000000E+00,  0.0000000000000000E+00,  0.0000000000000000E+00,  0.0000000000000000E+00,  0.0000000000000000E+00,  0.0000000000000000E+00,  0.0000000000000000E+00,  0.0000000000000000E+00
  0.0000000000000000E+00,  3.5270220742847943E+02,  2.8364630124784014E+02,  2.7051984058657081E+02,  2.0630550057365843E+02,  8.3003236636313716E+01,  7.3232721152145274E+01,  6.5135032397337284E+01,  6.6304427968972206E+01,  6.5846151307177205E+00,  3.8167799734165264E+00,  1.3135389961582344E+00, -5.8104529529268323E-01, -3.1631711488925340E-01, -2.0242336338006135E+00, -1.6944400996532671E-01,  7.3748305967395567E-02, -1.5137664368139836E+00, -1.5425781118261792E+00, -1.1011180574167088E+00,  0.0000000000000000E+00,  0.0000000000000000E+00,  0.0000000000000000E+00,  0.0000000000000000E+00,  0.0000000000000000E+00,  0.0000000000000000E+00,  0.0000000000000000E+00,  0.0000000000000000E+00,  0.0000000000000000E+00,  0.0000000000000000E+00,  0.0000000000000000E+00,  0.0000000000000000E+00,  0.0000000000000000E+00,  0.0000000000000000E+00,  0.0000000000000000E+00,  0.0000000000000000E+00
  0.0000000000000000E+00,  3.1110557852405151E+02,  2.0300538009624228E+02,  1.8033654768799721E+02,  1.6695564477488654E+02,  1.1249498836092681E+02,  9.2629757716017792E+01,  9.3489998454437824E+01,  5.3976579298139924E+01,  6.4342896411697783E+00,  3.4445885546068382E+00,  7.3827247007113961E-01,  1.1293040753986094E+00,  4.0989238040084981E+00, -2.1845307961096134E+00, -2.4364420657505157E+00, -1.2925025909329912E+00,  2.4833866944169003E-01, -3.7218689031721830E-01, -6.3934278052323523E-01,  0.0000000000000000E+00,  0.0000000000000000E+00,  0.0000000000000000E+00,  0.0000000000000000E+00,  0.0000000000000000E+00,  0.0000000000000000E+00,  0.0000000000000000E+00,  0.0000000000000000E+00,  0.0000000000000000E+00,  0.0000000000000000E+00,  0.0000000000000000E+00,  0.0000000000000000E+00,  0.0000000000000000E+00,  0.0000000000000000E+00,  0.0000000000000000E+00,  0.0000000000000000E+00
  0.0000000000000000E+00,  2.7938541748805221E+02,  2.1689518916393348E+02,  2.0718717075124027E+02,  1.6797452363826690E+02,  1.2926052476939387E+02,  9.0013260809493175E+01,  7.3266088371330198E+01,  5.3583596959708132E+01,  2.9334083392717929E+00,  8.2563531865722020E+00,  1.6321338875232598E+00, -2.3439255947960733E+00, -1.1110709535057124E+00, -1.3388715617442575E+00, -1.8322911654378111E+00,  2.9986426483906747E-01, -1.4325080171092606E+00, -1.3469695912893438E+00, -1.3523840598987134E+00,  0.0000000000000000E+00,  0.0000000000000000E+00,  0.0000000000000000E+00,  0.0000000000000000E+00,  0.0000000000000000E+00,  0.0000000000000000E+00,  0.0000000000000000E+00,  0.0000000000000000E+00,  0.0000000000000000E+00,  0.0000000000000000E+00,  0.0000000000000000E+00,  0.0000000000000000E+00,  0.0000000000000000E+00,  0.0000000000000000E+00,  0.0000000000000000E+00,  0.0000000000000000E+00
  0.0000000000000000E+00,  2.7914844696222571E+02,  2.3865938741865705E+02,  2.2313480052941276E+02,  1.8671964794148147E+02,  8.9889553502602510E+01,  7.8475653990350196E+01,  7.1425902421757087E+01,  4.6027287282100424E+01,  1.3799973697865592E+01,  9.0167656449858065E+00,  4.8429982796080786E+00, -3.2522245432621943E-02, -6.7984500967821049E-01, -1.9886392182143542E+00,  1.4500674239811051E-01, -9.8671868731818257E-01, -8.0550349564467894E-01, -2.3055163929498472E+00, -1.4117579178467474E+00,  0.0000000000000000E+00,  0.0000000000000000E+00,  0.0000000000000000E+00,  0.0000000000000000E+00,  0.0000000000000000E+00,  0.0000000000000000E+00,  0.0000000000000000E+00,  0.0000000000000000E+00,  0.0000000000000000E+00,  0.0000000000000000E+00,  0.0000000000000000E+00,  0.0000000000000000E+00,  0.0000000000000000E+00,  0.0000000000000000E+00,  0.0000000000000000E+00,  0.0000000000000000E+00
  0.0000000000000000E+00,  3.5992901308399581E+02,  2.5791750967204501E+02,  1.8843824310088547E+02,  1.9876216790569805E+02,  1.0220276750909525E+02,  8.1696001839002832E+01,  6.5733013834979346E+01,  5.9994014450700362E+01,  1.0864254599139219E+01,  5.7196579081772523E+00,  6.3898947748164243E+00, -1.9835263705614592E+00,  4.2820946447085184E-01, -7.4355315156825430E-01, -7.2331037766292550E-01, -3.1075155743276204E+00, -1.2298865780301282E-01, -1.2594047172862384E+00, -3.4755827352639690E-01,  0.0000000000000000E+00,  0.0000000000000000E+00,  0.0000000000000000E+00,  0.0000000000000000E+00,  0.0000000000000000E+00,  0.0000000000000000E+00,  0.0000000000000000E+00,  0.0000000000000000E+00,  0.0000000000000000E+00,  0.0000000000000000E+00,  0.0000000000000000E+00,  0.0000000000000000E+00,  0.0000000000000000E+00,  0.0000000000000000E+00,  0.0000000000000000E+00,  0.0000000000000000E+00
  0.0000000000000000E+00,  3.6473702436091503E+02,  2.1884400350875302E+02,  2.2553281620493431E+02,  1.8103124170952267E+02,  1.1436540505642193E+02,  8.6988585843162411E+01,  6.2546970091630271E+01,  8.2438079664193808E+01,  8.6675158946456747E+00,  7.0451524972576038E+00, -1.1688905155240761E+00, -4.5729149709556793E-01, -4.8213741525220923E+00, -4.1526950088610022E+00,  1.0728891365387598E+00,  1.9126522083560342E+00, -2.7764172731249555E+00, -1.3842783220808310E+00,  1.6028288057457241E-01,  0.0000000000000000E+00,  0.0000000000000000E+00,  0.0000000000000000E+00,  0.0000000000000000E+00,  0.0000000000000000E+00,  0.0000000000000000E+00,  0.0000000000000000E+00,  0.0000000000000000E+00,  0.0000000000000000E+00,  0.0000000000000000E+00,  0.0000000000000000E+00,  0.0000000000000000E+00,  0.0000000000000000E+00,  0.0000000000000000E+00,  0.0000000000000000E+00,  0.0000000000000000E+00
  0.0000000000000000E+00,  3.2210019842176655E+02,  2.7274558567731685E+02,  2.0927485075936812E+02,  1.6428020340418115E+02,  1.0478791560459473E+02,  5.3418736022654443E+01,  5.0142459811889694E+01,  4.2942864143353908E+01,  1.1609783487689013E+01,  8.5142600096088863E+00,  6.6746343858554384E+00,  1.2249113169384120E+00, -7.5399370537805588E-01, -2.6910608522280857E+00, -3.1514909819333212E+00, -3.2948520081773687E+00, -2.0337340621001876E+00, -5.4132570350985887E-01, -1.7735951989065279E-01,  0.0000000000000000E+00,  0.0000000000000000E+00,  0.0000000000000000E+00,  0.0000000000000000E+00,  0.0000000000000000E+00,  0.0000000000000000E+00,  0.0000000000000000E+00,  0.0000000000000000E+00,  0.0000000000000000E+00,  0.0000000000000000E+00,  0.0000000000000000E+00,  0.0000000000000000E+00,  0.0000000000000000E+00,  0.0000000000000000E+00,  0.0000000000000000E+00,  0.0000000000000000E+00
  0.0000000000000000E+00,  2.6061921060286363E+02,  2.2564877592441587E+02,  2.0158472530805989E+02,  2.0369348505497831E+02,  9.1353288418289878E+01,  6.5119200914696506E+01,  7.7566818269875597E+01,  3.0055874034660803E+01,  5.7990964625054175E-01,  1.2377901890970939E+00, -3.5526990776996357E+00,  2.7239243765456376E+00, -1.0310118064541314E+00,  2.8646602845472731E+00, -3.7384516819142579E+00, -6.7732734323515364E-01,  1.9046091082438821E-01, -1.5058509463674210E+00, -9.6233565550638778E-01,  0.0000000000000000E+00,  0.0000000000000000E+00,  0.0000000000000000E+00,  0.0000000000000000E+00,  0.0000000000000000E+00,  0.0000000000000000E+00,  0.0000000000000000E+00,  0.0000000000000000E+00,  0.0000000000000000E+00,  0.0000000000000000E+00,  0.0000000000000000E+00,  0.0000000000000000E+00,  0.0000000000000000E+00,  0.0000000000000000E+00,  0.0000000000000000E+00,  0.0000000000000000E+00
  0.0000000000000000E+00,  2.2795950397483398E+02,  2.1118455923207205E+02,  2.0231317830868105E+02,  2.0664867161766387E+02,  1.0960513758348041E+02,  6.9159902942878205E+01,  6.5131445799741869E+01,  4.1701012856167452E+01,  6.8544930556364267E+00,  2.1944111552791998E+00,  3.7404502148778462E-01,  9.6192482978919358E-01,  2.3017360298196827E+00, -2.0017033992392932E+00, -2.0940829133485246E+00, -9.6716245300160253E-01, -1.5950992258588037E+00, -1.2447132016325648E+00, -1.7529439156383784E+00,  0.0000000000000000E+00,  0.0000000000000000E+00,  0.0000000000000000E+00,  0.0000000000000000E+00,  0.0000000000000000E+00,  0.0000000000000000E+00,  0.0000000000000000E+00,  0.0000000000000000E+00,  0.0000000000000000E+00,  0.0000000000000000E+00,  0.0000000000000000E+00,  0.0000000000000000E+00,  0.0000000000000000E+00,  0.0000000000000000E+00,  0.0000000000000000E+00,  0.0000000000000000E+00
  0.0000000000000000E+00,  2.7242894643256756E+02,  2.3369699001036693E+02,  1.8792770300660976E+02,  1.6347819082151213E+02,  9.2109158791899034E+01,  9.7222959569937359E+01,  7.0693971853321386E+01,  6.3249473374805241E+01,  9.7101223144513877E+00,  6.0007542107331808E+00,  8.7725582312455508E-01, -4.0601689585379352E-01,  2.5408945904414493E+00, -1.7978591715840055E+00,  9.3137624712967693E-01, -2.9346020276513491E+00, -2.2234158295138751E+00, -4.5183992540357210E-02, -1.7951367217345400E+00,  0.0000000000000000E+00,  0.0000000000000000E+00,  0.0000000000000000E+00,  0.0000000000000000E+00,  0.0000000000000000E+00,  0.0000000000000000E+00,  0.0000000000000000E+00,  0.0000000000000000E+00,  0.0000000000000000E+00,  0.0000000000000000E+00,  0.0000000000000000E+00,  0.0000000000000000E+00,  0.0000000000000000E+00,  0.0000000000000000E+00,  0.0000000000000000E+00,  0.0000000000000000E+00
  0.0000000000000000E+00,  2.8248136033987453E+02,  2.9338088659130756E+02,  2.6223450861788046E+02,  1.5865823409296661E+02,  9.8669681682278423E+01,  6.5983477136641838E+01,  7.0673784308025660E+01,  6.1850436753732765E+01,  7.2625366838049743E+00, -4.2912108727784570E-01,  1.9422099222554667E-01,  4.6264222337881762E+00,  4.2812060149342201E-01,  9.6957603738466425E-01,  1.2476863199403798E-01,  8.6098867397469814E-01, -1.3358225141958240E+00, -8.5602095224005836E-01, -1.2879489110427895E+00,  0.0000000000000000E+00,  0.0000000000000000E+00,  0.0000000000000000E+00,  0.0000000000000000E+00,  0.0000000000000000E+00,  0.0000000000000000E+00,  0.0000000000000000E+00,  0.0000000000000000E+00,  0.0000000000000000E+00,  0.0000000000000000E+00,  0.0000000000000000E+00,  0.0000000000000000E+00,  0.0000000000000000E+00,  0.0000000000000000E+00,  0.0000000000000000E+00,  0.0000000000000000E+00
  0.0000000000000000E+00,  2.4521790414664076E+02,  2.4089321802889054E+02,  2.0274686517352268E+02,  1.4146140667227814E+02,  1.2520724838099667E+02,  8.8898207328616678E+01,  7.4072989518226009E+01,  6.5693277297222878E+01,  1.2099792881132304E+01,  4.3067655007924106E+00,  1.5990427436951489E+00,  2.1107182393202928E+00, -8.4072359576213929E-01, -1.8391454474631577E+00,  2.8814579039266608E-01, -3.3846443641307467E-01, -1.8610177069781917E+00, -9.9456497257213528E-01, -1.3487142704410249E+00,  0.0000000000000000E+00,  0.0000000000000000E+00,  0.0000000000000000E+00,  0.0000000000000000E+00,  0.0000000000000000E+00,  0.0000000000000000E+00,  0.0000000000000000E+00,  0.0000000000000000E+00,  0.0000000000000000E+00,  0.0000000000000000E+00,  0.0000000000000000E+00,  0.0000000000000000E+00,  0.0000000000000000E+00,  0.0000000000000000E+00,  0.0000000000000000E+00,  0.0000000000000000E+00
  0.0000000000000000E+00,  2.4510669885138321E+02,  2.4323953265901412E+02,  1.9374376081698730E+02,  1.7558152762889674E+02,  1.1967488270224159E+02,  8.8793106981443174E+01,  6.6430288976057014E+01,  4.6388898131171665E+01,  5.3758860853616977E+00,  4.5221469607005780E+00, -2.6674304510756919E-01,  5.4706812575753894E-01, -8.6500511987825224E-01, -1.6904460489377269E+00,  1.7189148588286578E+00, -2.2506835684920845E+00, -5.9247763588294289E-01, -1.7745656349420535E-01, -9.8701174268011016E-01,  0.0000000000000000E+00,  0.0000000000000000E+00,  0.0000000000000000E+00,  0.0000000000000000E+00,  0.0000000000000000E+00,  0.0000000000000000E+00,  0.0000000000000000E+00,  0.0000000000000000E+00,  0.0000000000000000E+00,  0.0000000000000000E+00,  0.0000000000000000E+00,  0.0000000000000000E+00,  0.0000000000000000E+00,  0.0000000000000000E+00,  0.0000000000000000E+00,  0.0000000000000000E+00
  0.0000000000000000E+00,  3.4271483614158024E+02,  3.2468587125433953E+02,  2.7902756349202298E+02,  2.0802731108081869E+02,  1.0383897120551364E+02,  8.4361414464058868E+01,  6.7520215541774505E+01,  4.0527918712517227E+01,  1.3596678531499471E+00,  5.6380937032275451E+00,  3.5603018688836716E+00, -1.8435245567298217E+00,  1.3322555846937112E+00, -3.7310447188433962E+00, -2.5370555175617384E+00, -2.3234493779982599E+00, -3.3109024807417087E-01, -8.8321555973402122E-01, -1.5148694401246798E+00,  0.0000000000000000E+00,  0.0000000000000000E+00,  0.0000000000000000E+00,  0.0000000000000000E+00,  0.0000000000000000E+00,  0.0000000000000000E+00,  0.0000000000000000E+00,  0.0000000000000000E+00,  0.0000000000000000E+00,  0.0000000000000000E+00,  0.0000000000000000E+00,  0.0000000000000000E+00,  0.0000000000000000E+00,  0.0000000000000000E+00,  0.0000000000000000E+00,  0.0000000000000000E+00
  0.0000000000000000E+00,  3.1764596333895565E+02,  2.7483697065694969E+02,  1.9926735208710045E+02,  1.9860710190625772E+02,  1.2051888260357694E+02,  1.0882985781378738E+02,  8.4569730812960202E+01,  3.7297376756041096E+01, -2.3050757302685199E+00,  2.4303718287149074E+00,  8.9663940354132681E+00, -1.6768156560207412E+00,  2.3753716359849113E+00, -3.5990553724642549E-01, -1.3657736213347409E+00, -2.8294043870845806E+00, -4.9950423923754199E+00, -2.1404173782411995E+00,  1.3159706883490876E+00,  0.0000000000000000E+00,  0.0000000000000000E+00,  0.0000000000000000E+00,  0.0000000000000000E+00,  0.0000000000000000E+00,  0.0000000000000000E+00,  0.0000000000000000E+00,  0.0000000000000000E+00,  0.0000000000000000E+00,  0.0000000000000000E+00,  0.0000000000000000E+00,  0.0000000000000000E+00,  0.0000000000000000E+00,  0.0000000000000000E+00,  0.0000000000000000E+00,  0.0000000000000000E+00
  0.0000000000000000E+00,  2.8649289498697544E+02,  2.1365499105642715E+02,  2.2027941943469307E+02,  1.6051975450915535E+02,  1.9470461724012381E+02,  1.3581771185070269E+02,  3.9485388101297218E+01,  4.6150346817555516E+01,  9.8769942849846188E+00,  1.4108722442739214E+00, -6.5536653115901622E-01, -2.8162325429413642E+00, -2.3381543846928015E+00, -2.7982053569894543E+00, -2.6494801228242641E+00, -1.8018287017744550E+00,  2.6000142457318045E+00,  1.5821209638863047E+00, -8.0220036834183572E-01,  0.0000000000000000E+00,  0.0000000000000000E+00,  0.0000000000000000E+00,  0.0000000000000000E+00,  0.0000000000000000E+00,  0.0000000000000000E+00,  0.0000000000000000E+00,  0.0000000000000000E+00,  0.0000000000000000E+00,  0.0000000000000000E+00,  0.0000000000000000E+00,  0.0000000000000000E+00,  0.0000000000000000E+00,  0.0000000000000000E+00,  0.0000000000000000E+00,  0.0000000000000000E+00
  0.0000000000000000E+00,  2.9833652470637173E+02,  2.7391433042912581E+02,  1.9790072730097037E+02,  1.8808272244317592E+02,  1.5884846426728302E+02,  8.3721825608641410E+01,  4.6461780292036394E+01,  7.4415149698745523E+01, -1.3305562720977093E+00,  5.0596777836215630E+00, -5.4654613514898465E-01, -3.4522870843959073E+00,  5.5849308417675907E+00, -5.0611667499074642E-01, -4.7612447154967743E+00,  1.0534140757421371E+00,  1.7765602248607137E-01, -1.1282108802578139E+00, -3.9454478706145961E+00,  0.0000000000000000E+00,  0.0000000000000000E+00,  0.0000000000000000E+00,  0.0000000000000000E+00,  0.0000000000000000E+00,  0.0000000000000000E+00,  0.0000000000000000E+00,  0.0000000000000000E+00,  0.0000000000000000E+00,  0.0000000000000000E+00,  0.0000000000000000E+00,  0.0000000000000000E+00,  0.0000000000000000E+00,  0.0000000000000000E+00,  0.0000000000000000E+00,  0.0000000000000000E+00
  0.0000000000000000E+00,  2.6309250353314491E+02,  2.5101956483788200E+02,  1.5982336931804872E+02,  1.5944573946527723E+02,  1.1993150427055839E+02,  7.6697501171109295E+01,  6.1062777746401082E+01,  6.7581806410867316E+01,  7.8299589895072863E+00,  1.5195862198224788E+00,  1.0890236670192479E+00,  5.9644958694422625E+00, -1.7823663726005039E+00, -3.6150405179459932E+00, -1.8242878681486125E+00,  1.3226501831597393E+00, -3.1524158964808828E+00, -8.9661152840392067E-01,  6.6918926391588396E-01,  0.0000000000000000E+00,  0.0000000000000000E+00,  0.0000000000000000E+00,  0.0000000000000000E+00,  0.0000000000000000E+00,  0.0000000000000000E+00,  0.0000000000000000E+00,  0.0000000000000000E+00,  0.0000000000000000E+00,  0.0000000000000000E+00,  0.0000000000000000E+00,  0.0000000000000000E+00,  0.0000000000000000E+00,  0.0000000000000000E+00,  0.0000000000000000E+00,  0.0000000000000000E+00
  0.0000000000000000E+00,  2.6280174628867462E+02,  2.5440910772649829E+02,  2.8232653866251655E+02,  2.1819517973052533E+02,  8.8411237649771451E+01,  7.9862805778592545E+01,  6.7375441317365187E+01,  5.2092227635124132E+01,  1.0112813853126749E+01,  1.4124912955325707E+01, -1.0329228593593327E+00,  2.0088283205865198E+00,  3.8265896446181369E+00, -1.8449135615689221E+00, -3.2497417486012972E+00, -3.2402646307995564E+00, -2.2888110878157031E-01, -1.9220492229250801E+00,  1.0731086653507997E+00,  0.0000000000000000E+00,  0.0000000000000000E+00,  0.0000000000000000E+00,  0.0000000000000000E+00,  0.0000000000000000E+00,  0.0000000000000000E+00,  0.0000000000000000E+00,  0.0000000000000000E+00,  0.0000000000000000E+00,  0.0000000000000000E+00,  0.0000000000000000E+00,  0.0000000000000000E+00,  0.0000000000000000E+00,  0.0000000000000000E+00,  0.0000000000000000E+00,  0.0000000000000000E+00
  0.0000000000000000E+00,  3.2365493970226100E+02,  2.9368288993799837E+02,  2.2385100573350434E+02,  1.5910135763247544E+02,  1.2010447230935699E+02,  9.9620035233243186E+01,  8.8472222431853808E+01,  8.2203602667967971E+01,  5.2687476003324409E+00,  2.1094560373706877E+00,  6.6054576224158907E+00,  3.4753192555881895E+00, -2.7242358582595489E+00, -1.7719596680408789E+00, -1.1282743655994700E+00,  8.4205632709768796E-01,  7.0506891713412578E-01, -1.5549024680432895E+00, -1.2016141938268854E+00,  0.0000000000000000E+00,  0.0000000000000000E+00,  0.0000000000000000E+00,  0.0000000000000000E+00,  0.0000000000000000E+00,  0.0000000000000000E+00,  0.0000000000000000E+00,  0.0000000000000000E+00,  0.0000000000000000E+00,  0.0000000000000000E+00,  0.0000000000000000E+00,  0.0000000000000000E+00,  0.0000000000000000E+00,  0.0000000000000000E+00,  0.0000000000000000E+00,  0.0000000000000000E+00
  0.0000000000000000E+00,  2.9773450934114999E+02,  2.8963912216284166E+02,  1.8396326805880358E+02,  1.5797826339145249E+02,  1.0556027866583206E+02,  9.0303224291149945E+01,  6.2220633810116894E+01,  6.4431805346380159E+01,  8.2771932216191075E+00,  1.2041624061721642E+01,  9.5832468426405786E+00, -6.2591834904460502E+00,  6.1365772317301968E+00,  1.8865841882887402E+00,  1.6645258752524175E+00, -3.3970904144389600E+00, -3.5151678940371021E+00, -2.2321108258851043E+00,  4.7134898852709262E-01,  0.0000000000000000E+00,  0.0000000000000000E+00,  0.0000000000000000E+00,  0.0000000000000000E+00,  0.0000000000000000E+00,  0.0000000000000000E+00,  0.0000000000000000E+00,  0.0000000000000000E+00,  0.0000000000000000E+00,  0.0000000000000000E+00,  0.0000000000000000E+00,  0.0000000000000000E+00,  0.0000000000000000E+00,  0.0000000000000000E+00,  0.0000000000000000E+00,  0.0000000000000000E+00
  0.0000000000000000E+00,  2.4584774995337534E+02,  2.3716742477530431E+02,  1.9832195705624503E+02,  1.5182866196081315E+02,  9.2726414122037511E+01,  9.3820755749379856E+01,  8.9951600255119445E+01,  7.1722204634622926E+01,  4.9442687927540057E+00,  5.9818449209621374E+00,  4.7756092891924098E+00,  7.5904837123865310E-01, -1.9667672717180444E+00, -8.1348055350095727E-01, -1.4568689330712372E+00, -6.6642147435512600E-01, -6.9724926442570023E-01, -2.3333592685806201E+00, -1.0228854707188122E+00,  0.0000000000000000E+00,  0.0000000000000000E+00,  0.0000000000000000E+00,  0.0000000000000000E+00,  0.0000000000000000E+00,  0.0000000000000000E+00,  0.0000000000000000E+00,  0.0000000000000000E+00,  0.0000000000000000E+00,  0.0000000000000000E+00,  0.0000000000000000E+00,  0.0000000000000000E+00,  0.0000000000000000E+00,  0.0000000000000000E+00,  0.0000000000000000E+00,  0.0000000000000000E+00
  0.0000000000000000E+00,  2.8411354001510375E+02,  2.4454160658825509E+02,  2.0123128115906076E+02,  1.8453335351197637E+02,  8.7409060513602128E+01,  9.5063219616904433E+01,  7.2631842978252081E+01,  6.3169997956838301E+01,  7.6893350132197966E+00,  4.7602096049429807E+00, -2.5247115872148100E+00,  1.3607093451600161E+00,  9.7048848504099183E-01,  7.3979102433424782E-01,  3.1278326292161251E-01,  1.5176352196836591E+00, -3.8217652702291320E+00, -1.7820440417492218E+00, -1.8693525534805566E-01,  0.0000000000000000E+00,  0.0000000000000000E+00,  0.0000000000000000E+00,  0.0000000000000000E+00,  0.0000000000000000E+00,  0.0000000000000000E+00,  0.0000000000000000E+00,  0.0000000000000000E+00,  0.0000000000000000E+00,  0.0000000000000000E+00,  0.0000000000000000E+00,  0.0000000000000000E+00,  0.0000000000000000E+00,  0.0000000000000000E+00,  0.0000000000000000E+00,  0.0000000000000000E+00
  0.0000000000000000E+00,  3.0398232080822191E+02,  2.9046570305729875E+02,  2.2688825362725913E+02,  2.2609984624971793E+02,  7.7954179349904109E+01,  8.8176214915056491E+01,  4.6667298769338942E+01,  5.9384524318259906E+01,  1.9259333143754311E+01,  5.4175250843670764E+00,  6.7239487993998104E-01, -1.9807448386484863E+00,  3.3146820407430759E+00,  2.0029858767475028E+00, -3.3546946878642747E+00, -2.7048904966963327E-01, -1.0556018115952046E+00, -4.1101411465749527E-02, -1.4864985235512562E+00,  0.0000000000000000E+00,  0.0000000000000000E+00,  0.0000000000000000E+00,  0.0000000000000000E+00,  0.0000000000000000E+00,  0.0000000000000000E+00,  0.0000000000000000E+00,  0.0000000000000000E+00,  0.0000000000000000E+00,  0.0000000000000000E+00,  0.0000000000000000E+00,  0.0000000000000000E+00,  0.0000000000000000E+00,  0.0000000000000000E+00,  0.0000000000000000E+00,  0.0000000000000000E+00
  0.0000000000000000E+00,  2.5704221085337127E+02,  2.5259674355589925E+02,  2.2557173703610357E+02,  2.3964382821090533E+02,  1.3276748703288391E+02,  8.2539147677285996E+01,  5.9721747123938727E+01,  4.0257609821850856E+01,  6.5579446624123232E+00,  4.5207052477226437E+00,  4.0459957585614337E+00, -3.0933642864696154E-01,  1.5787390602202338E+00, -1.6755936772225564E+00, -4.7062249195403361E-02, -1.7190610531617860E+00,  1.0496942642031537E-01, -2.6799815092768799E+00, -1.4764036899811814E+00,  0.0000000000000000E+00,  0.0000000000000000E+00,  0.0000000000000000E+00,  0.0000000000000000E+00,  0.0000000000000000E+00,  0.0000000000000000E+00,  0.0000000000000000E+00,  0.0000000000000000E+00,  0.0000000000000000E+00,  0.0000000000000000E+00,  0.0000000000000000E+00,  0.0000000000000000E+00,  0.0000000000000000E+00,  0.0000000000000000E+00,  0.0000000000000000E+00,  0.0000000000000000E+00
  0.0000000000000000E+00,  2.3075670210008701E+02,  2.2761085491719433E+02,  1.8250170289635548E+02,  1.7381491326390218E+02,  1.3812656165452131E+02,  9.9467401911966846E+01,  7.5752792970627397E+01,  8.1483794332096522E+01,  3.7083506314833929E+00,  2.6668840230630781E+00,  1.4657687821084409E+00, -7.1805025102337261E-01,  2.7888899127196707E+00, -1.6601269395814748E+00, -1.7993395610765663E+00, -2.5582902547879489E+00, -1.0457513795621374E+00, -8.9346789490433576E-01, -5.0783319888023759E-01,  0.0000000000000000E+00,  0.0000000000000000E+00,  0.0000000000000000E+00,  0.0000000000000000E+00,  0.0000000000000000E+00,  0.0000000000000000E+00,  0.0000000000000000E+00,  0.0000000000000000E+00,  0.0000000000000000E+00,  0.0000000000000000E+00,  0.0000000000000000E+00,  0.0000000000000000E+00,  0.0000000000000000E+00,  0.0000000000000000E+00,  0.0000000000000000E+00,  0.0000000000000000E+00
  0.0000000000000000E+00,  2.3792032253200676E+02,  2.2912080168246374E+02,  2.1107708778105541E+02,  2.2608250871117730E+02,  1.0454422093373387E+02,  1.0036831302579714E+02,  6.6951280496701727E+01,  7.4259952487212558E+01,  3.4197708390886152E+00,  1.1079773394741119E+00,  2.4074216227715564E+00,  1.6863787242559463E+00, -1.9638927597923850E+00, -1.2242317251486066E+00, -1.0579320070228970E-01, -1.8863016086790241E+00, -6.7089480845775018E-01, -1.3731149680820964E-01, -2.3881952868432350E+00,  0.0000000000000000E+00,  0.0000000000000000E+00,  0.0000000000000000E+00,  0.0000000000000000E+00,  0.0000000000000000E+00,  0.0000000000000000E+00,  0.0000000000000000E+00,  0.0000000000000000E+00,  0.0000000000000000E+00,  0.0000000000000000E+00,  0.0000000000000000E+00,  0.0000000000000000E+00,  0.0000000000000000E+00,  0.0000000000000000E+00,  0.0000000000000000E+00,  0.0000000000000000E+00
  0.0000000000000000E+00,  3.2935426085022181E+02,  2.5198131493252913E+02,  2.3884352506728143E+02,  1.7142609822639983E+02,  1.1112898479561689E+02,  6.6826534397862019E+01,  5.8523641662857983E+01,  7.0807255575782349E+01,  8.4992049830261909E+00,  3.7355443829983130E+00,  6.3488641226046205E-01, -4.5155321060550513E-01, -1.9311436128041888E+00, -1.7801705400881218E-02, -4.9706085617516438E-01, -4.8907796486058075E-01, -2.0816079893972237E+00, -2.3221227269401155E+00, -7.3489857023083727E-01,  0.0000000000000000E+00,  0.0000000000000000E+00,  0.0000000000000000E+00,  0.0000000000000000E+00,  0.0000000000000000E+00,  0.0000000000000000E+00,  0.0000000000000000E+00,  0.0000000000000000E+00,  0.0000000000000000E+00,  0.0000000000000000E+00,  0.0000000000000000E+00,  0.0000000000000000E+00,  0.0000000000000000E+00,  0.0000000000000000E+00,  0.0000000000000000E+00,  0.0000000000000000E+00
  0.0000000000000000E+00,  2.6156278143010178E+02,  2.5731007863945541E+02,  2.1064207387718392E+02,  1.5986570080069703E+02,  1.1930725935592827E+02,  9.5483877955017505E+01,  7.7080415010656424E+01,  5.8046566308072514E+01,  2.0176589763706758E+00,  3.9237130958270647E+00, -2.1673441601965804E+00, -1.1666762466500913E-01, -8.6052178870244589E-01,  2.3383012346813885E+00, -2.4833292916314074E+00, -8.9010977491014520E-01, -1.5907385683701256E+00, -3.6021521861453543E-01, -1.2004143929112414E+00,  0.0000000000000000E+00,  0.0000000000000000E+00,  0.0000000000000000E+00,  0.0000000000000000E+00,  0.0000000000000000E+00,  0.0000000000000000E+00,  0.0000000000000000E+00,  0.0000000000000000E+00,  0.0000000000000000E+00,  0.0000000000000000E+00,  0.0000000000000000E+00,  0.0000000000000000E+00,  0.0000000000000000E+00,  0.0000000000000000E+00,  0.0000000000000000E+00,  0.0000000000000000E+00
  0.0000000000000000E+00,  2.8362439197434026E+02,  2.7735384532509323E+02,  2.1874620905845353E+02,  2.3236755995287717E+02,  8.4399992355010212E+01,  1.0414780275718140E+02,  6.0785543867842605E+01,  6.8533865950044174E+01,  1.2167371085464822E+00, -2.4978288475025501E+00, -1.1306044451801416E+00,  4.7101626576432132E-01,  8.4692349637023767E-01, -4.1906003540292360E+00,  3.1858498740313648E+00, -1.1757162054096435E+00, -1.8810851761527361E+00,  1.1592724816078626E-01, -1.1672384092053827E+00,  0.0000000000000000E+00,  0.0000000000000000E+00,  0.0000000000000000E+00,  0.0000000000000000E+00,  0.0000000000000000E+00,  0.0000000000000000E+00,  0.0000000000000000E+00,  0.0000000000000000E+00,  0.0000000000000000E+00,  0.0000000000000000E+00,  0.0000000000000000E+00,  0.0000000000000000E+00,  0.0000000000000000E+00,  0.0000000000000000E+00,  0.0000000000000000E+00,  0.0000000000000000E+00
  0.0000000000000000E+00,  3.0502850830249815E+02,  2.2053513262679252E+02,  2.0684194008474498E+02,  2.0680802663497090E+02,  1.1110921386050430E+02,  1.0830612514013902E+02,  9.8745079683908500E+01,  5.3763978684912018E+01,  9.1940563456346354E+00,  5.4475586076167986E+00,  4.2734503127950934E+00,  4.2296918319600625E+00, -4.3322464555760556E+00, -3.4697550400241362E-01, -1.5209671775386333E+00,  1.6383758598806164E-01, -2.5603377459570087E+00, -1.0770702833427648E+00, -2.7279085638002054E-01,  0.0000000000000000E+00,  0.0000000000000000E+00,  0.0000000000000000E+00,  0.0000000000000000E+00,  0.0000000000000000E+00,  0.0000000000000000E+00,  0.0000000000000000E+00,  0.0000000000000000E+00,  0.0000000000000000E+00,  0.0000000000000000E+00,  0.0000000000000000E+00,  0.0000000000000000E+00,  0.0000000000000000E+00,  0.0000000000000000E+00,  0.0000000000000000E+00,  0.0000000000000000E+00
  0.0000000000000000E+00,  2.7554911169530135E+02,  2.3631010410028119E+02,  1.9750413337885868E+02,  1.6059962409351189E+02,  1.3269542099433349E+02,  9.9994097759626840E+01,  7.8288868518025765E+01,  7.5306102686300392E+01,  1.5749155032983934E+01,  4.7032151153923731E+00,  2.8563719823879730E-01,  7.7118874880561705E-01,  2.3209817089510469E+00, -2.2243570570639726E-01, -1.9064577662270681E+00,  6.0228886275748561E-01, -1.1400642747388083E+00, -8.1443901872270796E-01, -1.0215027891315973E+00,  0.0000000000000000E+00,  0.0000000000000000E+00,  0.0000000000000000E+00,  0.0000000000000000E+00,  0.0000000000000000E+00,  0.0000000000000000E+00,  0.0000000000000000E+00,  0.0000000000000000E+00,  0.0000000000000000E+00,  0.0000000000000000E+00,  0.0000000000000000E+00,  0.0000000000000000E+00,  0.0000000000000000E+00,  0.0000000000000000E+00,  0.0000000000000000E+00,  0.0000000000000000E+00
  0.0000000000000000E+00,  3.3702055348037914E+02,  3.3224398815442265E+02,  2.6445756214245421E+02,  1.6793646902434722E+02,  9.6914145974027619E+01,  1.0355208891495393E+02,  7.2228239466158584E+01,  5.2566007137845908E+01,  1.1994099479096583E+01,  4.3432368413458562E+00,  3.8560839520381851E+00, -1.8343862785679370E+00, -3.0039853544851169E-02,  1.2402983172612636E+00, -8.0499096899020461E-01,  1.1358681611618602E+00, -2.4007512931046846E+00, -1.3706050556301554E+00, -9.0335667936100972E-01,  0.0000000000000000E+00,  0.0000000000000000E+00,  0.0000000000000000E+00,  0.0000000000000000E+00,  0.0000000000000000E+00,  0.0000000000000000E+00,  0.0000000000000000E+00,  0.0000000000000000E+00,  0.0000000000000000E+00,  0.0000000000000000E+00,  0.0000000000000000E+00,  0.0000000000000000E+00,  0.0000000000000000E+00,  0.0000000000000000E+00,  0.0000000000000000E+00,  0.0000000000000000E+00
  0.0000000000000000E+00,  3.1093929179638565E+02,  2.6432370244657375E+02,  2.4471634285302156E+02,  1.9085263181897972E+02,  1.0630976956236985E+02,  7.0310305694707438E+01,  7.9695947203479179E+01,  3.7592211429514890E+01,  1.0797156576678940E+01,  9.4813599797749610E+00,  5.8005534907219136E+00, -3.9676717460717583E+00, -5.6332472512774778E-01, -5.2982138106477148E+00,  1.1414467511743946E+00,  1.9416129235474511E-01, -1.1767748583692428E+00, -5.6783110294219208E-01, -1.4227914084888005E+00,  0.0000000000000000E+00,  0.0000000000000000E+00,  0.0000000000000000E+00,  0.0000000000000000E+00,  0.0000000000000000E+00,  0.0000000000000000E+00,  0.0000000000000000E+00,  0.0000000000000000E+00,  0.0000000000000000E+00,  0.0000000000000000E+00,  0.0000000000000000E+00,  0.0000000000000000E+00,  0.0000000000000000E+00,  0.0000000000000000E+00,  0.0000000000000000E+00,  0.0000000000000000E+00
  0.0000000000000000E+00,  2.7696396462168599E+02,  1.7750616501615133E+02,  2.1176372907359098E+02,  1.7601058176130769E+02,  1.0008069346600347E+02,  1.2853063108360237E+02,  6.1027171522410065E+01,  5.3640699607174213E+01,  6.6587959967633452E+00,  5.8621667398200064E+00, -8.2974934113501320E-02,  5.7615211109350417E+00,  4.8277348617750304E-01, -4.4368695935930527E+00,  1.1291179614969264E+00, -4.6438527024406007E+00, -6.6515860207709920E-01, -4.8340403053300074E-01, -1.2479814047432294E+00,  0.0000000000000000E+00,  0.0000000000000000E+00,  0.0000000000000000E+00,  0.0000000000000000E+00,  0.0000000000000000E+00,  0.0000000000000000E+00,  0.0000000000000000E+00,  0.0000000000000000E+00,  0.0000000000000000E+00,  0.0000000000000000E+00,  0.0000000000000000E+00,  0.0000000000000000E+00,  0.0000000000000000E+00,  0.0000000000000000E+00,  0.0000000000000000E+00,  0.0000000000000000E+00
  0.0000000000000000E+00,  2.5986720170649818E+02,  2.2069409704059899E+02,  2.0275594332349476E+02,  1.8823566874265748E+02,  1.4720085300724782E+02,  8.9825294818870930E+01,  7.5991538608863749E+01,  8.2059158442336823E+01,  1.1690118875414763E+01,  4.9196113955950533E+00,  7.1801346432628499E-01, -3.4672834768291647E+00, -5.4040443918079424E+00,  3.0178866227826098E+00,  5.1241676313811180E-01, -3.5393702112122982E+00, -2.3186982133726364E-01,  1.6891084821864233E+00, -2.6258112892471859E+00,  0.0000000000000000E+00,  0.0000000000000000E+00,  0.0000000000000000E+00,  0.0000000000000000E+00,  0.0000000000000000E+00,  0.0000000000000000E+00,  0.0000000000000000E+00,  0.0000000000000000E+00,  0.0000000000000000E+00,  0.0000000000000000E+00,  0.0000000000000000E+00,  0.0000000000000000E+00,  0.0000000000000000E+00,  0.0000000000000000E+00,  0.0000000000000000E+00,  0.0000000000000000E+00
  0.0000000000000000E+00,  2.7517092221516691E+02,  2.4300839342416285E+02,  2.4377949046493586E+02,  2.1699262712772952E+02,  1.5274862781949716E+02,  1.1492649552072923E+02,  5.5178717674513265E+01,  4.8479043917988768E+01,  1.4628269526802063E+01,  1.2880368326132082E+01,  2.8478520539645569E+00, -1.2434469160571009E+00,  1.9832260515055005E+00, -2.2245300462939923E+00,  1.3599654474298362E+00,  8.7207313327279845E-01, -3.3633620358320289E+00, -1.8758630142919670E+00, -1.5290766797038571E+00,  0.0000000000000000E+00,  0.0000000000000000E+00,  0.0000000000000000E+00,  0.0000000000000000E+00,  0.0000000000000000E+00,  0.0000000000000000E+00,  0.0000000000000000E+00,  0.0000000000000000E+00,  0.0000000000000000E+00,  0.0000000000000000E+00,  0.0000000000000000E+00,  0.0000000000000000E+00,  0.0000000000000000E+00,  0.0000000000000000E+00,  0.0000000000000000E+00,  0.0000000000000000E+00
  0.0000000000000000E+00,  2.7801949983362891E+02,  2.8191042094818528E+02,  2.4761504156474086E+02,  2.1087586335222858E+02,  1.5485899401200254E+02,  7.3982140651937243E+01,  4.3350302950584663E+01,  4.2360330918677612E+01,  7.8949376471238022E+00,  4.9360368146892757E+00, -2.4721143276573496E+00, -3.1385123901763734E-02,  3.1497729395913825E+00, -6.4539211771857552E-01, -5.4323652649533090E+00,  1.4152459806783364E+00, -8.8759710896615163E-01, -6.1315446202670820E-01,  1.4541134255103305E+00,  0.0000000000000000E+00,  0.0000000000000000E+00,  0.0000000000000000E+00,  0.0000000000000000E+00,  0.0000000000000000E+00,  0.0000000000000000E+00,  0.0000000000000000E+00,  0.0000000000000000E+00,  0.0000000000000000E+00,  0.0000000000000000E+00,  0.0000000000000000E+00,  0.0000000000000000E+00,  0.0000000000000000E+00,  0.0000000000000000E+00,  0.0000000000000000E+00,  0.0000000000000000E+00
  0.0000000000000000E+00,  2.7813086168751181E+02,  2.1470730408197085E+02,  1.3513538227018071E+02,  1.2628328487633460E+02,  9.9865570881239833E+01,  1.5798042563881739E+02,  5.9382611504337419E+01,  6.4584938493987067E+01,  9.8130408792042161E+00,  8.1928568752443205E+00,  1.0472402650965176E+00,  1.7743310885992205E+00, -4.5548665755455531E-01,  4.5576387792396877E+00, -3.6406758828263452E+00, -1.5620910259608065E+00,  7.6384240329305875E-01, -3.8495312103134172E-02, -3.1387211858915141E+00,  0.0000000000000000E+00,  0.0000000000000000E+00,  0.0000000000000000E+00,  0.0000000000000000E+00,  0.0000000000000000E+00,  0.0000000000000000E+00,  0.0000000000000000E+00,  0.0000000000000000E+00,  0.0000000000000000E+00,  0.0000000000000000E+00,  0.0000000000000000E+00,  0.0000000000000000E+00,  0.0000000000000000E+00,  0.0000000000000000E+00,  0.0000000000000000E+00,  0.0000000000000000E+00
  0.0000000000000000E+00,  3.7895658766320315E+02,  2.8018348452977636E+02,  2.8254434393607778E+02,  1.7166557623734397E+02,  8.5796667803901101E+01,  8.1603822308812212E+01,  7.6623620098511168E+01,  7.8916231717149230E+01,  8.6476674030080183E+00,  4.3764992827119800E+00,  5.0191913038084710E+00, -2.4821751835443973E+00,  6.6146317842303493E-01, -4.1743880440349965E+00, -3.7458880534649497E+00,  2.0040160270248899E+00, -2.5105038419353334E+00, -2.0885654853419378E-01, -1.0529093689937072E+00,  0.0000000000000000E+00,  0.0000000000000000E+00,  0.0000000000000000E+00,  0.0000000000000000E+00,  0.0000000000000000E+00,  0.0000000000000000E+00,  0.0000000000000000E+00,  0.0000000000000000E+00,  0.0000000000000000E+00,  0.0000000000000000E+00,  0.0000000000000000E+00,  0.0000000000000000E+00,  0.0000000000000000E+00,  0.0000000000000000E+00,  0.0000000000000000E+00,  0.0000000000000000E+00
  0.0000000000000000E+00,  3.4340116169739633E+02,  2.7015775302024304E+02,  1.5028923868365919E+02,  1.5514935766406805E+02,  1.3466375437375987E+02,  9.1326897328858280E+01,  8.7309024212035197E+01,  8.1080208849545286E+01,  9.8611389096576794E+00,  1.6973278285171549E+00,  3.2381631828349393E+00,  3.8070693390164916E+00,  7.0842611809725220E-01, -2.5735296433572019E+00, -9.8446751669722143E-01,  4.0794438143341827E-01, -1.0087673488428366E+00, -9.1015797523458009E-01, -8.1665337198403298E-01,  0.0000000000000000E+00,  0.0000000000000000E+00,  0.0000000000000000E+00,  0.0000000000000000E+00,  0.0000000000000000E+00,  0.0000000000000000E+00,  0.0000000000000000E+00,  0.0000000000000000E+00,  0.0000000000000000E+00,  0.0000000000000000E+00,  0.0000000000000000E+00,  0.0000000000000000E+00,  0.0000000000000000E+00,  0.0000000000000000E+00,  0.0000000000000000E+00,  0.0000000000000000E+00
  0.0000000000000000E+00,  2.9771522996487295E+02,  2.7486702151922441E+02,  2.3679076022286048E+02,  1.3493392472202956E+02,  1.1563110008693837E+02,  8.0519856880263390E+01,  8.2538895669523413E+01,  7.3321739022958639E+01,  6.3991269051069821E+00,  6.3985618318602171E+00,  2.4821156746394895E+00,  6.6483191280758724E-01,  6.9513088293892178E-01,  1.4071913561180960E-01,  3.1819526105884144E-01, -2.2138842906473659E+00, -9.9776629464074063E-01, -2.1448514469416917E+00, -9.9100262221334234E-01,  0.0000000000000000E+00,  0.0000000000000000E+00,  0.0000000000000000E+00,  0.0000000000000000E+00,  0.0000000000000000E+00,  0.0000000000000000E+00,  0.0000000000000000E+00,  0.0000000000000000E+00,  0.0000000000000000E+00,  0.0000000000000000E+00,  0.0000000000000000E+00,  0.0000000000000000E+00,  0.0000000000000000E+00,  0.0000000000000000E+00,  0.0000000000000000E+00,  0.0000000000000000E+00
  0.0000000000000000E+00,  2.7373635064039871E+02,  2.6031748978347184E+02,  2.4567557605284748E+02,  1.6488094646281945E+02,  1.1145072254388008E+02,  7.8533557251380614E+01,  6.9926272442775399E+01,  6.2635999221206177E+01,  9.1151833870639649E+00,  4.1217710424725134E+00,  4.7005614677105179E-01, -1.4862632882362696E+00, -3.2496444172361754E+00,  3.6977874585092696E-01,  2.4392834645909787E+00, -1.9863228211070894E-01, -6.9923519717270910E-01, -1.2290091356380741E+00, -6.4680226796445606E-01,  0.0000000000000000E+00,  0.0000000000000000E+00,  0.0000000000000000E+00,  0.0000000000000000E+00,  0.0000000000000000E+00,  0.0000000000000000E+00,  0.0000000000000000E+00,  0.0000000000000000E+00,  0.0000000000000000E+00,  0.0000000000000000E+00,  0.0000000000000000E+00,  0.0000000000000000E+00,  0.0000000000000000E+00,  0.0000000000000000E+00,  0.0000000000000000E+00,  0.0000000000000000E+00
  0.0000000000000000E+00,  2.7509866685751564E+02,  2.4646881670707450E+02,  2.1543818456669942E+02,  1.7372790233511060E+02,  1.0294894345974940E+02,  8.7449842115124227E+01,  8.0769968076914594E+01,  9.9682106032059039E+01,  1.1744362786996403E+01,  3.4281713631069231E+00,  2.6953371185521551E+00, -2.7221938512504726E+00, -1.4658573561646415E+00,  3.2614752265863869E+00,  2.1032442400635816E+00, -1.7740135369070922E+00, -1.7870651481666702E+00, -2.0581555093188344E+00, -1.6604937313526729E+00,  0.0000000000000000E+00,  0.0000000000000000E+00,  0.0000000000000000E+00,  0.0000000000000000E+00,  0.0000000000000000E+00,  0.0000000000000000E+00,  0.0000000000000000E+00,  0.0000000000000000E+00,  0.0000000000000000E+00,  0.0000000000000000E+00,  0.0000000000000000E+00,  0.0000000000000000E+00,  0.0000000000000000E+00,  0.0000000000000000E+00,  0.0000000000000000E+00,  0.0000000000000000E+00
  0.0000000000000000E+00,  3.0474300115812025E+02,  2.7579099675177179E+02,  1.7671268105902610E+02,  1.9450123295206896E+02,  9.8043039537060096E+01,  9.0830633399792802E+01,  7.8732875237202222E+01,  7.5357884584998814E+01,  2.3809400241056053E+00,  1.0583861908978509E+00,  6.3799328742212822E+00,  1.0091306605632884E+00, -2.0339088130384106E+00, -2.0916912711466771E+00, -1.5596224858609098E-01,  2.2939968576040339E+00,  1.0519783947372550E+00, -2.3932045899338257E+00, -1.7768942207269358E+00,  0.0000000000000000E+00,  0.0000000000000000E+00,  0.0000000000000000E+00,  0.0000000000000000E+00,  0.0000000000000000E+00,  0.0000000000000000E+00,  0.0000000000000000E+00,  0.0000000000000000E+00,  0.0000000000000000E+00,  0.0000000000000000E+00,  0.0000000000000000E+00,  0.0000000000000000E+00,  0.0000000000000000E+00,  0.0000000000000000E+00,  0.0000000000000000E+00,  0.0000000000000000E+00
  0.0000000000000000E+00,  2.4802936906338027E+02,  2.4253562451937182E+02,  1.8004969966030063E+02,  1.5946551405193253E+02,  1.4555188645351132E+02,  7.7087152094381395E+01,  7.0057580767261726E+01,  6.6115961654374104E+01,  1.3205727304898279E+01,  5.2104834363463901E+00,  4.3278755952650680E+00,  1.3678824097650297E+00, -1.1570357726974221E+00, -6.4418117278315146E-01, -1.8949177815974538E+00, -7.8365137709151078E-01, -2.6933702680933003E+00, -3.0539797127104062E-01, -1.5646183635092883E+00,  0.0000000000000000E+00,  0.0000000000000000E+00,  0.0000000000000000E+00,  0.0000000000000000E+00,  0.0000000000000000E+00,  0.0000000000000000E+00,  0.0000000000000000E+00,  0.0000000000000000E+00,  0.0000000000000000E+00,  0.0000000000000000E+00,  0.0000000000000000E+00,  0.0000000000000000E+00,  0.0000000000000000E+00,  0.0000000000000000E+00,  0.0000000000000000E+00,  0.0000000000000000E+00
  0.0000000000000000E+00,  3.1597422685273659E+02,  2.7660731883856329E+02,  2.3533554811006326E+02,  1.9360835523099968E+02,  1.0171192350758427E+02,  9.4292282910569810E+01,  6.8035533303247348E+01,  4.2779067832140271E+01,  5.7624505660107523E+00,  3.5787197531413462E+00,  5.0077209742507200E-01,  3.1236242194014689E+00,  2.4078475615553661E+00, -7.5077222693002765E-01, -2.3870059338826000E+00, -5.5936124618414151E-01, -1.0621340737907885E+00, -1.0371493267167327E+00, -2.0731650095621936E+00,  0.0000000000000000E+00,  0.0000000000000000E+00,  0.0000000000000000E+00,  0.0000000000000000E+00,  0.0000000000000000E+00,  0.0000000000000000E+00,  0.0000000000000000E+00,  0.0000000000000000E+00,  0.0000000000000000E+00,  0.0000000000000000E+00,  0.0000000000000000E+00,  0.0000000000000000E+00,  0.0000000000000000E+00,  0.0000000000000000E+00,  0.0000000000000000E+00,  0.0000000000000000E+00
  0.0000000000000000E+00,  2.8824868665216070E+02,  2.2552723595636581E+02,  2.2145662422082776E+02,  1.5647174860535620E+02,  9.2869945031597666E+01,  9.2191930284785684E+01,  5.9501789168245978E+01,  6.6917179763367898E+01,  1.2003440253330325E+01,  4.6334313812471635E+00,  2.6645295733863179E+00,  1.0216202428348247E+00, -1.1682118686709946E+00,  1.1055402018192195E+00, -2.5547412501105260E-01, -2.8709687870454803E+00, -1.3078388047752982E+00, -1.1669867600549690E+00, -8.9740672281448508E-01,  0.0000000000000000E+00,  0.0000000000000000E+00,  0.0000000000000000E+00,  0.0000000000000000E+00,  0.0000000000000000E+00,  0.0000000000000000E+00,  0.0000000000000000E+00,  0.0000000000000000E+00,  0.0000000000000000E+00,  0.0000000000000000E+00,  0.0000000000000000E+00,  0.0000000000000000E+00,  0.0000000000000000E+00,  0.0000000000000000E+00,  0.0000000000000000E+00,  0.0000000000000000E+00
  0.0000000000000000E+00,  2.9511170421512566E+02,  2.8805509727949908E+02,  2.5519531412293901E+02,  1.6759880038762961E+02,  9.6643970348440149E+01,  7.4596676150990618E+01,  5.7808303405968083E+01,  6.1340327334527373E+01,  1.4728065098703974E+01,  7.1415124800760132E-01,  2.7547614217468528E+00, -1.0896318193280088E+00, -9.4178380266532447E-01, -2.2660633806500674E+00, -1.4577274828861211E+00, -1.7489168983765957E+00, -1.3976865237855667E+00, -7.0344702109794088E-01, -1.0114264816678771E+00,  0.0000000000000000E+00,  0.0000000000000000E+00,  0.0000000000000000E+00,  0.0000000000000000E+00,  0.0000000000000000E+00,  0.0000000000000000E+00,  0.0000000000000000E+00,  0.0000000000000000E+00,  0.0000000000000000E+00,  0.0000000000000000E+00,  0.0000000000000000E+00,  0.0000000000000000E+00,  0.0000000000000000E+00,  0.0000000000000000E+00,  0.0000000000000000E+00,  0.0000000000000000E+00
  0.0000000000000000E+00,  2.8630652782918293E+02,  2.5737799083887012E+02,  2.2480266986035224E+02,  1.7503404639847327E+02,  1.1505646667894811E+02,  6.9801821688796636E+01,  7.7206077537554449E+01,  5.7296280076925072E+01,  7.2525814148564240E+00,  1.9895149722337742E+00,  2.8358945589519458E+00, -9.3025715532666808E-01,  4.1988875926383251E-01,  2.4492455155299675E+00, -5.1576786994153334E-01, -2.1063674135248434E+00, -1.7079361567974223E+00, -1.9493632920771744E+00, -1.3270134538670801E+00,  0.0000000000000000E+00,  0.0000000000000000E+00,  0.0000000000000000E+00,  0.0000000000000000E+00,  0.0000000000000000E+00,  0.0000000000000000E+00,  0.0000000000000000E+00,  0.0000000000000000E+00,  0.0000000000000000E+00,  0.0000000000000000E+00,  0.0000000000000000E+00,  0.0000000000000000E+00,  0.0000000000000000E+00,  0.0000000000000000E+00,  0.0000000000000000E+00,  0.0000000000000000E+00
  0.0000000000000000E+00,  2.6899579431522881E+02,  2.1840382186740013E+02,  1.9066956560858776E+02,  1.7971731209554133E+02,  1.1148704833644067E+02,  1.1646456847700281E+02,  1.2333286560941274E+02,  6.0947309840280425E+01,  5.1009823580005929E+00,  5.4127088942924342E+00,  3.5297784244579820E+00,  5.9790671277442637E+00,  4.6287471140836711E-01, -2.0031025983862913E+00, -1.3633697126465905E+00, -3.1632180582833533E+00, -9.3127588675850337E-01,  2.1299655696127839E-01, -2.0237188760633740E-01,  0.0000000000000000E+00,  0.0000000000000000E+00,  0.0000000000000000E+00,  0.0000000000000000E+00,  0.0000000000000000E+00,  0.0000000000000000E+00,  0.0000000000000000E+00,  0.0000000000000000E+00,  0.0000000000000000E+00,  0.0000000000000000E+00,  0.0000000000000000E+00,  0.0000000000000000E+00,  0.0000000000000000E+00,  0.0000000000000000E+00,  0.0000000000000000E+00,  0.0000000000000000E+00
  0.0000000000000000E+00,  3.3557883525388445E+02,  2.9631643190672435E+02,  2.4616463337481784E+02,  2.4829309661678872E+02,  9.4661612719508383E+01,  8.1372281174785357E+01,  8.2517445229128811E+01,  6.7512463922985148E+01,  9.8225192336482845E+00,  9.6372883663088977E+00,  2.4992683683728325E+00, -1.2619585847850576E+00, -1.1697183341547266E+00,  1.4387441608893106E+00, -7.8142180086268986E-01, -9.5035800407117677E-02, -5.3019959288230911E-01, -1.4233549147541087E+00, -1.9261580260936220E+00,  0.0000000000000000E+00,  0.0000000000000000E+00,  0.0000000000000000E+00,  0.0000000000000000E+00,  0.0000000000000000E+00,  0.0000000000000000E+00,  0.0000000000000000E+00,  0.0000000000000000E+00,  0.0000000000000000E+00,  0.0000000000000000E+00,  0.0000000000000000E+00,  0.0000000000000000E+00,  0.0000000000000000E+00,  0.0000000000000000E+00,  0.0000000000000000E+00,  0.0000000000000000E+00
  0.0000000000000000E+00,  3.0236718915788219E+02,  2.6720805664385080E+02,  1.9553284467626310E+02,  1.6800518207339269E+02,  1.0213757369236984E+02,  1.1635775603845710E+02,  9.7061437841238927E+01,  5.2621136199345486E+01,  5.9772265956778448E+00,  1.0039229663408511E+01,  3.2184236396343699E+00,  4.8802720250722320E+00,  5.6117609232208858E+00, -1.8588493952949321E+00, -3.5508032527237701E+00, -1.5176475640168716E+00, -1.3920800704129896E+00, -2.6113269761307309E+00, -7.9937900220348834E-01,  0.0000000000000000E+00,  0.0000000000000000E+00,  0.0000000000000000E+00,  0.0000000000000000E+00,  0.0000000000000000E+00,  0.0000000000000000E+00,  0.0000000000000000E+00,  0.0000000000000000E+00,  0.0000000000000000E+00,  0.0000000000000000E+00,  0.0000000000000000E+00,  0.0000000000000000E+00,  0.0000000000000000E+00,  0.0000000000000000E+00,  0.0000000000000000E+00,  0.0000000000000000E+00
  0.0000000000000000E+00,  3.1265680002211514E+02,  2.1855803308402668E+02,  2.0169237936766882E+02,  1.9770714554505176E+02,  1.4290377027322117E+02,  1.1326090578854630E+02,  9.0740197985262682E+01,  6.0769403808416321E+01,  9.9572812295370454E+00,  1.8273692012423144E+00,  4.9548374484063853E+00,  3.0927420670130408E+00, -2.7263882515772293E+00, -1.6419126889500379E-01, -9.0923602589798591E-02, -1.5501535863338525E+00, -2.2197780623955721E+00, -5.1246059308216751E-01, -1.1987001307726941E+00,  0.0000000000000000E+00,  0.0000000000000000E+00,  0.0000000000000000E+00,  0.0000000000000000E+00,  0.0000000000000000E+00,  0.0000000000000000E+00,  0.0000000000000000E+00,  0.0000000000000000E+00,  0.0000000000000000E+00,  0.0000000000000000E+00,  0.0000000000000000E+00,  0.0000000000000000E+00,  0.0000000000000000E+00,  0.0000000000000000E+00,  0.0000000000000000E+00,  0.0000000000000000E+00
  0.0000000000000000E+00,  2.9885503053352755E+02,  2.3547092089809553E+02,  1.8601691499334248E+02,  2.1360300701433363E+02,  1.1667188538025948E+02,  8.4785756052317595E+01,  7.5504381010021788E+01,  6.3448939387722163E+01,  4.9345167608894442E+00,  4.3042073704068269E+00, -2.1099441495557105E+00,  1.2949167217129123E+00, -5.5481108107745190E+00,  1.9145709178203276E+00, -1.7613247353923640E+00, -1.5169145602137961E+00,  4.6550143214312634E-01,  1.4400879000358735E-01, -2.6555499843323758E+00,  0.0000000000000000E+00,  0.0000000000000000E+00,  0.0000000000000000E+00,  0.0000000000000000E+00,  0.0000000000000000E+00,  0.0000000000000000E+00,  0.0000000000000000E+00,  0.0000000000000000E+00,  0.0000000000000000E+00,  0.0000000000000000E+00,  0.0000000000000000E+00,  0.0000000000000000E+00,  0.0000000000000000E+00,  0.0000000000000000E+00,  0.0000000000000000E+00,  0.0000000000000000E+00
  0.0000000000000000E+00,  2.3944101500270708E+02,  2.0597676913829079E+02,  1.9350161041689461E+02,  2.0453802536661215E+02,  7.6052085385072360E+01,  7.2923222359596622E+01,  6.7753283196990225E+01,  6.8078751622558286E+01,  1.5934641251335297E+01,  9.2323314858270642E+00, -9.7638446733803441E-01, -2.3264045215141911E+00, -7.1242612820077156E-01,  1.5544244999888903E+00, -7.0621679215411959E-02,  1.6489992393136723E+00,  1.6167879355734271E-02, -2.5701068725493723E+00, -1.6403438931983678E+00,  0.0000000000000000E+00,  0.0000000000000000E+00,  0.0000000000000000E+00,  0.0000000000000000E+00,  0.0000000000000000E+00,  0.0000000000000000E+00,  0.0000000000000000E+00,  0.0000000000000000E+00,  0.0000000000000000E+00,  0.0000000000000000E+00,  0.0000000000000000E+00,  0.0000000000000000E+00,  0.0000000000000000E+00,  0.0000000000000000E+00,  0.0000000000000000E+00,  0.0000000000000000E+00
  0.0000000000000000E+00,  3.5722486179145744E+02,  2.3701984592004882E+02,  2.1212218635031610E+02,  1.6763050232387255E+02,  1.1416276061916460E+02,  1.1114662310086126E+02,  8.8875973443532672E+01,  6.7425863756315124E+01,  5.2168432853832716E+00,  7.0428369752751045E+00, -1.6720426536264679E+00, -3.9845269398755274E+00, -9.9148704005576960E-01,  2.3192684511368320E+00,  2.1263213735015407E+00, -1.9065062189132371E+00, -1.1233057088844967E+00, -1.5792230300955370E+00, -1.6176790298609820E+00,  0.0000000000000000E+00,  0.0000000000000000E+00,  0.0000000000000000E+00,  0.0000000000000000E+00,  0.0000000000000000E+00,  0.0000000000000000E+00,  0.0000000000000000E+00,  0.0000000000000000E+00,  0.0000000000000000E+00,  0.0000000000000000E+00,  0.0000000000000000E+00,  0.0000000000000000E+00,  0.0000000000000000E+00,  0.0000000000000000E+00,  0.0000000000000000E+00,  0.0000000000000000E+00
  0.0000000000000000E+00,  3.9067981097167063E+02,  3.3125909849194932E+02,  2.6502360266862843E+02,  2.0220563939026925E+02,  9.1343702037763833E+01,  9.2389233667402834E+01,  6.3595584681244759E+01,  4.1822096118828597E+01,  1.7485114431524181E+01,  4.4709356223294803E+00,  1.9127313448815890E+00,  2.4182854561855898E+00, -1.7030979078356325E+00, -1.6824135546747732E+00, -2.5531088422678128E+00,  3.5597812533295858E-02, -1.0754319678598430E+00, -2.3383979426284274E-01, -2.2187075564353673E+00,  0.0000000000000000E+00,  0.0000000000000000E+00,  0.0000000000000000E+00,  0.0000000000000000E+00,  0.0000000000000000E+00,  0.0000000000000000E+00,  0.0000000000000000E+00,  0.0000000000000000E+00,  0.0000000000000000E+00,  0.0000000000000000E+00,  0.0000000000000000E+00,  0.0000000000000000E+00,  0.0000000000000000E+00,  0.0000000000000000E+00,  0.0000000000000000E+00,  0.0000000000000000E+00
  0.0000000000000000E+00,  1.8991511473593096E+02,  2.1209821014225474E+02,  1.5722093708713021E+02,  1.6107474902405744E+02,  1.2329537489582971E+02,  1.2366801279400295E+02,  9.5714803188094720E+01,  6.4298726138467742E+01,  5.8420588609803232E+00,  1.7551701602011640E+00,  4.0310235166403796E+00,  5.6031456619017739E-01, -3.4088955254454043E+00,  3.0712196005021219E+00, -1.4569537419786003E+00,  9.6730219328668987E-02, -1.3855472031097060E+00, -8.6532112425297925E-01, -1.5850014992571355E+00,  0.0000000000000000E+00,  0.0000000000000000E+00,  0.0000000000000000E+00,  0.0000000000000000E+00,  0.0000000000000000E+00,  0.0000000000000000E+00,  0.0000000000000000E+00,  0.0000000000000000E+00,  0.0000000000000000E+00,  0.0000000000000000E+00,  0.0000000000000000E+00,  0.0000000000000000E+00,  0.0000000000000000E+00,  0.0000000000000000E+00,  0.0000000000000000E+00,  0.0000000000000000E+00
  0.0000000000000000E+00,  3.2639148420208835E+02,  3.2114410003943976E+02,  2.5391950542618332E+02,  1.9816437386887284E+02,  9.5731336288940383E+01,  7.9599231149658266E+01,  7.3943275371202475E+01,  4.8200698218312205E+01,  5.0412270909296568E+00,  2.5777516638181162E+00,  3.2791373691050492E+00, -1.0115178506956006E+00, -2.5058371037087239E+00, -7.2592601469240270E-01, -1.9097195594909850E+00,  1.3435150126297657E+00,  2.6584958815043613E-01, -7.9934972458483777E-01, -9.8842736943369403E-01,  0.0000000000000000E+00,  0.0000000000000000E+00,  0.0000000000000000E+00,  0.0000000000000000E+00,  0.0000000000000000E+00,  0.0000000000000000E+00,  0.0000000000000000E+00,  0.0000000000000000E+00,  0.0000000000000000E+00,  0.0000000000000000E+00,  0.0000000000000000E+00,  0.0000000000000000E+00,  0.0000000000000000E+00,  0.0000000000000000E+00,  0.0000000000000000E+00,  0.0000000000000000E+00
  0.0000000000000000E+00,  2.9072271135516451E+02,  2.5480064188950962E+02,  1.3124022511934911E+02,  1.6119805569186448E+02,  1.2331236526039251E+02,  1.4743843527354886E+02,  8.0708513289709714E+01,  6.9509021391203788E+01,  8.8585281958371596E+00, -1.2352526257155887E+00,  1.0780726193786929E+00,  6.2296315766461801E+00,  8.0985881705234775E-01, -4.9646486234521738E+00, -5.3496750555669745E+00, -1.6149758897480258E+00, -8.9884144336542704E-01,  2.4498661821687793E+00,  2.6032023646183475E+00,  0.0000000000000000E+00,  0.0000000000000000E+00,  0.0000000000000000E+00,  0.0000000000000000E+00,  0.0000000000000000E+00,  0.0000000000000000E+00,  0.0000000000000000E+00,  0.0000000000000000E+00,  0.0000000000000000E+00,  0.0000000000000000E+00,  0.0000000000000000E+00,  0.0000000000000000E+00,  0.0000000000000000E+00,  0.0000000000000000E+00,  0.0000000000000000E+00,  0.0000000000000000E+00
  0.0000000000000000E+00,  2.6942667607785512E+02,  2.5027387676868634E+02,  2.3586429429516500E+02,  1.6120591891757098E+02,  1.0149128425435418E+02,  6.1461759187031092E+01,  8.4700977789798401E+01,  4.7797699895773313E+01,  8.2105930832027578E+00,  1.0532276222744471E+01, -1.8009024780436729E+00,  5.9744340410132875E+00,  4.1320390832451865E+00, -1.2089027665896719E+00,  2.8825981041694462E+00, -4.9509569404133638E+00,  2.8884377040112250E+00, -4.4365706819072352E+00,  2.7582987170259106E+00,  0.0000000000000000E+00,  0.0000000000000000E+00,  0.0000000000000000E+00,  0.0000000000000000E+00,  0.0000000000000000E+00,  0.0000000000000000E+00,  0.0000000000000000E+00,  0.0000000000000000E+00,  0.0000000000000000E+00,  0.0000000000000000E+00,  0.0000000000000000E+00,  0.0000000000000000E+00,  0.0000000000000000E+00,  0.0000000000000000E+00,  0.0000000000000000E+00,  0.0000000000000000E+00
  0.0000000000000000E+00,  2.6909064879460129E+02,  2.4852579038122479E+02,  2.3260622017054214E+02,  1.8645140068998700E+02,  9.2433558334157937E+01,  8.0846138970055421E+01,  8.4179997761736587E+01,  6.0622204134284303E+01,  1.4121758152124659E+01,  5.5001990148740774E+00,  5.2459324820601534E+00,  3.8408951394148971E-01,  1.5828694643515968E+00, -2.2480455164255675E+00, -2.3855854595815282E+00, -2.4154472431221925E+00,  3.7695748043723576E-01,  4.2578277784517748E-01, -3.3228881352178608E-02,  0.0000000000000000E+00,  0.0000000000000000E+00,  0.0000000000000000E+00,  0.0000000000000000E+00,  0.0000000000000000E+00,  0.0000000000000000E+00,  0.0000000000000000E+00,  0.0000000000000000E+00,  0.0000000000000000E+00,  0.0000000000000000E+00,  0.0000000000000000E+00,  0.0000000000000000E+00,  0.0000000000000000E+00,  0.0000000000000000E+00,  0.0000000000000000E+00,  0.0000000000000000E+00
  0.0000000000000000E+00,  2.7089820211637300E+02,  2.6735823533924884E+02,  2.4051940144174506E+02,  1.9585639421239478E+02,  1.3588310390064967E+02,  1.1273276643048555E+02,  7.9471949447961478E+01,  5.9318740918519651E+01,  7.0498777564183666E+00, -3.3301717843661232E+00,  1.8304773909600058E+00,  2.4533308597266021E+00,  1.4543826538648830E-01, -1.4774445234772084E+00, -9.2503128108758403E-01, -2.2276958545780690E+00,  3.0917271602267649E-01, -1.3312380963388943E+00,  5.9719080023604931E-02,  0.0000000000000000E+00,  0.0000000000000000E+00,  0.0000000000000000E+00,  0.0000000000000000E+00,  0.0000000000000000E+00,  0.0000000000000000E+00,  0.0000000000000000E+00,  0.0000000000000000E+00,  0.0000000000000000E+00,  0.0000000000000000E+00,  0.0000000000000000E+00,  0.0000000000000000E+00,  0.0000000000000000E+00,  0.0000000000000000E+00,  0.0000000000000000E+00,  0.0000000000000000E+00
  0.0000000000000000E+00,  2.9957424063628423E+02,  2.4490513508159555E+02,  2.5274503411574133E+02,  2.3137331115189070E+02,  9.5277653812960921E+01,  9.3332417866719084E+01,  7.6499350139760608E+01,  1.0226553559966669E+02,  5.0504157013712501E+00,  8.7861960418006255E+00, -7.7102251599122873E-01, -7.1402870199255819E-01, -1.3647931508056139E+00,  2.1700311583166849E+00, -1.1057389536224758E+00, -3.2195896221627418E+00, -1.0140455820065806E+00, -1.3952628793137642E+00, -3.2010416760290261E-01,  0.0000000000000000E+00,  0.0000000000000000E+00,  0.0000000000000000E+00,  0.0000000000000000E+00,  0.0000000000000000E+00,  0.0000000000000000E+00,  0.0000000000000000E+00,  0.0000000000000000E+00,  0.0000000000000000E+00,  0.0000000000000000E+00,  0.0000000000000000E+00,  0.0000000000000000E+00,  0.0000000000000000E+00,  0.0000000000000000E+00,  0.0000000000000000E+00,  0.0000000000000000E+00
  0.0000000000000000E+00,  2.9609126352960516E+02,  2.6928892521810258E+02,  2.0034642645267371E+02,  1.6268904056986401E+02,  7.7438254292570775E+01,  7.2125840431828948E+01,  6.2107133089556299E+01,  6.5659246859206405E+01,  1.9411901873089732E+01,  5.4495908054222184E+00,  8.3259894623626245E+00, -3.3236263629121687E-01, -4.2863534544134065E+00, -1.6939979496775210E+00,  3.1926681446207716E-01, -2.4816496234935848E-01,  3.9060045247877451E-01, -2.8708146625054720E-01, -7.8942826392622978E-01,  0.0000000000000000E+00,  0.0000000000000000E+00,  0.0000000000000000E+00,  0.0000000000000000E+00,  0.0000000000000000E+00,  0.0000000000000000E+00,  0.0000000000000000E+00,  0.0000000000000000E+00,  0.0000000000000000E+00,  0.0000000000000000E+00,  0.0000000000000000E+00,  0.0000000000000000E+00,  0.0000000000000000E+00,  0.0000000000000000E+00,  0.0000000000000000E+00,  0.0000000000000000E+00
  0.0000000000000000E+00,  3.0007289996547240E+02,  3.1432808715902252E+02,  2.1130404588467545E+02,  1.7106648107433176E+02,  9.6199556726879521E+01,  6.6603006350476491E+01,  7.7586633656804736E+01,  7.1156315694482160E+01,  9.0111782134507799E+00,  8.6259631900260914E+00, -2.4704204252180357E+00,  1.6872465445352125E+00, -8.4048505076340874E-01, -4.2267779874477753E+00, -5.5043471617737261E-03, -5.4268081730547646E-01, -4.6674904667504702E+00,  7.0850835334366291E-01, -2.4134318820240308E-01,  0.0000000000000000E+00,  0.0000000000000000E+00,  0.0000000000000000E+00,  0.0000000000000000E+00,  0.0000000000000000E+00,  0.0000000000000000E+00,  0.0000000000000000E+00,  0.0000000000000000E+00,  0.0000000000000000E+00,  0.0000000000000000E+00,  0.0000000000000000E+00,  0.0000000000000000E+00,  0.0000000000000000E+00,  0.0000000000000000E+00,  0.0000000000000000E+00,  0.0000000000000000E+00
  0.0000000000000000E+00,  3.0877146790774304E+02,  2.6374883925174748E+02,  2.3533468766392267E+02,  1.4932308431490952E+02,  1.7569986857126008E+02,  8.0172694010904195E+01,  6.1284026046278164E+01,  7.0963252086800367E+01,  3.6040110326623260E+00,  5.5350850107724732E+00, -2.8385994753656600E+00,  5.0589831237389049E-01,  1.3723953903640620E+00,  1.8946116492938856E+00, -3.2887486892377993E+00,  3.0960946885666196E-01,  1.0225413335270561E-01, -9.4022346663885958E-01, -1.5337108957693943E+00,  0.0000000000000000E+00,  0.0000000000000000E+00,  0.0000000000000000E+00,  0.0000000000000000E+00,  0.0000000000000000E+00,  0.0000000000000000E+00,  0.0000000000000000E+00,  0.0000000000000000E+00,  0.0000000000000000E+00,  0.0000000000000000E+00,  0.0000000000000000E+00,  0.0000000000000000E+00,  0.0000000000000000E+00,  0.0000000000000000E+00,  0.0000000000000000E+00,  0.0000000000000000E+00
  0.0000000000000000E+00,  2.5267233557823735E+02,  2.6286773127369366E+02,  2.1771106856981743E+02,  1.6379377500314152E+02,  9.6114474420038462E+01,  8.1431121394690706E+01,  8.0938418978650276E+01,  5.8976603382797386E+01,  5.4206138885993358E+00,  3.8897653279641098E+00,  1.5828671168051045E-01,  2.9357733656371678E+00, -6.9776681647348759E-01, -5.9424415585792367E-02, -3.6641283478615083E-01, -1.0858154245872669E+00, -1.6331930479893262E+00, -2.0696397871998045E+00, -1.7019652365648055E+00,  0.0000000000000000E+00,  0.0000000000000000E+00,  0.0000000000000000E+00,  0.0000000000000000E+00,  0.0000000000000000E+00,  0.0000000000000000E+00,  0.0000000000000000E+00,  0.0000000000000000E+00,  0.0000000000000000E+00,  0.0000000000000000E+00,  0.0000000000000000E+00,  0.0000000000000000E+00,  0.0000000000000000E+00,  0.0000000000000000E+00,  0.0000000000000000E+00,  0.0000000000000000E+00
  0.0000000000000000E+00,  2.6654984259005562E+02,  2.5354603064061016E+02,  1.8486032712620005E+02,  1.4169880811143486E+02,  1.0497885536145553E+02,  9.4877909418926990E+01,  6.9869615634712574E+01,  6.6693621489652230E+01,  5.7266310474174063E+00,  1.2474672392300468E+00, -3.5118203403173203E+00,  5.9646824288208222E-02, -1.1799502631995935E+00,  3.2908700040650096E-01,  1.2915862752901441E+00,  7.7168267926314238E-01, -2.3824968030284555E+00, -4.2773712615876924E-02, -1.6922365776154626E+00,  0.0000000000000000E+00,  0.0000000000000000E+00,  0.0000000000000000E+00,  0.0000000000000000E+00,  0.0000000000000000E+00,  0.0000000000000000E+00,  0.0000000000000000E+00,  0.0000000000000000E+00,  0.0000000000000000E+00,  0.0000000000000000E+00,  0.0000000000000000E+00,  0.0000000000000000E+00,  0.0000000000000000E+00,  0.0000000000000000E+00,  0.0000000000000000E+00,  0.0000000000000000E+00
  0.0000000000000000E+00,  2.6119704980521169E+02,  2.1317076840400995E+02,  2.0879801890760342E+02,  1.8314237950597675E+02,  1.1034437601099739E+02,  5.3612850856001195E+01,  5.6647651816546784E+01,  6.4998352173000512E+01,  1.5933084099906091E+01,  1.6017724078272053E+01,  4.4811881084203105E+00,  3.8672688039236238E+00, -4.1259756108752494E+00,  1.4309922961958308E+00, -4.3938208022905600E+00,  1.8129902472428512E+00, -2.8384176911886305E-01, -1.5762315552389827E-01, -1.7232023722099592E+00,  0.0000000000000000E+00,  0.0000000000000000E+00,  0.0000000000000000E+00,  0.0000000000000000E+00,  0.0000000000000000E+00,  0.0000000000000000E+00,  0.0000000000000000E+00,  0.0000000000000000E+00,  0.0000000000000000E+00,  0.0000000000000000E+00,  0.0000000000000000E+00,  0.0000000000000000E+00,  0.0000000000000000E+00,  0.0000000000000000E+00,  0.0000000000000000E+00,  0.0000000000000000E+00
  0.0000000000000000E+00,  3.7252494054780755E+02,  2.9337280187687873E+02,  2.4554252128562220E+02,  2.1088460048290128E+02,  7.3173363417996995E+01,  7.7753852303760794E+01,  8.6107260431647248E+01,  5.6221320285158328E+01,  5.1248853249241808E+00, -4.3756682647166922E-01,  2.6056271763516925E+00, -2.8529398631879426E+00, -1.3848525528258122E+00,  3.2807848137367328E+00,  1.6136667670580742E+00, -3.0962600113682672E+00,  7.9250683501125607E-01,  1.3683544675014434E+00,  9.0987819978769657E-01,  0.0000000000000000E+00,  0.0000000000000000E+00,  0.0000000000000000E+00,  0.0000000000000000E+00,  0.0000000000000000E+00,  0.0000000000000000E+00,  0.0000000000000000E+00,  0.0000000000000000E+00,  0.0000000000000000E+00,  0.0000000000000000E+00,  0.0000000000000000E+00,  0.0000000000000000E+00,  0.0000000000000000E+00,  0.0000000000000000E+00,  0.0000000000000000E+00,  0.0000000000000000E+00
  0.0000000000000000E+00,  3.3498202857752267E+02,  2.1568177309113997E+02,  1.6669012878691427E+02,  1.1753630472334488E+02,  1.1227171267425032E+02,  1.4473224761106260E+02,  1.0861547821269913E+02,  5.2870973849535751E+01,  8.9673082744506765E+00,  1.4201368865926987E+01, -8.1445920925174597E-01,  4.9560831797779503E-01,  2.0980450363563863E+00, -2.8118974018902820E+00,  3.3876997998115437E+00, -3.2176510375682792E+00, -1.3438356697682559E+00, -1.8290602797884374E+00,  9.0887214857836574E-02,  0.0000000000000000E+00,  0.0000000000000000E+00,  0.0000000000000000E+00,  0.0000000000000000E+00,  0.0000000000000000E+00,  0.0000000000000000E+00,  0.0000000000000000E+00,  0.0000000000000000E+00,  0.0000000000000000E+00,  0.0000000000000000E+00,  0.0000000000000000E+00,  0.0000000000000000E+00,  0.0000000000000000E+00,  0.0000000000000000E+00,  0.0000000000000000E+00,  0.0000000000000000E+00
  0.0000000000000000E+00,  2.8348676925915896E+02,  3.0159277170911292E+02,  1.9155754529070941E+02,  1.3917164522355066E+02,  8.2266357516248490E+01,  8.3471594615977693E+01,  7.4386124744953094E+01,  5.7937852525770062E+01,  8.1503704294207999E+00,  6.5637657136318044E+00, -2.2361124398418344E+00,  6.4056514209136122E+00, -2.9378787765880432E-01, -3.4262066721936133E+00,  1.4544658462083220E+00,  1.6366535391221033E+00, -2.6644484668413444E+00,  4.3305502375464044E-01, -1.2269100439849090E+00,  0.0000000000000000E+00,  0.0000000000000000E+00,  0.0000000000000000E+00,  0.0000000000000000E+00,  0.0000000000000000E+00,  0.0000000000000000E+00,  0.0000000000000000E+00,  0.0000000000000000E+00,  0.0000000000000000E+00,  0.0000000000000000E+00,  0.0000000000000000E+00,  0.0000000000000000E+00,  0.0000000000000000E+00,  0.0000000000000000E+00,  0.0000000000000000E+00,  0.0000000000000000E+00
  0.0000000000000000E+00,  2.9880419288950679E+02,  2.0311229311184994E+02,  2.1934512373795724E+02,  1.7039104233772201E+02,  1.1147647989486910E+02,  9.1989321094076018E+01,  6.8982545843536585E+01,  5.4283400582909849E+01,  8.8893110705916492E+00,  7.3435209759814626E+00,  4.0750294679834376E-01, -3.4788894031653088E+00,  1.2067105472571349E-01,  6.9975028909996162E-01, -2.2982345482012105E+00,  9.4186256779907662E-01,  3.9903869511024759E-01, -8.8116301931838770E-01, -7.3054820114255925E-01,  0.0000000000000000E+00,  0.0000000000000000E+00,  0.0000000000000000E+00,  0.0000000000000000E+00,  0.0000000000000000E+00,  0.0000000000000000E+00,  0.0000000000000000E+00,  0.0000000000000000E+00,  0.0000000000000000E+00,  0.0000000000000000E+00,  0.0000000000000000E+00,  0.0000000000000000E+00,  0.0000000000000000E+00,  0.0000000000000000E+00,  0.0000000000000000E+00,  0.0000000000000000E+00
  0.0000000000000000E+00,  2.8119553507972142E+02,  2.1255801367404302E+02,  1.9594414551880664E+02,  1.9029650269390493E+02,  9.6794720398426392E+01,  7.5244390975937790E+01,  6.9603046460458671E+01,  5.1533419484947089E+01,  6.3314568144625429E+00,  1.0277948429128438E+01,  6.6832925662850577E+00, -3.6761506230660057E-01,  1.7004392049960515E-01, -2.9534917054942955E-01, -2.2441269961430033E-01, -5.2808637088355148E-01, -1.5186806377371620E+00, -1.9663822940726661E+00, -1.4808381133813739E+00,  0.0000000000000000E+00,  0.0000000000000000E+00,  0.0000000000000000E+00,  0.0000000000000000E+00,  0.0000000000000000E+00,  0.0000000000000000E+00,  0.0000000000000000E+00,  0.0000000000000000E+00,  0.0000000000000000E+00,  0.0000000000000000E+00,  0.0000000000000000E+00,  0.0000000000000000E+00,  0.0000000000000000E+00,  0.0000000000000000E+00,  0.0000000000000000E+00,  0.0000000000000000E+00
  0.0000000000000000E+00,  3.3115596617740187E+02,  2.6749258166390541E+02,  2.0850232798494980E+02,  1.9740738615440836E+02,  8.7588908914770002E+01,  8.4351685973390545E+01,  7.9418215758728820E+01,  4.1870741263611798E+01,  5.9353367848127174E+00,  4.6761764708242017E+00,  3.5374330272770180E+00,  1.6385913803264476E+00, -7.8189990879718518E-01,  3.8757001128356272E-01, -2.9850435909293020E+00, -1.2949936577587455E+00, -1.1900383992634822E+00, -6.0208174102498635E-01, -5.8831219671127477E-01,  0.0000000000000000E+00,  0.0000000000000000E+00,  0.0000000000000000E+00,  0.0000000000000000E+00,  0.0000000000000000E+00,  0.0000000000000000E+00,  0.0000000000000000E+00,  0.0000000000000000E+00,  0.0000000000000000E+00,  0.0000000000000000E+00,  0.0000000000000000E+00,  0.0000000000000000E+00,  0.0000000000000000E+00,  0.0000000000000000E+00,  0.0000000000000000E+00,  0.0000000000000000E+00
  0.0000000000000000E+00,  3.3353332790751756E+02,  2.4909641358452052E+02,  2.1589110375136386E+02,  1.5650059028828022E+02,  8.5337871486063250E+01,  8.2417448114801061E+01,  8.2791515663355327E+01,  8.2638993733191782E+01,  1.0422811022819104E+01,  1.0851340670613922E+01, -2.0091238585932514E+00,  2.2815159953263429E+00, -4.0324927881963664E+00, -1.5470869973078427E-01,  4.3355774419383186E-01, -1.3623260562827482E+00, -3.2399607496548244E+00,  5.6118831176049389E-01, -1.2234904529329174E+00,  0.0000000000000000E+00,  0.0000000000000000E+00,  0.0000000000000000E+00,  0.0000000000000000E+00,  0.0000000000000000E+00,  0.0000000000000000E+00,  0.0000000000000000E+00,  0.0000000000000000E+00,  0.0000000000000000E+00,  0.0000000000000000E+00,  0.0000000000000000E+00,  0.0000000000000000E+00,  0.0000000000000000E+00,  0.0000000000000000E+00,  0.0000000000000000E+00,  0.0000000000000000E+00
  0.0000000000000000E+00,  2.6984453052603072E+02,  1.9543919460410422E+02,  2.1112718860708128E+02,  1.6737873403160825E+02,  9.3050868229675018E+01,  9.4967049003345124E+01,  6.0863400911580150E+01,  6.2107172124612347E+01,  7.6591580708242653E+00,  8.3206106232516426E+00,  4.4672739994183823E+00,  4.2259802579939318E+00, -3.9600097628466724E+00, -5.1153221549508503E+00, -2.3058674227644369E+00, -1.6962428197273205E-01,  1.9858525408220107E-01, -3.8477956407619596E-01, -9.4359718503599033E-01,  0.0000000000000000E+00,  0.0000000000000000E+00,  0.0000000000000000E+00,  0.0000000000000000E+00,  0.0000000000000000E+00,  0.0000000000000000E+00,  0.0000000000000000E+00,  0.0000000000000000E+00,  0.0000000000000000E+00,  0.0000000000000000E+00,  0.0000000000000000E+00,  0.0000000000000000E+00,  0.0000000000000000E+00,  0.0000000000000000E+00,  0.0000000000000000E+00,  0.0000000000000000E+00
  0.0000000000000000E+00,  2.2708806456055083E+02,  2.1579538201217787E+02,  2.1678040935010137E+02,  2.0536776470228199E+02,  1.0260988676714437E+02,  7.0276939236089433E+01,  4.8813282315132923E+01,  5.9013361657743005E+01,  1.0116875224470284E+01,  2.8081102157743016E+00, -5.7567312246967717E-01,  2.3364145685062052E+00,  1.8215272392258264E-01,  8.5660232061663422E-01,  8.3137700288590466E-02, -1.8938522012858368E+00, -4.4831204134486464E+00,  1.4799978108577014E+00, -1.3464897642782443E+00,  0.0000000000000000E+00,  0.0000000000000000E+00,  0.0000000000000000E+00,  0.0000000000000000E+00,  0.0000000000000000E+00,  0.0000000000000000E+00,  0.0000000000000000E+00,  0.0000000000000000E+00,  0.0000000000000000E+00,  0.0000000000000000E+00,  0.0000000000000000E+00,  0.0000000000000000E+00,  0.0000000000000000E+00,  0.0000000000000000E+00,  0.0000000000000000E+00,  0.0000000000000000E+00
  0.0000000000000000E+00,  3.5327076252464070E+02,  2.5671427975313065E+02,  2.4020179466267075E+02,  2.7667374541202781E+02,  9.6446259587933412E+01,  6.7890528368423418E+01,  7.3267289999958010E+01,  5.4233928689363538E+01,  1.0584134485591361E+01, -1.0643369690600188E+00,  6.4486214607907737E+00,  5.9953320929500915E+00, -4.6902367069669229E+00, -1.6167123736642393E+00, -1.6886050669852417E+00, -9.6368008482968559E-02, -1.7648978835212761E+00, -3.1190628695441225E-01, -1.5900193940933569E+00,  0.0000000000000000E+00,  0.0000000000000000E+00,  0.0000000000000000E+00,  0.0000000000000000E+00,  0.0000000000000000E+00,  0.0000000000000000E+00,  0.0000000000000000E+00,  0.0000000000000000E+00,  0.0000000000000000E+00,  0.0000000000000000E+00,  0.0000000000000000E+00,  0.0000000000000000E+00,  0.0000000000000000E+00,  0.0000000000000000E+00,  0.0000000000000000E+00,  0.0000000000000000E+00
  0.0000000000000000E+00,  3.1241486467446668E+02,  2.7277036578957905E+02,  1.5641701364819329E+02,  1.6483052079245368E+02,  1.4831930844842478E+02,  8.7131559557402355E+01,  6.9964134574603747E+01,  4.8896967911137025E+01,  9.5464185449070289E+00,  9.1431780061741712E+00,  2.3510388925694041E+00,  5.4893095491255384E+00, -1.0686364778883934E+00, -3.1031061563329088E+00, -7.2088774053272431E-01,  3.4802765036174526E+00, -1.7174228425129083E+00, -4.1345659100270948E+00,  3.1250985446200592E+00,  0.0000000000000000E+00,  0.0000000000000000E+00,  0.0000000000000000E+00,  0.0000000000000000E+00,  0.0000000000000000E+00,  0.0000000000000000E+00,  0.0000000000000000E+00,  0.0000000000000000E+00,  0.0000000000000000E+00,  0.0000000000000000E+00,  0.0000000000000000E+00,  0.0000000000000000E+00,  0.0000000000000000E+00,  0.0000000000000000E+00,  0.0000000000000000E+00,  0.0000000000000000E+00
  0.0000000000000000E+00,  2.7705403152641844E+02,  2.5041921290891068E+02,  2.3767194872509793E+02,  1.2708461342913282E+02,  1.6828791488864104E+02,  8.9855614403276888E+01,  6.3305543630264324E+01,  6.4894706170831057E+01, -1.7891833603516005E-01,  1.2919720064743412E+01,  1.8246646467148775E+00,  1.3322144024190411E+01, -2.9140020091088132E+00, -2.5774787087700792E+00,  4.5170569392627336E-01,  4.1742294177163979E+00, -4.0309178193261435E+00, -3.2409825164696437E+00,  1.9315349450910535E+00,  0.0000000000000000E+00,  0.0000000000000000E+00,  0.0000000000000000E+00,  0.0000000000000000E+00,  0.0000000000000000E+00,  0.0000000000000000E+00,  0.0000000000000000E+00,  0.0000000000000000E+00,  0.0000000000000000E+00,  0.0000000000000000E+00,  0.0000000000000000E+00,  0.0000000000000000E+00,  0.0000000000000000E+00,  0.0000000000000000E+00,  0.0000000000000000E+00,  0.0000000000000000E+00
  0.0000000000000000E+00,  2.9186793789713261E+02,  2.8950116161511039E+02,  2.1715343165013999E+02,  1.9793880044848927E+02,  1.1360770695627076E+02,  1.2562481875128940E+02,  8.1006291527522094E+01,  7.0847086325949959E+01,  2.5782522838534163E+00, -3.9499126711170365E+00, -1.1348191451935783E+00, -4.6319695295576384E+00,  1.2284099658771783E+00,  4.8304661923830032E+00,  3.7788255674761517E-01, -4.7829015019260890E-01, -7.9734716596256572E-01, -1.3883354596876440E+00,  5.9185386253458727E-01,  0.0000000000000000E+00,  0.0000000000000000E+00,  0.0000000000000000E+00,  0.0000000000000000E+00,  0.0000000000000000E+00,  0.0000000000000000E+00,  0.0000000000000000E+00,  0.0000000000000000E+00,  0.0000000000000000E+00,  0.0000000000000000E+00,  0.0000000000000000E+00,  0.0000000000000000E+00,  0.0000000000000000E+00,  0.0000000000000000E+00,  0.0000000000000000E+00,  0.0000000000000000E+00
  0.0000000000000000E+00,  3.1491934338462909E+02,  2.5172795047371463E+02,  2.0441623791419795E+02,  1.7546273381145392E+02,  7.2063720650607436E+01,  9.1165316575001185E+01,  7.9455814925990580E+01,  6.1608405909796126E+01,  1.4743969871870560E+01,  7.0347221262871322E+00,  3.4251944406467754E+00,  3.1322715512316064E+00, -4.8656372993598520E+00,  3.2984710351249262E+00, -4.2488987239645777E+00,  2.3489435237519274E-01, -7.3181696516274286E-01,  2.0336031086117057E-01, -1.4892068254381687E+00,  0.0000000000000000E+00,  0.0000000000000000E+00,  0.0000000000000000E+00,  0.0000000000000000E+00,  0.0000000000000000E+00,  0.0000000000000000E+00,  0.0000000000000000E+00,  0.0000000000000000E+00,  0.0000000000000000E+00,  0.0000000000000000E+00,  0.0000000000000000E+00,  0.0000000000000000E+00,  0.0000000000000000E+00,  0.0000000000000000E+00,  0.0000000000000000E+00,  0.0000000000000000E+00
  0.0000000000000000E+00,  3.3559183782542482E+02,  2.4963901601687687E+02,  2.7812860004022428E+02,  1.3490243972909127E+02,  1.5947076795619975E+02,  7.5734987536185528E+01,  6.0460661606828360E+01,  5.0905595681354150E+01, -1.8350234854229086E+00,  6.7900962443718829E+00,  6.2856751809725306E+00, -5.0427671573207409E+00, -2.7261713915745296E+00,  4.4364862824018498E+00, -2.5894384899487863E+00, -3.0846211553449576E-01, -5.5952995282606555E-01,  3.7164693832923756E-01, -3.5159239970493150E-01,  0.0000000000000000E+00,  0.0000000000000000E+00,  0.0000000000000000E+00,  0.0000000000000000E+00,  0.0000000000000000E+00,  0.0000000000000000E+00,  0.0000000000000000E+00,  0.0000000000000000E+00,  0.0000000000000000E+00,  0.0000000000000000E+00,  0.0000000000000000E+00,  0.0000000000000000E+00,  0.0000000000000000E+00,  0.0000000000000000E+00,  0.0000000000000000E+00,  0.0000000000000000E+00
  0.0000000000000000E+00,  2.2844247327596818E+02,  2.1335793458596629E+02,  1.7436864168038733E+02,  1.4561029685864946E+02,  7.7890847282142943E+01,  7.9786082923336238E+01,  7.6461275999134372E+01,  6.8895921919508510E+01,  1.3473589453281736E+01,  1.1037831296209314E+01, -1.7516478353037144E+00,  3.0175019992960550E+00,  9.8679014359192685E-01,  3.1108217325949639E-01,  6.5908215889310817E-01, -2.6485357698939715E-01, -1.9063589169126081E+00, -2.2421644918429142E+00, -1.6538359292757838E+00,  0.0000000000000000E+00,  0.0000000000000000E+00,  0.0000000000000000E+00,  0.0000000000000000E+00,  0.0000000000000000E+00,  0.0000000000000000E+00,  0.0000000000000000E+00,  0.0000000000000000E+00,  0.0000000000000000E+00,  0.0000000000000000E+00,  0.0000000000000000E+00,  0.0000000000000000E+00,  0.0000000000000000E+00,  0.0000000000000000E+00,  0.0000000000000000E+00,  0.0000000000000000E+00
  0.0000000000000000E+00,  3.1787413449157469E+02,  2.3026803147422999E+02,  2.4595616127463182E+02,  1.4865402429510658E+02,  2.0741012899090055E+02,  7.4457949445186983E+01,  7.0539494385633418E+01,  5.5497931181579304E+01, -1.2436707994006380E+00, -4.6458938911330012E+00, -1.4317633414982485E+00,  4.6665147718242839E+00, -1.0249982472517294E+00, -4.5472649310881197E+00, -7.9702712330452918E-01,  1.2468584290336659E-01,  2.3227074767234583E+00, -1.1775360924589056E+00, -1.2271224107172869E+00,  0.0000000000000000E+00,  0.0000000000000000E+00,  0.0000000000000000E+00,  0.0000000000000000E+00,  0.0000000000000000E+00,  0.0000000000000000E+00,  0.0000000000000000E+00,  0.0000000000000000E+00,  0.0000000000000000E+00,  0.0000000000000000E+00,  0.0000000000000000E+00,  0.0000000000000000E+00,  0.0000000000000000E+00,  0.0000000000000000E+00,  0.0000000000000000E+00,  0.0000000000000000E+00
  0.0000000000000000E+00,  2.4808302313326487E+02,  2.1030203705881510E+02,  2.2691830563475503E+02,  2.0613034696610089E+02,  1.0788959393374057E+02,  9.9705861907229206E+01,  6.6241903066453830E+01,  9.3520732875042839E+01,  7.4787471659290414E+00,  6.2782166607935004E+00,  4.3400697477778714E+00, -7.1628083596545533E-01, -2.1346328938270771E+00,  1.2995858961956381E+00,  2.7028051334256631E-01,  4.7055943506932918E-01, -6.1779747015391662E-01, -2.0708386428839489E+00, -2.5325219132343220E+00,  0.0000000000000000E+00,  0.0000000000000000E+00,  0.0000000000000000E+00,  0.0000000000000000E+00,  0.0000000000000000E+00,  0.0000000000000000E+00,  0.0000000000000000E+00,  0.0000000000000000E+00,  0.0000000000000000E+00,  0.0000000000000000E+00,  0.0000000000000000E+00,  0.0000000000000000E+00,  0.0000000000000000E+00,  0.0000000000000000E+00,  0.0000000000000000E+00,  0.0000000000000000E+00
  0.0000000000000000E+00,  3.0049943015071437E+02,  2.6013846619064782E+02,  2.7381908197349009E+02,  2.1742145849334841E+02,  7.3113373158720634E+01,  8.0341867581868712E+01,  6.3016431827699677E+01,  5.7148004123615252E+01,  4.4225019823416218E+00,  5.5774097038299608E+00,  4.7853928066107230E+00,  1.8926567713819882E+00, -7.8043685738265189E-01, -2.3990409503046717E-01, -1.4774864590312182E+00, -5.2768268516244277E-01, -1.3343935389451862E+00, -1.4345123684811125E+00, -1.8061088641720038E+00,  0.0000000000000000E+00,  0.0000000000000000E+00,  0.0000000000000000E+00,  0.0000000000000000E+00,  0.0000000000000000E+00,  0.0000000000000000E+00,  0.0000000000000000E+00,  0.0000000000000000E+00,  0.0000000000000000E+00,  0.0000000000000000E+00,  0.0000000000000000E+00,  0.0000000000000000E+00,  0.0000000000000000E+00,  0.0000000000000000E+00,  0.0000000000000000E+00,  0.0000000000000000E+00
  0.0000000000000000E+00,  2.7698718755937426E+02,  2.6928744073976497E+02,  1.9817295428502399E+02,  1.5061135201891227E+02,  1.0262002511750107E+02,  8.6974892684004573E+01,  8.0787599134357237E+01,  6.4737505109061857E+01,  1.6175361400007326E+01,  9.1089160529984525E-01, -1.5298525824683455E+00,  1.1641837280691325E+00, -3.9500171510112025E-01, -3.3222310972910618E+00,  2.8748839718092416E+00, -2.1557625105618410E+00, -2.4127330973793435E+00,  8.1793032783532582E-01, -8.1502340646945126E-01,  0.0000000000000000E+00,  0.0000000000000000E+00,  0.0000000000000000E+00,  0.0000000000000000E+00,  0.0000000000000000E+00,  0.0000000000000000E+00,  0.0000000000000000E+00,  0.0000000000000000E+00,  0.0000000000000000E+00,  0.0000000000000000E+00,  0.0000000000000000E+00,  0.0000000000000000E+00,  0.0000000000000000E+00,  0.0000000000000000E+00,  0.0000000000000000E+00,  0.0000000000000000E+00
  0.0000000000000000E+00,  3.0042431316403020E+02,  2.8379023805471491E+02,  2.2007806271268220E+02,  2.1595505277294532E+02,  9.9449941374709098E+01,  7.8095833972603359E+01,  5.4672781562827332E+01,  7.2960337745242754E+01,  1.0532607135597882E+01,  5.6181235501404796E+00, -2.4849718577737434E+00,  7.4450759815769629E-01,  1.7346626828472331E+00, -2.6059326707231785E+00,  2.8321093365678331E+00, -4.1298802387099265E+00,  7.9790680913251810E-01, -2.0773124178010298E+00, -1.6721227147915463E+00,  0.0000000000000000E+00,  0.0000000000000000E+00,  0.0000000000000000E+00,  0.0000000000000000E+00,  0.0000000000000000E+00,  0.0000000000000000E+00,  0.0000000000000000E+00,  0.0000000000000000E+00,  0.0000000000000000E+00,  0.0000000000000000E+00,  0.0000000000000000E+00,  0.0000000000000000E+00,  0.0000000000000000E+00,  0.0000000000000000E+00,  0.0000000000000000E+00,  0.0000000000000000E+00
  0.0000000000000000E+00,  2.6071548798277502E+02,  2.0618524866491839E+02,  2.0597516758202431E+02,  1.4515531785731565E+02,  1.2744357796324292E+02,  1.1277300887188696E+02,  8.6426508778569399E+01,  1.0279177508152276E+02,  1.1384575815919646E+01,  1.0946126960739058E+00, -8.8595413701893122E-01, -8.8022305100784504E-01, -2.6342325825281541E+00, -6.6614206863565162E-01, -1.3900277696201901E+00, -2.1161051920327481E+00, -1.4198388519500953E+00,  3.7244861092680104E-03, -1.2551134478754729E+00,  0.0000000000000000E+00,  0.0000000000000000E+00,  0.0000000000000000E+00,  0.0000000000000000E+00,  0.0000000000000000E+00,  0.0000000000000000E+00,  0.0000000000000000E+00,  0.0000000000000000E+00,  0.0000000000000000E+00,  0.0000000000000000E+00,  0.0000000000000000E+00,  0.0000000000000000E+00,  0.0000000000000000E+00,  0.0000000000000000E+00,  0.0000000000000000E+00,  0.0000000000000000E+00
  0.0000000000000000E+00,  3.3116889373673439E+02,  2.8807267612207329E+02,  2.0765848501473471E+02,  1.6868838147209178E+02,  8.6601157040852058E+01,  8.9833760592997521E+01,  6.3212477724420204E+01,  5.3355508541242976E+01,  1.3880557476423903E+00,  6.0229029459792285E+00, -4.5470214469027503E-01,  1.5765955987037064E+00, -4.1886502568542259E+00,  1.8757598038854493E+00,  7.7982493221185134E-01,  1.2762147526908221E+00, -3.4219995899765854E+00, -3.5802608645864673E+00, -5.0570861351744600E-02,  0.0000000000000000E+00,  0.0000000000000000E+00,  0.0000000000000000E+00,  0.0000000000000000E+00,  0.0000000000000000E+00,  0.0000000000000000E+00,  0.0000000000000000E+00,  0.0000000000000000E+00,  0.0000000000000000E+00,  0.0000000000000000E+00,  0.0000000000000000E+00,  0.0000000000000000E+00,  0.0000000000000000E+00,  0.0000000000000000E+00,  0.0000000000000000E+00,  0.0000000000000000E+00
  0.0000000000000000E+00,  3.3350798403619683E+02,  3.0210831324392603E+02,  2.0892307295385834E+02,  1.6802560975907284E+02,  9.3096271451166331E+01,  9.5897338467704998E+01,  5.7651898742331483E+01,  4.4284782945675921E+01,  6.0671981518395235E+00,  6.2199546806929860E+00,  7.6876279812251092E-01,  1.1810129786030140E+01, -2.6645122332555253E+00, -2.8844815983635197E-01, -1.3286823702667654E+00, -2.0374299866809706E+00, -1.5809468033776231E-01, -2.5670828773019392E+00, -1.2032023067362652E+00,  0.0000000000000000E+00,  0.0000000000000000E+00,  0.0000000000000000E+00,  0.0000000000000000E+00,  0.0000000000000000E+00,  0.0000000000000000E+00,  0.0000000000000000E+00,  0.0000000000000000E+00,  0.0000000000000000E+00,  0.0000000000000000E+00,  0.0000000000000000E+00,  0.0000000000000000E+00,  0.0000000000000000E+00,  0.0000000000000000E+00,  0.0000000000000000E+00,  0.0000000000000000E+00
  0.0000000000000000E+00,  3.2435739193221877E+02,  3.1997065253254016E+02,  1.7351923095526365E+02,  1.8699039433142281E+02,  1.0199386243325213E+02,  6.7384116909870372E+01,  7.5715827486590101E+01,  8.3686065575570993E+01,  1.2775183983429780E+01,  3.9723216819846385E+00,  4.3744439728012203E+00, -1.0740667734296565E+00, -3.2831729676958217E+00, -2.4631045838587413E+00,  1.7028694315244284E+00,  4.9162477014803674E-01,  6.5857229207469836E-01, -1.3719048690527447E+00, -1.8507244602130257E+00,  0.0000000000000000E+00,  0.0000000000000000E+00,  0.0000000000000000E+00,  0.0000000000000000E+00,  0.0000000000000000E+00,  0.0000000000000000E+00,  0.0000000000000000E+00,  0.0000000000000000E+00,  0.0000000000000000E+00,  0.0000000000000000E+00,  0.0000000000000000E+00,  0.0000000000000000E+00,  0.0000000000000000E+00,  0.0000000000000000E+00,  0.0000000000000000E+00,  0.0000000000000000E+00
  0.0000000000000000E+00,  3.1363451864154911E+02,  2.5262468779368089E+02,  1.9734473090926105E+02,  2.0824517924692361E+02,  1.3758904797113220E+02,  8.0030136005204440E+01,  7.3738089989698992E+01,  4.2307658247161008E+01,  1.3167904839690756E+00,  1.0132797539695311E+00, -9.5435322693056701E-01,  8.1970817641477041E+00,  2.8065551755463520E+00, -2.1965899134616178E+00,  1.5360016219224626E-01, -1.5695988398045859E+00, -1.1744013969014926E+00, -8.7630302267974969E-02, -3.1596081286562649E-01,  0.0000000000000000E+00,  0.0000000000000000E+00,  0.0000000000000000E+00,  0.0000000000000000E+00,  0.0000000000000000E+00,  0.0000000000000000E+00,  0.0000000000000000E+00,  0.0000000000000000E+00,  0.0000000000000000E+00,  0.0000000000000000E+00,  0.0000000000000000E+00,  0.0000000000000000E+00,  0.0000000000000000E+00,  0.0000000000000000E+00,  0.0000000000000000E+00,  0.0000000000000000E+00
  0.0000000000000000E+00,  2.3011054641607535E+02,  2.3571529171416853E+02,  1.9156671920290262E+02,  1.8069581184423075E+02,  8.5558997044359501E+01,  8.5976199664604792E+01,  1.0242289227649914E+02,  7.9783309377195494E+01,  1.6306810837403976E+01,  3.6757902689557742E+00,  4.8612640459765100E-01, -1.8471639419982822E-01,  3.2957670319487837E+00,  2.1278425905674991E+00, -2.7876195538617994E+00,  1.2046563268910728E+00, -1.6688462915398967E+00, -1.4893910803140362E+00, -1.7541000778102340E+00,  0.0000000000000000E+00,  0.0000000000000000E+00,  0.0000000000000000E+00,  0.0000000000000000E+00,  0.0000000000000000E+00,  0.0000000000000000E+00,  0.0000000000000000E+00,  0.0000000000000000E+00,  0.0000000000000000E+00,  0.0000000000000000E+00,  0.0000000000000000E+00,  0.0000000000000000E+00,  0.0000000000000000E+00,  0.0000000000000000E+00,  0.0000000000000000E+00,  0.0000000000000000E+00
  0.0000000000000000E+00,  2.9011808307504026E+02,  2.5573409913881594E+02,  2.4519715157960263E+02,  2.1005741298383674E+02,  1.0055968914020011E+02,  8.6543158642183784E+01,  7.3647730295282955E+01,  6.4797735232219623E+01,  5.1634861401392449E+00,  1.8146269071293055E+00,  3.9606957694071312E+00,  1.0627712180967617E+00, -1.5966146719980872E+00, -4.5350555046774321E-01,  5.4638416117392152E-01, -1.6396739012509145E+00, -2.7790270034720979E+00, -1.7502389236764033E+00, -1.3510512113677136E+00,  0.0000000000000000E+00,  0.0000000000000000E+00,  0.0000000000000000E+00,  0.0000000000000000E+00,  0.0000000000000000E+00,  0.0000000000000000E+00,  0.0000000000000000E+00,  0.0000000000000000E+00,  0.0000000000000000E+00,  0.0000000000000000E+00,  0.0000000000000000E+00,  0.0000000000000000E+00,  0.0000000000000000E+00,  0.0000000000000000E+00,  0.0000000000000000E+00,  0.0000000000000000E+00
  0.0000000000000000E+00,  3.0187924312734435E+02,  2.2839262970655858E+02,  2.2210153545461708E+02,  1.8134871415754498E+02,  1.0403158275252322E+02,  6.1061131873501665E+01,  7.3736581929385665E+01,  6.3628372333472349E+01,  2.6181610432343518E+00, -5.7880257081191999E-01,  1.3431592678844062E+00, -1.5651232850064005E+00,  6.3006057840331842E+00,  9.9680830014720101E-01, -2.3496390426077234E+00, -2.6585700869017783E+00, -1.6938480602384329E+00, -2.6503460042262139E-01,  2.8658808750814280E-01,  0.0000000000000000E+00,  0.0000000000000000E+00,  0.0000000000000000E+00,  0.0000000000000000E+00,  0.0000000000000000E+00,  0.0000000000000000E+00,  0.0000000000000000E+00,  0.0000000000000000E+00,  0.0000000000000000E+00,  0.0000000000000000E+00,  0.0000000000000000E+00,  0.0000000000000000E+00,  0.0000000000000000E+00,  0.0000000000000000E+00,  0.0000000000000000E+00,  0.0000000000000000E+00
  0.0000000000000000E+00,  2.0306796649603032E+02,  2.1074606140324971E+02,  2.1935716321304162E+02,  2.1670835450619296E+02,  1.2596859448459864E+02,  1.0181526589517713E+02,  7.0129923272836038E+01,  4.3138572152002951E+01,  8.7330418269454277E+00,  2.7341168516894498E-02,  1.4510907131842972E+00,  3.3847003479533182E+00, -1.3011221658582288E+00,  1.9303013199666665E+00, -1.3497377853997063E+00, -4.0746755318587304E+00, -2.3131927651994859E+00,  7.2248528056535211E-01,  6.2951791197822837E-01,  0.0000000000000000E+00,  0.0000000000000000E+00,  0.0000000000000000E+00,  0.0000000000000000E+00,  0.0000000000000000E+00,  0.0000000000000000E+00,  0.0000000000000000E+00,  0.0000000000000000E+00,  0.0000000000000000E+00,  0.0000000000000000E+00,  0.0000000000000000E+00,  0.0000000000000000E+00,  0.0000000000000000E+00,  0.0000000000000000E+00,  0.0000000000000000E+00,  0.0000000000000000E+00
  0.0000000000000000E+00,  2.2777370427659025E+02,  2.4060786871333215E+02,  2.3206204951668104E+02,  2.0208523065448207E+02,  1.5105819996015555E+02,  1.2563034788933371E+02,  1.0484120692100048E+02,  4.8859545366376267E+01,  1.5112360275554195E+00,  1.3561542957583512E+00,  4.1352543582822197E+00, -7.2732907412123016E-01, -1.7099564453640514E-01, -3.0881502299946542E+00, -3.1769470993341420E-01, -9.4638582033492824E-01, -4.2027767256908666E-01, -3.7074911119407830E+00, -1.6397660046385076E+00,  0.0000000000000000E+00,  0.0000000000000000E+00,  0.0000000000000000E+00,  0.0000000000000000E+00,  0.0000000000000000E+00,  0.0000000000000000E+00,  0.0000000000000000E+00,  0.0000000000000000E+00,  0.0000000000000000E+00,  0.0000000000000000E+00,  0.0000000000000000E+00,  0.0000000000000000E+00,  0.0000000000000000E+00,  0.0000000000000000E+00,  0.0000000000000000E+00,  0.0000000000000000E+00
  0.0000000000000000E+00,  2.9161044969340651E+02,  2.6065787845411279E+02,  2.3384144116065295E+02,  1.9562902021899203E+02,  1.1718816648523153E+02,  9.6589319030866491E+01,  6.9114130381894043E+01,  7.6290448934261534E+01,  1.2034244156000751E+01,  2.4991675574729211E-01,  6.6713822385992465E+00, -3.3618561481979956E+00,  2.7674305361931282E+00, -3.7075323574065542E+00, -7.1650870157606050E-01,  3.3594586860218989E-01, -2.2672165298860314E+00, -2.8178306781923634E-01, -1.8825772963109055E+00,  0.0000000000000000E+00,  0.0000000000000000E+00,  0.0000000000000000E+00,  0.0000000000000000E+00,  0.0000000000000000E+00,  0.0000000000000000E+00,  0.0000000000000000E+00,  0.0000000000000000E+00,  0.0000000000000000E+00,  0.0000000000000000E+00,  0.0000000000000000E+00,  0.0000000000000000E+00,  0.0000000000000000E+00,  0.0000000000000000E+00,  0.0000000000000000E+00,  0.0000000000000000E+00
  0.0000000000000000E+00,  3.2594841589515840E+02,  2.8838275633267745E+02,  2.5484133404997928E+02,  2.7570313760690425E+02,  1.1734411067875553E+02,  8.4895482797717605E+01,  7.6221458174035604E+01,  5.6506294365025447E+01,  7.0179956081324022E+00,  1.4014883954698920E+00,  2.2024993077191066E+00, -5.9786389869989289E+00,  2.7973333318557847E+00, -4.0768160331003029E+00,  2.6224633972602351E-01, -1.6473116883912731E-02,  2.0142258342320112E+00, -2.2657567170461967E+00, -2.7136434168987877E-01,  0.0000000000000000E+00,  0.0000000000000000E+00,  0.0000000000000000E+00,  0.0000000000000000E+00,  0.0000000000000000E+00,  0.0000000000000000E+00,  0.0000000000000000E+00,  0.0000000000000000E+00,  0.0000000000000000E+00,  0.0000000000000000E+00,  0.0000000000000000E+00,  0.0000000000000000E+00,  0.0000000000000000E+00,  0.0000000000000000E+00,  0.0000000000000000E+00,  0.0000000000000000E+00
  0.0000000000000000E+00,  3.0528010640101684E+02,  2.8945763368949838E+02,  1.9697845050957363E+02,  1.8914278981782533E+02,  1.2253364739040435E+02,  1.1747952053952966E+02,  9.2705481628533860E+01,  4.7231217737206869E+01,  8.7472821322522485E+00,  3.8371729417728844E+00, -3.9496165710939231E+00,  3.1102889121591115E+00,  1.7969360219838215E+00, -5.9854899912915833E+00,  1.1703745886230577E+00, -6.4497548514251424E-01,  2.8334891341268698E-01,  1.0762607954186443E-01, -9.8429954498812333E-01,  0.0000000000000000E+00,  0.0000000000000000E+00,  0.0000000000000000E+00,  0.0000000000000000E+00,  0.0000000000000000E+00,  0.0000000000000000E+00,  0.0000000000000000E+00,  0.0000000000000000E+00,  0.0000000000000000E+00,  0.0000000000000000E+00,  0.0000000000000000E+00,  0.0000000000000000E+00,  0.0000000000000000E+00,  0.0000000000000000E+00,  0.0000000000000000E+00,  0.0000000000000000E+00
  0.0000000000000000E+00,  2.4252747351767181E+02,  2.3907339107865073E+02,  2.6473692259706877E+02,  1.8460115130399998E+02,  1.0691470143349903E+02,  1.1737475061988735E+02,  7.7754589683534334E+01,  6.5237316519296144E+01,  5.3067809923464928E+00,  7.9399120981783149E+00, -1.1926533727027095E+00,  4.8548491614910096E+00,  6.4005101094362615E-01, -4.9728032740021870E+00,  1.8869732491974283E+00, -5.1199089889842870E+00,  4.8107423414990080E-01, -1.0121390451754566E+00, -8.0073304465323059E-01,  0.0000000000000000E+00,  0.0000000000000000E+00,  0.0000000000000000E+00,  0.0000000000000000E+00,  0.0000000000000000E+00,  0.0000000000000000E+00,  0.0000000000000000E+00,  0.0000000000000000E+00,  0.0000000000000000E+00,  0.0000000000000000E+00,  0.0000000000000000E+00,  0.0000000000000000E+00,  0.0000000000000000E+00,  0.0000000000000000E+00,  0.0000000000000000E+00,  0.0000000000000000E+00
  0.0000000000000000E+00,  3.1587238256450752E+02,  2.4483544226914034E+02,  1.9474430656989034E+02,  1.3838993547907029E+02,  1.6072870402904823E+02,  1.0434131058378119E+02,  9.4835532153171869E+01,  8.7622181645170215E+01,  6.8334521620291877E+00, -2.3900024932754818E+00, -4.8841906976813600E+00, -3.0775077588389834E+00,  2.3424604126426036E+00,  2.4765062721864171E+00, -2.7993177051720424E+00,  1.8591415839669878E-01,  9.0362559134886267E-01, -9.6166814931870781E-01, -3.9469601662514009E-01,  0.0000000000000000E+00,  0.0000000000000000E+00,  0.0000000000000000E+00,  0.0000000000000000E+00,  0.0000000000000000E+00,  0.0000000000000000E+00,  0.0000000000000000E+00,  0.0000000000000000E+00,  0.0000000000000000E+00,  0.0000000000000000E+00,  0.0000000000000000E+00,  0.0000000000000000E+00,  0.0000000000000000E+00,  0.0000000000000000E+00,  0.0000000000000000E+00,  0.0000000000000000E+00
  0.0000000000000000E+00,  3.3164465466757304E+02,  2.5157833294155111E+02,  2.5059042847142345E+02,  1.8946241751659358E+02,  8.5223579742158137E+01,  7.7298594180430570E+01,  5.1482352741371173E+01,  5.0279665643245259E+01,  6.3803675995066413E+00,  5.6470403908463265E+00,  4.8182337542851847E+00, -4.1916996833638507E+00, -1.1618348611347038E+00, -4.1445213066959212E+00,  2.5410447985708906E-02, -3.5052353784705570E-01,  3.9618249536558015E-01, -1.0907285869232406E+00, -1.9081442144694365E+00,  0.0000000000000000E+00,  0.0000000000000000E+00,  0.0000000000000000E+00,  0.0000000000000000E+00,  0.0000000000000000E+00,  0.0000000000000000E+00,  0.0000000000000000E+00,  0.0000000000000000E+00,  0.0000000000000000E+00,  0.0000000000000000E+00,  0.0000000000000000E+00,  0.0000000000000000E+00,  0.0000000000000000E+00,  0.0000000000000000E+00,  0.0000000000000000E+00,  0.0000000000000000E+00
  0.0000000000000000E+00,  2.4440491141762402E+02,  2.2431880073621704E+02,  2.3400766543773472E+02,  1.6177578410108245E+02,  8.5997259105548238E+01,  9.0942553816689241E+01,  6.6345251649897193E+01,  5.8054762961364581E+01,  1.0288274238616085E+01,  8.3336147244404870E+00,  3.7425338570671851E+00,  5.3609925346248311E-01,  7.8192446446875330E-01, -8.3599139416373980E-01, -2.6484584273682126E+00, -1.3324592274715550E+00, -1.3049376148585421E+00, -7.0882424018110957E-01, -8.8269394926096933E-01,  0.0000000000000000E+00,  0.0000000000000000E+00,  0.0000000000000000E+00,  0.0000000000000000E+00,  0.0000000000000000E+00,  0.0000000000000000E+00,  0.0000000000000000E+00,  0.0000000000000000E+00,  0.0000000000000000E+00,  0.0000000000000000E+00,  0.0000000000000000E+00,  0.0000000000000000E+00,  0.0000000000000000E+00,  0.0000000000000000E+00,  0.0000000000000000E+00,  0.0000000000000000E+00
  0.0000000000000000E+00,  2.6337671146253285E+02,  2.4215159392757982E+02,  2.2423791662938072E+02,  2.2125968622344197E+02,  9.8858325220833393E+01,  9.6366181344469695E+01,  6.9845957374701555E+01,  5.7247658599012894E+01,  4.2327772404016635E+00,  8.8264404666549474E+00,  4.5821807017516569E-01,  2.4247764098667375E+00, -9.4626270827300729E-01,  4.7840099017342652E-02, -1.8727461974072526E+00, -3.1106510944335852E-01, -2.7213126010260509E+00,  4.7837425456480531E-01, -1.4822405642637273E+00,  0.0000000000000000E+00,  0.0000000000000000E+00,  0.0000000000000000E+00,  0.0000000000000000E+00,  0.0000000000000000E+00,  0.0000000000000000E+00,  0.0000000000000000E+00,  0.0000000000000000E+00,  0.0000000000000000E+00,  0.0000000000000000E+00,  0.0000000000000000E+00,  0.0000000000000000E+00,  0.0000000000000000E+00,  0.0000000000000000E+00,  0.0000000000000000E+00,  0.0000000000000000E+00
  0.0000000000000000E+00,  2.4065569764590364E+02,  2.3343254786420493E+02,  2.2802048770485808E+02,  1.5476658878906483E+02,  1.1482900429265632E+02,  9.9741371178411470E+01,  9.5628325443805053E+01,  7.2746507731429062E+01,  6.3608190230128034E+00,  7.0133688965695971E+00,  3.1087009247033119E+00,  6.7347977636471379E-01,  5.3374729666261267E-01, -4.1723207552718744E-01, -1.4207886556511802E+00, -5.6544563025786587E-03, -6.7103269852514735E-01, -1.9105478792958204E+00, -1.5640350384944908E+00,  0.0000000000000000E+00,  0.0000000000000000E+00,  0.0000000000000000E+00,  0.0000000000000000E+00,  0.0000000000000000E+00,  0.0000000000000000E+00,  0.0000000000000000E+00,  0.0000000000000000E+00,  0.0000000000000000E+00,  0.0000000000000000E+00,  0.0000000000000000E+00,  0.0000000000000000E+00,  0.0000000000000000E+00,  0.0000000000000000E+00,  0.0000000000000000E+00,  0.0000000000000000E+00
  0.0000000000000000E+00,  2.7067561028901838E+02,  2.6690408787273515E+02,  2.1253374003518516E+02,  1.5651554641484003E+02,  1.3133057207687571E+02,  8.2425100325572828E+01,  7.4866746441622126E+01,  6.2591658676397643E+01,  1.7618083867068407E+01,  1.1447807849394156E+01,  1.6328721115284504E+00, -4.5111216249971253E-01, -1.1538056504870475E-01, -6.0656465632641599E-02, -6.1360439078117590E-01, -1.3303013673284214E+00, -9.2900587043032612E-01, -1.6537421215473740E+00, -1.3768964319337789E+00,  0.0000000000000000E+00,  0.0000000000000000E+00,  0.0000000000000000E+00,  0.0000000000000000E+00,  0.0000000000000000E+00,  0.0000000000000000E+00,  0.0000000000000000E+00,  0.0000000000000000E+00,  0.0000000000000000E+00,  0.0000000000000000E+00,  0.0000000000000000E+00,  0.0000000000000000E+00,  0.0000000000000000E+00,  0.0000000000000000E+00,  0.0000000000000000E+00,  0.0000000000000000E+00
  0.0000000000000000E+00,  3.5340789622109207E+02,  3.0996373655627622E+02,  2.2600363842430673E+02,  1.6826035667307855E+02,  9.8470133727953808E+01,  9.1953178282083314E+01,  6.6713773227424184E+01,  4.0454864847517399E+01,  1.6348347433049536E+01,  1.8780177561219759E+01,  3.8241711607489925E+00, -1.3102834141197164E+00, -9.2980496707046179E-01, -1.1679374872237718E+00, -1.3432244160440128E+00, -1.7954527797695357E+00, -1.1479063517504531E+00, -6.6234187369334085E-01, -8.6810017360835445E-01,  0.0000000000000000E+00,  0.0000000000000000E+00,  0.0000000000000000E+00,  0.0000000000000000E+00,  0.0000000000000000E+00,  0.0000000000000000E+00,  0.0000000000000000E+00,  0.0000000000000000E+00,  0.0000000000000000E+00,  0.0000000000000000E+00,  0.0000000000000000E+00,  0.0000000000000000E+00,  0.0000000000000000E+00,  0.0000000000000000E+00,  0.0000000000000000E+00,  0.0000000000000000E+00
  0.0000000000000000E+00,  3.3381370078678532E+02,  2.5665245797129012E+02,  2.3536331417371520E+02,  1.4890723639937281E+02,  8.9916788163675122E+01,  9.3798822699740811E+01,  5.1075826400282480E+01,  4.7928788477622398E+01,  1.2442922579563449E+01,  7.7732331912659447E+00,  3.5097655086466188E+00,  1.9978518777495928E+00, -6.4788729112283505E-01, -3.5136947484751255E+00, -2.8243378449702892E+00, -1.7788127301887657E+00,  3.9722829277137350E-01, -3.2164360351449872E-04, -1.1553189753888637E+00,  0.0000000000000000E+00,  0.0000000000000000E+00,  0.0000000000000000E+00,  0.0000000000000000E+00,  0.0000000000000000E+00,  0.0000000000000000E+00,  0.0000000000000000E+00,  0.0000000000000000E+00,  0.0000000000000000E+00,  0.0000000000000000E+00,  0.0000000000000000E+00,  0.0000000000000000E+00,  0.0000000000000000E+00,  0.0000000000000000E+00,  0.0000000000000000E+00,  0.0000000000000000E+00
  0.0000000000000000E+00,  2.4916435968410963E+02,  2.2880048742166915E+02,  1.8343127843649251E+02,  1.3939548778080149E+02,  8.0204092806031724E+01,  9.2934912327616459E+01,  7.1071295801300238E+01,  5.4870573599319798E+01,  1.6847289845130330E+01,  1.1416856865799483E+01, -1.4269786671656828E+00,  1.6663849540527806E+00, -4.1109136428389714E-01, -1.3908209608813875E+00, -1.2137040049262997E+00, -2.2392302556283679E+00, -3.2889324571457124E+00, -3.1362262012569664E-01, -2.4629992567621350E+00,  0.0000000000000000E+00,  0.0000000000000000E+00,  0.0000000000000000E+00,  0.0000000000000000E+00,  0.0000000000000000E+00,  0.0000000000000000E+00,  0.0000000000000000E+00,  0.0000000000000000E+00,  0.0000000000000000E+00,  0.0000000000000000E+00,  0.0000000000000000E+00,  0.0000000000000000E+00,  0.0000000000000000E+00,  0.0000000000000000E+00,  0.0000000000000000E+00,  0.0000000000000000E+00
  0.0000000000000000E+00,  2.9223239818846679E+02,  2.5834776112438249E+02,  2.3805851248943151E+02,  1.6056377673959912E+02,  1.0382988637737756E+02,  9.5368775220022911E+01,  9.3328064680368840E+01,  7.2001400090913819E+01, -2.9406550307772505E-01, -2.8856276172563433E-01,  6.8605461170179538E-01,  1.2835259178698148E+00, -1.4556731427665177E+00, -3.3694335544335479E+00, -2.4377321879757972E+00,  6.1399261219847734E-01,  1.1045663425917549E+00, -1.6979481440466646E+00, -1.9703192880510758E+00,  0.0000000000000000E+00,  0.0000000000000000E+00,  0.0000000000000000E+00,  0.0000000000000000E+00,  0.0000000000000000E+00,  0.0000000000000000E+00,  0.0000000000000000E+00,  0.0000000000000000E+00,  0.0000000000000000E+00,  0.0000000000000000E+00,  0.0000000000000000E+00,  0.0000000000000000E+00,  0.0000000000000000E+00,  0.0000000000000000E+00,  0.0000000000000000E+00,  0.0000000000000000E+00
  0.0000000000000000E+00,  3.2980678779420793E+02,  2.6482798823186135E+02,  1.9648885248205872E+02,  2.0552314622428273E+02,  1.4200354943278077E+02,  1.0037387980474300E+02,  7.3365442877566963E+01,  6.0877312668246482E+01,  3.9849494076824481E+00,  4.7129722525519409E+00, -2.2749181893486448E-01,  2.7864371559562020E+00, -9.6634210208359050E-02,  1.0825406275022953E-01, -1.9789517798416210E+00, -1.3240568040976566E+00,  1.5563430466520423E-02, -8.8443616341640663E-02, -1.6526354441200299E+00,  0.0000000000000000E+00,  0.0000000000000000E+00,  0.0000000000000000E+00,  0.0000000000000000E+00,  0.0000000000000000E+00,  0.0000000000000000E+00,  0.0000000000000000E+00,  0.0000000000000000E+00,  0.0000000000000000E+00,  0.0000000000000000E+00,  0.0000000000000000E+00,  0.0000000000000000E+00,  0.0000000000000000E+00,  0.0000000000000000E+00,  0.0000000000000000E+00,  0.0000000000000000E+00
  0.0000000000000000E+00,  2.5132505741234831E+02,  2.4667304472216733E+02,  1.8667666770853043E+02,  1.8223871793306955E+02,  1.2284538202118878E+02,  9.6848868808038873E+01,  9.8893101437716609E+01,  6.4523310388366497E+01,  1.2471903366251114E+01,  1.0618507612762624E+01,  4.8924276797451274E+00, -1.2350910829647770E+00,  9.9839508440792724E-01, -9.5674863012052569E-01, -2.5400466562362904E+00,  1.8133623586783960E+00,  1.9965874075054826E+00, -1.5300875689669220E+00, -7.5846184906038350E-01,  0.0000000000000000E+00,  0.0000000000000000E+00,  0.0000000000000000E+00,  0.0000000000000000E+00,  0.0000000000000000E+00,  0.0000000000000000E+00,  0.0000000000000000E+00,  0.0000000000000000E+00,  0.0000000000000000E+00,  0.0000000000000000E+00,  0.0000000000000000E+00,  0.0000000000000000E+00,  0.0000000000000000E+00,  0.0000000000000000E+00,  0.0000000000000000E+00,  0.0000000000000000E+00
  0.0000000000000000E+00,  2.7103019545043094E+02,  2.6715509703742305E+02,  2.6447096977917914E+02,  2.6075770051875810E+02,  9.9576448088844558E+01,  8.7347318406990638E+01,  7.0946737019568729E+01,  8.3946439176039036E+01,  2.4009588348966115E+00,  2.5965446892349604E+00,  2.5604642470211321E+00,  1.1211001668169018E-01,  6.6645015622983905E-01, -8.1871127566937751E-01, -2.2872328858433413E+00, -1.7425739552876678E+00, -3.2781454173552245E+00,  1.1459497681818309E-01,  1.3081391962418110E-01,  0.0000000000000000E+00,  0.0000000000000000E+00,  0.0000000000000000E+00,  0.0000000000000000E+00,  0.0000000000000000E+00,  0.0000000000000000E+00,  0.0000000000000000E+00,  0.0000000000000000E+00,  0.0000000000000000E+00,  0.0000000000000000E+00,  0.0000000000000000E+00,  0.0000000000000000E+00,  0.0000000000000000E+00,  0.0000000000000000E+00,  0.0000000000000000E+00,  0.0000000000000000E+00
  0.0000000000000000E+00,  2.8904200322670090E+02,  2.5089550005171697E+02,  2.4208399549772662E+02,  1.6929113338173954E+02,  1.0882271431405408E+02,  8.5747171670492378E+01,  8.9182161933622453E+01,  6.2387553683952575E+01,  8.1487976629340224E+00,  1.1307795620816213E+01, -2.0471780708192178E-01, -1.1595225487256480E+00,  1.3700692973601845E+00, -2.7736252959168577E+00, -1.2179480734188699E+00, -6.8111815366802908E-01,  5.7972537974615346E-01, -1.5250859507635735E+00, -1.2178377447578379E+00,  0.0000000000000000E+00,  0.0000000000000000E+00,  0.0000000000000000E+00,  0.0000000000000000E+00,  0.0000000000000000E+00,  0.0000000000000000E+00,  0.0000000000000000E+00,  0.0000000000000000E+00,  0.0000000000000000E+00,  0.0000000000000000E+00,  0.0000000000000000E+00,  0.0000000000000000E+00,  0.0000000000000000E+00,  0.0000000000000000E+00,  0.0000000000000000E+00,  0.0000000000000000E+00
  0.0000000000000000E+00,  3.0554464059209528E+02,  2.2362758726249717E+02,  1.8054014715812218E+02,  1.6741391397939492E+02,  1.1906102745761100E+02,  1.1774418950843594E+02,  9.8259170329265430E+01,  7.2934693977378743E+01,  3.9086904914621634E+00,  7.6156923560139571E+00,  3.3417589334740185E+00,  1.0411528111262669E+00, -3.1775350389232573E+00,  4.8977366750152029E-01, -9.2001736810517398E-01, -9.7027890434520891E-01, -2.2706950534331520E+00, -7.6386621404669386E-01, -1.5313292041680673E+00,  0.0000000000000000E+00,  0.0000000000000000E+00,  0.0000000000000000E+00,  0.0000000000000000E+00,  0.0000000000000000E+00,  0.0000000000000000E+00,  0.0000000000000000E+00,  0.0000000000000000E+00,  0.0000000000000000E+00,  0.0000000000000000E+00,  0.0000000000000000E+00,  0.0000000000000000E+00,  0.0000000000000000E+00,  0.0000000000000000E+00,  0.0000000000000000E+00,  0.0000000000000000E+00
  0.0000000000000000E+00,  3.5145055940733232E+02,  2.5492593222275551E+02,  2.4341792151915868E+02,  2.3149248909643933E+02,  1.2294173246594713E+02,  6.7206681725283261E+01,  7.1512290589234908E+01,  5.1700274304956878E+01,  1.0700541721815197E+01,  7.9060162777977201E+00,  3.6664994112734979E+00, -2.3568795274817322E-01,  1.3138555799778455E+00, -9.4906231684137410E-01, -8.0930791408924208E-01, -7.5218929120322464E-02, -1.5309958309677996E+00, -1.1526249197437066E+00, -9.8999713420836177E-01,  0.0000000000000000E+00,  0.0000000000000000E+00,  0.0000000000000000E+00,  0.0000000000000000E+00,  0.0000000000000000E+00,  0.0000000000000000E+00,  0.0000000000000000E+00,  0.0000000000000000E+00,  0.0000000000000000E+00,  0.0000000000000000E+00,  0.0000000000000000E+00,  0.0000000000000000E+00,  0.0000000000000000E+00,  0.0000000000000000E+00,  0.0000000000000000E+00,  0.0000000000000000E+00
  0.0000000000000000E+00,  2.7008103958933248E+02,  2.3146240483032781E+02,  2.3495339401185902E+02,  1.6461455575086555E+02,  1.3028213483362822E+02,  9.4964216218007380E+01,  6.9821850160852222E+01,  6.1676098529346319E+01,  5.1204278723022139E+00,  4.4428410444102120E+00,  2.1328960077615591E+00,  3.5708205498076016E+00,  2.1838531099033807E+00,  1.9267652374098283E+00, -2.3781097179850352E-01, -1.9734652811931188E+00, -2.5228299660733899E-01, -1.9985859474993570E+00, -2.2179932491145284E+00,  0.0000000000000000E+00,  0.0000000000000000E+00,  0.0000000000000000E+00,  0.0000000000000000E+00,  0.0000000000000000E+00,  0.0000000000000000E+00,  0.0000000000000000E+00,  0.0000000000000000E+00,  0.0000000000000000E+00,  0.0000000000000000E+00,  0.0000000000000000E+00,  0.0000000000000000E+00,  0.0000000000000000E+00,  0.0000000000000000E+00,  0.0000000000000000E+00,  0.0000000000000000E+00
  0.0000000000000000E+00,  2.7128799386234573E+02,  2.3779403334112550E+02,  2.2826182917240908E+02,  2.2699637881847872E+02,  9.6960534601861909E+01,  6.1045808566257371E+01,  4.9639138801475184E+01,  5.9753076258893671E+01,  6.8822038120014675E+00,  5.9943521228544885E+00, -2.3378299008710179E-01,  4.0027075615308512E+00, -2.9175625500782543E+00, -1.2436759212564619E+00,  1.4384998390564006E+00, -1.7640542442868252E+00, -2.7754515706504495E+00, -3.9144085980110166E+00,  2.7078082610515111E+00,  0.0000000000000000E+00,  0.0000000000000000E+00,  0.0000000000000000E+00,  0.0000000000000000E+00,  0.0000000000000000E+00,  0.0000000000000000E+00,  0.0000000000000000E+00,  0.0000000000000000E+00,  0.0000000000000000E+00,  0.0000000000000000E+00,  0.0000000000000000E+00,  0.0000000000000000E+00,  0.0000000000000000E+00,  0.0000000000000000E+00,  0.0000000000000000E+00,  0.0000000000000000E+00
  0.0000000000000000E+00,  2.1675496665905027E+02,  2.1025808862121005E+02,  1.8373932136736852E+02,  1.6595615918003091E+02,  9.8047745290906988E+01,  9.9164284123109255E+01,  8.4115494597071901E+01,  5.7929948035230893E+01,  8.4816902770272407E-01,  4.4903623536766073E+00,  6.3140094688988686E+00, -1.8168023857495053E+00,  3.3664967490141988E+00, -4.9113535974325870E+00, -1.0837939641000816E-01, -2.0219377026570484E+00, -1.5976767874095277E+00,  8.8562044730051026E-02,  3.3553284046660359E-01,  0.0000000000000000E+00,  0.0000000000000000E+00,  0.0000000000000000E+00,  0.0000000000000000E+00,  0.0000000000000000E+00,  0.0000000000000000E+00,  0.0000000000000000E+00,  0.0000000000000000E+00,  0.0000000000000000E+00,  0.0000000000000000E+00,  0.0000000000000000E+00,  0.0000000000000000E+00,  0.0000000000000000E+00,  0.0000000000000000E+00,  0.0000000000000000E+00,  0.0000000000000000E+00
  0.0000000000000000E+00,  2.9424225072472984E+02,  2.1795166473978503E+02,  1.9419792709252567E+02,  1.8171621707844457E+02,  1.1753666851327390E+02,  9.1574125414019875E+01,  6.1952040909204648E+01,  6.5152781026723048E+01,  7.8741233230306218E+00,  4.6331099448852591E+00,  2.7774126621283202E-02, -3.9287992716267794E-01, -1.9372463565188647E+00, -7.7702864277652051E-01, -8.4838719570288212E-02, -1.5011594431688926E+00, -1.8896461833884590E+00, -1.2219507478938261E+00, -6.3262349270224116E-01,  0.0000000000000000E+00,  0.0000000000000000E+00,  0.0000000000000000E+00,  0.0000000000000000E+00,  0.0000000000000000E+00,  0.0000000000000000E+00,  0.0000000000000000E+00,  0.0000000000000000E+00,  0.0000000000000000E+00,  0.0000000000000000E+00,  0.0000000000000000E+00,  0.0000000000000000E+00,  0.0000000000000000E+00,  0.0000000000000000E+00,  0.0000000000000000E+00,  0.0000000000000000E+00
  0.0000000000000000E+00,  3.3397258865033564E+02,  2.6010371884158883E+02,  2.5403505194363805E+02,  1.4386490580589728E+02,  1.8807386181353110E+02,  1.0860797585987510E+02,  6.6242186508897646E+01,  6.2657263704022760E+01,  1.4487043880738069E+01,  8.3526236152159807E+00, -1.3851913252490213E+00, -2.6035901057434896E+00,  1.6498175885139821E+00,  1.5620612430747638E-01,  3.1839369488632920E+00, -3.9257204897388638E+00, -9.6880666631118229E-01, -1.1127622636176926E+00,  3.3189875198575969E-02,  0.0000000000000000E+00,  0.0000000000000000E+00,  0.0000000000000000E+00,  0.0000000000000000E+00,  0.0000000000000000E+00,  0.0000000000000000E+00,  0.0000000000000000E+00,  0.0000000000000000E+00,  0.0000000000000000E+00,  0.0000000000000000E+00,  0.0000000000000000E+00,  0.0000000000000000E+00,  0.0000000000000000E+00,  0.0000000000000000E+00,  0.0000000000000000E+00,  0.0000000000000000E+00
  0.0000000000000000E+00,  3.4423497132027046E+02,  3.5044426255355847E+02,  2.4338587563394447E+02,  1.7580099107057043E+02,  1.2416963325246013E+02,  1.0263160736463692E+02,  9.1235905402680800E+01,  5.8309307503863238E+01,  1.4814077069778779E+00,  2.4554045133075100E+00,  8.7199160235672686E+00,  2.1206738944182213E-01, -2.6851710407726719E+00, -6.8607378771409167E-01, -2.7015834117252258E-01, -3.2639434617992391E+00,  1.8195538741508277E+00,  4.4996543227788433E-01, -1.2540400066076343E+00,  0.0000000000000000E+00,  0.0000000000000000E+00,  0.0000000000000000E+00,  0.0000000000000000E+00,  0.0000000000000000E+00,  0.0000000000000000E+00,  0.0000000000000000E+00,  0.0000000000000000E+00,  0.0000000000000000E+00,  0.0000000000000000E+00,  0.0000000000000000E+00,  0.0000000000000000E+00,  0.0000000000000000E+00,  0.0000000000000000E+00,  0.0000000000000000E+00,  0.0000000000000000E+00
  0.0000000000000000E+00,  3.0806108167394717E+02,  2.0218823807366624E+02,  2.0427801797680161E+02,  1.5082423027197399E+02,  8.7503692688196651E+01,  7.0093064678348213E+01,  7.3840862727166268E+01,  7.2158064484288786E+01,  1.4185798315180794E+01,  8.5162895051154521E+00,  1.2132322253466329E+01,  3.8743667090568774E+00,  1.3521453841179740E+00, -4.5959899417461134E+00, -1.9307381042990457E-02,  3.6907180562537079E-01, -3.2963644695757517E+00, -1.5130582395794536E+00, -8.3931705458647921E-02,  0.0000000000000000E+00,  0.0000000000000000E+00,  0.0000000000000000E+00,  0.0000000000000000E+00,  0.0000000000000000E+00,  0.0000000000000000E+00,  0.0000000000000000E+00,  0.0000000000000000E+00,  0.0000000000000000E+00,  0.0000000000000000E+00,  0.0000000000000000E+00,  0.0000000000000000E+00,  0.0000000000000000E+00,  0.0000000000000000E+00,  0.0000000000000000E+00,  0.0000000000000000E+00
  0.0000000000000000E+00,  3.5894498137787411E+02,  2.4630997721345443E+02,  1.7615472616659602E+02,  1.6273996540934428E+02,  9.4190418165100880E+01,  9.6559766295651798E+01,  8.4180426209842253E+01,  7.6796408940453802E+01,  6.8194795641702708E+00,  5.8277196181550579E+00,  6.8707136259114288E-01, -2.5255128059810534E+00, -1.0567378376249330E+00,  1.0048140096392855E+00, -3.2286484293373241E+00, -4.4120845981819645E-01, -4.0507987381063204E-01, -5.1707123701127289E-01, -1.1578080008588938E+00,  0.0000000000000000E+00,  0.0000000000000000E+00,  0.0000000000000000E+00,  0.0000000000000000E+00,  0.0000000000000000E+00,  0.0000000000000000E+00,  0.0000000000000000E+00,  0.0000000000000000E+00,  0.0000000000000000E+00,  0.0000000000000000E+00,  0.0000000000000000E+00,  0.0000000000000000E+00,  0.0000000000000000E+00,  0.0000000000000000E+00,  0.0000000000000000E+00,  0.0000000000000000E+00
  0.0000000000000000E+00,  2.7912651820860833E+02,  2.5166860139884648E+02,  2.3589470842033876E+02,  2.3419746899271902E+02,  1.0295600022992531E+02,  9.4662631092947464E+01,  7.2331934480315851E+01,  6.5094083743998254E+01,  8.3865058602830498E+00,  3.7278375869776088E+00,  2.8022892285182888E+00, -1.0291432006670220E+00,  1.8160873125922299E+00,  1.3934916649687157E-01, -3.9548931266404441E-01, -3.0293348594231153E+00, -2.5338687070630597E+00, -2.3799246866196824E+00, -2.7669881948065820E+00,  0.0000000000000000E+00,  0.0000000000000000E+00,  0.0000000000000000E+00,  0.0000000000000000E+00,  0.0000000000000000E+00,  0.0000000000000000E+00,  0.0000000000000000E+00,  0.0000000000000000E+00,  0.0000000000000000E+00,  0.0000000000000000E+00,  0.0000000000000000E+00,  0.0000000000000000E+00,  0.0000000000000000E+00,  0.0000000000000000E+00,  0.0000000000000000E+00,  0.0000000000000000E+00
  0.0000000000000000E+00,  2.7449415802349245E+02,  2.4030267610527648E+02,  2.4267670234185917E+02,  2.3448240734089910E+02,  1.0091491407204057E+02,  7.7406860153616734E+01,  6.3669674446544633E+01,  6.1371572732446836E+01,  7.7991538138427927E+00,  8.9806216664495935E+00,  2.2794943681422790E+00,  2.2817980930590442E+00,  3.0385789845147784E+00,  2.7559541592865244E-01, -3.1699247936201758E-01, -2.4586104506858293E+00, -2.4134044804229235E+00, -4.0233528176639433E-01, -9.2311996994039747E-01,  0.0000000000000000E+00,  0.0000000000000000E+00,  0.0000000000000000E+00,  0.0000000000000000E+00,  0.0000000000000000E+00,  0.0000000000000000E+00,  0.0000000000000000E+00,  0.0000000000000000E+00,  0.0000000000000000E+00,  0.0000000000000000E+00,  0.0000000000000000E+00,  0.0000000000000000E+00,  0.0000000000000000E+00,  0.0000000000000000E+00,  0.0000000000000000E+00,  0.0000000000000000E+00
  0.0000000000000000E+00,  2.7834396552360721E+02,  2.4817068784599826E+02,  2.3752501867778508E+02,  2.3213448650318708E+02,  1.2091924481928845E+02,  9.6162483658323850E+01,  6.0181740243928857E+01,  4.1834014726594503E+01,  1.9488867562268727E+01,  1.1060706919625643E+01,  6.4074395784742855E-01,  1.4582187544708241E+00, -6.5719277444609148E-03,  1.0684762267510628E-01, -1.5251318985993212E+00, -7.4061133860459805E-01, -3.7499041094517516E-01, -1.9517364452253747E+00, -1.9621412115315084E+00,  0.0000000000000000E+00,  0.0000000000000000E+00,  0.0000000000000000E+00,  0.0000000000000000E+00,  0.0000000000000000E+00,  0.0000000000000000E+00,  0.0000000000000000E+00,  0.0000000000000000E+00,  0.0000000000000000E+00,  0.0000000000000000E+00,  0.0000000000000000E+00,  0.0000000000000000E+00,  0.0000000000000000E+00,  0.0000000000000000E+00,  0.0000000000000000E+00,  0.0000000000000000E+00
  0.0000000000000000E+00,  2.5623048360392130E+02,  2.2658174906950671E+02,  1.8759704454594976E+02,  1.5693143411189948E+02,  1.3715982319032901E+02,  1.2882404962248074E+02,  9.7712819777696154E+01,  6.6976055657087272E+01,  1.8660744714216708E+00,  5.6928598781838264E+00,  3.1948971629018708E+00,  4.4496256906003619E+00,  1.1847667370396042E+00, -8.4502426169416589E-01, -7.7939666513881933E-01, -1.8244141716025020E-01, -2.3365363691241670E+00, -5.8090979037308976E-02, -1.9444693612279036E+00,  0.0000000000000000E+00,  0.0000000000000000E+00,  0.0000000000000000E+00,  0.0000000000000000E+00,  0.0000000000000000E+00,  0.0000000000000000E+00,  0.0000000000000000E+00,  0.0000000000000000E+00,  0.0000000000000000E+00,  0.0000000000000000E+00,  0.0000000000000000E+00,  0.0000000000000000E+00,  0.0000000000000000E+00,  0.0000000000000000E+00,  0.0000000000000000E+00,  0.0000000000000000E+00
  0.0000000000000000E+00,  2.5386563562085706E+02,  2.3030457009879510E+02,  1.8627206183496199E+02,  1.8503180696336517E+02,  1.2789337752074195E+02,  1.3025875060816560E+02,  8.5818793389177571E+01,  6.0821971648235817E+01, -9.6177660048016733E-01, -1.4823898919254397E+00,  7.2490078384182954E-01,  3.9727440863625674E-01, -7.4413753186851483E-01,  1.1875407121586221E+00,  1.1741400934800073E-01, -1.1020570018893010E+00, -1.5643635493377483E+00, -2.7222973038363056E+00, -1.5490555351453716E-02,  0.0000000000000000E+00,  0.0000000000000000E+00,  0.0000000000000000E+00,  0.0000000000000000E+00,  0.0000000000000000E+00,  0.0000000000000000E+00,  0.0000000000000000E+00,  0.0000000000000000E+00,  0.0000000000000000E+00,  0.0000000000000000E+00,  0.0000000000000000E+00,  0.0000000000000000E+00,  0.0000000000000000E+00,  0.0000000000000000E+00,  0.0000000000000000E+00,  0.0000000000000000E+00
  0.0000000000000000E+00,  3.4737592359339487E+02,  2.3899088213015398E+02,  1.7838265148701657E+02,  1.9968751861094995E+02,  1.0043881068364261E+02,  5.4127673360589156E+01,  6.2286826108083702E+01,  4.8318426134601225E+01,  5.8127174198066118E+00,  1.4702039005795200E+00,  2.3042659762461861E+00,  5.2411652541599985E-01,  6.3933117419179775E+00, -3.5212096011403857E+00,  1.7357076389903869E+00, -4.3391200402603260E+00, -3.1361262819747600E+00, -1.2905801519756177E+00, -1.1143102778676217E+00,  0.0000000000000000E+00,  0.0000000000000000E+00,  0.0000000000000000E+00,  0.0000000000000000E+00,  0.0000000000000000E+00,  0.0000000000000000E+00,  0.0000000000000000E+00,  0.0000000000000000E+00,  0.0000000000000000E+00,  0.0000000000000000E+00,  0.0000000000000000E+00,  0.0000000000000000E+00,  0.0000000000000000E+00,  0.0000000000000000E+00,  0.0000000000000000E+00,  0.0000000000000000E+00
  0.0000000000000000E+00,  2.8358653782681733E+02,  2.2582560717356830E+02,  2.3874867708725822E+02,  1.7267467458093626E+02,  1.1890419996719220E+02,  6.3011240029776964E+01,  5.3001898620995540E+01,  5.6842556977889146E+01,  1.0380336490044851E+01,  4.4625758435388541E+00,  4.1304330617216856E+00, -3.1147289570330550E-01, -2.7603370579497657E+00, -3.2286819659471373E+00, -1.2910903986965092E+00,  1.4847258664490068E+00,  1.3791779468662972E+00, -1.9670612874535329E+00, -1.1077391659736380E-01,  0.0000000000000000E+00,  0.0000000000000000E+00,  0.0000000000000000E+00,  0.0000000000000000E+00,  0.0000000000000000E+00,  0.0000000000000000E+00,  0.0000000000000000E+00,  0.0000000000000000E+00,  0.0000000000000000E+00,  0.0000000000000000E+00,  0.0000000000000000E+00,  0.0000000000000000E+00,  0.0000000000000000E+00,  0.0000000000000000E+00,  0.0000000000000000E+00,  0.0000000000000000E+00
  0.0000000000000000E+00,  2.8248089574330356E+02,  2.2532555905417507E+02,  2.1384961892879713E+02,  1.8895592639314060E+02,  9.5610198565794974E+01,  9.2756879275417361E+01,  7.6467177405237550E+01,  5.5484274003224471E+01,  9.7006406791227686E+00,  6.7766779387736129E+00,  5.2407896045937896E+00,  1.8361203455380029E+00,  1.0317008733496005E+00, -7.8285369127744797E-01, -9.4673709063509826E-01, -1.3778843720568870E+00, -3.5389876098616346E-01, -5.3970508374008652E-01, -9.6319837248337281E-01,  0.0000000000000000E+00,  0.0000000000000000E+00,  0.0000000000000000E+00,  0.0000000000000000E+00,  0.0000000000000000E+00,  0.0000000000000000E+00,  0.0000000000000000E+00,  0.0000000000000000E+00,  0.0000000000000000E+00,  0.0000000000000000E+00,  0.0000000000000000E+00,  0.0000000000000000E+00,  0.0000000000000000E+00,  0.0000000000000000E+00,  0.0000000000000000E+00,  0.0000000000000000E+00
  0.0000000000000000E+00,  2.6394645817835550E+02,  2.5867757633424145E+02,  2.5715222832574057E+02,  2.3071242438261592E+02,  1.1325386154623872E+02,  8.1431308165466959E+01,  7.1714308376699535E+01,  5.8975849955275066E+01,  8.0804964274125481E+00,  1.2392914702767893E+01,  3.0467060478764179E+00,  2.0298021885709030E+00, -6.1191944366606688E-02,  2.2821615535924877E-02, -1.7082662217654003E+00, -2.2144338587857328E+00, -1.3967344915321158E+00,  1.1952183272167649E+00, -2.4190106526405950E+00,  0.0000000000000000E+00,  0.0000000000000000E+00,  0.0000000000000000E+00,  0.0000000000000000E+00,  0.0000000000000000E+00,  0.0000000000000000E+00,  0.0000000000000000E+00,  0.0000000000000000E+00,  0.0000000000000000E+00,  0.0000000000000000E+00,  0.0000000000000000E+00,  0.0000000000000000E+00,  0.0000000000000000E+00,  0.0000000000000000E+00,  0.0000000000000000E+00,  0.0000000000000000E+00
  0.0000000000000000E+00,  2.3506324959507538E+02,  2.2919510247776083E+02,  1.8689931159950703E+02,  1.9940050012396281E+02,  1.2881857882930410E+02,  7.5790222940739454E+01,  8.0675033708532467E+01,  8.2685013501064944E+01,  2.8972933293020624E+00,  5.3573770158035749E-01,  1.1369777314082855E+01,  4.0749659515003760E+00, -2.5179422045171824E+00, -2.2607392592333930E+00, -1.6831152501359568E+00,  3.9423528412738191E+00, -1.8521544127013561E+00, -3.5628080903005896E+00, -1.0559069827718184E+00,  0.0000000000000000E+00,  0.0000000000000000E+00,  0.0000000000000000E+00,  0.0000000000000000E+00,  0.0000000000000000E+00,  0.0000000000000000E+00,  0.0000000000000000E+00,  0.0000000000000000E+00,  0.0000000000000000E+00,  0.0000000000000000E+00,  0.0000000000000000E+00,  0.0000000000000000E+00,  0.0000000000000000E+00,  0.0000000000000000E+00,  0.0000000000000000E+00,  0.0000000000000000E+00
  0.0000000000000000E+00,  2.8090461253335502E+02,  2.2285005734150474E+02,  1.9376255638896322E+02,  1.6531628703216541E+02,  1.0225064121846773E+02,  9.3871319948962451E+01,  6.6471854100134863E+01,  4.7631974697929252E+01,  7.3006840170134168E+00,  8.9155164462728234E+00,  5.0969679193600799E+00,  4.3175255391718306E+00, -1.8181021735406500E-01,  1.6650274826599851E+00, -1.5037922854491459E+00, -4.6090986965532021E+00, -2.8878251575286855E+00,  1.0254777493535596E+00,  1.1309165762958073E+00,  0.0000000000000000E+00,  0.0000000000000000E+00,  0.0000000000000000E+00,  0.0000000000000000E+00,  0.0000000000000000E+00,  0.0000000000000000E+00,  0.0000000000000000E+00,  0.0000000000000000E+00,  0.0000000000000000E+00,  0.0000000000000000E+00,  0.0000000000000000E+00,  0.0000000000000000E+00,  0.0000000000000000E+00,  0.0000000000000000E+00,  0.0000000000000000E+00,  0.0000000000000000E+00
  0.0000000000000000E+00,  3.5141241211061072E+02,  3.2814890918039248E+02,  2.3937558505108964E+02,  1.9187463476045210E+02,  8.5959665378835297E+01,  6.3917190127250805E+01,  7.3024961592693742E+01,  6.6095991808287039E+01,  5.7360281448841270E+00,  5.5511189181459173E+00,  2.3116877332603156E+00,  3.6292466466828976E+00,  7.8155568876598203E-01, -1.2791506581560945E+00,  1.4720074443115294E-03, -1.9268731508745240E-01, -2.7960814406136452E+00, -1.8803577385307988E+00, -1.1730098133497751E+00,  0.0000000000000000E+00,  0.0000000000000000E+00,  0.0000000000000000E+00,  0.0000000000000000E+00,  0.0000000000000000E+00,  0.0000000000000000E+00,  0.0000000000000000E+00,  0.0000000000000000E+00,  0.0000000000000000E+00,  0.0000000000000000E+00,  0.0000000000000000E+00,  0.0000000000000000E+00,  0.0000000000000000E+00,  0.0000000000000000E+00,  0.0000000000000000E+00,  0.0000000000000000E+00
  0.0000000000000000E+00,  3.3174537845173967E+02,  2.2773920152680296E+02,  2.2675095464016979E+02,  1.8689585141804037E+02,  1.2396895387690013E+02,  8.7576302335002993E+01,  6.4608192811526436E+01,  4.7388710634495467E+01,  1.2991644221381321E+01,  1.0785923320042412E+01,  7.1268541913639645E+00,  1.3880001490977492E+00,  3.7389040627496701E+00, -2.1493710041851295E+00, -1.8066271120824138E+00, -2.1988717523211010E+00, -6.3461368447818334E-01, -1.4418538257935662E+00, -6.4516272659251550E-01,  0.0000000000000000E+00,  0.0000000000000000E+00,  0.0000000000000000E+00,  0.0000000000000000E+00,  0.0000000000000000E+00,  0.0000000000000000E+00,  0.0000000000000000E+00,  0.0000000000000000E+00,  0.0000000000000000E+00,  0.0000000000000000E+00,  0.0000000000000000E+00,  0.0000000000000000E+00,  0.0000000000000000E+00,  0.0000000000000000E+00,  0.0000000000000000E+00,  0.0000000000000000E+00
  0.0000000000000000E+00,  2.7403020843786578E+02,  2.5884866087662351E+02,  2.2444968430969607E+02,  1.6916065612679625E+02,  1.0998270437984336E+02,  1.2468670077109529E+02,  7.0747569844489249E+01,  7.3383921031888192E+01,  5.0898332654696592E+00, -1.8248040479975636E-01,  2.7978479148726816E+00, -2.7136361022923605E+00,  9.1954381474137037E-02,  2.3205305003021959E+00, -2.7272451613523909E+00, -6.9204752807723757E-01, -3.1598111113160399E+00, -3.0195979369204018E+00, -3.1284772897300805E-01,  0.0000000000000000E+00,  0.0000000000000000E+00,  0.0000000000000000E+00,  0.0000000000000000E+00,  0.0000000000000000E+00,  0.0000000000000000E+00,  0.0000000000000000E+00,  0.0000000000000000E+00,  0.0000000000000000E+00,  0.0000000000000000E+00,  0.0000000000000000E+00,  0.0000000000000000E+00,  0.0000000000000000E+00,  0.0000000000000000E+00,  0.0000000000000000E+00,  0.0000000000000000E+00
  0.0000000000000000E+00,  2.5928979805891686E+02,  2.1528977693308900E+02,  2.1969316031000560E+02,  1.2568615461736876E+02,  1.6199591276416677E+02,  8.4032037097098581E+01,  7.2334867332214372E+01,  5.9732340530082965E+01,  3.2203645657726341E+00,  6.2400767113381139E-01,  7.8896547857263091E+00,  4.5183241551307116E+00, -1.7976583663379575E+00, -3.7229128678024352E+00, -2.9075940968932974E+00, -1.3833422504246760E+00, -3.1423535117949255E+00, -1.4668799719989323E-01, -4.7725573785383002E-02,  0.0000000000000000E+00,  0.0000000000000000E+00,  0.0000000000000000E+00,  0.0000000000000000E+00,  0.0000000000000000E+00,  0.0000000000000000E+00,  0.0000000000000000E+00,  0.0000000000000000E+00,  0.0000000000000000E+00,  0.0000000000000000E+00,  0.0000000000000000E+00,  0.0000000000000000E+00,  0.0000000000000000E+00,  0.0000000000000000E+00,  0.0000000000000000E+00,  0.0000000000000000E+00
  0.0000000000000000E+00,  3.6240561069464377E+02,  3.0792222753273575E+02,  1.9081968321261724E+02,  1.7139993327842595E+02,  7.2364186993597201E+01,  6.6722928526269712E+01,  5.8130521390133808E+01,  6.1141162673476330E+01,  7.4164659310887977E+00,  4.5622844363325363E+00, -1.0358095532649605E+00,  1.6041214497486269E+00, -1.6891780465922546E+00, -2.1701316946697213E+00,  1.4395101861234583E+00, -3.0285068922181706E+00, -3.7635929196816282E+00,  6.5805498844194377E-01, -1.5238153604534168E+00,  0.0000000000000000E+00,  0.0000000000000000E+00,  0.0000000000000000E+00,  0.0000000000000000E+00,  0.0000000000000000E+00,  0.0000000000000000E+00,  0.0000000000000000E+00,  0.0000000000000000E+00,  0.0000000000000000E+00,  0.0000000000000000E+00,  0.0000000000000000E+00,  0.0000000000000000E+00,  0.0000000000000000E+00,  0.0000000000000000E+00,  0.0000000000000000E+00,  0.0000000000000000E+00
  0.0000000000000000E+00,  3.5239949300463695E+02,  2.2372378529524448E+02,  1.9829734815328544E+02,  1.7103597236452322E+02,  1.0109260536849882E+02,  9.6671417162087550E+01,  6.3392015468172247E+01,  7.1314196364171522E+01,  1.4608527812032577E+00,  9.7430306979029524E-01,  1.7804082135174326E-01, -2.1020121939401664E+00,  7.4230304090766452E-01, -2.9053181631608247E+00, -1.1937348121092217E-01, -2.8795631750294870E-02, -2.2588136453382006E+00, -4.8866241578949188E-01, -2.1908792411743465E+00,  0.0000000000000000E+00,  0.0000000000000000E+00,  0.0000000000000000E+00,  0.0000000000000000E+00,  0.0000000000000000E+00,  0.0000000000000000E+00,  0.0000000000000000E+00,  0.0000000000000000E+00,  0.0000000000000000E+00,  0.0000000000000000E+00,  0.0000000000000000E+00,  0.0000000000000000E+00,  0.0000000000000000E+00,  0.0000000000000000E+00,  0.0000000000000000E+00,  0.0000000000000000E+00
  0.0000000000000000E+00,  2.6196928125007116E+02,  2.4056346722190224E+02,  2.3984764881956170E+02,  2.3566851723952777E+02,  8.5975933363906179E+01,  8.2015648128683765E+01,  9.3925212227100630E+01,  7.3171073516175142E+01,  1.0385617427531958E+01,  1.7558349036663596E+00,  1.2008791766567075E+00,  6.9268189213760891E+00,  8.1980326886412769E-01, -1.5332018346879619E+00, -1.1367064124551747E+00, -2.2020541843327166E+00, -6.7929885414804003E-01,  4.8128691611115393E-01,  1.2448139632504818E-01,  0.0000000000000000E+00,  0.0000000000000000E+00,  0.0000000000000000E+00,  0.0000000000000000E+00,  0.0000000000000000E+00,  0.0000000000000000E+00,  0.0000000000000000E+00,  0.0000000000000000E+00,  0.0000000000000000E+00,  0.0000000000000000E+00,  0.0000000000000000E+00,  0.0000000000000000E+00,  0.0000000000000000E+00,  0.0000000000000000E+00,  0.0000000000000000E+00,  0.0000000000000000E+00
  0.0000000000000000E+00,  2.8688966312009757E+02,  2.6076866661163626E+02,  1.9483526712611399E+02,  1.4300029803645930E+02,  1.5712973755870399E+02,  1.0088407556579320E+02,  9.6852475410482185E+01,  8.0293867776982836E+01,  4.7638562307480861E+00,  6.4790203464367249E+00,  7.8171251087087086E+00, -8.0932349771604706E-01,  8.3272024570687275E-01,  3.2403201397518187E+00, -2.5032677240478129E+00, -2.3311070287738893E+00, -1.6914823755504225E+00,  1.9222907374922111E+00, -3.7657453675726678E+00,  0.0000000000000000E+00,  0.0000000000000000E+00,  0.0000000000000000E+00,  0.0000000000000000E+00,  0.0000000000000000E+00,  0.0000000000000000E+00,  0.0000000000000000E+00,  0.0000000000000000E+00,  0.0000000000000000E+00,  0.0000000000000000E+00,  0.0000000000000000E+00,  0.0000000000000000E+00,  0.0000000000000000E+00,  0.0000000000000000E+00,  0.0000000000000000E+00,  0.0000000000000000E+00
  0.0000000000000000E+00,  2.9546576641009494E+02,  2.1516132204189415E+02,  2.1193413447265533E+02,  1.8253115912661900E+02,  9.5394302795601064E+01,  1.0895115011146638E+02,  7.9200584204823073E+01,  5.4482453450002183E+01,  1.2570334047235137E+01,  1.6033993590608251E+00,  3.8959417926905182E+00,  3.1220664070211672E+00, -3.3183508726651643E+00,  3.0696510365219911E+00, -4.5741374238028758E+00, -3.3153457072400183E-01,  2.2651306128481687E+00,  6.2414413979098082E-02, -1.8752446108618375E+00,  0.0000000000000000E+00,  0.0000000000000000E+00,  0.0000000000000000E+00,  0.0000000000000000E+00,  0.0000000000000000E+00,  0.0000000000000000E+00,  0.0000000000000000E+00,  0.0000000000000000E+00,  0.0000000000000000E+00,  0.0000000000000000E+00,  0.0000000000000000E+00,  0.0000000000000000E+00,  0.0000000000000000E+00,  0.0000000000000000E+00,  0.0000000000000000E+00,  0.0000000000000000E+00
  0.0000000000000000E+00,  3.7046030174208090E+02,  2.3942412150764079E+02,  2.2611791559884540E+02,  1.8170118375937571E+02,  1.0096387374393586E+02,  8.3047074281600430E+01,  6.5977431887977787E+01,  7.0531995724636090E+01,  6.1225530383649467E+00,  5.0368424457921854E+00, -2.3416791611028440E+00,  4.1861430999227789E+00, -8.8544007567681859E-01, -8.7845802949237672E-01, -3.6310476426434088E+00,  7.0152454937365194E-01, -2.5582878183274782E+00, -1.7067064818250439E+00,  6.6730594768749540E-02,  0.0000000000000000E+00,  0.0000000000000000E+00,  0.0000000000000000E+00,  0.0000000000000000E+00,  0.0000000000000000E+00,  0.0000000000000000E+00,  0.0000000000000000E+00,  0.0000000000000000E+00,  0.0000000000000000E+00,  0.0000000000000000E+00,  0.0000000000000000E+00,  0.0000000000000000E+00,  0.0000000000000000E+00,  0.0000000000000000E+00,  0.0000000000000000E+00,  0.0000000000000000E+00
  0.0000000000000000E+00,  2.0808422664682035E+02,  2.1493094660036564E+02,  2.2650677585886046E+02,  1.8889517948796615E+02,  8.6883913542106541E+01,  1.1492716603001477E+02,  7.1983740708012050E+01,  6.9282355938643065E+01,  6.2960468561186858E+00,  2.5539868201117155E+00, -2.6509082824587047E+00,  2.5457621904611236E+00,  4.3990960494755491E+00,  7.2366255814354830E-01, -1.3513908472775960E-01, -1.1456196860015648E+00, -3.7569240147449090E-01, -1.8912023381449306E+00, -3.1317186824142382E+00,  0.0000000000000000E+00,  0.0000000000000000E+00,  0.0000000000000000E+00,  0.0000000000000000E+00,  0.0000000000000000E+00,  0.0000000000000000E+00,  0.0000000000000000E+00,  0.0000000000000000E+00,  0.0000000000000000E+00,  0.0000000000000000E+00,  0.0000000000000000E+00,  0.0000000000000000E+00,  0.0000000000000000E+00,  0.0000000000000000E+00,  0.0000000000000000E+00,  0.0000000000000000E+00
  0.0000000000000000E+00,  2.6375753495838910E+02,  2.1422844284587416E+02,  1.9762430106906049E+02,  1.8156895720772658E+02,  1.0562586040546825E+02,  8.2953653162894156E+01,  8.6855412711823035E+01,  3.4041742642741653E+01,  8.9025144675853589E+00, -2.5716273423720448E-01, -4.0258874252846510E-01,  4.7987352102300402E+00,  1.8386981291999582E-01, -4.2514229428899322E+00,  2.5264883789066173E+00,  1.3150828036141595E+00, -8.5167958422190448E-01, -1.7688669560254047E+00, -9.9002396198716780E-01,  0.0000000000000000E+00,  0.0000000000000000E+00,  0.0000000000000000E+00,  0.0000000000000000E+00,  0.0000000000000000E+00,  0.0000000000000000E+00,  0.0000000000000000E+00,  0.0000000000000000E+00,  0.0000000000000000E+00,  0.0000000000000000E+00,  0.0000000000000000E+00,  0.0000000000000000E+00,  0.0000000000000000E+00,  0.0000000000000000E+00,  0.0000000000000000E+00,  0.0000000000000000E+00
  0.0000000000000000E+00,  2.5470371759358429E+02,  2.7731345912165432E+02,  2.2545233452837078E+02,  1.3597507879823627E+02,  1.7717173987135789E+02,  8.2766002787286737E+01,  5.8723618233639577E+01,  4.6644858465504328E+01,  8.6805821471083942E+00,  4.9993572412731844E+00, -2.2486386894537933E+00,  2.1203417343933921E+00,  5.6541733443012889E+00, -1.7380788348401524E+00, -2.8214935845590761E+00, -1.6326632480910601E+00, -3.0117334878118176E+00,  3.6348425828055220E-01,  7.2936845066569012E-01,  0.0000000000000000E+00,  0.0000000000000000E+00,  0.0000000000000000E+00,  0.0000000000000000E+00,  0.0000000000000000E+00,  0.0000000000000000E+00,  0.0000000000000000E+00,  0.0000000000000000E+00,  0.0000000000000000E+00,  0.0000000000000000E+00,  0.0000000000000000E+00,  0.0000000000000000E+00,  0.0000000000000000E+00,  0.0000000000000000E+00,  0.0000000000000000E+00,  0.0000000000000000E+00
  0.0000000000000000E+00,  2.8507260559317177E+02,  2.7834153581110894E+02,  2.7523130725274763E+02,  2.3211943256625182E+02,  1.4006226437505291E+02,  5.9060068025982247E+01,  4.8559651456741157E+01,  6.7408336529428510E+01,  5.3884411356659605E+00,  1.0003088915193237E+01,  3.9648279396288526E+00,  2.0497484520483322E+00, -1.0658256293532826E+00,  2.6516923424906143E+00, -1.9630785284000325E+00, -2.6276980737768056E+00, -1.2817485402344095E+00,  2.1646734260542599E-01, -1.9808514345020432E+00,  0.0000000000000000E+00,  0.0000000000000000E+00,  0.0000000000000000E+00,  0.0000000000000000E+00,  0.0000000000000000E+00,  0.0000000000000000E+00,  0.0000000000000000E+00,  0.0000000000000000E+00,  0.0000000000000000E+00,  0.0000000000000000E+00,  0.0000000000000000E+00,  0.0000000000000000E+00,  0.0000000000000000E+00,  0.0000000000000000E+00,  0.0000000000000000E+00,  0.0000000000000000E+00
  0.0000000000000000E+00,  2.7611684693722088E+02,  2.7561033345845590E+02,  2.5505802157768812E+02,  2.3150180451875394E+02,  1.3666631474458279E+02,  6.9704925900049062E+01,  6.4518378826835331E+01,  4.8685524827551689E+01,  8.3925198333166726E+00,  4.2172319601121551E+00,  5.2295914807890131E+00,  8.5581497405297213E-01, -2.4825480610491568E+00,  2.3449511072985443E+00, -2.0688574320438762E+00, -1.3759354698682995E+00, -2.2401890623475622E+00, -1.7072883079622470E+00, -3.4217397902810065E-01,  0.0000000000000000E+00,  0.0000000000000000E+00,  0.0000000000000000E+00,  0.0000000000000000E+00,  0.0000000000000000E+00,  0.0000000000000000E+00,  0.0000000000000000E+00,  0.0000000000000000E+00,  0.0000000000000000E+00,  0.0000000000000000E+00,  0.0000000000000000E+00,  0.0000000000000000E+00,  0.0000000000000000E+00,  0.0000000000000000E+00,  0.0000000000000000E+00,  0.0000000000000000E+00
  0.0000000000000000E+00,  3.4677640291788646E+02,  2.3717758474678976E+02,  1.6452485158189808E+02,  1.2701541059627957E+02,  1.5466528860705148E+02,  9.0647793164695486E+01,  5.5731023500968831E+01,  5.5595667684762887E+01,  4.3071400786572305E+00,  6.8343875212438334E+00,  8.4072354270744647E+00,  1.1095991835859147E+00, -1.8178101120893455E+00, -7.6493929831629082E-01, -4.1788204930285522E+00, -6.5870481898894218E-01, -7.0113605597783457E-01, -5.5726229812321115E-02, -1.3413898973554903E+00,  0.0000000000000000E+00,  0.0000000000000000E+00,  0.0000000000000000E+00,  0.0000000000000000E+00,  0.0000000000000000E+00,  0.0000000000000000E+00,  0.0000000000000000E+00,  0.0000000000000000E+00,  0.0000000000000000E+00,  0.0000000000000000E+00,  0.0000000000000000E+00,  0.0000000000000000E+00,  0.0000000000000000E+00,  0.0000000000000000E+00,  0.0000000000000000E+00,  0.0000000000000000E+00
  0.0000000000000000E+00,  3.2965193362205002E+02,  2.4516549118305142E+02,  1.7838351334798284E+02,  1.7814957096260355E+02,  9.8494687103511168E+01,  1.0351756429249725E+02,  9.5384507838664206E+01,  5.5346898775336847E+01,  5.0681266832128458E+00,  2.6199102656541839E+00, -2.5541131561551902E+00,  9.5487849736740449E-01,  2.8861083636372911E+00, -2.0683736136091824E+00, -1.0573245173876318E+00,  1.0264428357426487E+00, -1.0476408630004279E+00, -3.6662020982362753E-01, -1.0430422754674156E+00,  0.0000000000000000E+00,  0.0000000000000000E+00,  0.0000000000000000E+00,  0.0000000000000000E+00,  0.0000000000000000E+00,  0.0000000000000000E+00,  0.0000000000000000E+00,  0.0000000000000000E+00,  0.0000000000000000E+00,  0.0000000000000000E+00,  0.0000000000000000E+00,  0.0000000000000000E+00,  0.0000000000000000E+00,  0.0000000000000000E+00,  0.0000000000000000E+00,  0.0000000000000000E+00
  0.0000000000000000E+00,  2.3123183071544793E+02,  2.2405140699910112E+02,  2.0323653893263062E+02,  2.0028821542995217E+02,  1.2177036513326362E+02,  8.7518760086956732E+01,  8.4667609176801818E+01,  7.6552526475645692E+01,  1.0233061957580013E+01,  7.1209345610939074E+00,  2.5943350086752792E+00,  1.4296892082183525E+00, -7.8553722326086373E-02, -1.1866631985098395E+00,  7.3013802445047471E-01, -1.8500245206715125E+00, -2.4655002564405040E+00, -7.7470921279653870E-01, -7.8763542240763718E-01,  0.0000000000000000E+00,  0.0000000000000000E+00,  0.0000000000000000E+00,  0.0000000000000000E+00,  0.0000000000000000E+00,  0.0000000000000000E+00,  0.0000000000000000E+00,  0.0000000000000000E+00,  0.0000000000000000E+00,  0.0000000000000000E+00,  0.0000000000000000E+00,  0.0000000000000000E+00,  0.0000000000000000E+00,  0.0000000000000000E+00,  0.0000000000000000E+00,  0.0000000000000000E+00
  0.0000000000000000E+00,  3.0797701579459692E+02,  2.7307414025108199E+02,  2.6568209260830832E+02,  2.2329226002233432E+02,  8.6329094743677445E+01,  8.3589326050300130E+01,  6.6000155066878648E+01,  7.6410340324219618E+01,  1.0901819191167647E+01,  6.0680364307688937E+00,  6.3678091670208641E+00,  1.6583728066855059E+00,  1.1716655765579151E+00,  6.7138717733965869E-01, -1.7431108258733357E+00, -1.4509140324279146E+00,  7.0259695207833062E-01, -2.1524979029259423E+00, -1.5886758681480617E+00,  0.0000000000000000E+00,  0.0000000000000000E+00,  0.0000000000000000E+00,  0.0000000000000000E+00,  0.0000000000000000E+00,  0.0000000000000000E+00,  0.0000000000000000E+00,  0.0000000000000000E+00,  0.0000000000000000E+00,  0.0000000000000000E+00,  0.0000000000000000E+00,  0.0000000000000000E+00,  0.0000000000000000E+00,  0.0000000000000000E+00,  0.0000000000000000E+00,  0.0000000000000000E+00
  0.0000000000000000E+00,  2.9716022819053751E+02,  2.4035351836887401E+02,  2.2309367312138627E+02,  2.0369535485169303E+02,  1.5592546586561764E+02,  1.0458235015484121E+02,  4.7733445376850185E+01,  5.1761765125291362E+01,  3.7217956193345891E+00,  5.1978822522352601E+00,  3.9185105584007456E+00, -1.3538205324975650E-01, -1.1571708242937628E+00, -4.3481667642715749E-01,  4.9741847714441363E+00, -4.5507502669832958E+00,  1.6518971875398827E+00, -2.3863455268360707E+00,  5.5906483712890931E-01,  0.0000000000000000E+00,  0.0000000000000000E+00,  0.0000000000000000E+00,  0.0000000000000000E+00,  0.0000000000000000E+00,  0.0000000000000000E+00,  0.0000000000000000E+00,  0.0000000000000000E+00,  0.0000000000000000E+00,  0.0000000000000000E+00,  0.0000000000000000E+00,  0.0000000000000000E+00,  0.0000000000000000E+00,  0.0000000000000000E+00,  0.0000000000000000E+00,  0.0000000000000000E+00
  0.0000000000000000E+00,  2.6231383826762942E+02,  2.1371966129780088E+02,  2.0238089113637250E+02,  1.5879523076746284E+02,  1.1681811772923029E+02,  6.1429953757030006E+01,  8.0712822557571712E+01,  6.5114798650878072E+01,  8.5101133965103024E+00,  2.7798801910302764E+00, -3.7476097697179851E+00, -4.4905308219172220E+00, -1.2642937183891689E-01,  2.9830975402214754E+00,  3.6069941031967101E-01,  4.0192443397410749E-01,  7.2360969679644516E-01,  7.0188211729064887E-01, -2.8943075634996305E+00,  0.0000000000000000E+00,  0.0000000000000000E+00,  0.0000000000000000E+00,  0.0000000000000000E+00,  0.0000000000000000E+00,  0.0000000000000000E+00,  0.0000000000000000E+00,  0.0000000000000000E+00,  0.0000000000000000E+00,  0.0000000000000000E+00,  0.0000000000000000E+00,  0.0000000000000000E+00,  0.0000000000000000E+00,  0.0000000000000000E+00,  0.0000000000000000E+00,  0.0000000000000000E+00
  0.0000000000000000E+00,  3.1723445190127967E+02,  2.3332376023446147E+02,  2.1409739585350772E+02,  1.5927606623327563E+02,  1.1064814942921238E+02,  8.0869033483398027E+01,  7.5829120616450041E+01,  6.5935815412866233E+01, -5.3214795979118179E-01, -2.0712261521934527E+00,  2.0472923392512090E+00, -1.4192004428881688E-02,  7.7874099896166449E-01, -1.6548569462141240E+00,  1.2286022157417786E-01,  1.1308998800777896E+00, -4.0500177163924587E+00, -1.0172969014697137E+00, -8.3241333933562123E-01,  0.0000000000000000E+00,  0.0000000000000000E+00,  0.0000000000000000E+00,  0.0000000000000000E+00,  0.0000000000000000E+00,  0.0000000000000000E+00,  0.0000000000000000E+00,  0.0000000000000000E+00,  0.0000000000000000E+00,  0.0000000000000000E+00,  0.0000000000000000E+00,  0.0000000000000000E+00,  0.0000000000000000E+00,  0.0000000000000000E+00,  0.0000000000000000E+00,  0.0000000000000000E+00
  0.0000000000000000E+00,  2.5528019725610457E+02,  1.9988001373708116E+02,  2.0034510686872690E+02,  1.6348509617568516E+02,  1.0769851208131564E+02,  8.2005066118611381E+01,  7.5322919903569499E+01,  6.3853549283022410E+01,  5.4383535863964294E+00,  8.2996661616874192E+00,  2.3699858079310587E+00,  1.4732837038455875E+00,  1.8558729452615950E+00, -7.3588951843857675E-01, -2.0433617791639462E+00, -1.3926689816681628E+00, -1.0416822547646412E+00, -5.9368133959575120E-01, -1.7321706935569907E+00,  0.0000000000000000E+00,  0.0000000000000000E+00,  0.0000000000000000E+00,  0.0000000000000000E+00,  0.0000000000000000E+00,  0.0000000000000000E+00,  0.0000000000000000E+00,  0.0000000000000000E+00,  0.0000000000000000E+00,  0.0000000000000000E+00,  0.0000000000000000E+00,  0.0000000000000000E+00,  0.0000000000000000E+00,  0.0000000000000000E+00,  0.0000000000000000E+00,  0.0000000000000000E+00
  0.0000000000000000E+00,  3.0648823569136783E+02,  2.6117173034555611E+02,  2.1730337617394255E+02,  1.7157392311782974E+02,  1.2899169181547285E+02,  8.3036133560532818E+01,  7.9081499471645884E+01,  4.3749152062692261E+01,  9.5268882961891155E+00,  3.4882639232521697E+00,  1.6678271066945758E+00, -1.2666787913394835E+00, -9.5706194492908736E-02, -3.1564361749277627E+00,  1.1645812804499904E+00, -3.4986289024103954E+00, -1.6176316629297327E-01, -6.9290647030059160E-01, -9.4124404609623569E-01,  0.0000000000000000E+00,  0.0000000000000000E+00,  0.0000000000000000E+00,  0.0000000000000000E+00,  0.0000000000000000E+00,  0.0000000000000000E+00,  0.0000000000000000E+00,  0.0000000000000000E+00,  0.0000000000000000E+00,  0.0000000000000000E+00,  0.0000000000000000E+00,  0.0000000000000000E+00,  0.0000000000000000E+00,  0.0000000000000000E+00,  0.0000000000000000E+00,  0.0000000000000000E+00
  0.0000000000000000E+00,  3.0906342592826041E+02,  2.4427042319279610E+02,  2.3823757886600731E+02,  2.0726958391438438E+02,  9.6839157916951322E+01,  7.2978650641592338E+01,  8.4172801701084495E+01,  7.3041861527198307E+01,  3.8845050036962014E+00,  4.3864689396282195E+00,  1.7668354443666576E+00, -1.3273048272420027E+00,  6.9686403522192464E-01,  9.4528084000068979E-01,  1.5590887234966981E+00, -2.0346100264302005E+00, -2.8385533479844844E+00, -2.3062161360778508E+00, -3.0255555501494946E+00,  0.0000000000000000E+00,  0.0000000000000000E+00,  0.0000000000000000E+00,  0.0000000000000000E+00,  0.0000000000000000E+00,  0.0000000000000000E+00,  0.0000000000000000E+00,  0.0000000000000000E+00,  0.0000000000000000E+00,  0.0000000000000000E+00,  0.0000000000000000E+00,  0.0000000000000000E+00,  0.0000000000000000E+00,  0.0000000000000000E+00,  0.0000000000000000E+00,  0.0000000000000000E+00
  0.0000000000000000E+00,  3.0356183685242161E+02,  2.5788658250300460E+02,  2.4140892239548748E+02,  1.7123360404189376E+02,  1.0754782692734068E+02,  7.8213268182212545E+01,  6.3811212971168814E+01,  6.6833128497570499E+01,  1.2707757371870732E+01,  3.1095565054532859E+00,  2.4303293695522488E+00,  1.6838073229546318E+00, -4.6712298267039021E-01, -1.4124819224764749E+00, -7.1987229191039104E-01, -2.0915723285383567E+00, -1.0064963045814102E+00, -1.5707873476700294E+00, -2.1418721626985224E+00,  0.0000000000000000E+00,  0.0000000000000000E+00,  0.0000000000000000E+00,  0.0000000000000000E+00,  0.0000000000000000E+00,  0.0000000000000000E+00,  0.0000000000000000E+00,  0.0000000000000000E+00,  0.0000000000000000E+00,  0.0000000000000000E+00,  0.0000000000000000E+00,  0.0000000000000000E+00,  0.0000000000000000E+00,  0.0000000000000000E+00,  0.0000000000000000E+00,  0.0000000000000000E+00
  0.0000000000000000E+00,  2.7130920711724218E+02,  2.5844251756312053E+02,  1.5946648210639603E+02,  1.6524640100436261E+02,  1.2208579092402951E+02,  9.4900542548055313E+01,  7.9232312760641264E+01,  6.6373752942847801E+01,  6.1297935079914634E+00,  5.7378843310528307E+00,  2.4823151951025402E+00, -3.1565395888736880E-01, -1.6266708850751819E+00, -1.2193745308631954E+00,  8.6998840126450627E-01, -4.4595322489152345E-01, -1.4551412087340023E+00, -2.7071726999077406E-01, -6.5000157110130607E-01,  0.0000000000000000E+00,  0.0000000000000000E+00,  0.0000000000000000E+00,  0.0000000000000000E+00,  0.0000000000000000E+00,  0.0000000000000000E+00,  0.0000000000000000E+00,  0.0000000000000000E+00,  0.0000000000000000E+00,  0.0000000000000000E+00,  0.0000000000000000E+00,  0.0000000000000000E+00,  0.0000000000000000E+00,  0.0000000000000000E+00,  0.0000000000000000E+00,  0.0000000000000000E+00
  0.0000000000000000E+00,  2.3131613046037023E+02,  2.3583908382918696E+02,  2.0738002627909097E+02,  2.0861962622569388E+02,  1.2921008585442081E+02,  1.0890013904164915E+02,  9.1939103459731541E+01,  5.9057284806479657E+01,  5.3898051566923737E+00,  4.2591007822671738E+00,  3.3606679768991832E+00, -3.9213282782100878E+00,  1.8324101585448398E+00, -3.3759843835846839E+00,  2.6707942641910343E-02,  8.2239204318184100E-02, -1.3570692103818365E+00, -7.7006209429083561E-01, -7.8444872767727980E-01,  0.0000000000000000E+00,  0.0000000000000000E+00,  0.0000000000000000E+00,  0.0000000000000000E+00,  0.0000000000000000E+00,  0.0000000000000000E+00,  0.0000000000000000E+00,  0.0000000000000000E+00,  0.0000000000000000E+00,  0.0000000000000000E+00,  0.0000000000000000E+00,  0.0000000000000000E+00,  0.0000000000000000E+00,  0.0000000000000000E+00,  0.0000000000000000E+00,  0.0000000000000000E+00
  0.0000000000000000E+00,  3.1785038952532847E+02,  2.8427287019689265E+02,  2.5443431904809404E+02,  2.5344857492794992E+02,  1.0921809898558743E+02,  8.6345220279463973E+01,  6.9867395756864013E+01,  6.8531315293121949E+01,  9.9568957860547727E+00,  2.3053685207885248E+00, -6.3746254501321609E-01, -3.0669553497226687E-01, -1.4150710584647372E+00, -2.8704199051688142E+00,  2.4698545851136346E+00, -2.8391718007043769E+00, -1.6978310660594866E+00, -9.5901447537459950E-01,  3.9074296940493602E-01,  0.0000000000000000E+00,  0.0000000000000000E+00,  0.0000000000000000E+00,  0.0000000000000000E+00,  0.0000000000000000E+00,  0.0000000000000000E+00,  0.0000000000000000E+00,  0.0000000000000000E+00,  0.0000000000000000E+00,  0.0000000000000000E+00,  0.0000000000000000E+00,  0.0000000000000000E+00,  0.0000000000000000E+00,  0.0000000000000000E+00,  0.0000000000000000E+00,  0.0000000000000000E+00
  0.0000000000000000E+00,  3.2418111907359832E+02,  2.7462146565864765E+02,  2.6281326700030593E+02,  1.9740032793599136E+02,  9.9657609887857234E+01,  9.0842102222510235E+01,  7.3188418000435860E+01,  4.6986604224480615E+01,  5.8653642034281823E+00,  8.2431895015710239E+00,  8.3436445326420738E-01,  2.6900244187963596E+00, -4.6511677783943117E+00,  4.0050147774533222E+00,  3.4972934797020994E-01, -5.2813972845028889E-01, -3.0698945284075463E+00, -1.1744927882604159E+00, -1.8433489850577094E+00,  0.0000000000000000E+00,  0.0000000000000000E+00,  0.0000000000000000E+00,  0.0000000000000000E+00,  0.0000000000000000E+00,  0.0000000000000000E+00,  0.0000000000000000E+00,  0.0000000000000000E+00,  0.0000000000000000E+00,  0.0000000000000000E+00,  0.0000000000000000E+00,  0.0000000000000000E+00,  0.0000000000000000E+00,  0.0000000000000000E+00,  0.0000000000000000E+00,  0.0000000000000000E+00
  0.0000000000000000E+00,  2.3513074663631198E+02,  2.3831117702172097E+02,  1.9250977507243516E+02,  1.6653409295741116E+02,  1.2958679228091287E+02,  9.6397938954664937E+01,  5.0042590335436053E+01,  7.6041210061054826E+01,  8.0929365805002647E+00,  1.0805583255577343E+01,  1.0271978904602838E+01,  3.0471290663469741E+00,  8.4555509298239784E-01,  2.3103246095751571E+00, -2.3079735614094585E+00, -2.4142409163708400E+00,  6.8819449173377056E-01, -3.0029066929507251E+00, -1.2380883772922651E+00,  0.0000000000000000E+00,  0.0000000000000000E+00,  0.0000000000000000E+00,  0.0000000000000000E+00,  0.0000000000000000E+00,  0.0000000000000000E+00,  0.0000000000000000E+00,  0.0000000000000000E+00,  0.0000000000000000E+00,  0.0000000000000000E+00,  0.0000000000000000E+00,  0.0000000000000000E+00,  0.0000000000000000E+00,  0.0000000000000000E+00,  0.0000000000000000E+00,  0.0000000000000000E+00
  0.0000000000000000E+00,  2.6671964869731573E+02,  2.6879050803198271E+02,  2.4497276250971879E+02,  2.0675326788857589E+02,  1.4172279620806822E+02,  6.3751880200075469E+01,  6.7431638037913586E+01,  3.4779892929545369E+01,  3.2678035367058378E+00,  2.5012953597132714E+00,  4.4138779090021671E+00, -3.3815091713069103E+00, -1.9817480577225739E+00,  1.1622741707983515E+00,  2.0057754966324195E+00,  6.8667559926776445E-01,  1.7970927109277923E-01, -1.6700975847167028E+00, -1.0917759621419740E+00,  0.0000000000000000E+00,  0.0000000000000000E+00,  0.0000000000000000E+00,  0.0000000000000000E+00,  0.0000000000000000E+00,  0.0000000000000000E+00,  0.0000000000000000E+00,  0.0000000000000000E+00,  0.0000000000000000E+00,  0.0000000000000000E+00,  0.0000000000000000E+00,  0.0000000000000000E+00,  0.0000000000000000E+00,  0.0000000000000000E+00,  0.0000000000000000E+00,  0.0000000000000000E+00
  0.0000000000000000E+00,  2.5192137211338166E+02,  2.3241148966444894E+02,  2.0601584374930701E+02,  1.7367587770042255E+02,  1.1377297570504992E+02,  8.6604866639759521E+01,  9.4783205346045477E+01,  4.5566096697617127E+01,  1.9370142954256533E+00,  1.7838679965895032E-01, -9.2630388191749979E-01,  3.8876101577399282E+00, -5.9474973647870399E-01,  2.9049174596284644E-01, -3.6315196922871338E+00, -7.5396685459534751E-01, -3.0439703615434155E+00, -2.1362895350423683E+00,  2.9814912168982377E-01,  0.0000000000000000E+00,  0.0000000000000000E+00,  0.0000000000000000E+00,  0.0000000000000000E+00,  0.0000000000000000E+00,  0.0000000000000000E+00,  0.0000000000000000E+00,  0.0000000000000000E+00,  0.0000000000000000E+00,  0.0000000000000000E+00,  0.0000000000000000E+00,  0.0000000000000000E+00,  0.0000000000000000E+00,  0.0000000000000000E+00,  0.0000000000000000E+00,  0.0000000000000000E+00
  0.0000000000000000E+00,  2.4473670384694145E+02,  2.2190725572559873E+02,  1.7664927020505436E+02,  1.6046533746712410E+02,  1.2783285536574002E+02,  8.9684736589209848E+01,  9.0112903846680382E+01,  5.2211573606194889E+01,  4.1760736420446314E+00,  7.8412434360411236E+00,  2.3827988360620163E+00, -2.9708264094873424E+00,  2.1808199008877676E+00,  1.0160975134821015E-01,  7.2456518351680899E-01, -1.3757824243579138E+00,  1.3915329952848774E+00, -2.2847216969584698E+00, -4.1886478330163541E+00,  0.0000000000000000E+00,  0.0000000000000000E+00,  0.0000000000000000E+00,  0.0000000000000000E+00,  0.0000000000000000E+00,  0.0000000000000000E+00,  0.0000000000000000E+00,  0.0000000000000000E+00,  0.0000000000000000E+00,  0.0000000000000000E+00,  0.0000000000000000E+00,  0.0000000000000000E+00,  0.0000000000000000E+00,  0.0000000000000000E+00,  0.0000000000000000E+00,  0.0000000000000000E+00
  0.0000000000000000E+00,  2.6141446329387963E+02,  2.2890169662623504E+02,  2.0398189037327433E+02,  1.8122528048753964E+02,  1.2364981316018543E+02,  9.0328454884170753E+01,  8.2833359221704328E+01,  4.4489886932091707E+01,  3.0967558160508073E+00,  3.9830498355742083E+00, -2.4715948028307242E+00, -1.2325934206843554E+00, -1.0489398574834432E+00,  1.8186698045783150E+00, -1.5739854680697256E+00,  1.8020927851055077E+00,  1.1781080274313824E+00, -6.8312930930798998E-01, -1.1527922450335266E+00,  0.0000000000000000E+00,  0.0000000000000000E+00,  0.0000000000000000E+00,  0.0000000000000000E+00,  0.0000000000000000E+00,  0.0000000000000000E+00,  0.0000000000000000E+00,  0.0000000000000000E+00,  0.0000000000000000E+00,  0.0000000000000000E+00,  0.0000000000000000E+00,  0.0000000000000000E+00,  0.0000000000000000E+00,  0.0000000000000000E+00,  0.0000000000000000E+00,  0.0000000000000000E+00
  0.0000000000000000E+00,  2.5900618695452488E+02,  2.3253342233544168E+02,  2.0643163389020557E+02,  2.1021518312766781E+02,  1.1341636619216881E+02,  9.2701929479704148E+01,  6.9104116775397571E+01,  4.0710114848691489E+01,  3.2813186536072063E+00,  3.8450048822711711E+00,  5.7702627832492226E+00,  4.6905945377375708E+00, -2.0345744316874121E+00,  1.3700254754377110E+00,  1.7560748183743300E+00, -3.0456056583600288E+00, -2.7361341608597933E-01, -3.1695173554202709E+00, -8.0810534392480537E-02,  0.0000000000000000E+00,  0.0000000000000000E+00,  0.0000000000000000E+00,  0.0000000000000000E+00,  0.0000000000000000E+00,  0.0000000000000000E+00,  0.0000000000000000E+00,  0.0000000000000000E+00,  0.0000000000000000E+00,  0.0000000000000000E+00,  0.0000000000000000E+00,  0.0000000000000000E+00,  0.0000000000000000E+00,  0.0000000000000000E+00,  0.0000000000000000E+00,  0.0000000000000000E+00
  0.0000000000000000E+00,  3.3840234511875008E+02,  2.3329528783855309E+02,  2.1248676561517908E+02,  1.4018377070318292E+02,  1.6032185609344228E+02,  9.4169750541700893E+01,  6.0257074902421309E+01,  4.8017044784965108E+01,  2.2384262618043440E+00,  2.0625115479432825E+00,  9.1466865524182808E+00,  2.8617133476061039E+00,  4.7127303112434404E-01, -2.2129123697339397E+00, -1.9607884769338355E+00, -1.9743328595648657E+00,  4.0169729341179283E-01, -7.1940219542872330E-01, -1.8904429448841962E+00,  0.0000000000000000E+00,  0.0000000000000000E+00,  0.0000000000000000E+00,  0.0000000000000000E+00,  0.0000000000000000E+00,  0.0000000000000000E+00,  0.0000000000000000E+00,  0.0000000000000000E+00,  0.0000000000000000E+00,  0.0000000000000000E+00,  0.0000000000000000E+00,  0.0000000000000000E+00,  0.0000000000000000E+00,  0.0000000000000000E+00,  0.0000000000000000E+00,  0.0000000000000000E+00
  0.0000000000000000E+00,  3.5111420366059644E+02,  2.5152873248010860E+02,  2.4338220569861920E+02,  1.9957561282599227E+02,  8.8626004800722811E+01,  9.9589895944976888E+01,  5.9203781519892438E+01,  6.5869199211011761E+01,  6.9841919616871504E+00,  1.0115888585881354E+00,  7.0397782214623783E+00,  2.3304870030310951E+00,  1.4922799853074142E+00,  1.6407529855439478E+00, -3.2177305736742410E+00, -3.8186094698969839E+00, -5.3096395675068919E-01, -1.6985771949231010E-01, -1.8140852821491418E+00,  0.0000000000000000E+00,  0.0000000000000000E+00,  0.0000000000000000E+00,  0.0000000000000000E+00,  0.0000000000000000E+00,  0.0000000000000000E+00,  0.0000000000000000E+00,  0.0000000000000000E+00,  0.0000000000000000E+00,  0.0000000000000000E+00,  0.0000000000000000E+00,  0.0000000000000000E+00,  0.0000000000000000E+00,  0.0000000000000000E+00,  0.0000000000000000E+00,  0.0000000000000000E+00
  0.0000000000000000E+00,  3.0925325885019856E+02,  2.3488531033716194E+02,  2.1372005060567028E+02,  2.1361759225016641E+02,  9.7551950574454310E+01,  7.2518806900533846E+01,  7.3991336395520335E+01,  6.8999356662530815E+01,  1.2045256948573648E+01,  2.3633675873574234E+00,  1.9724620292346984E+00,  2.2748907096466997E+00,  2.4022109150612154E+00, -8.1280690370027031E-01, -2.1865752756048655E+00,  1.6618836012599658E-01,  3.1738629320318656E-01, -1.4664594466517640E+00, -8.7471622518435366E-01,  0.0000000000000000E+00,  0.0000000000000000E+00,  0.0000000000000000E+00,  0.0000000000000000E+00,  0.0000000000000000E+00,  0.0000000000000000E+00,  0.0000000000000000E+00,  0.0000000000000000E+00,  0.0000000000000000E+00,  0.0000000000000000E+00,  0.0000000000000000E+00,  0.0000000000000000E+00,  0.0000000000000000E+00,  0.0000000000000000E+00,  0.0000000000000000E+00,  0.0000000000000000E+00
  0.0000000000000000E+00,  2.4270893314348695E+02,  2.1067560992035692E+02,  2.0909903043886487E+02,  1.8421131298137374E+02,  1.4277753964536782E+02,  9.1158917385819166E+01,  8.9003582706306844E+01,  8.4370957489725470E+01,  9.3967245355254772E+00,  2.6105005828611159E+00,  5.3060217539088406E+00, -8.0926883252699344E-01, -2.5519445908096934E+00,  9.7602979980908167E-01, -5.2479596844977117E-01, -5.9684179866052300E-01, -1.1744715900295475E+00, -8.6529554082505400E-01, -7.9831654836237886E-01,  0.0000000000000000E+00,  0.0000000000000000E+00,  0.0000000000000000E+00,  0.0000000000000000E+00,  0.0000000000000000E+00,  0.0000000000000000E+00,  0.0000000000000000E+00,  0.0000000000000000E+00,  0.0000000000000000E+00,  0.0000000000000000E+00,  0.0000000000000000E+00,  0.0000000000000000E+00,  0.0000000000000000E+00,  0.0000000000000000E+00,  0.0000000000000000E+00,  0.0000000000000000E+00
  0.0000000000000000E+00,  2.7203631847882104E+02,  2.5023793475464106E+02,  2.6411919033602203E+02,  2.2804569053354723E+02,  1.4666381261357705E+02,  9.2128608348596856E+01,  6.5192664476851064E+01,  6.8356245338404918E+01,  7.4025366095709089E-01,  8.4616421468294511E-01,  2.7194224425238396E+00,  4.7321293189249936E-01, -6.2628030496293352E-01, -2.4463759633063749E+00,  4.1820739402438356E-01, -1.0121984450043033E+00, -2.3288381244821679E+00, -1.1339968376765865E+00, -1.0608876616953262E+00,  0.0000000000000000E+00,  0.0000000000000000E+00,  0.0000000000000000E+00,  0.0000000000000000E+00,  0.0000000000000000E+00,  0.0000000000000000E+00,  0.0000000000000000E+00,  0.0000000000000000E+00,  0.0000000000000000E+00,  0.0000000000000000E+00,  0.0000000000000000E+00,  0.0000000000000000E+00,  0.0000000000000000E+00,  0.0000000000000000E+00,  0.0000000000000000E+00,  0.0000000000000000E+00
  0.0000000000000000E+00,  2.6754199891164546E+02,  2.3916646796036935E+02,  2.1753883375466032E+02,  2.1048943003370766E+02,  9.5318693878581229E+01,  6.9578360230716754E+01,  7.5674124158994147E+01,  4.1831505533281373E+01,  1.0159897348392295E+01, -4.2304497025389765E-01,  5.8178526076339772E+00, -1.6984181597939880E+00,  3.5851567596918699E-01,  7.7887828229674572E-01, -1.8962229017941290E-01, -1.0456924338892897E+00, -1.1604384190005557E+00, -3.4195170549930278E+00,  2.9116659763753860E-01,  0.0000000000000000E+00,  0.0000000000000000E+00,  0.0000000000000000E+00,  0.0000000000000000E+00,  0.0000000000000000E+00,  0.0000000000000000E+00,  0.0000000000000000E+00,  0.0000000000000000E+00,  0.0000000000000000E+00,  0.0000000000000000E+00,  0.0000000000000000E+00,  0.0000000000000000E+00,  0.0000000000000000E+00,  0.0000000000000000E+00,  0.0000000000000000E+00,  0.0000000000000000E+00
  0.0000000000000000E+00,  2.6188604117048283E+02,  2.4707395569188034E+02,  2.0467250133348423E+02,  1.5773305246439375E+02,  1.1057203939866216E+02,  8.6031688670954566E+01,  6.5313593666076102E+01,  6.0062776743176002E+01,  4.0452076310985348E+00,  2.5271574591218826E+00,  5.1991677540009453E+00,  2.9149066892079301E+00, -2.8990455784362235E+00,  8.6745592866696608E-01, -4.1352345460868349E+00, -1.6117440553389932E+00, -6.4293780694436276E-01, -5.9382410714595046E-01, -6.6420362539320021E-01,  0.0000000000000000E+00,  0.0000000000000000E+00,  0.0000000000000000E+00,  0.0000000000000000E+00,  0.0000000000000000E+00,  0.0000000000000000E+00,  0.0000000000000000E+00,  0.0000000000000000E+00,  0.0000000000000000E+00,  0.0000000000000000E+00,  0.0000000000000000E+00,  0.0000000000000000E+00,  0.0000000000000000E+00,  0.0000000000000000E+00,  0.0000000000000000E+00,  0.0000000000000000E+00
  0.0000000000000000E+00,  2.8637373024786547E+02,  2.8787630600338866E+02,  2.6602604423828893E+02,  2.1002000702790235E+02,  6.7629961525490231E+01,  7.7023020892621872E+01,  5.9699791816191677E+01,  6.8725369956901162E+01,  5.4343690724519043E+00,  3.0589183018152468E+00,  2.1965905084559818E+00, -2.8650214213233092E+00,  7.8001092036063024E-01,  2.6478572761981845E-02,  9.7633886659419789E-01, -5.8768725524395204E-01, -2.1169777434114629E+00, -3.3270664867356459E-01, -2.1130541515913746E+00,  0.0000000000000000E+00,  0.0000000000000000E+00,  0.0000000000000000E+00,  0.0000000000000000E+00,  0.0000000000000000E+00,  0.0000000000000000E+00,  0.0000000000000000E+00,  0.0000000000000000E+00,  0.0000000000000000E+00,  0.0000000000000000E+00,  0.0000000000000000E+00,  0.0000000000000000E+00,  0.0000000000000000E+00,  0.0000000000000000E+00,  0.0000000000000000E+00,  0.0000000000000000E+00
  0.0000000000000000E+00,  2.6484296525473070E+02,  2.4389648336650072E+02,  2.0923136916083888E+02,  1.6695665217451241E+02,  9.1420166102825476E+01,  1.0842537577711309E+02,  6.6348167973461528E+01,  7.0783621869301882E+01,  9.3095304729599953E+00,  1.0514161840877261E+01,  3.4359140161339656E+00,  1.5218720947660946E+00,  2.9798649220110995E+00, -3.2828403402436326E+00, -6.7935368827260589E-01, -2.9783165001961858E+00, -3.8200102694332516E-01,  1.4489030646207812E-01, -1.3274312819684040E+00,  0.0000000000000000E+00,  0.0000000000000000E+00,  0.0000000000000000E+00,  0.0000000000000000E+00,  0.0000000000000000E+00,  0.0000000000000000E+00,  0.0000000000000000E+00,  0.0000000000000000E+00,  0.0000000000000000E+00,  0.0000000000000000E+00,  0.0000000000000000E+00,  0.0000000000000000E+00,  0.0000000000000000E+00,  0.0000000000000000E+00,  0.0000000000000000E+00,  0.0000000000000000E+00
  0.0000000000000000E+00,  2.4533728095067806E+02,  2.5122240657797275E+02,  2.1459265015593337E+02,  1.9772192437119253E+02,  9.9415292413501788E+01,  1.0651759394853451E+02,  8.6073265651012633E+01,  6.1397548663878545E+01,  8.4404850579433095E+00,  4.2927487975603569E+00,  4.7509315557783083E-01,  1.8084056635856562E+00, -2.9582202263425401E+00,  1.8145906564442287E+00, -2.8593620611565660E+00,  4.7716346124618170E-02,  3.0430975975181163E-01, -2.3583661473395430E+00, -2.2263217661101322E+00,  0.0000000000000000E+00,  0.0000000000000000E+00,  0.0000000000000000E+00,  0.0000000000000000E+00,  0.0000000000000000E+00,  0.0000000000000000E+00,  0.0000000000000000E+00,  0.0000000000000000E+00,  0.0000000000000000E+00,  0.0000000000000000E+00,  0.0000000000000000E+00,  0.0000000000000000E+00,  0.0000000000000000E+00,  0.0000000000000000E+00,  0.0000000000000000E+00,  0.0000000000000000E+00
  0.0000000000000000E+00,  2.5883215785350842E+02,  2.5811555355743553E+02,  2.3657471016935864E+02,  2.1622578006575100E+02,  9.9272142507873951E+01,  9.9281448292540631E+01,  6.1578191901481325E+01,  5.0986214430458489E+01,  1.4606187246953054E+01,  4.7582045196831366E+00,  1.2786154808326824E+00,  5.8435030091617435E-01,  9.8619364030337664E-01, -4.4063321313728032E-01,  4.6680724901890436E-01, -1.3336031829483495E+00, -8.0071473055160247E-01, -1.9243967925837189E+00, -1.9299106936161299E+00,  0.0000000000000000E+00,  0.0000000000000000E+00,  0.0000000000000000E+00,  0.0000000000000000E+00,  0.0000000000000000E+00,  0.0000000000000000E+00,  0.0000000000000000E+00,  0.0000000000000000E+00,  0.0000000000000000E+00,  0.0000000000000000E+00,  0.0000000000000000E+00,  0.0000000000000000E+00,  0.0000000000000000E+00,  0.0000000000000000E+00,  0.0000000000000000E+00,  0.0000000000000000E+00
  0.0000000000000000E+00,  2.6063080230456603E+02,  2.3442465427538423E+02,  2.1572286143420689E+02,  2.0355986735503296E+02,  1.3165933533689093E+02,  8.6111976450681510E+01,  6.8247643058096656E+01,  5.5978848931290756E+01,  1.2057690162383386E+01,  6.8721895967353070E+00,  2.1443729205992703E+00,  1.1308957004530846E+00, -2.1139935621236496E+00,  5.5587567718101560E-01, -2.5732725088486603E+00, -6.0140380813766825E-03, -2.4561322512066397E-01, -1.1469256792762073E-01, -1.8747454396608687E+00,  0.0000000000000000E+00,  0.0000000000000000E+00,  0.0000000000000000E+00,  0.0000000000000000E+00,  0.0000000000000000E+00,  0.0000000000000000E+00,  0.0000000000000000E+00,  0.0000000000000000E+00,  0.0000000000000000E+00,  0.0000000000000000E+00,  0.0000000000000000E+00,  0.0000000000000000E+00,  0.0000000000000000E+00,  0.0000000000000000E+00,  0.0000000000000000E+00,  0.0000000000000000E+00
  0.0000000000000000E+00,  2.7819718818709856E+02,  2.4781329842683721E+02,  2.2362456766722252E+02,  2.0621538565685188E+02,  9.3105754152331244E+01,  8.0077567427600243E+01,  6.0653685157280982E+01,  6.6758850741368619E+01,  3.9167162993860405E+00,  1.4021182304787683E+00,  1.3235769991233965E+00, -9.1804978949071270E-01, -1.6699417085229484E-01, -1.1465056167302552E+00, -1.7580095691431317E+00, -8.6219063650517969E-01, -1.3183421581954846E+00, -1.4178401080409095E+00, -1.0640792540938344E+00,  0.0000000000000000E+00,  0.0000000000000000E+00,  0.0000000000000000E+00,  0.0000000000000000E+00,  0.0000000000000000E+00,  0.0000000000000000E+00,  0.0000000000000000E+00,  0.0000000000000000E+00,  0.0000000000000000E+00,  0.0000000000000000E+00,  0.0000000000000000E+00,  0.0000000000000000E+00,  0.0000000000000000E+00,  0.0000000000000000E+00,  0.0000000000000000E+00,  0.0000000000000000E+00
  0.0000000000000000E+00,  2.6207722256734695E+02,  2.0566416879607598E+02,  1.9393192841520542E+02,  1.6181981265837655E+02,  9.7252477990344971E+01,  8.5409816311212708E+01,  7.6213740982259424E+01,  6.2468467911440186E+01,  6.2592304995688401E+00,  6.3377979259238284E+00,  1.8229122532840867E+00, -7.8029639919732485E-01, -1.8594020245588450E+00,  2.5912708286271489E+00,  2.3976104183032412E+00, -3.0345954308193868E+00, -1.0608898751795364E+00, -1.0914881781473498E+00, -9.3296495767783272E-01,  0.0000000000000000E+00,  0.0000000000000000E+00,  0.0000000000000000E+00,  0.0000000000000000E+00,  0.0000000000000000E+00,  0.0000000000000000E+00,  0.0000000000000000E+00,  0.0000000000000000E+00,  0.0000000000000000E+00,  0.0000000000000000E+00,  0.0000000000000000E+00,  0.0000000000000000E+00,  0.0000000000000000E+00,  0.0000000000000000E+00,  0.0000000000000000E+00,  0.0000000000000000E+00
  0.0000000000000000E+00,  2.2690279597484005E+02,  1.9970637459494918E+02,  1.9648391462082108E+02,  1.6787926135194590E+02,  1.3179910437198276E+02,  1.2356860191008674E+02,  7.0831772678196984E+01,  5.9004512138261560E+01,  5.1632578802775821E+00,  4.1844595877715012E+00,  1.0846079207746868E+00,  6.6392991882162669E+00,  5.1456872725334080E-01, -4.0656966332029851E+00,  2.0520812154937262E+00, -1.1722001452215640E+00, -3.1907399353262473E+00,  4.6632250505118655E-03, -1.5216717288380612E+00,  0.0000000000000000E+00,  0.0000000000000000E+00,  0.0000000000000000E+00,  0.0000000000000000E+00,  0.0000000000000000E+00,  0.0000000000000000E+00,  0.0000000000000000E+00,  0.0000000000000000E+00,  0.0000000000000000E+00,  0.0000000000000000E+00,  0.0000000000000000E+00,  0.0000000000000000E+00,  0.0000000000000000E+00,  0.0000000000000000E+00,  0.0000000000000000E+00,  0.0000000000000000E+00
  0.0000000000000000E+00,  3.0918457196833231E+02,  2.7821153950680014E+02,  2.6250745496108800E+02,  2.2667407028723903E+02,  1.5031686787434609E+02,  6.3195976688864789E+01,  7.6294065255946464E+01,  5.1597546969767194E+01,  6.2309348474851696E+00, -3.7722475895730234E-01,  2.5584723930801552E+00,  7.2842627406822658E-01, -6.5029350073240977E-01, -1.0946281629340575E+00,  1.0258500293857939E+00,  9.7112127338197940E-01, -7.8969523762083371E-01, -2.0109561942203369E+00, -2.2849705393892483E+00,  0.0000000000000000E+00,  0.0000000000000000E+00,  0.0000000000000000E+00,  0.0000000000000000E+00,  0.0000000000000000E+00,  0.0000000000000000E+00,  0.0000000000000000E+00,  0.0000000000000000E+00,  0.0000000000000000E+00,  0.0000000000000000E+00,  0.0000000000000000E+00,  0.0000000000000000E+00,  0.0000000000000000E+00,  0.0000000000000000E+00,  0.0000000000000000E+00,  0.0000000000000000E+00
  0.0000000000000000E+00,  2.8327005849663419E+02,  2.6328118076254304E+02,  2.4651709390118432E+02,  1.5692868513556030E+02,  1.0189924382120412E+02,  9.4575250552029132E+01,  7.8866409475441031E+01,  5.1563305369662416E+01,  4.6187461458446037E+00,  4.5899102760663553E+00,  6.7240703050726705E+00,  3.2759751440014764E+00,  2.6429343800429654E+00, -1.4590643937588688E-02,  1.0437186515251948E+00, -7.1070617210037623E-01, -2.3073115396803408E+00, -2.8512087420220693E+00, -1.2692311583865439E+00,  0.0000000000000000E+00,  0.0000000000000000E+00,  0.0000000000000000E+00,  0.0000000000000000E+00,  0.0000000000000000E+00,  0.0000000000000000E+00,  0.0000000000000000E+00,  0.0000000000000000E+00,  0.0000000000000000E+00,  0.0000000000000000E+00,  0.0000000000000000E+00,  0.0000000000000000E+00,  0.0000000000000000E+00,  0.0000000000000000E+00,  0.0000000000000000E+00,  0.0000000000000000E+00
  0.0000000000000000E+00,  3.2529971373105917E+02,  2.4795364879660099E+02,  1.8867139720602049E+02,  1.5025204620214700E+02,  9.9440940094087011E+01,  1.0381497400465636E+02,  7.7822007473487616E+01,  6.4156004669621439E+01,  8.3533836458398021E+00,  1.0773820846684963E+01, -7.1430340639342838E-01,  4.7771436153660751E-01,  4.0308651259448069E+00,  2.7120572310980853E+00, -4.0487848607766272E+00,  5.8654482810324060E-01, -2.3582167623293149E-01, -1.2785464470216246E+00, -1.2788097316683895E+00,  0.0000000000000000E+00,  0.0000000000000000E+00,  0.0000000000000000E+00,  0.0000000000000000E+00,  0.0000000000000000E+00,  0.0000000000000000E+00,  0.0000000000000000E+00,  0.0000000000000000E+00,  0.0000000000000000E+00,  0.0000000000000000E+00,  0.0000000000000000E+00,  0.0000000000000000E+00,  0.0000000000000000E+00,  0.0000000000000000E+00,  0.0000000000000000E+00,  0.0000000000000000E+00
  0.0000000000000000E+00,  3.8889732611846523E+02,  3.1792993396128202E+02,  2.8619409741854810E+02,  2.4914431866982630E+02,  1.0064264797491995E+02,  6.2880453121346349E+01,  7.1481107524010866E+01,  5.4476193838531508E+01,  7.2598948699885266E+00,  5.9041193620522989E+00, -6.8352683214430243E-01,  3.8444558300142102E+00,  2.8515785314096629E+00, -2.0407275228895712E+00, -8.0543259383698285E-01,  6.7504115325053693E-01, -9.5883062490121773E-01, -2.8545947895373014E+00, -2.8654116208474276E+00,  0.0000000000000000E+00,  0.0000000000000000E+00,  0.0000000000000000E+00,  0.0000000000000000E+00,  0.0000000000000000E+00,  0.0000000000000000E+00,  0.0000000000000000E+00,  0.0000000000000000E+00,  0.0000000000000000E+00,  0.0000000000000000E+00,  0.0000000000000000E+00,  0.0000000000000000E+00,  0.0000000000000000E+00,  0.0000000000000000E+00,  0.0000000000000000E+00,  0.0000000000000000E+00
  0.0000000000000000E+00,  2.0661645315499760E+02,  2.1200274743334467E+02,  2.1365745126428047E+02,  1.4668853231105882E+02,  1.8862736875750988E+02,  1.3433118680411414E+02,  6.3748856092382312E+01,  6.4827326824816950E+01,  1.0004685517544491E+01, -1.5692019768700209E+00,  3.2051381910690004E+00,  2.1066430267726517E+00,  2.8026115560155755E+00,  2.1222529123213985E+00, -1.6611355241221801E+00, -4.3975411799039499E+00, -2.5351827757995116E-01,  2.5315554850809896E-01, -9.9684774322277359E-01,  0.0000000000000000E+00,  0.0000000000000000E+00,  0.0000000000000000E+00,  0.0000000000000000E+00,  0.0000000000000000E+00,  0.0000000000000000E+00,  0.0000000000000000E+00,  0.0000000000000000E+00,  0.0000000000000000E+00,  0.0000000000000000E+00,  0.0000000000000000E+00,  0.0000000000000000E+00,  0.0000000000000000E+00,  0.0000000000000000E+00,  0.0000000000000000E+00,  0.0000000000000000E+00
  0.0000000000000000E+00,  2.6250451050143920E+02,  2.2833774581155745E+02,  2.0940169525431924E+02,  2.1442427494479665E+02,  9.1264008635946851E+01,  7.3828228308701952E+01,  5.6733231440432661E+01,  5.5706416016370682E+01,  1.4168258206344623E+01,  4.0940924326287629E+00,  2.2077902674255743E+00,  3.2739269325759377E+00,  8.2070498686997873E-01,  2.4810127186058342E+00, -1.1572510957605910E+00,  5.2461611439993394E-01, -5.3471229440505885E-01, -2.3502288423436433E+00, -1.0246793525065307E+00,  0.0000000000000000E+00,  0.0000000000000000E+00,  0.0000000000000000E+00,  0.0000000000000000E+00,  0.0000000000000000E+00,  0.0000000000000000E+00,  0.0000000000000000E+00,  0.0000000000000000E+00,  0.0000000000000000E+00,  0.0000000000000000E+00,  0.0000000000000000E+00,  0.0000000000000000E+00,  0.0000000000000000E+00,  0.0000000000000000E+00,  0.0000000000000000E+00,  0.0000000000000000E+00
  0.0000000000000000E+00,  3.4496000130665402E+02,  2.4935822775442344E+02,  2.2567646842867646E+02,  1.6009378384986721E+02,  1.2583002758690880E+02,  9.0397184833752064E+01,  7.3162797228852810E+01,  5.9534556141425533E+01,  1.7146171562843762E+00,  4.8140737640572269E+00, -1.0344612821866805E+00,  5.8419565419516672E-01, -3.3225966733953882E-01, -1.0555844508864372E+00, -5.8801096165709854E-01, -1.3390942320944244E+00, -3.8219095244554202E-01, -2.2749841499988657E+00, -6.7285245066344945E-01,  0.0000000000000000E+00,  0.0000000000000000E+00,  0.0000000000000000E+00,  0.0000000000000000E+00,  0.0000000000000000E+00,  0.0000000000000000E+00,  0.0000000000000000E+00,  0.0000000000000000E+00,  0.0000000000000000E+00,  0.0000000000000000E+00,  0.0000000000000000E+00,  0.0000000000000000E+00,  0.0000000000000000E+00,  0.0000000000000000E+00,  0.0000000000000000E+00,  0.0000000000000000E+00
  0.0000000000000000E+00,  2.3436167681960802E+02,  2.3671010746396922E+02,  1.7962667243532755E+02,  1.7350913938320090E+02,  1.3096444890849352E+02,  1.0963742116320815E+02,  7.8236621117107404E+01,  6.8212251886851575E+01,  5.6475338875741592E+00,  3.6603853714197232E+00,  1.9786492473783195E+00, -1.4743566373357191E+00,  1.0881849155582213E+00, -8.5335788071050800E-02,  1.3486390726092337E+00, -1.3997167375096349E+00, -9.5125115821978534E-01, -2.5965920864639296E+00, -1.4880508334730729E+00,  0.0000000000000000E+00,  0.0000000000000000E+00,  0.0000000000000000E+00,  0.0000000000000000E+00,  0.0000000000000000E+00,  0.0000000000000000E+00,  0.0000000000000000E+00,  0.0000000000000000E+00,  0.0000000000000000E+00,  0.0000000000000000E+00,  0.0000000000000000E+00,  0.0000000000000000E+00,  0.0000000000000000E+00,  0.0000000000000000E+00,  0.0000000000000000E+00,  0.0000000000000000E+00
  0.0000000000000000E+00,  2.9526264801322759E+02,  2.4151324215639630E+02,  2.2452229042275042E+02,  1.7286751959265536E+02,  8.8008502414567090E+01,  8.1963021621554702E+01,  6.6452367261689247E+01,  4.9158096128148955E+01,  1.2972053058373495E+01,  3.7494242912576894E+00,  9.9082602784445672E-01,  1.6816872180319642E-01,  1.5491347118629584E-01, -2.7688181403631704E+00, -1.0462628929064213E+00,  3.2116658760941164E-03, -7.0835511281720809E-01, -4.8770520880357959E-01, -1.3329006609084013E+00,  0.0000000000000000E+00,  0.0000000000000000E+00,  0.0000000000000000E+00,  0.0000000000000000E+00,  0.0000000000000000E+00,  0.0000000000000000E+00,  0.0000000000000000E+00,  0.0000000000000000E+00,  0.0000000000000000E+00,  0.0000000000000000E+00,  0.0000000000000000E+00,  0.0000000000000000E+00,  0.0000000000000000E+00,  0.0000000000000000E+00,  0.0000000000000000E+00,  0.0000000000000000E+00
  0.0000000000000000E+00,  3.0950282856482056E+02,  2.3498574743525430E+02,  1.8077025101212956E+02,  1.8591461465857864E+02,  7.8844622603625325E+01,  7.1604625794101480E+01,  7.3474887504165650E+01,  6.4387052293548592E+01,  6.8708754418058167E+00,  8.8887131786373885E+00, -3.0351658609203547E-01, -2.3676805587876615E+00,  4.7434545665790644E+00, -2.7944419040699997E+00, -6.6578650464572142E-01, -2.5853265956160421E-01, -1.7575870091616412E+00, -1.4690822255967304E+00, -1.3045624992513012E+00,  0.0000000000000000E+00,  0.0000000000000000E+00,  0.0000000000000000E+00,  0.0000000000000000E+00,  0.0000000000000000E+00,  0.0000000000000000E+00,  0.0000000000000000E+00,  0.0000000000000000E+00,  0.0000000000000000E+00,  0.0000000000000000E+00,  0.0000000000000000E+00,  0.0000000000000000E+00,  0.0000000000000000E+00,  0.0000000000000000E+00,  0.0000000000000000E+00,  0.0000000000000000E+00
  0.0000000000000000E+00,  3.2377680577394415E+02,  2.5686141320213358E+02,  2.0893786314272097E+02,  1.6924285487155444E+02,  9.8801848460601605E+01,  8.2422705657830207E+01,  5.4557490635148156E+01,  5.8006120815546339E+01,  4.7119914083759156E+00,  1.2188175094347990E+01,  6.7222897861610171E+00,  9.0281918343586387E-01, -1.9493848999955388E+00, -3.8657262703733961E+00, -1.0922417667284323E+00, -1.6656263261620450E+00,  3.9923256160327192E-01,  4.5332291549528692E-01, -1.2486126163780007E+00,  0.0000000000000000E+00,  0.0000000000000000E+00,  0.0000000000000000E+00,  0.0000000000000000E+00,  0.0000000000000000E+00,  0.0000000000000000E+00,  0.0000000000000000E+00,  0.0000000000000000E+00,  0.0000000000000000E+00,  0.0000000000000000E+00,  0.0000000000000000E+00,  0.0000000000000000E+00,  0.0000000000000000E+00,  0.0000000000000000E+00,  0.0000000000000000E+00,  0.0000000000000000E+00
  0.0000000000000000E+00,  2.9775163916657345E+02,  2.1464636331950686E+02,  2.0811968044329510E+02,  1.8474130569969037E+02,  1.1101335887540156E+02,  7.0739913242735014E+01,  6.3325341849802456E+01,  7.0266042331369846E+01,  9.2290990763648004E+00,  9.8406277770776835E+00,  5.1938133422702748E+00,  3.6374900442079117E+00, -3.8366378804820949E+00,  1.5058951085060013E-01, -1.9069808300987736E+00, -5.3773112748691787E-01, -1.6020060957414131E+00, -6.1597783593401179E-02, -1.6531082948698870E+00,  0.0000000000000000E+00,  0.0000000000000000E+00,  0.0000000000000000E+00,  0.0000000000000000E+00,  0.0000000000000000E+00,  0.0000000000000000E+00,  0.0000000000000000E+00,  0.0000000000000000E+00,  0.0000000000000000E+00,  0.0000000000000000E+00,  0.0000000000000000E+00,  0.0000000000000000E+00,  0.0000000000000000E+00,  0.0000000000000000E+00,  0.0000000000000000E+00,  0.0000000000000000E+00
  0.0000000000000000E+00,  2.8783982012963781E+02,  2.6045143697200177E+02,  2.1017919821195179E+02,  1.9314939312823387E+02,  1.2012138849949044E+02,  8.7897751964872015E+01,  6.8723684669277887E+01,  7.9678436715186081E+01,  6.4326674685130349E+00,  3.0489132451813745E+00, -1.2177975371449810E+00, -3.5655234780561127E+00,  5.8469285429019280E-01,  1.7577753591064438E+00, -3.9440522780684439E-01, -1.7293848931018978E+00, -1.8667050606913218E+00, -2.4826958961006285E+00,  3.7902336842977191E-01,  0.0000000000000000E+00,  0.0000000000000000E+00,  0.0000000000000000E+00,  0.0000000000000000E+00,  0.0000000000000000E+00,  0.0000000000000000E+00,  0.0000000000000000E+00,  0.0000000000000000E+00,  0.0000000000000000E+00,  0.0000000000000000E+00,  0.0000000000000000E+00,  0.0000000000000000E+00,  0.0000000000000000E+00,  0.0000000000000000E+00,  0.0000000000000000E+00,  0.0000000000000000E+00
  0.0000000000000000E+00,  2.7119250175726171E+02,  2.0223904911307025E+02,  2.1180479476337433E+02,  1.8195189479747984E+02,  1.1989360628860959E+02,  1.0277579564866835E+02,  8.7926505695831153E+01,  6.4819201056195055E+01,  6.2875045832099552E+00,  2.5025115951226997E+00, -1.8986005038402176E-01,  4.2995202378448649E-01,  2.0845642261323905E+00, -2.3064528090825576E+00, -1.8536455469205086E+00, -1.7760509639104178E+00,  5.8275740055938652E-01,  1.0461019594364913E+00, -1.8927429043911457E+00,  0.0000000000000000E+00,  0.0000000000000000E+00,  0.0000000000000000E+00,  0.0000000000000000E+00,  0.0000000000000000E+00,  0.0000000000000000E+00,  0.0000000000000000E+00,  0.0000000000000000E+00,  0.0000000000000000E+00,  0.0000000000000000E+00,  0.0000000000000000E+00,  0.0000000000000000E+00,  0.0000000000000000E+00,  0.0000000000000000E+00,  0.0000000000000000E+00,  0.0000000000000000E+00
  0.0000000000000000E+00,  3.1433147400094498E+02,  2.9475757139964759E+02,  2.7376702373029968E+02,  2.0378218830075815E+02,  1.1259924567580018E+02,  8.9618768372353372E+01,  6.1379189664430449E+01,  5.6301021672357301E+01,  2.6669593405597602E+00,  5.5708472341204942E+00,  7.4281140491176565E+00,  1.1385349262220323E-01, -1.1061765732110027E+00, -1.5641180174244607E+00, -1.6306277752132825E-01, -2.7587424533295786E+00, -1.9098470889929815E+00, -2.2158447293653141E+00, -1.0431430946868669E-01,  0.0000000000000000E+00,  0.0000000000000000E+00,  0.0000000000000000E+00,  0.0000000000000000E+00,  0.0000000000000000E+00,  0.0000000000000000E+00,  0.0000000000000000E+00,  0.0000000000000000E+00,  0.0000000000000000E+00,  0.0000000000000000E+00,  0.0000000000000000E+00,  0.0000000000000000E+00,  0.0000000000000000E+00,  0.0000000000000000E+00,  0.0000000000000000E+00,  0.0000000000000000E+00
  0.0000000000000000E+00,  2.9267244987576521E+02,  2.5422081706400070E+02,  2.1528830903358903E+02,  2.0175817289964959E+02,  1.0566058133564658E+02,  1.0076655751036714E+02,  5.7101626550915874E+01,  7.9451189904279474E+01, -2.9222152485429138E+00,  1.0211119634737850E+01,  1.2840608162050238E+00,  3.2993789290026463E+00, -1.7417067195185165E+00, -2.7426438116557001E+00, -1.1122560441215512E+00, -1.3299130682049896E+00,  2.0951125988598678E+00, -4.2873950628337987E+00, -2.0426374892932437E+00,  0.0000000000000000E+00,  0.0000000000000000E+00,  0.0000000000000000E+00,  0.0000000000000000E+00,  0.0000000000000000E+00,  0.0000000000000000E+00,  0.0000000000000000E+00,  0.0000000000000000E+00,  0.0000000000000000E+00,  0.0000000000000000E+00,  0.0000000000000000E+00,  0.0000000000000000E+00,  0.0000000000000000E+00,  0.0000000000000000E+00,  0.0000000000000000E+00,  0.0000000000000000E+00
  0.0000000000000000E+00,  2.7754213632062545E+02,  2.1303288681694318E+02,  2.0045054494346908E+02,  1.9771623711449990E+02,  1.4139838817360499E+02,  9.4121509386967375E+01,  7.8960069475032356E+01,  5.3906743328749954E+01, -1.2106534169065295E+00,  9.1458305328470928E+00,  3.4420864742287627E+00,  3.1459630699857692E+00, -1.2565445011109109E+00, -5.2167099016259240E+00,  1.0824149341339542E+00, -1.8776176266702405E+00, -2.6367160186227303E+00,  1.9501913231548169E+00, -2.2194945129255617E+00,  0.0000000000000000E+00,  0.0000000000000000E+00,  0.0000000000000000E+00,  0.0000000000000000E+00,  0.0000000000000000E+00,  0.0000000000000000E+00,  0.0000000000000000E+00,  0.0000000000000000E+00,  0.0000000000000000E+00,  0.0000000000000000E+00,  0.0000000000000000E+00,  0.0000000000000000E+00,  0.0000000000000000E+00,  0.0000000000000000E+00,  0.0000000000000000E+00,  0.0000000000000000E+00
  0.0000000000000000E+00,  3.1934135922393443E+02,  3.1191824974285419E+02,  2.3313967535744456E+02,  2.1484158729937568E+02,  1.4031298095804414E+02,  7.7297147151597798E+01,  6.7831288935616470E+01,  5.2731042728149816E+01,  1.0086673614755473E+00,  5.6842045468080720E+00,  6.2883580328366584E+00,  3.9580279732195027E+00, -7.2317293433988361E-01, -3.0231809580346960E+00, -6.2348393295749860E-01, -2.1201618314696136E+00, -1.1293901857470954E+00, -8.0424745561134769E-01, -2.4327991702644436E-02,  0.0000000000000000E+00,  0.0000000000000000E+00,  0.0000000000000000E+00,  0.0000000000000000E+00,  0.0000000000000000E+00,  0.0000000000000000E+00,  0.0000000000000000E+00,  0.0000000000000000E+00,  0.0000000000000000E+00,  0.0000000000000000E+00,  0.0000000000000000E+00,  0.0000000000000000E+00,  0.0000000000000000E+00,  0.0000000000000000E+00,  0.0000000000000000E+00,  0.0000000000000000E+00
  0.0000000000000000E+00,  2.8166789661338288E+02,  2.1521437122530710E+02,  1.9597380376357216E+02,  1.9955952249980987E+02,  8.9841601983461686E+01,  7.6096821023825811E+01,  7.3690791732230409E+01,  6.1915642311970828E+01,  5.8269898757516696E+00,  3.7139732119967679E+00,  4.7001384586451778E-01,  1.0966565838214581E+00, -4.5201431572377970E-01, -1.3533989633368169E+00, -8.6030655570664027E-01, -9.1540867154105543E-01, -1.7986432979097993E+00, -8.7716230071177081E-01, -1.3624134601416658E+00,  0.0000000000000000E+00,  0.0000000000000000E+00,  0.0000000000000000E+00,  0.0000000000000000E+00,  0.0000000000000000E+00,  0.0000000000000000E+00,  0.0000000000000000E+00,  0.0000000000000000E+00,  0.0000000000000000E+00,  0.0000000000000000E+00,  0.0000000000000000E+00,  0.0000000000000000E+00,  0.0000000000000000E+00,  0.0000000000000000E+00,  0.0000000000000000E+00,  0.0000000000000000E+00
  0.0000000000000000E+00,  2.8397047135059523E+02,  2.2107474371194149E+02,  2.2177566017057228E+02,  1.7491925698609202E+02,  1.0842763338866749E+02,  7.0654916000975959E+01,  6.4973218578091689E+01,  7.1496415065048708E+01,  1.1235348064105214E+01,  4.0140801589125115E+00,  2.5181924216038798E+00,  9.5822773396804450E-02, -3.2932105661359157E+00,  7.8698733584792802E-01, -6.4849126022106862E-01, -3.1736165883204008E+00, -1.6303325567945151E+00, -8.4204833178952310E-01, -9.9847195215791618E-01,  0.0000000000000000E+00,  0.0000000000000000E+00,  0.0000000000000000E+00,  0.0000000000000000E+00,  0.0000000000000000E+00,  0.0000000000000000E+00,  0.0000000000000000E+00,  0.0000000000000000E+00,  0.0000000000000000E+00,  0.0000000000000000E+00,  0.0000000000000000E+00,  0.0000000000000000E+00,  0.0000000000000000E+00,  0.0000000000000000E+00,  0.0000000000000000E+00,  0.0000000000000000E+00
  0.0000000000000000E+00,  3.3578153941711957E+02,  2.6440098371767806E+02,  2.3737231869476005E+02,  2.4544184841684830E+02,  1.1443717538967609E+02,  5.6619083755607988E+01,  5.8505434042324445E+01,  7.4688861837893143E+01,  8.7094478057587779E+00, -3.4680610072574325E-01,  8.0141321473535676E-01, -2.6738696946194613E+00,  1.3315591218747240E+00, -4.4396648361480171E+00,  1.1152002556102110E+00, -2.6704237162716016E+00,  3.1168317001342594E-01, -7.3259845615536889E-01, -2.2481676828688641E+00,  0.0000000000000000E+00,  0.0000000000000000E+00,  0.0000000000000000E+00,  0.0000000000000000E+00,  0.0000000000000000E+00,  0.0000000000000000E+00,  0.0000000000000000E+00,  0.0000000000000000E+00,  0.0000000000000000E+00,  0.0000000000000000E+00,  0.0000000000000000E+00,  0.0000000000000000E+00,  0.0000000000000000E+00,  0.0000000000000000E+00,  0.0000000000000000E+00,  0.0000000000000000E+00
  0.0000000000000000E+00,  3.2151678382814339E+02,  2.4649057747144894E+02,  2.4859828472388511E+02,  1.4988163249757224E+02,  1.5381739100297895E+02,  8.8629209832952498E+01,  7.0329256744387891E+01,  3.1713711810170668E+01,  7.7102908434889912E+00,  5.9327192571322502E+00, -2.3627234459074211E+00,  5.0723169734745746E+00, -2.0598203880458499E+00, -3.0541657878161299E+00, -2.0943468747403147E+00,  1.2307612730385817E+00,  3.3914783878233123E-01, -1.0240936137555097E+00,  2.2490541552295940E-01,  0.0000000000000000E+00,  0.0000000000000000E+00,  0.0000000000000000E+00,  0.0000000000000000E+00,  0.0000000000000000E+00,  0.0000000000000000E+00,  0.0000000000000000E+00,  0.0000000000000000E+00,  0.0000000000000000E+00,  0.0000000000000000E+00,  0.0000000000000000E+00,  0.0000000000000000E+00,  0.0000000000000000E+00,  0.0000000000000000E+00,  0.0000000000000000E+00,  0.0000000000000000E+00
  0.0000000000000000E+00,  3.0943192784537632E+02,  2.3660404815469334E+02,  1.7854383800340403E+02,  1.1002641566536519E+02,  1.4974963003830806E+02,  1.1895047159209969E+02,  8.4044349450162741E+01,  6.1266177610945348E+01,  6.1546634496021859E+00,  1.3499007553081945E+00,  6.5433297188698010E+00,  1.5230247427905752E-01,  4.1727157754521897E+00,  2.7884397391884415E+00, -6.3719860780235758E+00, -5.6857987319254635E+00, -1.8715084406483915E+00, -2.7286854854498266E+00,  1.0605160653443177E+00,  0.0000000000000000E+00,  0.0000000000000000E+00,  0.0000000000000000E+00,  0.0000000000000000E+00,  0.0000000000000000E+00,  0.0000000000000000E+00,  0.0000000000000000E+00,  0.0000000000000000E+00,  0.0000000000000000E+00,  0.0000000000000000E+00,  0.0000000000000000E+00,  0.0000000000000000E+00,  0.0000000000000000E+00,  0.0000000000000000E+00,  0.0000000000000000E+00,  0.0000000000000000E+00
  0.0000000000000000E+00,  3.2644695863683393E+02,  3.0896394854260416E+02,  1.8449839502102446E+02,  1.0104130694732511E+02,  1.4027931203076304E+02,  1.0287109901399461E+02,  8.5957252599657238E+01,  5.7769080382216750E+01,  7.1793961938990609E+00,  8.5183407257631227E+00, -4.6572431576639612E+00,  8.2918462320990294E-01,  2.0609276918397139E+00,  2.8364206846253754E+00, -6.2332553898815437E+00,  1.8894130318511100E+00,  7.0486272786901827E-01, -1.4431109457947486E+00, -2.1259756767296834E+00,  0.0000000000000000E+00,  0.0000000000000000E+00,  0.0000000000000000E+00,  0.0000000000000000E+00,  0.0000000000000000E+00,  0.0000000000000000E+00,  0.0000000000000000E+00,  0.0000000000000000E+00,  0.0000000000000000E+00,  0.0000000000000000E+00,  0.0000000000000000E+00,  0.0000000000000000E+00,  0.0000000000000000E+00,  0.0000000000000000E+00,  0.0000000000000000E+00,  0.0000000000000000E+00
  0.0000000000000000E+00,  3.3600390551570274E+02,  2.5538042771712597E+02,  2.4083196531157725E+02,  1.6828393859294164E+02,  1.4875174104096087E+02,  1.0555882232449471E+02,  5.7223639214191877E+01,  4.8160875712682625E+01,  9.8316805094900275E+00,  4.3634953901412121E+00,  3.4564502680107818E+00, -7.3124619159295134E-01,  6.9725597886781774E+00,  1.5688307391193463E+00, -2.1415654503633661E+00, -3.5780610376968656E+00, -2.0934467455290098E+00, -1.1039925233533165E+00,  8.8665574655530643E-01,  0.0000000000000000E+00,  0.0000000000000000E+00,  0.0000000000000000E+00,  0.0000000000000000E+00,  0.0000000000000000E+00,  0.0000000000000000E+00,  0.0000000000000000E+00,  0.0000000000000000E+00,  0.0000000000000000E+00,  0.0000000000000000E+00,  0.0000000000000000E+00,  0.0000000000000000E+00,  0.0000000000000000E+00,  0.0000000000000000E+00,  0.0000000000000000E+00,  0.0000000000000000E+00
  0.0000000000000000E+00,  3.3851327631619495E+02,  2.1980661665999403E+02,  2.3059117786944128E+02,  1.6928821506459573E+02,  1.7701790186486315E+02,  1.0910240630456742E+02,  6.0073698359074619E+01,  9.3948485503815391E+01,  1.8594396288273902E+00,  2.8577573324165186E+00, -1.9791449060632420E+00, -2.7882070192664781E+00, -3.0244008062590453E+00,  6.3530819141070438E-01,  1.0513637998122976E+00, -1.8925570653270318E-01, -9.8571916120158143E-02,  5.6003484813404136E-01, -1.6747293621916526E+00,  0.0000000000000000E+00,  0.0000000000000000E+00,  0.0000000000000000E+00,  0.0000000000000000E+00,  0.0000000000000000E+00,  0.0000000000000000E+00,  0.0000000000000000E+00,  0.0000000000000000E+00,  0.0000000000000000E+00,  0.0000000000000000E+00,  0.0000000000000000E+00,  0.0000000000000000E+00,  0.0000000000000000E+00,  0.0000000000000000E+00,  0.0000000000000000E+00,  0.0000000000000000E+00
  0.0000000000000000E+00,  2.6540604245691827E+02,  2.6589396644727390E+02,  2.2498919587078151E+02,  1.5679214391346068E+02,  9.0834863136462133E+01,  8.7373204757713552E+01,  6.8802690484991032E+01,  5.9720874840147658E+01,  6.3022056195131437E+00,  4.3013380315724188E+00,  9.2465912369944974E+00,  6.3399387912666416E+00,  1.5291248098115604E+00, -1.5359667665043881E+00,  6.3368794402263084E-01, -8.2777108725378934E-01, -1.8695433696350565E+00, -5.4312372340956916E-01, -2.0153968062858016E+00,  0.0000000000000000E+00,  0.0000000000000000E+00,  0.0000000000000000E+00,  0.0000000000000000E+00,  0.0000000000000000E+00,  0.0000000000000000E+00,  0.0000000000000000E+00,  0.0000000000000000E+00,  0.0000000000000000E+00,  0.0000000000000000E+00,  0.0000000000000000E+00,  0.0000000000000000E+00,  0.0000000000000000E+00,  0.0000000000000000E+00,  0.0000000000000000E+00,  0.0000000000000000E+00
  0.0000000000000000E+00,  3.1326253156294854E+02,  2.5223598099500759E+02,  2.3126229320184802E+02,  1.5772888940592205E+02,  1.1560536401188835E+02,  8.2702469983149996E+01,  8.2860298651432515E+01,  5.5492112277820510E+01,  7.4537575514815089E+00,  4.6704814998609301E+00,  7.9313322230479155E+00, -2.2760789593175801E-01, -1.9676288340297221E-01, -7.5165968400758310E-01, -9.3939652310403066E-01, -2.9603959483385580E+00, -4.6670043649934723E-01, -1.2064447647707379E+00, -5.9722772589344575E-01,  0.0000000000000000E+00,  0.0000000000000000E+00,  0.0000000000000000E+00,  0.0000000000000000E+00,  0.0000000000000000E+00,  0.0000000000000000E+00,  0.0000000000000000E+00,  0.0000000000000000E+00,  0.0000000000000000E+00,  0.0000000000000000E+00,  0.0000000000000000E+00,  0.0000000000000000E+00,  0.0000000000000000E+00,  0.0000000000000000E+00,  0.0000000000000000E+00,  0.0000000000000000E+00
  0.0000000000000000E+00,  3.0080767740322028E+02,  2.5856892868296291E+02,  2.5801055957071242E+02,  2.2417329575370721E+02,  7.9932904154769545E+01,  7.4894779290342001E+01,  6.5319367072668342E+01,  4.6643029145328896E+01,  3.3405019759713888E+00,  8.8228827547300774E+00,  1.0249465458049283E+00,  4.1526624695414558E+00,  1.5867068541233156E+00,  2.9914214211473364E+00, -2.0902285706545429E+00, -8.1099780850898462E-01, -3.6234495062294148E-01, -3.1272021043246503E+00, -2.9111442398791292E+00,  0.0000000000000000E+00,  0.0000000000000000E+00,  0.0000000000000000E+00,  0.0000000000000000E+00,  0.0000000000000000E+00,  0.0000000000000000E+00,  0.0000000000000000E+00,  0.0000000000000000E+00,  0.0000000000000000E+00,  0.0000000000000000E+00,  0.0000000000000000E+00,  0.0000000000000000E+00,  0.0000000000000000E+00,  0.0000000000000000E+00,  0.0000000000000000E+00,  0.0000000000000000E+00
  0.0000000000000000E+00,  2.7521785591345690E+02,  2.2304388932577206E+02,  2.0913483761645301E+02,  1.4835933137101395E+02,  1.0139958536566928E+02,  6.9906630198706267E+01,  7.4543103201481586E+01,  6.9102768142633963E+01,  9.1123095370786551E+00,  1.0388630088258775E+01, -1.5362398909956809E+00,  1.8923643849336536E-01, -3.2348731653821181E+00, -6.4548954137442838E-01, -2.5009671682187284E+00, -1.4917309950895064E+00, -2.3127559507517548E-01, -1.2126834205119774E-01, -6.8466473076590573E-01,  0.0000000000000000E+00,  0.0000000000000000E+00,  0.0000000000000000E+00,  0.0000000000000000E+00,  0.0000000000000000E+00,  0.0000000000000000E+00,  0.0000000000000000E+00,  0.0000000000000000E+00,  0.0000000000000000E+00,  0.0000000000000000E+00,  0.0000000000000000E+00,  0.0000000000000000E+00,  0.0000000000000000E+00,  0.0000000000000000E+00,  0.0000000000000000E+00,  0.0000000000000000E+00
  0.0000000000000000E+00,  3.1691251257172058E+02,  2.2508490533271194E+02,  1.8989347238350265E+02,  1.6865184340822839E+02,  1.3383001620309500E+02,  1.0604180716212193E+02,  6.7379648972811992E+01,  5.6095330519630494E+01,  7.5559765522042923E+00, -4.0833029840613673E+00, -4.3365958630979042E+00,  6.6097540611268712E-01, -8.5311207190839955E-01, -2.0294220347114127E+00, -3.1268456652263636E+00, -6.7504479974198617E-03, -6.2093495220236106E-01, -1.6666946351392298E-01, -6.4586168013720613E-01,  0.0000000000000000E+00,  0.0000000000000000E+00,  0.0000000000000000E+00,  0.0000000000000000E+00,  0.0000000000000000E+00,  0.0000000000000000E+00,  0.0000000000000000E+00,  0.0000000000000000E+00,  0.0000000000000000E+00,  0.0000000000000000E+00,  0.0000000000000000E+00,  0.0000000000000000E+00,  0.0000000000000000E+00,  0.0000000000000000E+00,  0.0000000000000000E+00,  0.0000000000000000E+00
  0.0000000000000000E+00,  2.9537910067283559E+02,  2.3002929080982508E+02,  1.6310162572026741E+02,  1.7037249587263810E+02,  1.3089448253818364E+02,  1.0317872438401687E+02,  5.5342039604734595E+01,  7.9817448956958458E+01,  1.0575553961215697E+01,  3.4298718321260289E+00,  3.9707662032868782E+00,  2.9474675238672470E+00, -1.2464531340256508E+00, -1.4759009565058752E+00, -1.5682073300670485E-01, -3.2498604804209128E+00, -2.6338418342867245E+00, -2.2662936150749138E+00,  1.3404725168189602E-01,  0.0000000000000000E+00,  0.0000000000000000E+00,  0.0000000000000000E+00,  0.0000000000000000E+00,  0.0000000000000000E+00,  0.0000000000000000E+00,  0.0000000000000000E+00,  0.0000000000000000E+00,  0.0000000000000000E+00,  0.0000000000000000E+00,  0.0000000000000000E+00,  0.0000000000000000E+00,  0.0000000000000000E+00,  0.0000000000000000E+00,  0.0000000000000000E+00,  0.0000000000000000E+00
  0.0000000000000000E+00,  3.3452220642161058E+02,  2.4812827395361370E+02,  2.5420915348467162E+02,  2.5407266286165563E+02,  9.4990713909876149E+01,  7.7746550110484606E+01,  6.1216113542636386E+01,  5.6162108744167298E+01,  6.9211982506339282E+00,  1.3415538587956691E+01,  6.9575610805029822E+00,  1.0241697959937568E+00, -1.5752558745055687E+00, -7.1369403634249728E-01, -5.8497071308852089E-01, -6.9042908164936545E-01, -1.3522970941043715E+00,  1.6895454102750795E-01, -2.4902171590080480E+00,  0.0000000000000000E+00,  0.0000000000000000E+00,  0.0000000000000000E+00,  0.0000000000000000E+00,  0.0000000000000000E+00,  0.0000000000000000E+00,  0.0000000000000000E+00,  0.0000000000000000E+00,  0.0000000000000000E+00,  0.0000000000000000E+00,  0.0000000000000000E+00,  0.0000000000000000E+00,  0.0000000000000000E+00,  0.0000000000000000E+00,  0.0000000000000000E+00,  0.0000000000000000E+00
  0.0000000000000000E+00,  3.0187296345058570E+02,  2.7567348720539621E+02,  2.4763302177334810E+02,  2.2478619779661807E+02,  1.1501518894522826E+02,  8.0796171799001058E+01,  6.7712384616226757E+01,  7.5156442070521734E+01,  7.9074183816738888E+00,  7.3559435101933293E+00,  5.3836544289314432E+00,  1.6441933864492579E+00,  1.9479265736771847E+00,  4.9738470679468705E-01, -1.5184749188912239E+00, -1.3896119135202554E+00, -1.2909476523754178E+00, -7.3345728972461544E-01, -7.7994312968472501E-01,  0.0000000000000000E+00,  0.0000000000000000E+00,  0.0000000000000000E+00,  0.0000000000000000E+00,  0.0000000000000000E+00,  0.0000000000000000E+00,  0.0000000000000000E+00,  0.0000000000000000E+00,  0.0000000000000000E+00,  0.0000000000000000E+00,  0.0000000000000000E+00,  0.0000000000000000E+00,  0.0000000000000000E+00,  0.0000000000000000E+00,  0.0000000000000000E+00,  0.0000000000000000E+00
  0.0000000000000000E+00,  2.4325094759729251E+02,  2.0384679627457558E+02,  1.8934498589438468E+02,  1.8014116731482792E+02,  1.2888884470472743E+02,  1.1142496689903261E+02,  8.1836506393873123E+01,  5.0530001556972422E+01,  1.0353754749198497E+01,  4.4028892593702196E+00,  7.5855367854379061E+00, -3.4782625210727485E+00, -2.6467638904103170E+00,  1.2942958039398516E+00,  2.1968993918867952E-01, -2.0658813591432179E+00,  2.6935126638511742E-01, -7.3699013758167453E-02,  5.3658804973065521E-02,  0.0000000000000000E+00,  0.0000000000000000E+00,  0.0000000000000000E+00,  0.0000000000000000E+00,  0.0000000000000000E+00,  0.0000000000000000E+00,  0.0000000000000000E+00,  0.0000000000000000E+00,  0.0000000000000000E+00,  0.0000000000000000E+00,  0.0000000000000000E+00,  0.0000000000000000E+00,  0.0000000000000000E+00,  0.0000000000000000E+00,  0.0000000000000000E+00,  0.0000000000000000E+00
  0.0000000000000000E+00,  2.9516058825779294E+02,  2.5235460892817022E+02,  2.3083988801699405E+02,  1.9401811520905221E+02,  1.0776333000293832E+02,  8.7037515070758815E+01,  5.6399908305221295E+01,  5.2756799450640329E+01,  8.4076351231878750E+00,  8.9006066992514832E-01,  6.8459123119839358E+00, -3.1502623224804793E-02, -3.3792666573720380E+00, -1.3862388473755409E+00,  2.9118897358060822E+00,  1.7232319769202702E+00, -1.1584511962091777E+00, -1.5268956924749020E+00, -2.3397811860558360E+00,  0.0000000000000000E+00,  0.0000000000000000E+00,  0.0000000000000000E+00,  0.0000000000000000E+00,  0.0000000000000000E+00,  0.0000000000000000E+00,  0.0000000000000000E+00,  0.0000000000000000E+00,  0.0000000000000000E+00,  0.0000000000000000E+00,  0.0000000000000000E+00,  0.0000000000000000E+00,  0.0000000000000000E+00,  0.0000000000000000E+00,  0.0000000000000000E+00,  0.0000000000000000E+00
  0.0000000000000000E+00,  2.8182620751038758E+02,  2.0970219537544000E+02,  1.9536912642791782E+02,  1.8366049704667077E+02,  1.2715549905059274E+02,  7.9433779330049276E+01,  8.1833599632160883E+01,  4.9512626079334858E+01,  7.4580112744616045E+00,  1.0213860725150425E+00,  3.1638748314686005E-01,  7.3047682307928543E+00, -2.0451295686782647E+00, -2.3101091604235346E+00, -1.0958707813815485E+00, -3.9843614710266677E+00,  1.2799619818627015E+00, -3.2809451730563977E+00,  2.9929636621941991E+00,  0.0000000000000000E+00,  0.0000000000000000E+00,  0.0000000000000000E+00,  0.0000000000000000E+00,  0.0000000000000000E+00,  0.0000000000000000E+00,  0.0000000000000000E+00,  0.0000000000000000E+00,  0.0000000000000000E+00,  0.0000000000000000E+00,  0.0000000000000000E+00,  0.0000000000000000E+00,  0.0000000000000000E+00,  0.0000000000000000E+00,  0.0000000000000000E+00,  0.0000000000000000E+00
  0.0000000000000000E+00,  2.5957075624973351E+02,  1.8528184498936440E+02,  1.8122370092778723E+02,  1.7187239818772372E+02,  1.1182383647818125E+02,  1.2546262679027525E+02,  7.3915818828624666E+01,  4.6820872662331368E+01,  4.4346290883522599E+00,  4.7918114304343806E+00,  6.6200899633728056E+00,  9.9479203221627266E-01, -5.0091334177098057E+00, -6.1030764816435275E+00, -7.5359091641202802E-01,  1.1738573933487961E+00,  2.3774115813743588E+00, -3.6247037299656348E-01, -1.9923171353602702E+00,  0.0000000000000000E+00,  0.0000000000000000E+00,  0.0000000000000000E+00,  0.0000000000000000E+00,  0.0000000000000000E+00,  0.0000000000000000E+00,  0.0000000000000000E+00,  0.0000000000000000E+00,  0.0000000000000000E+00,  0.0000000000000000E+00,  0.0000000000000000E+00,  0.0000000000000000E+00,  0.0000000000000000E+00,  0.0000000000000000E+00,  0.0000000000000000E+00,  0.0000000000000000E+00
  0.0000000000000000E+00,  3.1875740514364418E+02,  3.0195333760633088E+02,  2.6086431694450999E+02,  2.0152687381857675E+02,  1.0939843816991792E+02,  8.6356378948223949E+01,  7.6630699128015820E+01,  4.4755483871907231E+01,  6.2086223411994901E+00,  5.6752966840064314E+00,  8.9421855624631696E-01, -1.7251485382316600E+00, -4.4253338941109721E-01, -2.5175986821105072E+00,  8.9110992313628401E-02, -3.5302922484743253E+00, -8.4615122718529889E-01, -7.9228803550024574E-01, -2.7609197548105091E-01,  0.0000000000000000E+00,  0.0000000000000000E+00,  0.0000000000000000E+00,  0.0000000000000000E+00,  0.0000000000000000E+00,  0.0000000000000000E+00,  0.0000000000000000E+00,  0.0000000000000000E+00,  0.0000000000000000E+00,  0.0000000000000000E+00,  0.0000000000000000E+00,  0.0000000000000000E+00,  0.0000000000000000E+00,  0.0000000000000000E+00,  0.0000000000000000E+00,  0.0000000000000000E+00
  0.0000000000000000E+00,  2.5884519706575691E+02,  2.4239200590433387E+02,  1.8550786973153203E+02,  2.0215397208125324E+02,  9.3089832973845020E+01,  1.0455884636269155E+02,  7.3475784306483320E+01,  7.1613491487911588E+01,  1.1466771311583106E+01,  3.6468391120622101E+00,  5.0292210845232681E+00, -6.7026708872623075E-01,  2.0496649769236601E+00, -2.2758774896807665E-01, -3.2984962227396148E+00, -7.8080439170128457E-01, -5.4087477868558653E-01, -2.5033789915321867E+00, -9.6935443159432588E-01,  0.0000000000000000E+00,  0.0000000000000000E+00,  0.0000000000000000E+00,  0.0000000000000000E+00,  0.0000000000000000E+00,  0.0000000000000000E+00,  0.0000000000000000E+00,  0.0000000000000000E+00,  0.0000000000000000E+00,  0.0000000000000000E+00,  0.0000000000000000E+00,  0.0000000000000000E+00,  0.0000000000000000E+00,  0.0000000000000000E+00,  0.0000000000000000E+00,  0.0000000000000000E+00
  0.0000000000000000E+00,  3.1087597408875098E+02,  2.6776278178850890E+02,  2.3870985829673202E+02,  1.9993089696367980E+02,  9.5635833118287962E+01,  8.9556073091511479E+01,  9.0584592560489540E+01,  5.7978347073546445E+01,  4.7305673458199990E+00,  8.0028280431335119E-01,  7.8590104566623786E-01, -2.5652712747092030E+00,  2.7764509882466504E+00, -2.6525872344094319E+00, -4.3725441610168847E-01,  7.4006881639812905E-01, -3.0983964542160551E+00, -2.2390210697990511E+00, -5.0269727399156228E-01,  0.0000000000000000E+00,  0.0000000000000000E+00,  0.0000000000000000E+00,  0.0000000000000000E+00,  0.0000000000000000E+00,  0.0000000000000000E+00,  0.0000000000000000E+00,  0.0000000000000000E+00,  0.0000000000000000E+00,  0.0000000000000000E+00,  0.0000000000000000E+00,  0.0000000000000000E+00,  0.0000000000000000E+00,  0.0000000000000000E+00,  0.0000000000000000E+00,  0.0000000000000000E+00
  0.0000000000000000E+00,  2.9605160029428606E+02,  2.1750504069344032E+02,  2.0531354127689161E+02,  2.1344205329386716E+02,  1.1526401568287041E+02,  7.1791534458263925E+01,  7.1362926307103805E+01,  6.8017572623608828E+01,  4.9842171346326136E+00, -4.8559505882961140E-01,  6.0777544116512328E-01, -3.8611021067310602E-01,  3.7122948632473651E-01,  1.0960593869761199E+00,  1.4105733368728570E+00,  7.9752945949067344E-01, -2.4762318619963013E+00, -2.0129842260112003E+00, -7.6328439799099934E-01,  0.0000000000000000E+00,  0.0000000000000000E+00,  0.0000000000000000E+00,  0.0000000000000000E+00,  0.0000000000000000E+00,  0.0000000000000000E+00,  0.0000000000000000E+00,  0.0000000000000000E+00,  0.0000000000000000E+00,  0.0000000000000000E+00,  0.0000000000000000E+00,  0.0000000000000000E+00,  0.0000000000000000E+00,  0.0000000000000000E+00,  0.0000000000000000E+00,  0.0000000000000000E+00
  0.0000000000000000E+00,  2.0219804659667216E+02,  1.7921785691423392E+02,  1.7389441885956614E+02,  1.3026079467860092E+02,  8.7444980011060920E+01,  9.6418870969769799E+01,  7.4798274219308183E+01,  6.8399760298498393E+01,  1.3764145939208088E+01,  4.9233864852215987E+00,  3.0340045612237780E+00,  4.7175182850733659E+00,  4.8199835631875318E+00,  2.6624750595528970E+00, -2.1634718526385921E+00, -2.8001307719152644E+00, -1.6107175869715933E+00, -1.0582672074479493E+00, -1.4545790970895316E+00,  0.0000000000000000E+00,  0.0000000000000000E+00,  0.0000000000000000E+00,  0.0000000000000000E+00,  0.0000000000000000E+00,  0.0000000000000000E+00,  0.0000000000000000E+00,  0.0000000000000000E+00,  0.0000000000000000E+00,  0.0000000000000000E+00,  0.0000000000000000E+00,  0.0000000000000000E+00,  0.0000000000000000E+00,  0.0000000000000000E+00,  0.0000000000000000E+00,  0.0000000000000000E+00
  0.0000000000000000E+00,  3.4970438267554141E+02,  2.7604612953446895E+02,  1.8944297146221322E+02,  2.2953169861380204E+02,  1.3696992307634522E+02,  1.0555446577407821E+02,  5.3667545277053321E+01,  3.1132112342399736E+01,  7.3074429619899934E+00,  2.8374690215370704E+00, -1.2273602988075680E+00,  1.1153622903539269E+00, -1.6358838128598912E+00, -4.1553522526288589E-01,  2.0555835743396713E+00,  4.2285646653669700E+00, -4.0268177169031070E+00, -3.2879536142535382E+00,  1.0352996968419630E+00,  0.0000000000000000E+00,  0.0000000000000000E+00,  0.0000000000000000E+00,  0.0000000000000000E+00,  0.0000000000000000E+00,  0.0000000000000000E+00,  0.0000000000000000E+00,  0.0000000000000000E+00,  0.0000000000000000E+00,  0.0000000000000000E+00,  0.0000000000000000E+00,  0.0000000000000000E+00,  0.0000000000000000E+00,  0.0000000000000000E+00,  0.0000000000000000E+00,  0.0000000000000000E+00
  0.0000000000000000E+00,  3.5563543962254721E+02,  3.2553910151431916E+02,  2.2401695555222130E+02,  1.2786190359150039E+02,  1.7548287847972645E+02,  6.8752373090405854E+01,  8.3571956991455338E+01,  4.4320301575971840E+01,  6.8854882921873255E+00,  3.2316170006097931E+00,  3.3221493513921807E+00, -4.1587858182174076E+00, -2.5293670336914236E+00,  3.8119388422019655E+00, -1.0269096757342506E+00,  2.8067595211691758E+00, -2.8882079797935356E-01,  8.8498935395458034E-01, -3.1487176640288248E+00,  0.0000000000000000E+00,  0.0000000000000000E+00,  0.0000000000000000E+00,  0.0000000000000000E+00,  0.0000000000000000E+00,  0.0000000000000000E+00,  0.0000000000000000E+00,  0.0000000000000000E+00,  0.0000000000000000E+00,  0.0000000000000000E+00,  0.0000000000000000E+00,  0.0000000000000000E+00,  0.0000000000000000E+00,  0.0000000000000000E+00,  0.0000000000000000E+00,  0.0000000000000000E+00
  0.0000000000000000E+00,  2.1530540555694802E+02,  2.0620115894601014E+02,  1.7470826500169642E+02,  1.3363285605548350E+02,  1.4093662548474879E+02,  8.9853577880887201E+01,  8.9271836253754742E+01,  5.1236803027486502E+01,  9.6006477037246043E+00,  7.9732754131483521E+00,  7.1369807666444665E+00, -1.3445467080255291E+00,  1.0227104737867077E+00,  2.9673099040125237E+00,  3.0862030672539635E+00, -4.6055826819753189E+00,  1.7969536683181229E+00,  2.5910943249291130E-01, -7.9995197126369488E-01,  0.0000000000000000E+00,  0.0000000000000000E+00,  0.0000000000000000E+00,  0.0000000000000000E+00,  0.0000000000000000E+00,  0.0000000000000000E+00,  0.0000000000000000E+00,  0.0000000000000000E+00,  0.0000000000000000E+00,  0.0000000000000000E+00,  0.0000000000000000E+00,  0.0000000000000000E+00,  0.0000000000000000E+00,  0.0000000000000000E+00,  0.0000000000000000E+00,  0.0000000000000000E+00
  0.0000000000000000E+00,  3.2432306293867759E+02,  2.6098161530817856E+02,  2.3560845304453920E+02,  2.1771948174996561E+02,  1.4725209161957179E+02,  7.5790655670014274E+01,  5.9366027903073260E+01,  7.1160112048330475E+01,  7.7253490258806679E+00,  6.9193845545941777E+00, -1.2756990745997481E+00, -1.5200797972343487E+00, -2.0264440699719950E+00, -7.5505839521766260E-01,  1.1056377356437341E-01,  1.1236043153703230E+00, -4.4295094441056060E-01,  5.3538644553573000E-01, -9.7117467367748400E-01,  0.0000000000000000E+00,  0.0000000000000000E+00,  0.0000000000000000E+00,  0.0000000000000000E+00,  0.0000000000000000E+00,  0.0000000000000000E+00,  0.0000000000000000E+00,  0.0000000000000000E+00,  0.0000000000000000E+00,  0.0000000000000000E+00,  0.0000000000000000E+00,  0.0000000000000000E+00,  0.0000000000000000E+00,  0.0000000000000000E+00,  0.0000000000000000E+00,  0.0000000000000000E+00
  0.0000000000000000E+00,  3.0144843239316771E+02,  2.8006290286823753E+02,  2.3689037972710508E+02,  1.7765708439786471E+02,  1.1227251236090146E+02,  7.9777552879509273E+01,  5.0262866809728308E+01,  5.5083760049900349E+01,  9.6382329189214282E+00,  1.3751707492283662E+01,  1.7684828408676267E+00,  6.3215790874250706E+00,  2.0108658225751466E+00,  1.6413251812920704E+00, -1.8553150375572152E+00, -4.1030510565888765E+00, -2.0185168992179534E+00,  6.0284452146615752E-01, -2.0538971873414513E+00,  0.0000000000000000E+00,  0.0000000000000000E+00,  0.0000000000000000E+00,  0.0000000000000000E+00,  0.0000000000000000E+00,  0.0000000000000000E+00,  0.0000000000000000E+00,  0.0000000000000000E+00,  0.0000000000000000E+00,  0.0000000000000000E+00,  0.0000000000000000E+00,  0.0000000000000000E+00,  0.0000000000000000E+00,  0.0000000000000000E+00,  0.0000000000000000E+00,  0.0000000000000000E+00
  0.0000000000000000E+00,  3.1158321304293816E+02,  2.5829962995379600E+02,  2.0011199479397055E+02,  1.7662955002621965E+02,  9.9970930698771639E+01,  9.0615797748689033E+01,  8.5321892903791820E+01,  7.9322823934917807E+01,  7.4943780784184764E+00, -3.6655370390488073E-01, -1.1163897771257290E+00, -1.7068507221189977E+00, -1.5685560163962924E+00,  1.3811678956378941E+00, -2.3678107680509450E+00, -2.5207034401913777E+00,  1.9540693847521897E+00, -1.6760089564440630E+00, -2.3978223893379402E-01,  0.0000000000000000E+00,  0.0000000000000000E+00,  0.0000000000000000E+00,  0.0000000000000000E+00,  0.0000000000000000E+00,  0.0000000000000000E+00,  0.0000000000000000E+00,  0.0000000000000000E+00,  0.0000000000000000E+00,  0.0000000000000000E+00,  0.0000000000000000E+00,  0.0000000000000000E+00,  0.0000000000000000E+00,  0.0000000000000000E+00,  0.0000000000000000E+00,  0.0000000000000000E+00
  0.0000000000000000E+00,  2.5488054745829118E+02,  2.4001186649235115E+02,  2.1325179473475959E+02,  2.0173088417597239E+02,  1.1131739640750033E+02,  8.5037952221320637E+01,  7.4650998276582740E+01,  7.8870664531773670E+01,  1.0971674055014470E+01,  4.2970258658061589E-01, -1.2246718289195382E+00, -7.7680472619643304E-01, -3.3210663229955735E+00,  2.1801005003341061E+00, -1.3635904202049951E+00, -1.5604389059176000E+00, -2.9219299243376784E+00, -1.3033222309707770E+00, -7.8322149693222187E-01,  0.0000000000000000E+00,  0.0000000000000000E+00,  0.0000000000000000E+00,  0.0000000000000000E+00,  0.0000000000000000E+00,  0.0000000000000000E+00,  0.0000000000000000E+00,  0.0000000000000000E+00,  0.0000000000000000E+00,  0.0000000000000000E+00,  0.0000000000000000E+00,  0.0000000000000000E+00,  0.0000000000000000E+00,  0.0000000000000000E+00,  0.0000000000000000E+00,  0.0000000000000000E+00
  0.0000000000000000E+00,  3.0434042092837331E+02,  2.4840358224644899E+02,  1.9337394291667414E+02,  1.5287881218770860E+02,  9.7091221307219428E+01,  7.5008434395208212E+01,  5.8669295007447843E+01,  6.2574564750387452E+01,  6.8398501738306638E+00,  9.3910701619700028E+00,  6.4328785346024802E+00,  2.2191315795366755E+00, -2.3461585091615422E-01,  2.3460843898092421E-01, -1.3923794569184134E+00, -1.5036645875403454E+00, -3.7692278599128315E+00, -2.2017386358025446E+00, -2.4915821084519321E+00,  0.0000000000000000E+00,  0.0000000000000000E+00,  0.0000000000000000E+00,  0.0000000000000000E+00,  0.0000000000000000E+00,  0.0000000000000000E+00,  0.0000000000000000E+00,  0.0000000000000000E+00,  0.0000000000000000E+00,  0.0000000000000000E+00,  0.0000000000000000E+00,  0.0000000000000000E+00,  0.0000000000000000E+00,  0.0000000000000000E+00,  0.0000000000000000E+00,  0.0000000000000000E+00
  0.0000000000000000E+00,  3.5298633605770772E+02,  3.4549978788307510E+02,  2.5386053006899476E+02,  1.7244510775038000E+02,  7.8172637611973101E+01,  5.8608227394962356E+01,  6.3052017707435638E+01,  6.5504161404499129E+01,  1.3050626206227030E+01,  4.9120736652025041E+00,  3.0616584538697822E+00, -2.4868957805588945E+00, -1.2565327399589927E+00, -1.6791819545677296E+00, -1.9590021368916872E+00, -2.1752543174945300E+00, -5.6390252838740995E-02, -1.1479903240837332E+00, -2.0934231821561520E+00,  0.0000000000000000E+00,  0.0000000000000000E+00,  0.0000000000000000E+00,  0.0000000000000000E+00,  0.0000000000000000E+00,  0.0000000000000000E+00,  0.0000000000000000E+00,  0.0000000000000000E+00,  0.0000000000000000E+00,  0.0000000000000000E+00,  0.0000000000000000E+00,  0.0000000000000000E+00,  0.0000000000000000E+00,  0.0000000000000000E+00,  0.0000000000000000E+00,  0.0000000000000000E+00
  0.0000000000000000E+00,  3.1245228147289146E+02,  2.3790673551470593E+02,  2.3072345091973233E+02,  1.6295996846971767E+02,  1.3816363041484760E+02,  7.1367736802719975E+01,  8.1008083702190916E+01,  5.5083139318725202E+01,  1.0664947527711492E+01,  4.6971084097153568E+00,  6.9989663892516596E-01,  1.3536544046984256E+00,  2.6028645369997729E+00,  7.4916621664498795E-01, -2.2362518079126756E+00, -2.5102114865361163E+00, -1.7782084126612219E+00, -1.1830234557302952E+00, -1.8695031018129553E+00,  0.0000000000000000E+00,  0.0000000000000000E+00,  0.0000000000000000E+00,  0.0000000000000000E+00,  0.0000000000000000E+00,  0.0000000000000000E+00,  0.0000000000000000E+00,  0.0000000000000000E+00,  0.0000000000000000E+00,  0.0000000000000000E+00,  0.0000000000000000E+00,  0.0000000000000000E+00,  0.0000000000000000E+00,  0.0000000000000000E+00,  0.0000000000000000E+00,  0.0000000000000000E+00
  0.0000000000000000E+00,  2.2374559284207888E+02,  2.4212784930792509E+02,  1.8922517628087417E+02,  1.5933714551421170E+02,  1.2831472010607189E+02,  1.0117122846534986E+02,  8.8192244737396024E+01,  8.3154730017975737E+01,  1.1814110487193799E+01,  3.8179513627308506E+00,  2.8376083834461125E+00, -9.2943647176503852E-01, -2.5492780892031983E+00,  1.4165992480343448E-02,  1.0412266147240015E+00,  3.0984499618560069E-01, -8.5005056182436345E-01, -1.2017531636142564E+00, -1.4347452091626356E+00,  0.0000000000000000E+00,  0.0000000000000000E+00,  0.0000000000000000E+00,  0.0000000000000000E+00,  0.0000000000000000E+00,  0.0000000000000000E+00,  0.0000000000000000E+00,  0.0000000000000000E+00,  0.0000000000000000E+00,  0.0000000000000000E+00,  0.0000000000000000E+00,  0.0000000000000000E+00,  0.0000000000000000E+00,  0.0000000000000000E+00,  0.0000000000000000E+00,  0.0000000000000000E+00
  0.0000000000000000E+00,  2.9158631512213992E+02,  2.4270587414735576E+02,  2.0096565840024527E+02,  2.1015106645829979E+02,  1.4966534969592513E+02,  1.1603460273951748E+02,  7.4602853034782640E+01,  7.3936849753195972E+01,  7.1221568617026794E+00,  5.0428450885691909E+00,  2.3387493204017709E+00, -2.6346419266492549E+00,  2.9096627943469677E-02, -1.2184154160622462E-02, -2.6904351540524183E+00,  3.1640042359945664E-01,  1.0542597460049565E+00,  1.5918093183027100E+00, -2.6341842921777743E+00,  0.0000000000000000E+00,  0.0000000000000000E+00,  0.0000000000000000E+00,  0.0000000000000000E+00,  0.0000000000000000E+00,  0.0000000000000000E+00,  0.0000000000000000E+00,  0.0000000000000000E+00,  0.0000000000000000E+00,  0.0000000000000000E+00,  0.0000000000000000E+00,  0.0000000000000000E+00,  0.0000000000000000E+00,  0.0000000000000000E+00,  0.0000000000000000E+00,  0.0000000000000000E+00
  0.0000000000000000E+00,  3.3402687101181357E+02,  2.4084024208452010E+02,  2.2972497571668634E+02,  2.1312360276690328E+02,  1.1859636043895517E+02,  9.7210648636535197E+01,  6.6511358680031094E+01,  5.9703516639390557E+01,  8.6945657819804438E+00, -2.1117886316643180E+00,  5.7333733118863996E+00,  6.5371647351016904E-01,  2.8829705252635227E+00,  2.2530322651050758E+00, -4.8995514905539483E-01,  2.0934664675484544E+00, -3.3761968370981275E+00, -1.1692117727174520E+00, -3.0332394722314637E+00,  0.0000000000000000E+00,  0.0000000000000000E+00,  0.0000000000000000E+00,  0.0000000000000000E+00,  0.0000000000000000E+00,  0.0000000000000000E+00,  0.0000000000000000E+00,  0.0000000000000000E+00,  0.0000000000000000E+00,  0.0000000000000000E+00,  0.0000000000000000E+00,  0.0000000000000000E+00,  0.0000000000000000E+00,  0.0000000000000000E+00,  0.0000000000000000E+00,  0.0000000000000000E+00
  0.0000000000000000E+00,  2.0975196699413533E+02,  2.2646086345726292E+02,  1.9987428838581965E+02,  2.0730303879534719E+02,  1.2038840397052337E+02,  1.1144027871920223E+02,  8.3640574432901204E+01,  5.6180061453747960E+01,  1.8951241378114396E+00,  6.8237071504775280E+00,  8.2606838245286589E+00,  1.9095571508225575E+00, -4.7573909513483681E-01, -2.2280965731912197E+00, -8.3792443283858997E-01,  5.1389720259753791E-01, -1.1952515143177647E+00,  1.2982873817486222E+00, -1.6319060522996569E+00,  0.0000000000000000E+00,  0.0000000000000000E+00,  0.0000000000000000E+00,  0.0000000000000000E+00,  0.0000000000000000E+00,  0.0000000000000000E+00,  0.0000000000000000E+00,  0.0000000000000000E+00,  0.0000000000000000E+00,  0.0000000000000000E+00,  0.0000000000000000E+00,  0.0000000000000000E+00,  0.0000000000000000E+00,  0.0000000000000000E+00,  0.0000000000000000E+00,  0.0000000000000000E+00
  0.0000000000000000E+00,  3.2363513806105453E+02,  2.8079346595859448E+02,  2.3775934349836672E+02,  2.4317812304578558E+02,  1.0833873990369175E+02,  8.9763199242968028E+01,  5.8930461550566598E+01,  6.2982881968104991E+01,  8.4488105485103340E+00,  7.8679550537480658E+00, -8.3733681602411636E-01,  9.0246999933807359E-01, -3.3055289839895878E+00,  3.4226249000399935E+00, -1.0404679290346053E-01, -1.5344722592236422E+00, -1.1244220034426786E+00, -2.1919156932027577E+00,  6.3413410598984310E-02,  0.0000000000000000E+00,  0.0000000000000000E+00,  0.0000000000000000E+00,  0.0000000000000000E+00,  0.0000000000000000E+00,  0.0000000000000000E+00,  0.0000000000000000E+00,  0.0000000000000000E+00,  0.0000000000000000E+00,  0.0000000000000000E+00,  0.0000000000000000E+00,  0.0000000000000000E+00,  0.0000000000000000E+00,  0.0000000000000000E+00,  0.0000000000000000E+00,  0.0000000000000000E+00
  0.0000000000000000E+00,  2.8947395042475779E+02,  2.6653177390705633E+02,  2.4465708039400872E+02,  2.0562886350889727E+02,  8.5818006355994513E+01,  8.9754599467131996E+01,  9.3287017994596425E+01,  4.2659253677922671E+01,  1.1899018354246383E+01,  6.2474107459916244E+00,  1.9784347412822143E+00, -4.6295134667663742E+00, -7.5145201684387830E-01, -4.2903584560045260E+00,  5.8129807037807835E-01,  1.6659796262431357E+00, -9.3442657627120873E-01,  1.6477403829175152E-01,  4.8984094609579643E-01,  0.0000000000000000E+00,  0.0000000000000000E+00,  0.0000000000000000E+00,  0.0000000000000000E+00,  0.0000000000000000E+00,  0.0000000000000000E+00,  0.0000000000000000E+00,  0.0000000000000000E+00,  0.0000000000000000E+00,  0.0000000000000000E+00,  0.0000000000000000E+00,  0.0000000000000000E+00,  0.0000000000000000E+00,  0.0000000000000000E+00,  0.0000000000000000E+00,  0.0000000000000000E+00
  0.0000000000000000E+00,  2.1853025772114313E+02,  2.1279233467402824E+02,  1.7259847686462697E+02,  1.6821045036562066E+02,  1.2166911257654485E+02,  8.2332272906225541E+01,  8.4437781710013923E+01,  6.3173978315187462E+01,  7.5770932260331332E+00,  5.3019547222404810E+00,  4.9120571505614450E+00,  3.5492276506619032E+00, -3.0918159971230912E+00, -1.1423713360557208E-01, -2.7696276144856302E+00,  1.5628157634317574E-03, -8.9057258238461134E-01, -2.2135866004687741E+00,  3.9309018538137019E-01,  0.0000000000000000E+00,  0.0000000000000000E+00,  0.0000000000000000E+00,  0.0000000000000000E+00,  0.0000000000000000E+00,  0.0000000000000000E+00,  0.0000000000000000E+00,  0.0000000000000000E+00,  0.0000000000000000E+00,  0.0000000000000000E+00,  0.0000000000000000E+00,  0.0000000000000000E+00,  0.0000000000000000E+00,  0.0000000000000000E+00,  0.0000000000000000E+00,  0.0000000000000000E+00
  0.0000000000000000E+00,  3.2647274644226252E+02,  2.9592617728232079E+02,  2.9510287082783384E+02,  2.0546699276154385E+02,  1.0570101918028476E+02,  8.8006150078457850E+01,  7.1453094567605120E+01,  6.9254815554219036E+01,  3.2068497128917794E+00,  1.3818777061520677E+00, -1.3159108530531771E-01,  2.2768188181057134E+00, -7.7932521628719797E-01, -1.0170435084717377E+00, -1.7848739083183220E+00, -1.1773555590211773E+00, -1.3341695198128884E+00, -7.4010885635815171E-01, -8.5958302106225348E-01,  0.0000000000000000E+00,  0.0000000000000000E+00,  0.0000000000000000E+00,  0.0000000000000000E+00,  0.0000000000000000E+00,  0.0000000000000000E+00,  0.0000000000000000E+00,  0.0000000000000000E+00,  0.0000000000000000E+00,  0.0000000000000000E+00,  0.0000000000000000E+00,  0.0000000000000000E+00,  0.0000000000000000E+00,  0.0000000000000000E+00,  0.0000000000000000E+00,  0.0000000000000000E+00
  0.0000000000000000E+00,  2.8972396036649224E+02,  2.5370641700331387E+02,  1.9245556772190088E+02,  1.6684510779266049E+02,  1.1259488667504630E+02,  9.9443675775695766E+01,  7.3877457788132261E+01,  7.6267700568217521E+01, -1.2176059849986594E+00,  4.3952216109004514E+00,  8.7987031350362077E+00,  2.8487370700469858E+00, -1.0136887891398345E+00,  3.3524151719367650E+00, -4.4888352184836968E+00, -2.6996410960375719E+00, -1.7625442272398888E+00,  9.7146344091429981E-01, -1.7946918082578114E+00,  0.0000000000000000E+00,  0.0000000000000000E+00,  0.0000000000000000E+00,  0.0000000000000000E+00,  0.0000000000000000E+00,  0.0000000000000000E+00,  0.0000000000000000E+00,  0.0000000000000000E+00,  0.0000000000000000E+00,  0.0000000000000000E+00,  0.0000000000000000E+00,  0.0000000000000000E+00,  0.0000000000000000E+00,  0.0000000000000000E+00,  0.0000000000000000E+00,  0.0000000000000000E+00
  0.0000000000000000E+00,  3.2124788138354609E+02,  2.1739116327155185E+02,  2.0683816545709192E+02,  1.2487891291431265E+02,  1.6847538114335458E+02,  7.2660813657566123E+01,  9.3990128804701570E+01,  5.7764524390526176E+01,  9.1514202277342758E+00,  1.6730632774401872E+00, -7.8043858574074481E+00,  5.9719893568695177E+00,  2.8521728361161625E+00,  1.2869450952182122E+00, -6.9918274866749019E+00,  2.4349818917754735E+00, -2.8736541501660078E+00,  1.0272652129772690E+00,  7.0636392902749057E-01,  0.0000000000000000E+00,  0.0000000000000000E+00,  0.0000000000000000E+00,  0.0000000000000000E+00,  0.0000000000000000E+00,  0.0000000000000000E+00,  0.0000000000000000E+00,  0.0000000000000000E+00,  0.0000000000000000E+00,  0.0000000000000000E+00,  0.0000000000000000E+00,  0.0000000000000000E+00,  0.0000000000000000E+00,  0.0000000000000000E+00,  0.0000000000000000E+00,  0.0000000000000000E+00
  0.0000000000000000E+00,  3.7252130114907129E+02,  3.6310117422350902E+02,  2.5553934720210191E+02,  1.7226664704596766E+02,  1.0413287648424568E+02,  6.8472117777421630E+01,  7.5830534301707701E+01,  5.5634628379941475E+01,  1.3310298886136067E+01,  2.8314244709202185E-02, -5.0727067196534001E+00,  1.2015337856922894E+00,  1.1534322968102968E+00, -5.2042270027206019E+00, -1.5663802529962125E+00,  1.2914890031270780E+00, -7.0507344895235313E-01, -1.2284847497209119E+00,  6.0980953005679051E-01,  0.0000000000000000E+00,  0.0000000000000000E+00,  0.0000000000000000E+00,  0.0000000000000000E+00,  0.0000000000000000E+00,  0.0000000000000000E+00,  0.0000000000000000E+00,  0.0000000000000000E+00,  0.0000000000000000E+00,  0.0000000000000000E+00,  0.0000000000000000E+00,  0.0000000000000000E+00,  0.0000000000000000E+00,  0.0000000000000000E+00,  0.0000000000000000E+00,  0.0000000000000000E+00
  0.0000000000000000E+00,  2.5828233484021564E+02,  2.5491295727586865E+02,  2.2015482555349382E+02,  1.6960998214028155E+02,  1.0038178191342270E+02,  5.9504070830415358E+01,  7.5442217665868810E+01,  8.9588302036323057E+01,  1.4853421926571457E+01, -3.4635270087463148E+00,  5.1770836386188055E+00,  5.9792138705577909E+00, -5.3843203551683061E-01, -1.0499607871603951E+00, -3.0817966042773950E+00, -2.0556814954279510E+00,  4.0024829164318998E-01,  5.6064284695284528E-01,  2.5581239168075709E-01,  0.0000000000000000E+00,  0.0000000000000000E+00,  0.0000000000000000E+00,  0.0000000000000000E+00,  0.0000000000000000E+00,  0.0000000000000000E+00,  0.0000000000000000E+00,  0.0000000000000000E+00,  0.0000000000000000E+00,  0.0000000000000000E+00,  0.0000000000000000E+00,  0.0000000000000000E+00,  0.0000000000000000E+00,  0.0000000000000000E+00,  0.0000000000000000E+00,  0.0000000000000000E+00
  0.0000000000000000E+00,  2.7528315272169766E+02,  2.4628706234528690E+02,  2.1503333739976031E+02,  1.9122285096816108E+02,  1.2504883826142586E+02,  9.5665602453645590E+01,  1.1142594518315414E+02,  6.8259538745552902E+01,  1.2162758688419489E+01,  1.1398996432626792E+01, -1.9376175499999171E+00,  1.2348038530176755E+00, -3.7513776243201820E+00, -2.7416095354020138E+00, -5.3023826573654569E+00, -3.0500616916274330E+00,  1.6736837200029351E+00,  2.8412200881056249E-01, -5.8921826113351639E-01,  0.0000000000000000E+00,  0.0000000000000000E+00,  0.0000000000000000E+00,  0.0000000000000000E+00,  0.0000000000000000E+00,  0.0000000000000000E+00,  0.0000000000000000E+00,  0.0000000000000000E+00,  0.0000000000000000E+00,  0.0000000000000000E+00,  0.0000000000000000E+00,  0.0000000000000000E+00,  0.0000000000000000E+00,  0.0000000000000000E+00,  0.0000000000000000E+00,  0.0000000000000000E+00
  0.0000000000000000E+00,  2.6230299018715891E+02,  2.3694675995240081E+02,  2.3640499482999965E+02,  1.9946225596723193E+02,  1.1031310169152013E+02,  8.3664805559411036E+01,  8.2800662337068729E+01,  6.3709058285041010E+01,  5.0432540573799791E+00,  2.8211879612619377E+00,  6.9417168151902118E+00,  1.9744590566455678E-01, -4.0716784770252268E+00,  5.4582417814721715E+00,  4.2316039364823874E+00,  1.3580252162362747E+00, -1.1937459071034633E+00, -1.6071350890355931E+00, -3.3503634815890053E+00,  0.0000000000000000E+00,  0.0000000000000000E+00,  0.0000000000000000E+00,  0.0000000000000000E+00,  0.0000000000000000E+00,  0.0000000000000000E+00,  0.0000000000000000E+00,  0.0000000000000000E+00,  0.0000000000000000E+00,  0.0000000000000000E+00,  0.0000000000000000E+00,  0.0000000000000000E+00,  0.0000000000000000E+00,  0.0000000000000000E+00,  0.0000000000000000E+00,  0.0000000000000000E+00
  0.0000000000000000E+00,  2.7629715835161562E+02,  2.4383117801902830E+02,  2.2734018595903339E+02,  2.2125851513089134E+02,  8.5526580663428291E+01,  9.9190607072209787E+01,  8.0116077925806223E+01,  5.0015889853574485E+01,  1.1072188364054819E+01,  8.2438758602744020E+00,  3.5981122720273557E+00,  9.6961901466325440E-01,  2.8109704386894663E-01,  8.7272927759993379E-01,  1.1741771768639451E+00, -5.3290809952355467E-01,  9.0798275812009166E-02, -2.4438715765416630E-01, -2.4698123191029033E+00,  0.0000000000000000E+00,  0.0000000000000000E+00,  0.0000000000000000E+00,  0.0000000000000000E+00,  0.0000000000000000E+00,  0.0000000000000000E+00,  0.0000000000000000E+00,  0.0000000000000000E+00,  0.0000000000000000E+00,  0.0000000000000000E+00,  0.0000000000000000E+00,  0.0000000000000000E+00,  0.0000000000000000E+00,  0.0000000000000000E+00,  0.0000000000000000E+00,  0.0000000000000000E+00
  0.0000000000000000E+00,  2.1940853874614362E+02,  2.2264353317732480E+02,  2.1661170431101704E+02,  1.9792789928129352E+02,  1.2983710960332658E+02,  9.3075963161153226E+01,  7.6508109503170246E+01,  4.1875180086756956E+01,  7.1026746610822258E+00,  2.2931717246414234E+00,  7.7830267186341278E+00,  1.6744165158169775E+00, -2.7077563240870726E+00, -3.1284006115492788E+00,  2.5705414681187451E+00, -4.5948292305252370E-01, -1.1658292246501372E+00,  1.1189227349397584E+00, -1.8155927270878265E+00,  0.0000000000000000E+00,  0.0000000000000000E+00,  0.0000000000000000E+00,  0.0000000000000000E+00,  0.0000000000000000E+00,  0.0000000000000000E+00,  0.0000000000000000E+00,  0.0000000000000000E+00,  0.0000000000000000E+00,  0.0000000000000000E+00,  0.0000000000000000E+00,  0.0000000000000000E+00,  0.0000000000000000E+00,  0.0000000000000000E+00,  0.0000000000000000E+00,  0.0000000000000000E+00
  0.0000000000000000E+00,  2.8954511762089396E+02,  2.1658561754713838E+02,  1.9943616189489717E+02,  1.8416580102567610E+02,  1.1742782977947397E+02,  6.0925963229346543E+01,  6.0891102421316404E+01,  5.2351417875510833E+01,  7.1996953284432905E+00,  4.8626770429690396E+00,  5.2143627838144422E+00,  1.6648653304613035E+00, -3.2370277053127134E+00,  2.3889005714380014E+00, -2.6318331087899471E+00,  6.9996401430135080E-01,  3.6484611048482618E-01,  1.3209370184288494E-01, -3.1296715643364301E+00,  0.0000000000000000E+00,  0.0000000000000000E+00,  0.0000000000000000E+00,  0.0000000000000000E+00,  0.0000000000000000E+00,  0.0000000000000000E+00,  0.0000000000000000E+00,  0.0000000000000000E+00,  0.0000000000000000E+00,  0.0000000000000000E+00,  0.0000000000000000E+00,  0.0000000000000000E+00,  0.0000000000000000E+00,  0.0000000000000000E+00,  0.0000000000000000E+00,  0.0000000000000000E+00
  0.0000000000000000E+00,  3.0403751030656923E+02,  2.4690086195601413E+02,  2.3623789681333116E+02,  1.7688783491544996E+02,  9.4195358796677255E+01,  8.2922377058922564E+01,  6.5779366983697656E+01,  5.6174520346598825E+01,  2.4632100180061638E+00,  2.0161034451727016E+00, -1.0030914272232145E+00,  3.9783549636515607E+00,  1.1094900689708016E+00,  7.8842705117278022E-01, -2.0317901887266463E+00, -2.9399598331047345E+00, -1.9188213221357069E+00, -9.7623063803179910E-01, -9.3856087685683054E-01,  0.0000000000000000E+00,  0.0000000000000000E+00,  0.0000000000000000E+00,  0.0000000000000000E+00,  0.0000000000000000E+00,  0.0000000000000000E+00,  0.0000000000000000E+00,  0.0000000000000000E+00,  0.0000000000000000E+00,  0.0000000000000000E+00,  0.0000000000000000E+00,  0.0000000000000000E+00,  0.0000000000000000E+00,  0.0000000000000000E+00,  0.0000000000000000E+00,  0.0000000000000000E+00
  0.0000000000000000E+00,  2.4946807378888013E+02,  2.4263483587118057E+02,  2.3084852249059688E+02,  1.3825441420161280E+02,  1.0556104001421411E+02,  8.2325385694906089E+01,  7.4414363099240290E+01,  6.0456757093995606E+01,  9.4827706163951291E+00,  8.5318883773044476E+00, -6.7777437104288607E-01, -9.1445128728000125E-01, -2.2695986165301347E+00,  4.6881519914563707E-01, -1.4655521381897549E+00, -4.2086145452528223E-01, -2.6658138126038144E+00, -1.6076856749115822E+00, -1.0795385473010235E+00,  0.0000000000000000E+00,  0.0000000000000000E+00,  0.0000000000000000E+00,  0.0000000000000000E+00,  0.0000000000000000E+00,  0.0000000000000000E+00,  0.0000000000000000E+00,  0.0000000000000000E+00,  0.0000000000000000E+00,  0.0000000000000000E+00,  0.0000000000000000E+00,  0.0000000000000000E+00,  0.0000000000000000E+00,  0.0000000000000000E+00,  0.0000000000000000E+00,  0.0000000000000000E+00
  0.0000000000000000E+00,  3.6843708743868081E+02,  2.4799663904619734E+02,  1.5462368596173252E+02,  1.0927648935186653E+02,  1.4472511096882300E+02,  7.7774966759182050E+01,  7.0106223193827830E+01,  7.5520258059768892E+01,  6.2665972865921162E+00,  1.2641903813913853E+01,  3.9277599478639935E+00,  8.4406594217859787E-01, -1.5682821339821995E+00, -4.1735750529097340E+00, -9.6366872552098437E-01, -2.9647437018992484E-01, -1.0995729867492821E+00,  2.9295387701118702E-01, -4.5221295124989092E-01,  0.0000000000000000E+00,  0.0000000000000000E+00,  0.0000000000000000E+00,  0.0000000000000000E+00,  0.0000000000000000E+00,  0.0000000000000000E+00,  0.0000000000000000E+00,  0.0000000000000000E+00,  0.0000000000000000E+00,  0.0000000000000000E+00,  0.0000000000000000E+00,  0.0000000000000000E+00,  0.0000000000000000E+00,  0.0000000000000000E+00,  0.0000000000000000E+00,  0.0000000000000000E+00
  0.0000000000000000E+00,  3.0901084822793166E+02,  2.3994905250755008E+02,  2.2489411496470888E+02,  1.5305747747764195E+02,  8.0823344050728082E+01,  8.2806068024369694E+01,  8.2051274546682919E+01,  6.4062187082866302E+01,  1.2508795164688548E+01,  1.0282981185201395E+01,  2.5945670410433590E+00,  9.4741310832898140E-01,  8.9347303032663472E-01,  1.9997240968687606E+00, -2.9348352899716907E+00, -1.6147998306659597E+00, -1.9187839877469193E+00, -2.2126823572275884E+00, -3.0099202618938676E+00,  0.0000000000000000E+00,  0.0000000000000000E+00,  0.0000000000000000E+00,  0.0000000000000000E+00,  0.0000000000000000E+00,  0.0000000000000000E+00,  0.0000000000000000E+00,  0.0000000000000000E+00,  0.0000000000000000E+00,  0.0000000000000000E+00,  0.0000000000000000E+00,  0.0000000000000000E+00,  0.0000000000000000E+00,  0.0000000000000000E+00,  0.0000000000000000E+00,  0.0000000000000000E+00
  0.0000000000000000E+00,  2.9909535782377060E+02,  2.4663852017073566E+02,  2.1584037565202823E+02,  1.7407022589182128E+02,  6.7521864873350296E+01,  6.9128097569690325E+01,  6.0381528897913384E+01,  5.6988111040458648E+01,  1.0940438044997540E+01,  7.3075295008635131E+00,  6.1485838476252965E+00,  3.0232016513396367E+00,  4.5641369269964098E+00,  7.1891838150322940E-01,  5.2790744710511905E-01, -1.4038211961222391E+00, -2.3481980249327461E+00, -7.6303470508421922E-01, -1.1349791157452078E+00,  0.0000000000000000E+00,  0.0000000000000000E+00,  0.0000000000000000E+00,  0.0000000000000000E+00,  0.0000000000000000E+00,  0.0000000000000000E+00,  0.0000000000000000E+00,  0.0000000000000000E+00,  0.0000000000000000E+00,  0.0000000000000000E+00,  0.0000000000000000E+00,  0.0000000000000000E+00,  0.0000000000000000E+00,  0.0000000000000000E+00,  0.0000000000000000E+00,  0.0000000000000000E+00
  0.0000000000000000E+00,  2.8703894619339229E+02,  2.7491329143772475E+02,  2.3055330209188608E+02,  1.9659945224234326E+02,  9.1154075309887205E+01,  8.6816248704201811E+01,  7.3679387440020975E+01,  5.4936322953120964E+01,  6.5594848211918375E+00,  1.1722122422064452E+01,  1.3359143910531639E+00,  7.3313376400196297E+00, -3.5686192808632056E+00, -5.4480288888319528E-01,  2.1893928217945025E-01, -5.8051791977887124E-01, -1.3312015962003154E+00, -3.5987001078765886E+00, -7.9278151234623362E-01,  0.0000000000000000E+00,  0.0000000000000000E+00,  0.0000000000000000E+00,  0.0000000000000000E+00,  0.0000000000000000E+00,  0.0000000000000000E+00,  0.0000000000000000E+00,  0.0000000000000000E+00,  0.0000000000000000E+00,  0.0000000000000000E+00,  0.0000000000000000E+00,  0.0000000000000000E+00,  0.0000000000000000E+00,  0.0000000000000000E+00,  0.0000000000000000E+00,  0.0000000000000000E+00
  0.0000000000000000E+00,  3.3356756601134816E+02,  2.9929608382735802E+02,  1.9757937229496096E+02,  1.8286982808695984E+02,  1.1722896045756789E+02,  1.2309028383807211E+02,  6.2243838186287363E+01,  4.5164898675988297E+01,  7.9592175467337682E+00,  6.5959003235479905E+00, -1.5291857971104843E+00,  4.2811400998082618E+00, -2.0663650038927286E+00,  3.0746483754899971E+00,  6.6075146854623679E-02,  3.2727790511342247E-01, -1.5206177290066809E+00, -6.7512801870524441E-01, -8.6731577306215701E-01,  0.0000000000000000E+00,  0.0000000000000000E+00,  0.0000000000000000E+00,  0.0000000000000000E+00,  0.0000000000000000E+00,  0.0000000000000000E+00,  0.0000000000000000E+00,  0.0000000000000000E+00,  0.0000000000000000E+00,  0.0000000000000000E+00,  0.0000000000000000E+00,  0.0000000000000000E+00,  0.0000000000000000E+00,  0.0000000000000000E+00,  0.0000000000000000E+00,  0.0000000000000000E+00
  0.0000000000000000E+00,  2.4259622807619633E+02,  2.2314533511341580E+02,  2.0081380458182053E+02,  1.8155659478750334E+02,  1.2056206926708808E+02,  1.1391564759749730E+02,  8.0013124133400950E+01,  7.7288746308094517E+01,  5.6343623021013229E+00,  4.4855731365091955E-01,  2.7902168772369809E+00,  1.3067530122665474E+00,  5.2088195801546533E-01, -9.0021085937409318E-01, -8.9908445685935856E-01, -7.7455347411869102E-02, -1.9592692720832510E+00, -1.9916001352118373E-01, -5.5806337973833697E-01,  0.0000000000000000E+00,  0.0000000000000000E+00,  0.0000000000000000E+00,  0.0000000000000000E+00,  0.0000000000000000E+00,  0.0000000000000000E+00,  0.0000000000000000E+00,  0.0000000000000000E+00,  0.0000000000000000E+00,  0.0000000000000000E+00,  0.0000000000000000E+00,  0.0000000000000000E+00,  0.0000000000000000E+00,  0.0000000000000000E+00,  0.0000000000000000E+00,  0.0000000000000000E+00
  0.0000000000000000E+00,  3.0202986448208088E+02,  2.5750625842862826E+02,  2.0730953740931233E+02,  1.7584431241667625E+02,  1.1616652613764309E+02,  9.1704936995826003E+01,  8.4698012533575792E+01,  8.7099742363916533E+01,  1.0126473985221335E+01,  1.7391323251546407E+00,  3.1843920242570380E+00,  2.4033512477266985E+00,  3.2310126011115088E+00,  2.3040674062742035E+00, -7.8996796565570282E-01, -5.1288807265814196E-02, -2.3657251512529514E+00, -2.7871010426845944E-01, -2.3197871106281860E+00,  0.0000000000000000E+00,  0.0000000000000000E+00,  0.0000000000000000E+00,  0.0000000000000000E+00,  0.0000000000000000E+00,  0.0000000000000000E+00,  0.0000000000000000E+00,  0.0000000000000000E+00,  0.0000000000000000E+00,  0.0000000000000000E+00,  0.0000000000000000E+00,  0.0000000000000000E+00,  0.0000000000000000E+00,  0.0000000000000000E+00,  0.0000000000000000E+00,  0.0000000000000000E+00
  0.0000000000000000E+00,  3.0122520304744205E+02,  2.7832146024807616E+02,  2.7523428508443180E+02,  1.8540065463729931E+02,  1.1125997745146130E+02,  1.0344874653991857E+02,  8.7559913248673482E+01,  6.4165445575647738E+01,  9.1974238023461385E+00,  4.5900123949273279E+00,  1.4728194281965408E+00,  2.9171117388975905E+00, -2.2038518436137240E+00, -2.5921839984470392E+00,  1.2029727671933532E-01, -5.3858195540564680E-01, -2.5942390748888400E-01, -1.7079222468558921E+00, -1.6987354231112926E+00,  0.0000000000000000E+00,  0.0000000000000000E+00,  0.0000000000000000E+00,  0.0000000000000000E+00,  0.0000000000000000E+00,  0.0000000000000000E+00,  0.0000000000000000E+00,  0.0000000000000000E+00,  0.0000000000000000E+00,  0.0000000000000000E+00,  0.0000000000000000E+00,  0.0000000000000000E+00,  0.0000000000000000E+00,  0.0000000000000000E+00,  0.0000000000000000E+00,  0.0000000000000000E+00
  0.0000000000000000E+00,  3.2837275286126521E+02,  2.6183501135236304E+02,  2.0481098504113186E+02,  1.8425850546232124E+02,  1.4064522907884577E+02,  8.3380305859681343E+01,  7.0551677299769977E+01,  5.9811439168716561E+01,  1.2558840922861526E+01,  6.0654417885378757E+00, -2.4650707228733406E+00, -1.7202039664680591E-02, -4.3698364524144679E+00, -2.1875491440010819E-01, -2.6496353576198164E+00, -9.6940527984488423E-01,  1.0351833881966934E+00, -2.8331970531548847E+00, -2.8287049231865646E-01,  0.0000000000000000E+00,  0.0000000000000000E+00,  0.0000000000000000E+00,  0.0000000000000000E+00,  0.0000000000000000E+00,  0.0000000000000000E+00,  0.0000000000000000E+00,  0.0000000000000000E+00,  0.0000000000000000E+00,  0.0000000000000000E+00,  0.0000000000000000E+00,  0.0000000000000000E+00,  0.0000000000000000E+00,  0.0000000000000000E+00,  0.0000000000000000E+00,  0.0000000000000000E+00
  0.0000000000000000E+00,  2.6853489761439664E+02,  2.9256108058340328E+02,  2.3487817165022875E+02,  1.5357188662358746E+02,  1.1469661723517095E+02,  9.2712075071387574E+01,  7.1749215244403842E+01,  4.5518301520528148E+01,  8.6186891003044757E+00,  2.8844475348588112E+00,  4.6869086173528505E+00, -3.7025499838248477E+00, -2.4592406487084766E+00,  7.8961542315112521E-01,  7.0671504796182827E-01, -7.0492387971174963E-01, -2.4392230645103479E+00, -8.8335241761039107E-01, -3.3460323326735564E-01,  0.0000000000000000E+00,  0.0000000000000000E+00,  0.0000000000000000E+00,  0.0000000000000000E+00,  0.0000000000000000E+00,  0.0000000000000000E+00,  0.0000000000000000E+00,  0.0000000000000000E+00,  0.0000000000000000E+00,  0.0000000000000000E+00,  0.0000000000000000E+00,  0.0000000000000000E+00,  0.0000000000000000E+00,  0.0000000000000000E+00,  0.0000000000000000E+00,  0.0000000000000000E+00
  0.0000000000000000E+00,  2.7297746794253248E+02,  2.1441159503255597E+02,  1.7866927496643274E+02,  1.8952746779338304E+02,  1.1609745923908969E+02,  7.2919003773243986E+01,  6.1326877699721301E+01,  5.1298266783563612E+01,  1.5501069625964890E+01,  7.3588494017759079E+00,  7.4637819729550419E+00,  9.7921150570320137E-01,  3.7072539932762529E+00, -4.0593686842617913E+00,  8.2998926128533146E-01, -1.1214671390768203E+00, -4.0565589362312187E+00, -3.5619280889939682E+00,  2.3563688125301159E+00,  0.0000000000000000E+00,  0.0000000000000000E+00,  0.0000000000000000E+00,  0.0000000000000000E+00,  0.0000000000000000E+00,  0.0000000000000000E+00,  0.0000000000000000E+00,  0.0000000000000000E+00,  0.0000000000000000E+00,  0.0000000000000000E+00,  0.0000000000000000E+00,  0.0000000000000000E+00,  0.0000000000000000E+00,  0.0000000000000000E+00,  0.0000000000000000E+00,  0.0000000000000000E+00
  0.0000000000000000E+00,  2.4547832369721445E+02,  2.3180576939797601E+02,  2.0730125367558793E+02,  1.9907383739592075E+02,  1.3245828933553071E+02,  9.3324193996555906E+01,  7.5490457806638403E+01,  7.8416863356010026E+01,  3.2735436110093481E+00,  1.1229015784793662E+01,  3.2672854576838262E-01,  6.0217314888941242E-01, -2.9808348949791998E+00, -2.0900479776052641E+00, -5.5572830892161180E+00,  4.3560175154794951E+00,  2.0392264411261873E+00, -7.8414364676659476E-01, -1.2669077274461076E+00,  0.0000000000000000E+00,  0.0000000000000000E+00,  0.0000000000000000E+00,  0.0000000000000000E+00,  0.0000000000000000E+00,  0.0000000000000000E+00,  0.0000000000000000E+00,  0.0000000000000000E+00,  0.0000000000000000E+00,  0.0000000000000000E+00,  0.0000000000000000E+00,  0.0000000000000000E+00,  0.0000000000000000E+00,  0.0000000000000000E+00,  0.0000000000000000E+00,  0.0000000000000000E+00
  0.0000000000000000E+00,  3.5838349744006086E+02,  2.7682148242997101E+02,  2.4892161685424071E+02,  1.5266472887179890E+02,  1.7512856607423126E+02,  1.1522100593154745E+02,  6.9860254479572916E+01,  5.4067335298197264E+01,  6.4402683538527681E+00, -2.6961152700750635E+00, -5.9584921943602254E-01, -3.5898216387437936E+00, -2.4847671677526009E+00, -2.2961006179719696E+00,  3.8992038174358257E+00, -3.1020422596076358E+00, -2.0922362341932432E-01,  6.7839549633292240E-01, -2.2786575075382576E+00,  0.0000000000000000E+00,  0.0000000000000000E+00,  0.0000000000000000E+00,  0.0000000000000000E+00,  0.0000000000000000E+00,  0.0000000000000000E+00,  0.0000000000000000E+00,  0.0000000000000000E+00,  0.0000000000000000E+00,  0.0000000000000000E+00,  0.0000000000000000E+00,  0.0000000000000000E+00,  0.0000000000000000E+00,  0.0000000000000000E+00,  0.0000000000000000E+00,  0.0000000000000000E+00
  0.0000000000000000E+00,  2.3524328252898013E+02,  2.2801778948572354E+02,  2.0637052851613819E+02,  1.3980462801149676E+02,  9.2673410833169811E+01,  8.8765372114891932E+01,  5.8362279278611091E+01,  6.7842167496466999E+01,  1.6404667414106818E+01,  6.8729890117983459E+00,  8.7432747403088626E+00, -4.4009902072863039E-01,  1.9096911757300923E+00,  3.2963736636756114E+00, -1.6732993096650803E+00,  1.0431294555655501E-01, -2.4337172532870435E+00, -1.2968122378125604E+00, -1.3108309914210770E-01,  0.0000000000000000E+00,  0.0000000000000000E+00,  0.0000000000000000E+00,  0.0000000000000000E+00,  0.0000000000000000E+00,  0.0000000000000000E+00,  0.0000000000000000E+00,  0.0000000000000000E+00,  0.0000000000000000E+00,  0.0000000000000000E+00,  0.0000000000000000E+00,  0.0000000000000000E+00,  0.0000000000000000E+00,  0.0000000000000000E+00,  0.0000000000000000E+00,  0.0000000000000000E+00
  0.0000000000000000E+00,  3.3621436906003265E+02,  2.6191400652210751E+02,  2.7804195457648194E+02,  1.8753589982449080E+02,  1.1805652887280823E+02,  7.8968999694830615E+01,  8.4309442149784203E+01,  6.2878154789827576E+01,  6.8296954816115960E+00,  2.3276621347334707E+00, -2.4822075853215555E+00,  2.3684705878420500E+00,  2.4797045817870202E+00,  2.4575687377061861E-01, -8.1063276270813933E-01, -3.5110137270080362E+00, -9.0832962332866529E-01, -1.5000424595177519E-01, -5.8493365978567557E-01,  0.0000000000000000E+00,  0.0000000000000000E+00,  0.0000000000000000E+00,  0.0000000000000000E+00,  0.0000000000000000E+00,  0.0000000000000000E+00,  0.0000000000000000E+00,  0.0000000000000000E+00,  0.0000000000000000E+00,  0.0000000000000000E+00,  0.0000000000000000E+00,  0.0000000000000000E+00,  0.0000000000000000E+00,  0.0000000000000000E+00,  0.0000000000000000E+00,  0.0000000000000000E+00
  0.0000000000000000E+00,  3.3002409169744590E+02,  2.5229073060668705E+02,  2.5341503090829241E+02,  2.0005190482050324E+02,  1.0136689552665901E+02,  9.7399715119736584E+01,  9.4928317096097317E+01,  5.2463352317474168E+01,  1.9049017039012632E+01,  7.0040480974880026E-01,  5.2741265887812627E+00,  2.0000429150676458E+00, -4.2797194056419166E+00, -6.9573934860698117E-01, -3.6051391478403798E+00, -5.4744635307037193E-01, -7.7779234746478076E-01, -1.6955245452403540E+00,  4.4655006679766651E-01,  0.0000000000000000E+00,  0.0000000000000000E+00,  0.0000000000000000E+00,  0.0000000000000000E+00,  0.0000000000000000E+00,  0.0000000000000000E+00,  0.0000000000000000E+00,  0.0000000000000000E+00,  0.0000000000000000E+00,  0.0000000000000000E+00,  0.0000000000000000E+00,  0.0000000000000000E+00,  0.0000000000000000E+00,  0.0000000000000000E+00,  0.0000000000000000E+00,  0.0000000000000000E+00
  0.0000000000000000E+00,  2.6606667709739997E+02,  2.1717647808759594E+02,  1.9516852994066966E+02,  1.8507397194967774E+02,  1.2206612007799190E+02,  9.6414188218806231E+01,  7.9858906039344703E+01,  8.3482093688658068E+01,  9.6718348778426613E+00,  8.8238322974249321E+00,  5.1184633003521824E+00, -1.4959174559814703E+00, -1.7267779545997826E+00,  1.1497037641435259E-01, -4.5525426260552493E-01, -1.3610590542537069E+00, -4.7584892854915983E-01, -1.1237665781729227E+00, -1.4520091053111848E+00,  0.0000000000000000E+00,  0.0000000000000000E+00,  0.0000000000000000E+00,  0.0000000000000000E+00,  0.0000000000000000E+00,  0.0000000000000000E+00,  0.0000000000000000E+00,  0.0000000000000000E+00,  0.0000000000000000E+00,  0.0000000000000000E+00,  0.0000000000000000E+00,  0.0000000000000000E+00,  0.0000000000000000E+00,  0.0000000000000000E+00,  0.0000000000000000E+00,  0.0000000000000000E+00
  0.0000000000000000E+00,  2.7388058532678895E+02,  2.3540706258817028E+02,  2.0714430379246272E+02,  1.9870775349277653E+02,  1.3427806460380535E+02,  8.5705652435611142E+01,  7.0359626607749888E+01,  7.4684835482641830E+01,  6.9644238106209855E-01,  3.6720044272756009E+00,  3.8286194872936772E+00,  7.9223231730686905E-01,  6.8820511629125569E-01, -5.4806748506972092E-02, -2.6993553810544313E-01,  4.9754960153208927E-01, -1.3227024391509823E+00, -1.8783531385865251E+00, -1.7637878558062241E+00,  0.0000000000000000E+00,  0.0000000000000000E+00,  0.0000000000000000E+00,  0.0000000000000000E+00,  0.0000000000000000E+00,  0.0000000000000000E+00,  0.0000000000000000E+00,  0.0000000000000000E+00,  0.0000000000000000E+00,  0.0000000000000000E+00,  0.0000000000000000E+00,  0.0000000000000000E+00,  0.0000000000000000E+00,  0.0000000000000000E+00,  0.0000000000000000E+00,  0.0000000000000000E+00
  0.0000000000000000E+00,  2.8049090469496281E+02,  2.7230417850238973E+02,  2.2231467655381806E+02,  1.7069417167563245E+02,  1.0679288536473321E+02,  7.7427592904604211E+01,  7.9686059372941827E+01,  4.0903552087729651E+01,  3.4140583774902229E+00,  2.2306496453490041E+00,  4.7459102547839827E-01, -1.0699787575364459E+00,  1.0663152441154455E+00,  4.8953585633550194E+00, -5.1147333226349634E-01,  8.4247161889782518E-01, -1.9792572659547123E+00, -3.9345569185608076E-01, -8.6454012638542821E-01,  0.0000000000000000E+00,  0.0000000000000000E+00,  0.0000000000000000E+00,  0.0000000000000000E+00,  0.0000000000000000E+00,  0.0000000000000000E+00,  0.0000000000000000E+00,  0.0000000000000000E+00,  0.0000000000000000E+00,  0.0000000000000000E+00,  0.0000000000000000E+00,  0.0000000000000000E+00,  0.0000000000000000E+00,  0.0000000000000000E+00,  0.0000000000000000E+00,  0.0000000000000000E+00
  0.0000000000000000E+00,  2.7537333975682145E+02,  2.2260176567986446E+02,  1.6982613047871996E+02,  1.6083192084803849E+02,  1.1606549455554638E+02,  1.0567282237802362E+02,  6.6001939250044245E+01,  5.9316148688054099E+01,  2.1181976896257410E+01,  8.8122598094470472E-01, -1.1809901242638361E+00, -1.9854963369282315E+00,  2.9981521766208914E+00, -4.9401656233968705E-01,  8.0888173185243151E-01, -1.6616909133210549E+00, -2.4623827174496258E+00, -7.8197267381641877E-01, -5.6239489872472459E-01,  0.0000000000000000E+00,  0.0000000000000000E+00,  0.0000000000000000E+00,  0.0000000000000000E+00,  0.0000000000000000E+00,  0.0000000000000000E+00,  0.0000000000000000E+00,  0.0000000000000000E+00,  0.0000000000000000E+00,  0.0000000000000000E+00,  0.0000000000000000E+00,  0.0000000000000000E+00,  0.0000000000000000E+00,  0.0000000000000000E+00,  0.0000000000000000E+00,  0.0000000000000000E+00
  0.0000000000000000E+00,  3.1288786710361785E+02,  3.1096369907125808E+02,  2.8258193980870362E+02,  1.7522789147607818E+02,  8.1225833942832395E+01,  7.3344298289306977E+01,  5.8061649291529918E+01,  6.3352151101785111E+01,  9.4129001520089552E+00,  8.7486960592852121E+00,  2.4231305889939367E+00,  1.6539221005138316E-01,  6.6127274129495106E-01, -1.6188188503302721E+00, -1.0823001651161137E+00, -8.4869036480850868E-01, -1.9177804867031620E+00, -1.6872618382509010E+00, -6.9660222409303385E-01,  0.0000000000000000E+00,  0.0000000000000000E+00,  0.0000000000000000E+00,  0.0000000000000000E+00,  0.0000000000000000E+00,  0.0000000000000000E+00,  0.0000000000000000E+00,  0.0000000000000000E+00,  0.0000000000000000E+00,  0.0000000000000000E+00,  0.0000000000000000E+00,  0.0000000000000000E+00,  0.0000000000000000E+00,  0.0000000000000000E+00,  0.0000000000000000E+00,  0.0000000000000000E+00
  0.0000000000000000E+00,  3.9637361626578593E+02,  2.8306549728574106E+02,  1.9527326784483739E+02,  1.7245066850029451E+02,  8.7567894478401740E+01,  7.5462105731336123E+01,  8.4438631822637745E+01,  5.5194138255172163E+01,  5.3931191884273932E+00,  9.4788194282622911E+00,  1.8876931676776731E+00,  5.6266659887509700E+00,  1.3360864157726775E+00,  8.9565715407280777E-01, -2.6680668470715125E+00, -7.8848295023336057E-01, -1.9496256081794305E+00, -8.6329792244361148E-01, -7.2003845222660123E-01,  0.0000000000000000E+00,  0.0000000000000000E+00,  0.0000000000000000E+00,  0.0000000000000000E+00,  0.0000000000000000E+00,  0.0000000000000000E+00,  0.0000000000000000E+00,  0.0000000000000000E+00,  0.0000000000000000E+00,  0.0000000000000000E+00,  0.0000000000000000E+00,  0.0000000000000000E+00,  0.0000000000000000E+00,  0.0000000000000000E+00,  0.0000000000000000E+00,  0.0000000000000000E+00
  0.0000000000000000E+00,  2.5917704762933499E+02,  2.3159241672606584E+02,  1.9571655846647212E+02,  1.5554756531136579E+02,  1.2569520523727047E+02,  1.0681928878498280E+02,  1.1776862806745743E+02,  6.4074282361775147E+01,  1.9736094267935886E+00,  1.0575466115117926E+00,  3.4094846696367886E+00,  4.4053133688388471E+00,  1.3134104186197471E+00, -1.2206764523204381E+00, -1.6281488638429753E+00, -3.0478312909178364E+00,  7.0216821155375664E-01, -2.6326781886514112E+00, -2.1291943149624806E+00,  0.0000000000000000E+00,  0.0000000000000000E+00,  0.0000000000000000E+00,  0.0000000000000000E+00,  0.0000000000000000E+00,  0.0000000000000000E+00,  0.0000000000000000E+00,  0.0000000000000000E+00,  0.0000000000000000E+00,  0.0000000000000000E+00,  0.0000000000000000E+00,  0.0000000000000000E+00,  0.0000000000000000E+00,  0.0000000000000000E+00,  0.0000000000000000E+00,  0.0000000000000000E+00
  0.0000000000000000E+00,  2.8961428926502128E+02,  2.2688344499961605E+02,  2.2537577385279161E+02,  1.7513481239899400E+02,  1.0837008595350827E+02,  7.9321200781314531E+01,  7.0210485471099204E+01,  5.3807388361532958E+01,  7.5579294853075005E+00,  3.2599239109268510E+00,  2.2342820804647427E+00,  2.1302507787310532E-01,  4.2217261766965386E-01,  1.1129655853987570E+00, -2.5482978824740314E+00, -7.6091281758930540E-01, -8.5724328982348519E-01, -2.8207035877472784E+00, -1.0573676421501739E+00,  0.0000000000000000E+00,  0.0000000000000000E+00,  0.0000000000000000E+00,  0.0000000000000000E+00,  0.0000000000000000E+00,  0.0000000000000000E+00,  0.0000000000000000E+00,  0.0000000000000000E+00,  0.0000000000000000E+00,  0.0000000000000000E+00,  0.0000000000000000E+00,  0.0000000000000000E+00,  0.0000000000000000E+00,  0.0000000000000000E+00,  0.0000000000000000E+00,  0.0000000000000000E+00
  0.0000000000000000E+00,  2.5783500224911421E+02,  2.1994360090900580E+02,  2.2471495653373927E+02,  1.9151569858964214E+02,  1.0797536824352491E+02,  9.1155978287499238E+01,  7.0517032551601304E+01,  5.3891860429071471E+01,  5.8749398699948028E+00,  1.3817630925134736E+00, -1.9295541599673882E-01,  4.6649401196554230E-01,  3.3697465346109947E+00, -4.2714093943863407E-01,  7.3915997224485164E-01, -1.0443715576188328E+00, -2.0822882886642757E+00, -1.4086837009330384E+00, -8.7672041015525171E-01,  0.0000000000000000E+00,  0.0000000000000000E+00,  0.0000000000000000E+00,  0.0000000000000000E+00,  0.0000000000000000E+00,  0.0000000000000000E+00,  0.0000000000000000E+00,  0.0000000000000000E+00,  0.0000000000000000E+00,  0.0000000000000000E+00,  0.0000000000000000E+00,  0.0000000000000000E+00,  0.0000000000000000E+00,  0.0000000000000000E+00,  0.0000000000000000E+00,  0.0000000000000000E+00
  0.0000000000000000E+00,  2.9616308083355517E+02,  2.5102918022044014E+02,  1.8748128825810596E+02,  1.7080184089610492E+02,  1.1973166872344680E+02,  7.4793602321161359E+01,  7.2998869418073951E+01,  5.2226961510201541E+01,  9.4330547170869110E+00,  1.0554312591376121E+01,  5.9872679119797567E-01,  2.7640991354706639E+00, -5.4857613032169183E-01,  1.0030146307247989E-01, -3.0113114600215551E-01, -1.0614983723617226E+00, -1.6056652504701989E+00, -1.2517095624684240E+00, -1.1748783138676462E+00,  0.0000000000000000E+00,  0.0000000000000000E+00,  0.0000000000000000E+00,  0.0000000000000000E+00,  0.0000000000000000E+00,  0.0000000000000000E+00,  0.0000000000000000E+00,  0.0000000000000000E+00,  0.0000000000000000E+00,  0.0000000000000000E+00,  0.0000000000000000E+00,  0.0000000000000000E+00,  0.0000000000000000E+00,  0.0000000000000000E+00,  0.0000000000000000E+00,  0.0000000000000000E+00
  0.0000000000000000E+00,  3.1041878757274742E+02,  2.4406143941859898E+02,  2.3395423732044225E+02,  2.2416682886926642E+02,  8.2119018509805045E+01,  8.5468186382646579E+01,  6.5725633409230070E+01,  4.1044811955027448E+01,  7.1112892831630994E+00,  8.7176556533340470E+00,  4.9083354354125159E+00,  1.4908683304504606E+00,  6.1392013954369684E-01, -9.5573080857276338E-02, -8.0031441288819671E-01, -1.7127944911001247E-01, -8.3118607593821459E-01, -1.6986237016025436E+00, -1.2321525113243501E+00,  0.0000000000000000E+00,  0.0000000000000000E+00,  0.0000000000000000E+00,  0.0000000000000000E+00,  0.0000000000000000E+00,  0.0000000000000000E+00,  0.0000000000000000E+00,  0.0000000000000000E+00,  0.0000000000000000E+00,  0.0000000000000000E+00,  0.0000000000000000E+00,  0.0000000000000000E+00,  0.0000000000000000E+00,  0.0000000000000000E+00,  0.0000000000000000E+00,  0.0000000000000000E+00
  0.0000000000000000E+00,  2.5172063258007469E+02,  2.3480457993222086E+02,  1.9540240028392734E+02,  1.9293041761630460E+02,  1.0282618909256871E+02,  8.8206498556381717E+01,  7.9622564956067862E+01,  7.7448788252479659E+01,  1.0532532338325417E+01,  1.4665468622130351E+01,  1.6652971316728902E+00,  1.9642025742890947E+00,  1.0996825166243243E+00, -3.1588095753656731E-02, -1.6238931989886929E-01, -1.5371240296150739E+00, -1.1545350886084460E-01, -1.6861153498558190E+00, -1.0264452384762466E+00,  0.0000000000000000E+00,  0.0000000000000000E+00,  0.0000000000000000E+00,  0.0000000000000000E+00,  0.0000000000000000E+00,  0.0000000000000000E+00,  0.0000000000000000E+00,  0.0000000000000000E+00,  0.0000000000000000E+00,  0.0000000000000000E+00,  0.0000000000000000E+00,  0.0000000000000000E+00,  0.0000000000000000E+00,  0.0000000000000000E+00,  0.0000000000000000E+00,  0.0000000000000000E+00
  0.0000000000000000E+00,  2.5353108051276860E+02,  2.5795239787783510E+02,  2.4604577178611322E+02,  1.5640762983411713E+02,  1.2442648409773183E+02,  8.3426223096588160E+01,  8.6366500578339554E+01,  5.7478987148825048E+01,  1.2604397644169502E+01,  5.1585973479374729E+00,  5.3265265072702510E+00,  2.9464454809766369E+00, -4.8713276712329785E+00,  9.1074036658957347E-01, -3.5166949493855064E+00,  3.7811576672204250E-01, -2.4898183525716586E+00, -2.3478199455077378E+00,  6.3163690433056496E-01,  0.0000000000000000E+00,  0.0000000000000000E+00,  0.0000000000000000E+00,  0.0000000000000000E+00,  0.0000000000000000E+00,  0.0000000000000000E+00,  0.0000000000000000E+00,  0.0000000000000000E+00,  0.0000000000000000E+00,  0.0000000000000000E+00,  0.0000000000000000E+00,  0.0000000000000000E+00,  0.0000000000000000E+00,  0.0000000000000000E+00,  0.0000000000000000E+00,  0.0000000000000000E+00
  0.0000000000000000E+00,  3.2817154595968969E+02,  2.7490804808255984E+02,  2.4506552098094937E+02,  1.5590662681983835E+02,  1.2745122633077725E+02,  7.5621818681253657E+01,  5.4155744423880847E+01,  7.8003992397658692E+01,  1.3623374957667149E+00,  6.5170537241459421E+00,  1.2250971016629464E-01,  2.1667713749484863E+00,  2.1362676824834104E-01, -4.1032462342557547E+00, -5.0652183862828499E+00,  1.8072126870942125E+00,  1.5319984204145074E+00, -1.8124850018686574E+00,  7.0023244046406208E-01,  0.0000000000000000E+00,  0.0000000000000000E+00,  0.0000000000000000E+00,  0.0000000000000000E+00,  0.0000000000000000E+00,  0.0000000000000000E+00,  0.0000000000000000E+00,  0.0000000000000000E+00,  0.0000000000000000E+00,  0.0000000000000000E+00,  0.0000000000000000E+00,  0.0000000000000000E+00,  0.0000000000000000E+00,  0.0000000000000000E+00,  0.0000000000000000E+00,  0.0000000000000000E+00
  0.0000000000000000E+00,  2.2584673459495727E+02,  1.9237567917379295E+02,  2.1509288652772895E+02,  1.3640768671016122E+02,  1.4692336690464646E+02,  1.1247165076039771E+02,  9.3449327275423514E+01,  6.1840316741491364E+01,  1.1548553281467001E+01,  5.5313343411165583E-01, -3.9449100372356325E+00,  4.1089605024229883E+00, -3.1778496140223442E+00,  2.5071275307677832E+00, -1.2760958379308143E+00, -2.8240787707357828E-01, -1.0596748047317264E+00, -1.6978497157553463E-01, -3.5167932381165379E-01,  0.0000000000000000E+00,  0.0000000000000000E+00,  0.0000000000000000E+00,  0.0000000000000000E+00,  0.0000000000000000E+00,  0.0000000000000000E+00,  0.0000000000000000E+00,  0.0000000000000000E+00,  0.0000000000000000E+00,  0.0000000000000000E+00,  0.0000000000000000E+00,  0.0000000000000000E+00,  0.0000000000000000E+00,  0.0000000000000000E+00,  0.0000000000000000E+00,  0.0000000000000000E+00
  0.0000000000000000E+00,  3.2142129123728034E+02,  2.4737882535826174E+02,  2.5018799851693046E+02,  2.1715190555738414E+02,  1.3356302847882310E+02,  8.4764391745077319E+01,  6.5250119353880606E+01,  5.0715341203768475E+01,  1.2197711600575673E+01,  1.1460798596364992E+01, -1.2670136296567858E+00,  1.3138012683185440E+00, -3.2395571502436389E+00,  3.2197268576324349E+00, -1.2659494100619115E+00, -8.5098901119881321E-01, -2.1732282013785604E+00, -7.5024855614367048E-01,  1.0950357296259972E-01,  0.0000000000000000E+00,  0.0000000000000000E+00,  0.0000000000000000E+00,  0.0000000000000000E+00,  0.0000000000000000E+00,  0.0000000000000000E+00,  0.0000000000000000E+00,  0.0000000000000000E+00,  0.0000000000000000E+00,  0.0000000000000000E+00,  0.0000000000000000E+00,  0.0000000000000000E+00,  0.0000000000000000E+00,  0.0000000000000000E+00,  0.0000000000000000E+00,  0.0000000000000000E+00
  0.0000000000000000E+00,  2.7798886745531081E+02,  2.3908797472420915E+02,  2.4439486437214740E+02,  2.4651267153238746E+02,  1.0647126562337644E+02,  6.6586548393137193E+01,  6.2722546546208235E+01,  8.0485528923543768E+01,  1.1770094532417151E+01,  4.7900689244104591E+00,  1.0944033492388812E+00,  7.1071889875295646E-01, -1.2325253799555700E+00,  3.5568102050603034E+00, -1.2972090816149011E+00,  4.1438624596778233E+00, -3.3258448506644989E+00,  4.3609569535333237E-01, -1.1498032244331480E-01,  0.0000000000000000E+00,  0.0000000000000000E+00,  0.0000000000000000E+00,  0.0000000000000000E+00,  0.0000000000000000E+00,  0.0000000000000000E+00,  0.0000000000000000E+00,  0.0000000000000000E+00,  0.0000000000000000E+00,  0.0000000000000000E+00,  0.0000000000000000E+00,  0.0000000000000000E+00,  0.0000000000000000E+00,  0.0000000000000000E+00,  0.0000000000000000E+00,  0.0000000000000000E+00
  0.0000000000000000E+00,  2.6798040502745584E+02,  2.1995614760502065E+02,  2.1742732994328205E+02,  1.6821565552393946E+02,  1.1235514983523822E+02,  6.2487576516226241E+01,  6.9288185138064392E+01,  7.8201308976456559E+01,  1.9067641650887801E+01,  1.0021142844052729E+01,  1.1755003765887651E+00, -3.3766770390686975E+00,  3.6112464272079627E+00,  5.2456983764375327E+00, -4.4541655606132071E+00,  2.3177076309769262E-01,  1.1468012022925445E-01, -2.2818986662896625E+00,  8.7608276757581427E-01,  0.0000000000000000E+00,  0.0000000000000000E+00,  0.0000000000000000E+00,  0.0000000000000000E+00,  0.0000000000000000E+00,  0.0000000000000000E+00,  0.0000000000000000E+00,  0.0000000000000000E+00,  0.0000000000000000E+00,  0.0000000000000000E+00,  0.0000000000000000E+00,  0.0000000000000000E+00,  0.0000000000000000E+00,  0.0000000000000000E+00,  0.0000000000000000E+00,  0.0000000000000000E+00
  0.0000000000000000E+00,  2.5790985807247125E+02,  2.7419777605826710E+02,  2.2413107126261201E+02,  1.7413315512146355E+02,  1.1449993978563228E+02,  1.2447403032200451E+02,  5.6340681304416549E+01,  4.9641038103142435E+01, -3.1771517524629402E+00,  3.6760530837320715E+00, -4.9669478598817847E+00,  7.1106072787349142E+00,  1.3159338264223308E+00, -1.4115207395643692E+00, -3.6801596024149630E-01,  1.8993951951268406E+00, -1.0860516923762003E+00,  9.5057636038805038E-01, -9.0168580977392310E-01,  0.0000000000000000E+00,  0.0000000000000000E+00,  0.0000000000000000E+00,  0.0000000000000000E+00,  0.0000000000000000E+00,  0.0000000000000000E+00,  0.0000000000000000E+00,  0.0000000000000000E+00,  0.0000000000000000E+00,  0.0000000000000000E+00,  0.0000000000000000E+00,  0.0000000000000000E+00,  0.0000000000000000E+00,  0.0000000000000000E+00,  0.0000000000000000E+00,  0.0000000000000000E+00
  0.0000000000000000E+00,  2.6117108166802387E+02,  2.4593346324675269E+02,  1.9360535653296751E+02,  1.6257315133960179E+02,  9.9028144698207370E+01,  6.2414704823002538E+01,  7.3732605764249314E+01,  9.8421267275734408E+01,  9.6933410453582578E+00, -3.9864595047315414E+00,  4.4997576448936698E+00, -2.7828653326950636E-01, -9.1174331595184199E-01, -3.8188409550015763E+00, -2.2305910564177340E+00, -3.1253664213946775E+00,  1.2555177366122030E+00,  1.9838911231238385E+00, -6.5996477555247157E-01,  0.0000000000000000E+00,  0.0000000000000000E+00,  0.0000000000000000E+00,  0.0000000000000000E+00,  0.0000000000000000E+00,  0.0000000000000000E+00,  0.0000000000000000E+00,  0.0000000000000000E+00,  0.0000000000000000E+00,  0.0000000000000000E+00,  0.0000000000000000E+00,  0.0000000000000000E+00,  0.0000000000000000E+00,  0.0000000000000000E+00,  0.0000000000000000E+00,  0.0000000000000000E+00
  0.0000000000000000E+00,  2.5945440077660299E+02,  2.2591349707779574E+02,  2.2187054987953826E+02,  1.9592840443172463E+02,  1.1782349141284939E+02,  7.0300034788937850E+01,  5.4978718948439550E+01,  4.2140280177965401E+01,  1.5708677607971858E+01,  3.8032797421340518E+00,  7.0317981769401072E-01, -6.7151968190733324E-01,  4.2261803197721708E+00, -1.3543903071075185E+00, -1.4236872694875577E+00,  1.2315919364289014E+00, -2.9276681925641710E+00, -1.0448727611339237E+00,  4.2506409374165577E-01,  0.0000000000000000E+00,  0.0000000000000000E+00,  0.0000000000000000E+00,  0.0000000000000000E+00,  0.0000000000000000E+00,  0.0000000000000000E+00,  0.0000000000000000E+00,  0.0000000000000000E+00,  0.0000000000000000E+00,  0.0000000000000000E+00,  0.0000000000000000E+00,  0.0000000000000000E+00,  0.0000000000000000E+00,  0.0000000000000000E+00,  0.0000000000000000E+00,  0.0000000000000000E+00
  0.0000000000000000E+00,  3.1213881738665282E+02,  2.7812748796264486E+02,  2.2633056571159972E+02,  1.3938517629794526E+02,  1.0980019884014308E+02,  8.8439260225017236E+01,  9.6706932682775488E+01,  5.1942209991982971E+01,  9.9613526332554798E+00,  7.1427188859305311E+00,  2.5247288701565624E+00,  3.6893795431841863E+00,  3.5110795619714175E-01, -7.3621021680120524E-01, -7.0484397267189314E-01, -1.4194766529655158E+00, -2.0220025645525923E+00, -8.0434756912676053E-01, -5.5301626341402721E-01,  0.0000000000000000E+00,  0.0000000000000000E+00,  0.0000000000000000E+00,  0.0000000000000000E+00,  0.0000000000000000E+00,  0.0000000000000000E+00,  0.0000000000000000E+00,  0.0000000000000000E+00,  0.0000000000000000E+00,  0.0000000000000000E+00,  0.0000000000000000E+00,  0.0000000000000000E+00,  0.0000000000000000E+00,  0.0000000000000000E+00,  0.0000000000000000E+00,  0.0000000000000000E+00
  0.0000000000000000E+00,  3.2377621513967529E+02,  2.7327702013513613E+02,  2.3391102725414865E+02,  2.2262679978738831E+02,  1.0933448920070273E+02,  9.1590394761276343E+01,  6.4154909131502535E+01,  4.0455543843926691E+01,  1.6625654148816075E+01, -1.8675725283306566E-01,  2.9779580892498299E+00,  7.1032960263961087E-01, -2.1622436220035235E+00,  3.7240633344218388E-01,  8.6943568601407151E-01, -1.5851426752896858E+00,  9.4077682231179516E-01, -1.2142767304044497E+00, -7.7482266832560454E-01,  0.0000000000000000E+00,  0.0000000000000000E+00,  0.0000000000000000E+00,  0.0000000000000000E+00,  0.0000000000000000E+00,  0.0000000000000000E+00,  0.0000000000000000E+00,  0.0000000000000000E+00,  0.0000000000000000E+00,  0.0000000000000000E+00,  0.0000000000000000E+00,  0.0000000000000000E+00,  0.0000000000000000E+00,  0.0000000000000000E+00,  0.0000000000000000E+00,  0.0000000000000000E+00
  0.0000000000000000E+00,  2.8486948411873107E+02,  2.1334507679499569E+02,  2.0948995858149920E+02,  1.9166712198325098E+02,  1.2891193446248428E+02,  6.2433207520811351E+01,  6.3462500194665438E+01,  7.2955790371784147E+01,  7.3845745759853862E+00,  1.1818595717239150E+01,  9.1208576764159428E+00,  2.0856529529454200E+00, -2.3811963323951124E+00,  2.0325393290692015E+00, -4.7271543679579597E+00,  1.6118972116551442E+00, -3.0186040645622336E-01, -2.3626818543884491E+00, -2.5237672636937019E+00,  0.0000000000000000E+00,  0.0000000000000000E+00,  0.0000000000000000E+00,  0.0000000000000000E+00,  0.0000000000000000E+00,  0.0000000000000000E+00,  0.0000000000000000E+00,  0.0000000000000000E+00,  0.0000000000000000E+00,  0.0000000000000000E+00,  0.0000000000000000E+00,  0.0000000000000000E+00,  0.0000000000000000E+00,  0.0000000000000000E+00,  0.0000000000000000E+00,  0.0000000000000000E+00
  0.0000000000000000E+00,  3.7148654903215214E+02,  2.4704049814965595E+02,  2.1227839523850014E+02,  1.4432811980107812E+02,  1.2721548725568601E+02,  9.5983053648490454E+01,  8.6153829421769046E+01,  5.7207815362841188E+01,  6.7085784535658739E+00, -2.5693623074007190E+00,  2.9195989434462146E+00,  9.4104896875677824E-01, -1.1443394414660624E+00,  2.2202390861068677E+00, -3.1978695319099248E+00, -2.4673096840645137E-01, -1.2875532566262700E+00,  7.1774210394017768E-01,  9.8753539782651334E-02,  0.0000000000000000E+00,  0.0000000000000000E+00,  0.0000000000000000E+00,  0.0000000000000000E+00,  0.0000000000000000E+00,  0.0000000000000000E+00,  0.0000000000000000E+00,  0.0000000000000000E+00,  0.0000000000000000E+00,  0.0000000000000000E+00,  0.0000000000000000E+00,  0.0000000000000000E+00,  0.0000000000000000E+00,  0.0000000000000000E+00,  0.0000000000000000E+00,  0.0000000000000000E+00
  0.0000000000000000E+00,  2.9007270096070880E+02,  2.5485794418973177E+02,  2.2005418306014934E+02,  1.4556055096018071E+02,  1.2045349388353824E+02,  8.7846771514982436E+01,  7.9379340657420357E+01,  6.9728585960246690E+01,  1.2743109202300133E+01,  7.8414933008022683E+00,  2.3446140923658945E+00,  3.9446101568003464E+00,  3.7797638779838785E+00, -5.3546193460527114E-01, -2.3151510791950320E+00, -2.0577069019853313E+00, -3.9814102470410706E-01, -1.4971977121419571E+00, -8.3701086248775414E-01,  0.0000000000000000E+00,  0.0000000000000000E+00,  0.0000000000000000E+00,  0.0000000000000000E+00,  0.0000000000000000E+00,  0.0000000000000000E+00,  0.0000000000000000E+00,  0.0000000000000000E+00,  0.0000000000000000E+00,  0.0000000000000000E+00,  0.0000000000000000E+00,  0.0000000000000000E+00,  0.0000000000000000E+00,  0.0000000000000000E+00,  0.0000000000000000E+00,  0.0000000000000000E+00
  0.0000000000000000E+00,  2.5319550949767375E+02,  2.4240913627325381E+02,  2.3384446640105537E+02,  1.8563076408054255E+02,  1.1142012047252240E+02,  9.6924403212208261E+01,  8.1698961258992611E+01,  5.8162400921991392E+01,  1.5240518748204051E+01,  1.0344016244237638E+01,  1.8116446093258443E-01, -1.2667790109463963E+00, -1.0981387377378216E-01, -1.3312481377906291E+00, -1.2746280550251381E+00, -8.1312166163139743E-02, -2.2517360531815678E+00, -1.3659345908765119E+00, -7.8071924010946359E-01,  0.0000000000000000E+00,  0.0000000000000000E+00,  0.0000000000000000E+00,  0.0000000000000000E+00,  0.0000000000000000E+00,  0.0000000000000000E+00,  0.0000000000000000E+00,  0.0000000000000000E+00,  0.0000000000000000E+00,  0.0000000000000000E+00,  0.0000000000000000E+00,  0.0000000000000000E+00,  0.0000000000000000E+00,  0.0000000000000000E+00,  0.0000000000000000E+00,  0.0000000000000000E+00
  0.0000000000000000E+00,  2.8567008665108847E+02,  2.6701380009980841E+02,  2.5328622200094094E+02,  2.0539242184809660E+02,  1.1415948236680336E+02,  8.3156072176438187E+01,  5.7203309127386099E+01,  5.1234305072146242E+01,  8.1053938997741142E+00,  9.2578642503828732E+00,  8.2584569656099305E-01,  1.4003610880885908E+00, -6.4645178006179371E-01, -4.8248556089150618E-01,  1.4817947878151516E-01, -1.6270391282471186E+00, -1.1447393751319774E+00, -1.3753135094669204E+00, -1.8015654021903984E+00,  0.0000000000000000E+00,  0.0000000000000000E+00,  0.0000000000000000E+00,  0.0000000000000000E+00,  0.0000000000000000E+00,  0.0000000000000000E+00,  0.0000000000000000E+00,  0.0000000000000000E+00,  0.0000000000000000E+00,  0.0000000000000000E+00,  0.0000000000000000E+00,  0.0000000000000000E+00,  0.0000000000000000E+00,  0.0000000000000000E+00,  0.0000000000000000E+00,  0.0000000000000000E+00
  0.0000000000000000E+00,  3.0317204667320493E+02,  2.6356852851724869E+02,  2.0427075114941965E+02,  1.9556568424027921E+02,  1.3362102700505503E+02,  8.7894810373296480E+01,  5.7005123329698890E+01,  5.2870656668770252E+01,  6.2565955504153514E+00,  2.5540219769518373E+00,  2.1407874805609897E+00, -1.0241319333808114E+00,  1.2426798674196275E+00, -8.4126218670401176E-01, -2.4538801236091019E+00, -1.2112587380399629E+00, -1.2072700962701357E+00, -8.7685296470390672E-01, -1.1991147080213347E+00,  0.0000000000000000E+00,  0.0000000000000000E+00,  0.0000000000000000E+00,  0.0000000000000000E+00,  0.0000000000000000E+00,  0.0000000000000000E+00,  0.0000000000000000E+00,  0.0000000000000000E+00,  0.0000000000000000E+00,  0.0000000000000000E+00,  0.0000000000000000E+00,  0.0000000000000000E+00,  0.0000000000000000E+00,  0.0000000000000000E+00,  0.0000000000000000E+00,  0.0000000000000000E+00
  0.0000000000000000E+00,  2.6956152838172193E+02,  2.2437778885771218E+02,  2.2708042783043760E+02,  1.9208627436505139E+02,  1.0657606469089238E+02,  9.7711338134649637E+01,  7.4914039486936545E+01,  6.0713626810191421E+01,  4.5934767736541584E+00,  3.7750985808374438E+00, -4.8365128650587863E-01, -9.6358659682868719E-01, -4.0966220251838692E-01, -9.2511370223083400E-01, -5.1132493721778349E-01, -8.8527946804946467E-02, -2.2876040652683312E+00, -2.2497747728244812E+00, -1.7066416204168862E+00,  0.0000000000000000E+00,  0.0000000000000000E+00,  0.0000000000000000E+00,  0.0000000000000000E+00,  0.0000000000000000E+00,  0.0000000000000000E+00,  0.0000000000000000E+00,  0.0000000000000000E+00,  0.0000000000000000E+00,  0.0000000000000000E+00,  0.0000000000000000E+00,  0.0000000000000000E+00,  0.0000000000000000E+00,  0.0000000000000000E+00,  0.0000000000000000E+00,  0.0000000000000000E+00
  0.0000000000000000E+00,  2.6518320878655356E+02,  2.4431541225025146E+02,  1.9345260123695294E+02,  1.6858940404046422E+02,  1.0772591156076057E+02,  9.1509377567674832E+01,  8.0242856801615432E+01,  7.3728756443135524E+01,  1.0093665762737665E+00,  1.1680245044120205E+00,  6.1808688922919863E-01, -1.8407445109859868E+00,  5.3190560500077133E-01,  4.2635241664941947E-01, -2.0213271971092075E+00, -5.4161662665994514E-01,  6.9495421203921470E-01, -1.5735023165425477E+00, -1.2381462331667636E-01,  0.0000000000000000E+00,  0.0000000000000000E+00,  0.0000000000000000E+00,  0.0000000000000000E+00,  0.0000000000000000E+00,  0.0000000000000000E+00,  0.0000000000000000E+00,  0.0000000000000000E+00,  0.0000000000000000E+00,  0.0000000000000000E+00,  0.0000000000000000E+00,  0.0000000000000000E+00,  0.0000000000000000E+00,  0.0000000000000000E+00,  0.0000000000000000E+00,  0.0000000000000000E+00
  0.0000000000000000E+00,  2.7605196011172711E+02,  2.1103131597924374E+02,  2.0953012584032132E+02,  1.6887317768841649E+02,  1.1426929068435147E+02,  8.8911419007512990E+01,  7.3922268563271402E+01,  6.8816977418232852E+01,  1.3435713891777510E+01,  8.8080941620022948E+00,  1.0326619117868798E+00,  3.3460839916798601E+00,  8.1431782324950319E-01, -3.9276121524433316E+00,  2.2530826825356218E+00, -3.3472293272261799E+00, -8.9684340303206511E-01, -2.3216037823199476E-01, -1.0347528071986805E+00,  0.0000000000000000E+00,  0.0000000000000000E+00,  0.0000000000000000E+00,  0.0000000000000000E+00,  0.0000000000000000E+00,  0.0000000000000000E+00,  0.0000000000000000E+00,  0.0000000000000000E+00,  0.0000000000000000E+00,  0.0000000000000000E+00,  0.0000000000000000E+00,  0.0000000000000000E+00,  0.0000000000000000E+00,  0.0000000000000000E+00,  0.0000000000000000E+00,  0.0000000000000000E+00
  0.0000000000000000E+00,  3.6861093702775310E+02,  2.4823104608224784E+02,  2.3157452650553597E+02,  2.1919646297028521E+02,  8.3361103633426012E+01,  7.1201650652846638E+01,  9.2403634324184395E+01,  7.1706131573808179E+01,  6.9347127113395679E+00,  1.0221585566710178E+00, -7.7458598690119729E-01, -4.0304051623864838E+00,  2.6376095160297077E+00, -1.5093999874506316E+00, -4.0874680573028739E+00,  3.3453148566643129E+00,  1.4268782823268022E-01, -2.6856360631056968E+00, -6.6248214052083121E-01,  0.0000000000000000E+00,  0.0000000000000000E+00,  0.0000000000000000E+00,  0.0000000000000000E+00,  0.0000000000000000E+00,  0.0000000000000000E+00,  0.0000000000000000E+00,  0.0000000000000000E+00,  0.0000000000000000E+00,  0.0000000000000000E+00,  0.0000000000000000E+00,  0.0000000000000000E+00,  0.0000000000000000E+00,  0.0000000000000000E+00,  0.0000000000000000E+00,  0.0000000000000000E+00
  0.0000000000000000E+00,  3.3359062765974181E+02,  2.3684385132057665E+02,  1.8270354260412529E+02,  1.6351058462158133E+02,  9.6940620114087537E+01,  6.8389093692374018E+01,  6.6493072686641952E+01,  4.6420121097012881E+01,  5.7507024700843754E+00,  4.6471611947370981E+00,  4.9774655944211270E+00, -5.7890597267662471E+00,  5.0471856188079638E+00, -2.4467159673801913E+00,  1.9849471823272982E+00, -4.3586534672815596E+00,  3.3801713964061442E-01, -1.1063835473410817E+00, -1.6384436903602584E-02,  0.0000000000000000E+00,  0.0000000000000000E+00,  0.0000000000000000E+00,  0.0000000000000000E+00,  0.0000000000000000E+00,  0.0000000000000000E+00,  0.0000000000000000E+00,  0.0000000000000000E+00,  0.0000000000000000E+00,  0.0000000000000000E+00,  0.0000000000000000E+00,  0.0000000000000000E+00,  0.0000000000000000E+00,  0.0000000000000000E+00,  0.0000000000000000E+00,  0.0000000000000000E+00
  0.0000000000000000E+00,  2.7679695957453333E+02,  2.1071525194131320E+02,  1.7184996073549809E+02,  1.7956166304896001E+02,  9.6609887967986324E+01,  8.9082612273619830E+01,  7.2406237345550096E+01,  4.8553904811915977E+01,  9.7164300515323561E+00,  2.9899993700285616E+00,  1.1300619577840672E+01, -3.8220255703817543E+00, -3.8491477022426324E+00, -2.6589269168457363E+00, -4.3395312782929096E-01, -2.0262850355014068E+00, -1.1588440043834907E+00,  1.2327870851316280E-01, -5.9839664566862949E-01,  0.0000000000000000E+00,  0.0000000000000000E+00,  0.0000000000000000E+00,  0.0000000000000000E+00,  0.0000000000000000E+00,  0.0000000000000000E+00,  0.0000000000000000E+00,  0.0000000000000000E+00,  0.0000000000000000E+00,  0.0000000000000000E+00,  0.0000000000000000E+00,  0.0000000000000000E+00,  0.0000000000000000E+00,  0.0000000000000000E+00,  0.0000000000000000E+00,  0.0000000000000000E+00
  0.0000000000000000E+00,  3.6027089785270527E+02,  2.7204240062552407E+02,  2.7619599850117879E+02,  2.2266567342043840E+02,  1.1420086944554367E+02,  8.4954204190013229E+01,  6.2133489382360999E+01,  7.6793588551294874E+01,  1.4946446055557363E+00,  7.8800226837748841E+00, -6.1177222113883900E-01, -2.3540380835078247E+00, -1.4724722410783437E+00,  5.7759494884697204E-01, -4.0986164126150051E+00,  2.1413502052594708E+00, -1.0629093915009733E+00, -4.7174715725795657E+00, -5.9953575676177362E-01,  0.0000000000000000E+00,  0.0000000000000000E+00,  0.0000000000000000E+00,  0.0000000000000000E+00,  0.0000000000000000E+00,  0.0000000000000000E+00,  0.0000000000000000E+00,  0.0000000000000000E+00,  0.0000000000000000E+00,  0.0000000000000000E+00,  0.0000000000000000E+00,  0.0000000000000000E+00,  0.0000000000000000E+00,  0.0000000000000000E+00,  0.0000000000000000E+00,  0.0000000000000000E+00
  0.0000000000000000E+00,  3.4131547405462476E+02,  2.7246436761984626E+02,  2.5385014195774377E+02,  2.2098442637549465E+02,  1.6048040209277752E+02,  7.3017438246938269E+01,  8.5797642307575799E+01,  4.7930468609610969E+01,  2.1100248336966015E+01,  1.9090175570462371E+00, -2.5480738512086232E+00, -8.8716119361565227E-01, -7.0657385951064633E-01, -2.9418342154708377E+00,  2.3820347457668394E+00, -1.6751795215540750E+00, -2.9538290906871802E+00, -1.1828535450168309E-01, -1.4238371735759614E-01,  0.0000000000000000E+00,  0.0000000000000000E+00,  0.0000000000000000E+00,  0.0000000000000000E+00,  0.0000000000000000E+00,  0.0000000000000000E+00,  0.0000000000000000E+00,  0.0000000000000000E+00,  0.0000000000000000E+00,  0.0000000000000000E+00,  0.0000000000000000E+00,  0.0000000000000000E+00,  0.0000000000000000E+00,  0.0000000000000000E+00,  0.0000000000000000E+00,  0.0000000000000000E+00
  0.0000000000000000E+00,  2.5340087465885185E+02,  2.2932346971327985E+02,  1.9938458714784488E+02,  1.4840506465989034E+02,  1.5099490536071272E+02,  1.2162245577944320E+02,  7.1138405124494653E+01,  6.8487214978779221E+01,  4.8776193616939896E+00,  8.9505867184662939E+00,  4.5498097990348363E+00,  6.3281353180781608E+00, -2.2655240615604630E+00, -2.7293723430226882E+00, -9.6282724002697950E-01, -9.0773367789192960E-01, -4.4931565876923329E-01, -1.0041529106413911E+00, -5.9807441654021876E-01,  0.0000000000000000E+00,  0.0000000000000000E+00,  0.0000000000000000E+00,  0.0000000000000000E+00,  0.0000000000000000E+00,  0.0000000000000000E+00,  0.0000000000000000E+00,  0.0000000000000000E+00,  0.0000000000000000E+00,  0.0000000000000000E+00,  0.0000000000000000E+00,  0.0000000000000000E+00,  0.0000000000000000E+00,  0.0000000000000000E+00,  0.0000000000000000E+00,  0.0000000000000000E+00
  0.0000000000000000E+00,  3.1846836176891463E+02,  2.4254801208147654E+02,  2.3883373909998267E+02,  1.5701666220960917E+02,  1.2693414603442568E+02,  9.9493950477520315E+01,  8.3975657548911641E+01,  4.8373302106622013E+01,  1.1677663780441536E+01,  5.1922588785170696E+00, -3.2361573360056184E-01,  9.3602071799594633E-01,  4.6225572574892659E-01, -4.9092178613795312E-01, -3.2736321536004480E+00,  3.1662850204346160E-01, -5.1341453933086800E-01,  3.6306517682769268E-03,  4.2131379320817786E-02,  0.0000000000000000E+00,  0.0000000000000000E+00,  0.0000000000000000E+00,  0.0000000000000000E+00,  0.0000000000000000E+00,  0.0000000000000000E+00,  0.0000000000000000E+00,  0.0000000000000000E+00,  0.0000000000000000E+00,  0.0000000000000000E+00,  0.0000000000000000E+00,  0.0000000000000000E+00,  0.0000000000000000E+00,  0.0000000000000000E+00,  0.0000000000000000E+00,  0.0000000000000000E+00
  0.0000000000000000E+00,  3.4085859177404950E+02,  2.8390285100677829E+02,  2.4839302177387486E+02,  1.8284003001510115E+02,  1.4756837776629862E+02,  7.6359928483200775E+01,  7.6895855016694682E+01,  7.0560685071331847E+01,  2.9866995688440525E+00,  4.2642321935718392E+00,  1.3457659545620748E+00,  1.0699810106708512E+00,  2.0174261747656601E+00, -1.7079404557185400E+00, -4.9512359194938793E-01, -9.8284703629515624E-01, -1.2995382656090593E+00, -1.6144454668843611E+00, -1.0581202246369326E+00,  0.0000000000000000E+00,  0.0000000000000000E+00,  0.0000000000000000E+00,  0.0000000000000000E+00,  0.0000000000000000E+00,  0.0000000000000000E+00,  0.0000000000000000E+00,  0.0000000000000000E+00,  0.0000000000000000E+00,  0.0000000000000000E+00,  0.0000000000000000E+00,  0.0000000000000000E+00,  0.0000000000000000E+00,  0.0000000000000000E+00,  0.0000000000000000E+00,  0.0000000000000000E+00
  0.0000000000000000E+00,  2.7786014866651720E+02,  2.2641456519223729E+02,  2.5430807766725388E+02,  1.1247527903038794E+02,  1.5656308061781522E+02,  9.7473075782255762E+01,  5.7338661204141673E+01,  4.4071327216249173E+01,  1.0415876100981896E+01,  6.3261955984762377E+00,  3.0350551513511457E+00, -9.6953643576805604E-01,  4.3598708103592916E+00, -1.7591444107529774E-01, -3.4765759492345332E+00, -1.5503339775161695E+00,  5.6227118788705788E-02, -4.1950185657131698E+00, -1.0038522836949659E-01,  0.0000000000000000E+00,  0.0000000000000000E+00,  0.0000000000000000E+00,  0.0000000000000000E+00,  0.0000000000000000E+00,  0.0000000000000000E+00,  0.0000000000000000E+00,  0.0000000000000000E+00,  0.0000000000000000E+00,  0.0000000000000000E+00,  0.0000000000000000E+00,  0.0000000000000000E+00,  0.0000000000000000E+00,  0.0000000000000000E+00,  0.0000000000000000E+00,  0.0000000000000000E+00
  0.0000000000000000E+00,  2.6941148993510529E+02,  2.1048844575183853E+02,  1.6952956948678090E+02,  1.4544030225982678E+02,  9.5002267808136395E+01,  8.5913429626382651E+01,  8.7833153489303442E+01,  6.9356370039385894E+01,  1.3617887784161214E+01,  1.5498394239941025E+00,  1.2159786298036268E+00,  3.3828243739365069E+00, -3.6031164554378128E+00, -5.6541061761091171E-01, -1.0194416251200944E+00,  1.1033387854347376E+00,  8.3421566395698221E-01, -3.5854538969801530E+00, -4.5784763890673186E-01,  0.0000000000000000E+00,  0.0000000000000000E+00,  0.0000000000000000E+00,  0.0000000000000000E+00,  0.0000000000000000E+00,  0.0000000000000000E+00,  0.0000000000000000E+00,  0.0000000000000000E+00,  0.0000000000000000E+00,  0.0000000000000000E+00,  0.0000000000000000E+00,  0.0000000000000000E+00,  0.0000000000000000E+00,  0.0000000000000000E+00,  0.0000000000000000E+00,  0.0000000000000000E+00
  0.0000000000000000E+00,  3.2024866843917255E+02,  2.8589318596444082E+02,  3.0539614453425321E+02,  1.3610464822430305E+02,  8.5317036366037968E+01,  8.5034581999004729E+01,  5.8462484993305040E+01,  6.2194091062695570E+01,  7.6023909162472094E+00,  3.3770904353912372E+00,  7.8108481527090303E+00,  5.0625037401811266E+00, -5.3163447137547832E+00,  2.2824425320358532E+00, -1.3616746992178665E+00, -6.9878663977033240E-01, -3.3032079291114371E+00,  6.7640025295987538E-01, -2.1703130302279585E+00,  0.0000000000000000E+00,  0.0000000000000000E+00,  0.0000000000000000E+00,  0.0000000000000000E+00,  0.0000000000000000E+00,  0.0000000000000000E+00,  0.0000000000000000E+00,  0.0000000000000000E+00,  0.0000000000000000E+00,  0.0000000000000000E+00,  0.0000000000000000E+00,  0.0000000000000000E+00,  0.0000000000000000E+00,  0.0000000000000000E+00,  0.0000000000000000E+00,  0.0000000000000000E+00
  0.0000000000000000E+00,  2.6079845908510907E+02,  2.3091132964532733E+02,  1.4767096445949289E+02,  1.3046386300575517E+02,  9.9938266044694899E+01,  1.1129207798185797E+02,  7.7568909354493556E+01,  6.0004578696571869E+01,  1.7114079486150864E+01,  1.1362068004252617E+00,  6.1738196461643389E+00,  1.7357795948873163E+00, -1.4465851256505204E+00,  1.7662721406674624E+00,  3.8639864087017006E-01, -3.0294500321153359E+00, -9.7206539464344033E-01, -5.7597782531360364E-01, -6.2542636741539259E-01,  0.0000000000000000E+00,  0.0000000000000000E+00,  0.0000000000000000E+00,  0.0000000000000000E+00,  0.0000000000000000E+00,  0.0000000000000000E+00,  0.0000000000000000E+00,  0.0000000000000000E+00,  0.0000000000000000E+00,  0.0000000000000000E+00,  0.0000000000000000E+00,  0.0000000000000000E+00,  0.0000000000000000E+00,  0.0000000000000000E+00,  0.0000000000000000E+00,  0.0000000000000000E+00
  0.0000000000000000E+00,  2.9584437352184148E+02,  2.6748573720149784E+02,  2.1241466938720609E+02,  1.2159971108128204E+02,  1.6428623847401303E+02,  9.8854220236927276E+01,  6.2191565450730124E+01,  4.1176685512657436E+01,  3.1483865287385306E+00,  4.4169191586252161E+00,  1.8617225589204249E+00,  3.4564632871183409E-01,  1.9557345603362828E+00,  3.8827435319431984E+00, -5.0803210006991044E+00,  1.3231203025540683E-01, -3.2530866313270965E+00,  2.3885723049874352E-01, -8.8123133354077099E-01,  0.0000000000000000E+00,  0.0000000000000000E+00,  0.0000000000000000E+00,  0.0000000000000000E+00,  0.0000000000000000E+00,  0.0000000000000000E+00,  0.0000000000000000E+00,  0.0000000000000000E+00,  0.0000000000000000E+00,  0.0000000000000000E+00,  0.0000000000000000E+00,  0.0000000000000000E+00,  0.0000000000000000E+00,  0.0000000000000000E+00,  0.0000000000000000E+00,  0.0000000000000000E+00
  0.0000000000000000E+00,  3.7344190503679158E+02,  2.7756555175582611E+02,  2.1018084565844237E+02,  1.8252813167369084E+02,  7.1274235366881697E+01,  8.8178379034114613E+01,  6.6646661718685721E+01,  6.2778125340368959E+01,  2.1222623424335236E+01,  6.5764665973944840E+00,  6.8996550277302582E-01, -1.8735651226270784E+00, -2.2016424935716401E+00,  2.7979265408665182E+00, -1.4085798668019871E+00, -1.3702688389117410E+00, -3.4093142987651559E-01, -2.5846170740804268E+00, -9.6084885871038694E-01,  0.0000000000000000E+00,  0.0000000000000000E+00,  0.0000000000000000E+00,  0.0000000000000000E+00,  0.0000000000000000E+00,  0.0000000000000000E+00,  0.0000000000000000E+00,  0.0000000000000000E+00,  0.0000000000000000E+00,  0.0000000000000000E+00,  0.0000000000000000E+00,  0.0000000000000000E+00,  0.0000000000000000E+00,  0.0000000000000000E+00,  0.0000000000000000E+00,  0.0000000000000000E+00
  0.0000000000000000E+00,  3.0376371764651077E+02,  2.5159773215806297E+02,  2.2507983556563971E+02,  2.0386299275683558E+02,  9.6957448492833606E+01,  9.2965200921490577E+01,  5.6911632838914201E+01,  5.6632262081004626E+01,  9.0901146175100571E+00,  4.5161384670099327E+00,  2.5103350244265625E+00,  2.0620406681226164E+00, -3.6182523644866471E-01,  6.7198916127841368E-01, -8.9024308094264093E-01, -2.9240795049437418E-01, -2.4515923806574356E+00, -8.4686054774729214E-01, -1.2600413026396038E+00,  0.0000000000000000E+00,  0.0000000000000000E+00,  0.0000000000000000E+00,  0.0000000000000000E+00,  0.0000000000000000E+00,  0.0000000000000000E+00,  0.0000000000000000E+00,  0.0000000000000000E+00,  0.0000000000000000E+00,  0.0000000000000000E+00,  0.0000000000000000E+00,  0.0000000000000000E+00,  0.0000000000000000E+00,  0.0000000000000000E+00,  0.0000000000000000E+00,  0.0000000000000000E+00
  0.0000000000000000E+00,  2.9448524107971059E+02,  2.2928105305745544E+02,  1.8427846706348996E+02,  1.7156416731924816E+02,  1.1325171915269617E+02,  1.1072335848799841E+02,  8.7693094892990416E+01,  6.3617774123760725E+01,  3.1664836858096521E+00,  3.4560520049219940E+00, -1.6932840361520505E+00, -1.5046022367643683E+00, -2.4740559748516482E+00, -2.3011204824146310E+00, -1.3129637015492883E+00,  4.0212419569974767E-01, -8.3248219556310010E-01, -8.9404387586920198E-01, -3.8352283159661149E-01,  0.0000000000000000E+00,  0.0000000000000000E+00,  0.0000000000000000E+00,  0.0000000000000000E+00,  0.0000000000000000E+00,  0.0000000000000000E+00,  0.0000000000000000E+00,  0.0000000000000000E+00,  0.0000000000000000E+00,  0.0000000000000000E+00,  0.0000000000000000E+00,  0.0000000000000000E+00,  0.0000000000000000E+00,  0.0000000000000000E+00,  0.0000000000000000E+00,  0.0000000000000000E+00
  0.0000000000000000E+00,  2.6161796563343552E+02,  2.4695530669419588E+02,  2.2762252130221887E+02,  1.8261067009614450E+02,  8.2568192429432301E+01,  8.7870709840783832E+01,  7.3887868532822694E+01,  5.0122981982971140E+01, -1.5303681572856735E+00,  5.0806958917439680E+00,  4.7714795780398074E+00,  2.1032367325338406E+00, -2.7651320215172528E+00,  6.8221003903096111E-01, -9.6478891393552813E-01, -5.4220729965383763E-01, -1.4483882294215302E+00, -6.1607941002215161E-01, -1.8176090783136687E+00,  0.0000000000000000E+00,  0.0000000000000000E+00,  0.0000000000000000E+00,  0.0000000000000000E+00,  0.0000000000000000E+00,  0.0000000000000000E+00,  0.0000000000000000E+00,  0.0000000000000000E+00,  0.0000000000000000E+00,  0.0000000000000000E+00,  0.0000000000000000E+00,  0.0000000000000000E+00,  0.0000000000000000E+00,  0.0000000000000000E+00,  0.0000000000000000E+00,  0.0000000000000000E+00
  0.0000000000000000E+00,  2.4869491781299979E+02,  2.1577816409320900E+02,  2.1972759948465585E+02,  1.8991471236795448E+02,  9.5024640387742807E+01,  7.7058884228900155E+01,  7.2463756007754085E+01,  5.5766301946545667E+01,  1.0380681731924158E+01,  6.2639298233604901E+00,  1.3284506033730725E-01,  8.9338536011655023E-01,  1.4198828282073253E+00, -1.7757883976427467E+00, -1.7995483549077540E+00, -6.8814742332569034E-01, -1.3528143916281890E+00, -2.1397586767740555E+00, -1.0182092924102311E+00,  0.0000000000000000E+00,  0.0000000000000000E+00,  0.0000000000000000E+00,  0.0000000000000000E+00,  0.0000000000000000E+00,  0.0000000000000000E+00,  0.0000000000000000E+00,  0.0000000000000000E+00,  0.0000000000000000E+00,  0.0000000000000000E+00,  0.0000000000000000E+00,  0.0000000000000000E+00,  0.0000000000000000E+00,  0.0000000000000000E+00,  0.0000000000000000E+00,  0.0000000000000000E+00
  0.0000000000000000E+00,  3.0172298101521602E+02,  2.7583836799676158E+02,  2.3351119516664016E+02,  1.7222602596307314E+02,  1.1988083304612724E+02,  9.9422564489295596E+01,  6.6092385258590866E+01,  5.2499825488004618E+01,  4.7543986018951454E+00,  7.2350094895795110E+00,  9.7545821257363663E-01, -2.6305513210304170E+00, -5.9933108875036201E-01, -8.0671151892664650E-01, -1.4346663075983517E+00, -1.9766876508903510E+00, -3.0288179487443201E+00,  1.9918757279708910E-01, -6.1599577167350428E-01,  0.0000000000000000E+00,  0.0000000000000000E+00,  0.0000000000000000E+00,  0.0000000000000000E+00,  0.0000000000000000E+00,  0.0000000000000000E+00,  0.0000000000000000E+00,  0.0000000000000000E+00,  0.0000000000000000E+00,  0.0000000000000000E+00,  0.0000000000000000E+00,  0.0000000000000000E+00,  0.0000000000000000E+00,  0.0000000000000000E+00,  0.0000000000000000E+00,  0.0000000000000000E+00
  0.0000000000000000E+00,  2.8243440438817618E+02,  2.5511728023257990E+02,  2.0119094908989456E+02,  1.9686674174792768E+02,  8.7166058216144293E+01,  8.6497455254252785E+01,  6.6356373414902095E+01,  6.2992990386630566E+01,  5.9005438231009197E+00,  7.3823446308097171E+00,  6.8920802596023769E+00,  3.6541503241608773E+00, -3.5462967736734834E+00,  1.5566292055073117E-01,  3.6996634744864076E-01, -1.8468749644348144E+00, -6.0192861377646834E-01, -8.5424755597879143E-01, -1.8502993212629080E+00,  0.0000000000000000E+00,  0.0000000000000000E+00,  0.0000000000000000E+00,  0.0000000000000000E+00,  0.0000000000000000E+00,  0.0000000000000000E+00,  0.0000000000000000E+00,  0.0000000000000000E+00,  0.0000000000000000E+00,  0.0000000000000000E+00,  0.0000000000000000E+00,  0.0000000000000000E+00,  0.0000000000000000E+00,  0.0000000000000000E+00,  0.0000000000000000E+00,  0.0000000000000000E+00
  0.0000000000000000E+00,  2.9684131681682021E+02,  3.0881267805594257E+02,  2.6551446559384999E+02,  2.1638208615671931E+02,  7.7410438804212149E+01,  7.6430972607008272E+01,  7.6696716929831979E+01,  5.5464300587127198E+01,  8.9093151823297543E+00,  1.0158788330807266E+01, -2.6815112562220769E+00,  7.1411422313838102E-01, -2.6473139006843311E+00, -1.4549640629280933E+00, -3.0816109887636531E+00,  1.0081056675337150E+00, -1.4313281225642722E+00, -1.6144668805624063E-01, -1.5302814141799770E-01,  0.0000000000000000E+00,  0.0000000000000000E+00,  0.0000000000000000E+00,  0.0000000000000000E+00,  0.0000000000000000E+00,  0.0000000000000000E+00,  0.0000000000000000E+00,  0.0000000000000000E+00,  0.0000000000000000E+00,  0.0000000000000000E+00,  0.0000000000000000E+00,  0.0000000000000000E+00,  0.0000000000000000E+00,  0.0000000000000000E+00,  0.0000000000000000E+00,  0.0000000000000000E+00
  0.0000000000000000E+00,  2.8264422143570323E+02,  2.3217782260949437E+02,  1.8756484336764822E+02,  1.7837104347187557E+02,  1.2819845958122386E+02,  1.2234128857333188E+02,  8.0759772455071882E+01,  7.7768977014815775E+01,  2.2027873013318757E+00,  3.5692732536492819E+00, -1.3096225823734819E-01,  6.1695271645634993E+00, -3.3969968141315832E+00, -2.1862325606884676E+00, -1.9719729113230486E+00, -3.0545089557329246E+00, -1.3514556480343145E+00, -4.2945754333512554E-02,  1.3641142684461127E-01,  0.0000000000000000E+00,  0.0000000000000000E+00,  0.0000000000000000E+00,  0.0000000000000000E+00,  0.0000000000000000E+00,  0.0000000000000000E+00,  0.0000000000000000E+00,  0.0000000000000000E+00,  0.0000000000000000E+00,  0.0000000000000000E+00,  0.0000000000000000E+00,  0.0000000000000000E+00,  0.0000000000000000E+00,  0.0000000000000000E+00,  0.0000000000000000E+00,  0.0000000000000000E+00
  0.0000000000000000E+00,  2.8977953187775177E+02,  2.7285238017127290E+02,  1.5846266762469693E+02,  1.6340910160693159E+02,  8.2604136067235487E+01,  7.3919225608093058E+01,  6.4731923849100838E+01,  7.5091143205894838E+01,  7.1580630767451812E+00,  9.0936099990846841E-01,  1.7009640844420737E-01, -3.8637752793909774E+00, -3.6840094212214067E+00, -4.1913792925947391E-01,  2.0685201286193777E-01,  9.4202606501279984E-01,  1.0009016741660695E+00, -2.1394117856774084E+00, -9.3944032758621354E-01,  0.0000000000000000E+00,  0.0000000000000000E+00,  0.0000000000000000E+00,  0.0000000000000000E+00,  0.0000000000000000E+00,  0.0000000000000000E+00,  0.0000000000000000E+00,  0.0000000000000000E+00,  0.0000000000000000E+00,  0.0000000000000000E+00,  0.0000000000000000E+00,  0.0000000000000000E+00,  0.0000000000000000E+00,  0.0000000000000000E+00,  0.0000000000000000E+00,  0.0000000000000000E+00
  0.0000000000000000E+00,  3.0891481220306065E+02,  2.4726383352183393E+02,  2.3708862871557693E+02,  1.8984564037299586E+02,  1.1236789821956964E+02,  7.1239674152241520E+01,  6.4580246901343287E+01,  4.9812362728185221E+01,  5.8475788779746232E+00,  4.8550263383311254E-01, -6.5746765336769286E-01,  1.9318867518269016E+00, -1.6326361347882736E+00, -3.7063053027245134E+00,  2.3553069631638799E+00,  9.6954321333834681E-01, -3.0424122671153682E+00, -2.4717723913846239E+00, -1.4640253577125830E+00,  0.0000000000000000E+00,  0.0000000000000000E+00,  0.0000000000000000E+00,  0.0000000000000000E+00,  0.0000000000000000E+00,  0.0000000000000000E+00,  0.0000000000000000E+00,  0.0000000000000000E+00,  0.0000000000000000E+00,  0.0000000000000000E+00,  0.0000000000000000E+00,  0.0000000000000000E+00,  0.0000000000000000E+00,  0.0000000000000000E+00,  0.0000000000000000E+00,  0.0000000000000000E+00
  0.0000000000000000E+00,  3.1381264567796711E+02,  2.7407795022663481E+02,  1.7440649068638777E+02,  1.7729876594835520E+02,  1.0822204979643891E+02,  7.0341904060113237E+01,  7.8880489538333777E+01,  6.0411981568938288E+01,  5.3979018454573513E+00,  4.0409760600100508E+00, -4.1439313474176673E+00, -1.7635013613713033E+00, -4.9765341865078287E+00,  3.0821686040098655E+00, -1.2364744414705755E+00, -2.5700325177544343E+00,  1.6515775823195478E+00, -1.4979311135793143E+00,  4.3748435800625662E-01,  0.0000000000000000E+00,  0.0000000000000000E+00,  0.0000000000000000E+00,  0.0000000000000000E+00,  0.0000000000000000E+00,  0.0000000000000000E+00,  0.0000000000000000E+00,  0.0000000000000000E+00,  0.0000000000000000E+00,  0.0000000000000000E+00,  0.0000000000000000E+00,  0.0000000000000000E+00,  0.0000000000000000E+00,  0.0000000000000000E+00,  0.0000000000000000E+00,  0.0000000000000000E+00
  0.0000000000000000E+00,  2.2452908195022860E+02,  1.9994556347492968E+02,  1.3666244224576428E+02,  1.7929756397680990E+02,  1.5769293094442185E+02,  8.5362717373483960E+01,  7.9186432264496517E+01,  6.0800099525724335E+01,  8.3707210834994541E+00,  1.2946491436131886E+00, -4.8024670964129337E+00, -2.1178008336189622E+00, -1.6986228444439653E+00,  1.9911644547226963E+00, -2.1914579320547278E+00, -4.2158222588056171E-01,  1.3390875165534357E+00, -2.2288839101255435E+00,  3.2708773834818583E-01,  0.0000000000000000E+00,  0.0000000000000000E+00,  0.0000000000000000E+00,  0.0000000000000000E+00,  0.0000000000000000E+00,  0.0000000000000000E+00,  0.0000000000000000E+00,  0.0000000000000000E+00,  0.0000000000000000E+00,  0.0000000000000000E+00,  0.0000000000000000E+00,  0.0000000000000000E+00,  0.0000000000000000E+00,  0.0000000000000000E+00,  0.0000000000000000E+00,  0.0000000000000000E+00
  0.0000000000000000E+00,  2.6497785633122186E+02,  2.5895304357676036E+02,  2.5504780939601054E+02,  2.5735843744630654E+02,  8.9870167474338501E+01,  8.2006447708461536E+01,  4.0386237355419766E+01,  5.5343677680967900E+01,  5.9473262867303038E+00,  7.9971591364849637E+00,  5.0526279171552719E+00, -1.9510672169356598E+00,  2.2799018925527470E-01, -2.5843043302492950E+00, -7.9157769397053279E-01, -2.5538154979094054E+00,  2.7359468754661442E-01, -1.3356120461210104E+00, -1.7045808870728862E-01,  0.0000000000000000E+00,  0.0000000000000000E+00,  0.0000000000000000E+00,  0.0000000000000000E+00,  0.0000000000000000E+00,  0.0000000000000000E+00,  0.0000000000000000E+00,  0.0000000000000000E+00,  0.0000000000000000E+00,  0.0000000000000000E+00,  0.0000000000000000E+00,  0.0000000000000000E+00,  0.0000000000000000E+00,  0.0000000000000000E+00,  0.0000000000000000E+00,  0.0000000000000000E+00
  0.0000000000000000E+00,  2.5150842780109230E+02,  2.3819537669300254E+02,  2.2293456049490271E+02,  1.4683320788078805E+02,  1.2797500014385442E+02,  7.0079255083912642E+01,  7.4306679202080218E+01,  7.3402045442233430E+01,  8.6231599376344157E+00,  1.6893170776018049E+00,  3.8415321664113797E+00,  4.3883542753952192E+00,  2.6278684990554932E+00, -1.8094478200135580E+00,  1.8030128636191507E+00,  5.0164184373834209E-01, -6.5780373703377393E-01, -4.1290890808518488E-01, -1.7196283660102609E+00,  0.0000000000000000E+00,  0.0000000000000000E+00,  0.0000000000000000E+00,  0.0000000000000000E+00,  0.0000000000000000E+00,  0.0000000000000000E+00,  0.0000000000000000E+00,  0.0000000000000000E+00,  0.0000000000000000E+00,  0.0000000000000000E+00,  0.0000000000000000E+00,  0.0000000000000000E+00,  0.0000000000000000E+00,  0.0000000000000000E+00,  0.0000000000000000E+00,  0.0000000000000000E+00
  0.0000000000000000E+00,  2.4835849176372230E+02,  2.5124643791348336E+02,  2.3346473991802037E+02,  1.5755998128286501E+02,  9.7086477230514632E+01,  9.6980364611978089E+01,  7.6423645196514599E+01,  4.6974280212562867E+01,  8.8031827490180525E+00,  6.7285590321444921E+00,  3.5256354555597369E+00,  1.7224925006241936E+00,  6.0420412453389005E-01,  3.9950871811170732E+00,  1.7053912203992283E-01,  3.0888253479123620E+00, -1.3976724441801203E+00, -1.6695757623859271E+00, -1.0663410788652441E+00,  0.0000000000000000E+00,  0.0000000000000000E+00,  0.0000000000000000E+00,  0.0000000000000000E+00,  0.0000000000000000E+00,  0.0000000000000000E+00,  0.0000000000000000E+00,  0.0000000000000000E+00,  0.0000000000000000E+00,  0.0000000000000000E+00,  0.0000000000000000E+00,  0.0000000000000000E+00,  0.0000000000000000E+00,  0.0000000000000000E+00,  0.0000000000000000E+00,  0.0000000000000000E+00
  0.0000000000000000E+00,  2.8581539268624169E+02,  2.4249729708741904E+02,  2.1829773769021938E+02,  2.1421018632084949E+02,  8.6977454931731714E+01,  5.8629393087976155E+01,  6.6592120315859262E+01,  8.1788575136738785E+01,  8.5256985857452108E+00,  1.4848391794091267E+01,  7.6074191821129560E+00, -1.5734004315055117E-02, -3.5344011143656306E-01, -4.8516789237579960E+00,  3.0196503058483186E+00, -2.7321245810398760E+00, -7.6954051721649819E-01,  9.9894651645342969E-01, -4.1557603292508638E-01,  0.0000000000000000E+00,  0.0000000000000000E+00,  0.0000000000000000E+00,  0.0000000000000000E+00,  0.0000000000000000E+00,  0.0000000000000000E+00,  0.0000000000000000E+00,  0.0000000000000000E+00,  0.0000000000000000E+00,  0.0000000000000000E+00,  0.0000000000000000E+00,  0.0000000000000000E+00,  0.0000000000000000E+00,  0.0000000000000000E+00,  0.0000000000000000E+00,  0.0000000000000000E+00
  0.0000000000000000E+00,  2.9034941701348100E+02,  2.8646771438954443E+02,  2.3236499467206266E+02,  2.0445057957181791E+02,  1.3674554391823153E+02,  1.0738807338046010E+02,  8.7881512790787667E+01,  7.3648639506379766E+01,  2.1616905386079424E+00, -2.6589810138804069E+00,  1.7934384004340664E-01, -3.5876125751170367E+00,  2.4607007342329403E+00, -4.1759333802281446E+00, -4.2900223889419724E+00, -1.9813596788317582E+00,  2.9779443334466262E+00, -2.8344836893581693E-01, -7.1185265324667846E-02,  0.0000000000000000E+00,  0.0000000000000000E+00,  0.0000000000000000E+00,  0.0000000000000000E+00,  0.0000000000000000E+00,  0.0000000000000000E+00,  0.0000000000000000E+00,  0.0000000000000000E+00,  0.0000000000000000E+00,  0.0000000000000000E+00,  0.0000000000000000E+00,  0.0000000000000000E+00,  0.0000000000000000E+00,  0.0000000000000000E+00,  0.0000000000000000E+00,  0.0000000000000000E+00
  0.0000000000000000E+00,  2.8751513512948225E+02,  2.9637589002728970E+02,  2.9406807735908819E+02,  1.7319744608770463E+02,  1.1199299685612934E+02,  8.7321349316120205E+01,  7.2648059037898108E+01,  6.5798767601616120E+01,  2.9394646207690016E+00, -1.3077092466175655E+00,  4.9678581316490877E+00,  2.4479340513096055E+00,  4.0483371603879803E-01, -3.0380668083200790E+00, -1.6744152373810519E+00, -3.0107022663219141E-01, -1.0438236830611149E+00, -1.5450057210869472E+00, -8.4682923573877256E-01,  0.0000000000000000E+00,  0.0000000000000000E+00,  0.0000000000000000E+00,  0.0000000000000000E+00,  0.0000000000000000E+00,  0.0000000000000000E+00,  0.0000000000000000E+00,  0.0000000000000000E+00,  0.0000000000000000E+00,  0.0000000000000000E+00,  0.0000000000000000E+00,  0.0000000000000000E+00,  0.0000000000000000E+00,  0.0000000000000000E+00,  0.0000000000000000E+00,  0.0000000000000000E+00
  0.0000000000000000E+00,  4.0338749462507451E+02,  3.0812209623422291E+02,  1.6735291586322160E+02,  1.5456485136775316E+02,  8.1390062588481385E+01,  9.9204914914910020E+01,  7.9529422435873471E+01,  7.0781937309732285E+01,  1.0757878529879392E+01, -2.8891858974214344E+00,  5.6599882311943972E-01, -2.2927960914738934E+00,  1.1668546214102680E+00, -5.3793935148704346E+00,  1.6318935642758019E+00, -1.6260741418086431E+00,  1.0457949427196529E+00, -1.4619731694644320E+00, -1.5754813868647339E+00,  0.0000000000000000E+00,  0.0000000000000000E+00,  0.0000000000000000E+00,  0.0000000000000000E+00,  0.0000000000000000E+00,  0.0000000000000000E+00,  0.0000000000000000E+00,  0.0000000000000000E+00,  0.0000000000000000E+00,  0.0000000000000000E+00,  0.0000000000000000E+00,  0.0000000000000000E+00,  0.0000000000000000E+00,  0.0000000000000000E+00,  0.0000000000000000E+00,  0.0000000000000000E+00
  0.0000000000000000E+00,  2.9718069254475455E+02,  3.0137840816985181E+02,  1.8428049677797566E+02,  1.8881701424304171E+02,  1.2093856798597916E+02,  8.8132787601069424E+01,  5.5683239321720507E+01,  5.4399584523109198E+01,  9.6599377974632326E+00,  1.9651880644723878E+00, -6.5364159166738567E-01,  5.1365407983598619E+00, -2.5486945796283500E+00,  2.2762214838615353E+00, -4.0014932897633937E+00, -5.2072709508139114E-01,  6.6611053671216025E-01, -4.2902048332010603E+00, -1.4296580791849971E+00,  0.0000000000000000E+00,  0.0000000000000000E+00,  0.0000000000000000E+00,  0.0000000000000000E+00,  0.0000000000000000E+00,  0.0000000000000000E+00,  0.0000000000000000E+00,  0.0000000000000000E+00,  0.0000000000000000E+00,  0.0000000000000000E+00,  0.0000000000000000E+00,  0.0000000000000000E+00,  0.0000000000000000E+00,  0.0000000000000000E+00,  0.0000000000000000E+00,  0.0000000000000000E+00
  0.0000000000000000E+00,  2.4251606371546737E+02,  2.4540037455843338E+02,  1.6711884185410349E+02,  1.5514710719943631E+02,  9.6214975430020587E+01,  8.6993770782479658E+01,  6.7376696007635772E+01,  5.5455918273524411E+01,  5.2434680418238617E+00,  6.8663262662988593E+00,  6.2174281642938034E+00,  4.7250159839275927E+00,  1.6271903768351237E-01,  1.0836379803376017E+00,  1.6173574843346108E+00,  5.8966101489704625E-01, -1.4887807364439762E+00, -1.6816802722248128E+00, -9.8423791764402457E-01,  0.0000000000000000E+00,  0.0000000000000000E+00,  0.0000000000000000E+00,  0.0000000000000000E+00,  0.0000000000000000E+00,  0.0000000000000000E+00,  0.0000000000000000E+00,  0.0000000000000000E+00,  0.0000000000000000E+00,  0.0000000000000000E+00,  0.0000000000000000E+00,  0.0000000000000000E+00,  0.0000000000000000E+00,  0.0000000000000000E+00,  0.0000000000000000E+00,  0.0000000000000000E+00
  0.0000000000000000E+00,  2.5801012582691180E+02,  2.3213938754616049E+02,  2.2301414077952791E+02,  1.4309181886570494E+02,  1.1041661235693405E+02,  7.6129631639310531E+01,  7.9955826761893405E+01,  7.0060172186351451E+01,  5.8825607926784524E+00,  8.4633672378059899E-01, -1.2529945964478983E+00,  1.2371549591843700E+00,  3.1910619473597333E+00,  3.3165460484092844E+00, -1.6024463555077948E+00, -1.2660246423098798E+00, -2.4907487802837469E-01,  2.4224279783957137E-02, -3.0417783138330790E+00,  0.0000000000000000E+00,  0.0000000000000000E+00,  0.0000000000000000E+00,  0.0000000000000000E+00,  0.0000000000000000E+00,  0.0000000000000000E+00,  0.0000000000000000E+00,  0.0000000000000000E+00,  0.0000000000000000E+00,  0.0000000000000000E+00,  0.0000000000000000E+00,  0.0000000000000000E+00,  0.0000000000000000E+00,  0.0000000000000000E+00,  0.0000000000000000E+00,  0.0000000000000000E+00
  0.0000000000000000E+00,  2.5997579981152586E+02,  2.6411563698405433E+02,  2.2981585721227611E+02,  1.6866738520752861E+02,  1.0907293585303537E+02,  9.4203177606778269E+01,  7.6303708652655729E+01,  5.4877677390347486E+01,  2.7007318958372544E+00,  6.1805502422781586E+00,  4.2130931529145208E+00, -3.7491425919140999E+00, -3.3086595073901748E-01, -2.9487937435155094E+00,  2.3505951687167048E-01,  6.3651623040240279E-01, -1.2059218998012597E+00, -9.8908968760888538E-01, -1.7867645751497929E-01,  0.0000000000000000E+00,  0.0000000000000000E+00,  0.0000000000000000E+00,  0.0000000000000000E+00,  0.0000000000000000E+00,  0.0000000000000000E+00,  0.0000000000000000E+00,  0.0000000000000000E+00,  0.0000000000000000E+00,  0.0000000000000000E+00,  0.0000000000000000E+00,  0.0000000000000000E+00,  0.0000000000000000E+00,  0.0000000000000000E+00,  0.0000000000000000E+00,  0.0000000000000000E+00
  0.0000000000000000E+00,  2.5252184635422753E+02,  2.4575575730132721E+02,  2.1822017309817079E+02,  2.1269852498110274E+02,  5.7119435435975049E+01,  8.6561318264675180E+01,  6.2023854651719631E+01,  4.8484812861391127E+01,  5.0747257902279372E+00,  7.8484091646715139E+00,  3.3916726750781301E+00,  2.5958385301516369E+00,  2.9398610976557977E+00, -4.0288243105326540E+00, -4.0753946681908406E+00, -1.4301576104420199E-01,  3.5725525575314165E-04, -4.4255959940880496E-01, -1.9290705666686843E+00,  0.0000000000000000E+00,  0.0000000000000000E+00,  0.0000000000000000E+00,  0.0000000000000000E+00,  0.0000000000000000E+00,  0.0000000000000000E+00,  0.0000000000000000E+00,  0.0000000000000000E+00,  0.0000000000000000E+00,  0.0000000000000000E+00,  0.0000000000000000E+00,  0.0000000000000000E+00,  0.0000000000000000E+00,  0.0000000000000000E+00,  0.0000000000000000E+00,  0.0000000000000000E+00
  0.0000000000000000E+00,  2.4037659366735863E+02,  2.1401560956620281E+02,  2.1050869635346783E+02,  2.0597602365405257E+02,  8.4555997020543714E+01,  7.4396468737816264E+01,  6.0758222821501846E+01,  4.4374807880589991E+01,  1.2199836453343696E+01,  1.0143391795804721E+01,  9.7959594215624612E-01,  2.1894013375923240E+00, -1.0403875827668969E+00, -2.4816272926095504E+00, -1.9185220206050957E-01, -1.1101911368424249E+00, -1.2654295756288203E-01, -1.3057629139496143E+00, -7.9808921407744604E-01,  0.0000000000000000E+00,  0.0000000000000000E+00,  0.0000000000000000E+00,  0.0000000000000000E+00,  0.0000000000000000E+00,  0.0000000000000000E+00,  0.0000000000000000E+00,  0.0000000000000000E+00,  0.0000000000000000E+00,  0.0000000000000000E+00,  0.0000000000000000E+00,  0.0000000000000000E+00,  0.0000000000000000E+00,  0.0000000000000000E+00,  0.0000000000000000E+00,  0.0000000000000000E+00
  0.0000000000000000E+00,  3.2036600002434977E+02,  2.7345498358970451E+02,  2.2245283957649912E+02,  1.7542289452366362E+02,  1.0124334046694537E+02,  9.1614676386294917E+01,  8.7616786404443360E+01,  6.7039255911788601E+01,  6.3843389700061355E+00,  4.2882738797700348E-01,  5.3491901444746475E+00, -7.1394762478123130E-01, -1.6961826792795112E+00, -8.3899182804573913E-01,  7.5332842754450358E-01, -2.4083447453988693E+00, -2.4598033156845416E+00, -2.0613281086597737E+00, -9.8169483595815910E-01,  0.0000000000000000E+00,  0.0000000000000000E+00,  0.0000000000000000E+00,  0.0000000000000000E+00,  0.0000000000000000E+00,  0.0000000000000000E+00,  0.0000000000000000E+00,  0.0000000000000000E+00,  0.0000000000000000E+00,  0.0000000000000000E+00,  0.0000000000000000E+00,  0.0000000000000000E+00,  0.0000000000000000E+00,  0.0000000000000000E+00,  0.0000000000000000E+00,  0.0000000000000000E+00
  0.0000000000000000E+00,  3.1321957397072265E+02,  2.5785672578565277E+02,  2.3587761529100612E+02,  1.6204739433910871E+02,  9.8700669770833528E+01,  8.7821791973662897E+01,  7.7501015176368725E+01,  5.5273434518231262E+01,  1.2315958247174464E+01, -3.0142936685300370E-01,  7.5804855815095920E+00,  4.8774278997674969E-01, -1.3388390768379654E+00, -2.2467003572467017E+00, -2.4590686435550850E+00,  1.0639804472409882E+00, -2.5153203110293210E+00,  6.6396193476354748E-01, -7.5371716266795907E-01,  0.0000000000000000E+00,  0.0000000000000000E+00,  0.0000000000000000E+00,  0.0000000000000000E+00,  0.0000000000000000E+00,  0.0000000000000000E+00,  0.0000000000000000E+00,  0.0000000000000000E+00,  0.0000000000000000E+00,  0.0000000000000000E+00,  0.0000000000000000E+00,  0.0000000000000000E+00,  0.0000000000000000E+00,  0.0000000000000000E+00,  0.0000000000000000E+00,  0.0000000000000000E+00
  0.0000000000000000E+00,  2.9073467334874078E+02,  2.4086925557519544E+02,  1.6771120318037651E+02,  1.2488464103907758E+02,  1.5620047192121643E+02,  1.0624563194831742E+02,  8.6541531098460993E+01,  6.2095154119102311E+01,  8.5247727186162656E+00,  9.9655012935570237E+00,  6.5862407875838098E+00, -2.4620060310521117E+00, -2.9781270254699379E+00,  7.4166126371449437E-01, -7.8646306621636786E-01, -9.2711809086464103E-01, -2.1469998914472157E+00, -7.1705626525804256E-02, -1.5236942765395500E+00,  0.0000000000000000E+00,  0.0000000000000000E+00,  0.0000000000000000E+00,  0.0000000000000000E+00,  0.0000000000000000E+00,  0.0000000000000000E+00,  0.0000000000000000E+00,  0.0000000000000000E+00,  0.0000000000000000E+00,  0.0000000000000000E+00,  0.0000000000000000E+00,  0.0000000000000000E+00,  0.0000000000000000E+00,  0.0000000000000000E+00,  0.0000000000000000E+00,  0.0000000000000000E+00
  0.0000000000000000E+00,  3.3809909271629203E+02,  3.4642267050643898E+02,  2.8107322781671394E+02,  2.1539322313859623E+02,  9.4028274788142625E+01,  7.8329150452647156E+01,  7.3834499574694973E+01,  4.9764991385559632E+01, -1.8260549296029893E-01,  1.0593822855055759E+00,  1.7987032685894953E+00,  2.6907439958637642E+00, -5.1094929568633773E-01, -2.4830930583741031E+00, -3.0448192386941098E+00, -8.6931634094116639E-01, -3.7312124575443484E-01, -1.3256314935052351E+00, -9.2848968630694095E-01,  0.0000000000000000E+00,  0.0000000000000000E+00,  0.0000000000000000E+00,  0.0000000000000000E+00,  0.0000000000000000E+00,  0.0000000000000000E+00,  0.0000000000000000E+00,  0.0000000000000000E+00,  0.0000000000000000E+00,  0.0000000000000000E+00,  0.0000000000000000E+00,  0.0000000000000000E+00,  0.0000000000000000E+00,  0.0000000000000000E+00,  0.0000000000000000E+00,  0.0000000000000000E+00
  0.0000000000000000E+00,  2.7699472530854882E+02,  2.3489787136100551E+02,  2.0183689227521910E+02,  1.7299394912333534E+02,  1.1193304513689745E+02,  7.3449015089765709E+01,  7.5947993265979591E+01,  5.9000950786434323E+01,  9.6938406771785193E+00,  9.9436899398979097E+00, -2.9105022371955656E+00, -1.4704909548875729E+00,  2.3610008214552849E+00,  1.4772815273992963E+00, -2.8735930070906646E+00, -5.1639287148840918E-01, -2.1447041237633151E+00, -2.5103969258344803E+00, -4.4352146880253196E-01,  0.0000000000000000E+00,  0.0000000000000000E+00,  0.0000000000000000E+00,  0.0000000000000000E+00,  0.0000000000000000E+00,  0.0000000000000000E+00,  0.0000000000000000E+00,  0.0000000000000000E+00,  0.0000000000000000E+00,  0.0000000000000000E+00,  0.0000000000000000E+00,  0.0000000000000000E+00,  0.0000000000000000E+00,  0.0000000000000000E+00,  0.0000000000000000E+00,  0.0000000000000000E+00
  0.0000000000000000E+00,  2.8296421499757196E+02,  2.3736835455608383E+02,  2.3443213187164991E+02,  1.9134888481628133E+02,  9.9203678573731452E+01,  1.0680104060254962E+02,  9.4581096063819018E+01,  6.5450466183604576E+01,  4.0925213290562326E+00,  1.1483696699490160E+00,  2.7604383238381978E+00, -2.5070019825853169E+00,  7.5769308882069986E-01, -1.9224983303417482E+00, -1.3005081038834305E+00,  6.1367066391559266E-01, -8.4057088591961104E-01, -1.3252724517833416E+00, -1.0523496667042542E+00,  0.0000000000000000E+00,  0.0000000000000000E+00,  0.0000000000000000E+00,  0.0000000000000000E+00,  0.0000000000000000E+00,  0.0000000000000000E+00,  0.0000000000000000E+00,  0.0000000000000000E+00,  0.0000000000000000E+00,  0.0000000000000000E+00,  0.0000000000000000E+00,  0.0000000000000000E+00,  0.0000000000000000E+00,  0.0000000000000000E+00,  0.0000000000000000E+00,  0.0000000000000000E+00
  0.0000000000000000E+00,  2.6811617918821281E+02,  2.6956392418515389E+02,  2.1256744196012806E+02,  1.7161387971777413E+02,  8.2559410982683275E+01,  8.6062725073806149E+01,  5.8072452315272969E+01,  6.0783861941105791E+01,  9.7107608915902688E-01,  7.7041978046611979E+00, -8.9020624615055954E-01, -4.4295703086245375E-01,  3.6662608083149877E+00, -5.0155063459787765E+00, -2.6023027728720312E+00, -1.9570274369492449E+00, -2.1839856422159323E+00, -1.3514077695387698E+00,  3.7550594798301540E-01,  0.0000000000000000E+00,  0.0000000000000000E+00,  0.0000000000000000E+00,  0.0000000000000000E+00,  0.0000000000000000E+00,  0.0000000000000000E+00,  0.0000000000000000E+00,  0.0000000000000000E+00,  0.0000000000000000E+00,  0.0000000000000000E+00,  0.0000000000000000E+00,  0.0000000000000000E+00,  0.0000000000000000E+00,  0.0000000000000000E+00,  0.0000000000000000E+00,  0.0000000000000000E+00
  0.0000000000000000E+00,  2.5297217398941308E+02,  2.0050763403611739E+02,  1.9291492667702974E+02,  1.7966994090774460E+02,  1.3248064270178108E+02,  6.2585756901737540E+01,  4.4313616131560536E+01,  5.4752651824619250E+01,  7.4609111255853602E+00,  2.0890834541591374E+00,  8.6963557446202522E-01,  2.0110538803644200E+00, -8.4046489221831688E-01, -4.8620734266331365E+00,  2.4008585199441841E+00,  2.6744100164095705E+00, -3.5395376283080098E+00, -7.3549841245246705E-01,  4.4068509177239612E-01,  0.0000000000000000E+00,  0.0000000000000000E+00,  0.0000000000000000E+00,  0.0000000000000000E+00,  0.0000000000000000E+00,  0.0000000000000000E+00,  0.0000000000000000E+00,  0.0000000000000000E+00,  0.0000000000000000E+00,  0.0000000000000000E+00,  0.0000000000000000E+00,  0.0000000000000000E+00,  0.0000000000000000E+00,  0.0000000000000000E+00,  0.0000000000000000E+00,  0.0000000000000000E+00
  0.0000000000000000E+00,  3.3813926824362204E+02,  2.5498025107388935E+02,  2.2739962447905347E+02,  1.8286861206431075E+02,  1.1503912353558587E+02,  7.5370511744815389E+01,  9.3477137091492182E+01,  3.3118716666708679E+01,  7.4647862546621457E+00,  6.3283177545312004E+00, -2.0634084171132017E-01,  5.7299800603256887E+00, -1.9920909973033929E+00, -2.2895118948156736E+00, -3.2803240631561770E+00, -2.6229176218673360E+00, -1.1166718891561080E+00, -1.2589905124593339E+00, -3.0743774667147417E-01,  0.0000000000000000E+00,  0.0000000000000000E+00,  0.0000000000000000E+00,  0.0000000000000000E+00,  0.0000000000000000E+00,  0.0000000000000000E+00,  0.0000000000000000E+00,  0.0000000000000000E+00,  0.0000000000000000E+00,  0.0000000000000000E+00,  0.0000000000000000E+00,  0.0000000000000000E+00,  0.0000000000000000E+00,  0.0000000000000000E+00,  0.0000000000000000E+00,  0.0000000000000000E+00
  0.0000000000000000E+00,  3.4696020177798528E+02,  3.3542281846290530E+02,  2.2074153053419855E+02,  1.6584250977692798E+02,  9.8956667358226952E+01,  8.2794819642209291E+01,  7.7079182254976615E+01,  5.6143670266918988E+01,  5.9996627110202887E+00,  5.6924603522537733E+00, -1.4629479785098951E+00,  2.2960129086464853E-01, -1.3502841937291619E+00, -4.9187133015172968E-02, -5.8207834605710884E-01, -2.6607228258464994E+00, -6.6987381701103121E-01, -1.3649646618461535E+00, -9.2966530925997626E-01,  0.0000000000000000E+00,  0.0000000000000000E+00,  0.0000000000000000E+00,  0.0000000000000000E+00,  0.0000000000000000E+00,  0.0000000000000000E+00,  0.0000000000000000E+00,  0.0000000000000000E+00,  0.0000000000000000E+00,  0.0000000000000000E+00,  0.0000000000000000E+00,  0.0000000000000000E+00,  0.0000000000000000E+00,  0.0000000000000000E+00,  0.0000000000000000E+00,  0.0000000000000000E+00
  0.0000000000000000E+00,  2.4947467023774041E+02,  2.3665658585805556E+02,  1.9634636625337953E+02,  1.7977873986633949E+02,  9.9393214052286027E+01,  1.0337776092800800E+02,  6.6886373627087963E+01,  5.9260877992533686E+01,  6.2633735735189475E+00,  1.0156397101878747E+01,  6.5812238780289167E+00,  1.8772479931346364E+00, -6.4265787571990529E-01, -2.1757642608543271E+00, -3.8401836355212815E-01, -9.3837008940234190E-01, -3.9469097144753995E-02, -2.1213175794550043E+00, -1.2512989216280599E+00,  0.0000000000000000E+00,  0.0000000000000000E+00,  0.0000000000000000E+00,  0.0000000000000000E+00,  0.0000000000000000E+00,  0.0000000000000000E+00,  0.0000000000000000E+00,  0.0000000000000000E+00,  0.0000000000000000E+00,  0.0000000000000000E+00,  0.0000000000000000E+00,  0.0000000000000000E+00,  0.0000000000000000E+00,  0.0000000000000000E+00,  0.0000000000000000E+00,  0.0000000000000000E+00
  0.0000000000000000E+00,  3.3632420687179842E+02,  2.3049089284820161E+02,  2.2438739639993560E+02,  2.0102537188998400E+02,  1.0699081959973185E+02,  1.1436673073687513E+02,  6.6557011529298592E+01,  7.2676528416619817E+01,  1.3530321027428080E+01,  5.7967931272202335E+00, -9.9319387455749020E-01, -1.3041162435923148E-01,  1.0362782272151536E+00, -3.8874464239389490E+00,  1.0609180844993782E+00, -5.3905010258892716E-01, -4.6430744667139856E-01, -1.3962980364199491E+00, -2.9324379165211134E-01,  0.0000000000000000E+00,  0.0000000000000000E+00,  0.0000000000000000E+00,  0.0000000000000000E+00,  0.0000000000000000E+00,  0.0000000000000000E+00,  0.0000000000000000E+00,  0.0000000000000000E+00,  0.0000000000000000E+00,  0.0000000000000000E+00,  0.0000000000000000E+00,  0.0000000000000000E+00,  0.0000000000000000E+00,  0.0000000000000000E+00,  0.0000000000000000E+00,  0.0000000000000000E+00
  0.0000000000000000E+00,  3.4352087499521843E+02,  2.8459352681400384E+02,  2.4539583907818994E+02,  1.7356284665465989E+02,  1.0696769871001240E+02,  1.0504715544195602E+02,  8.1434418580865881E+01,  5.3578842691964581E+01,  4.3802630108815919E+00, -3.8723379081696443E+00,  1.2476421808055509E+00, -3.2294951423370444E+00,  6.2366603860879168E+00, -6.0409698466296176E+00, -1.8023350501079554E+00, -1.5297514051548049E+00, -3.4396734340906399E-02, -2.0529215770974778E+00,  1.4733281605060717E+00,  0.0000000000000000E+00,  0.0000000000000000E+00,  0.0000000000000000E+00,  0.0000000000000000E+00,  0.0000000000000000E+00,  0.0000000000000000E+00,  0.0000000000000000E+00,  0.0000000000000000E+00,  0.0000000000000000E+00,  0.0000000000000000E+00,  0.0000000000000000E+00,  0.0000000000000000E+00,  0.0000000000000000E+00,  0.0000000000000000E+00,  0.0000000000000000E+00,  0.0000000000000000E+00
  0.0000000000000000E+00,  2.5218929203109002E+02,  2.0415060104375635E+02,  1.9159285673420479E+02,  1.4824177035642776E+02,  1.0251925047488781E+02,  9.1240073812514566E+01,  5.9693903767694017E+01,  6.4928024998231336E+01,  7.7786768463298017E+00,  9.0051073677183684E+00,  6.8378561829702171E+00, -6.2805628614879092E+00, -6.3742381272454338E+00,  2.3640483139700219E+00, -1.0644705099076139E+00, -4.6825935414210562E-01, -1.4207324258252947E+00,  2.4067379767529697E+00, -6.5106005928244715E-01,  0.0000000000000000E+00,  0.0000000000000000E+00,  0.0000000000000000E+00,  0.0000000000000000E+00,  0.0000000000000000E+00,  0.0000000000000000E+00,  0.0000000000000000E+00,  0.0000000000000000E+00,  0.0000000000000000E+00,  0.0000000000000000E+00,  0.0000000000000000E+00,  0.0000000000000000E+00,  0.0000000000000000E+00,  0.0000000000000000E+00,  0.0000000000000000E+00,  0.0000000000000000E+00
  0.0000000000000000E+00,  3.8612452047252498E+02,  2.4397550788398098E+02,  1.8585421906902644E+02,  1.2876595544142242E+02,  1.7156178353877817E+02,  7.8040834679109039E+01,  6.5575824413825615E+01,  6.1029381061161018E+01,  2.3000316777727683E+00, -1.5605570720702211E+00, -3.9059256478819337E+00,  1.0897545183782302E+00, -6.6142232619345265E-01, -2.7630963161548587E+00,  1.9304775486111669E+00, -3.8502281030276375E-01,  2.4537517321454327E-01, -8.4879350464297199E-01, -4.4641428896531143E-01,  0.0000000000000000E+00,  0.0000000000000000E+00,  0.0000000000000000E+00,  0.0000000000000000E+00,  0.0000000000000000E+00,  0.0000000000000000E+00,  0.0000000000000000E+00,  0.0000000000000000E+00,  0.0000000000000000E+00,  0.0000000000000000E+00,  0.0000000000000000E+00,  0.0000000000000000E+00,  0.0000000000000000E+00,  0.0000000000000000E+00,  0.0000000000000000E+00,  0.0000000000000000E+00
  0.0000000000000000E+00,  2.3128093981359925E+02,  2.2489661002589281E+02,  2.2282917391724004E+02,  1.7356215691009407E+02,  1.2060582017617359E+02,  1.1102539081949578E+02,  7.6518584443689647E+01,  6.9920055772699300E+01, -1.4474819961120957E+00,  4.2418681839762993E+00,  3.1669270389355706E+00,  4.4382664002849008E+00, -3.9439579716882545E+00, -1.1248253900368095E+00,  1.6553754114880861E+00,  1.1822888648205310E+00,  1.1191488657055537E+00,  1.9449238035935656E-01, -1.8298363351613851E+00,  0.0000000000000000E+00,  0.0000000000000000E+00,  0.0000000000000000E+00,  0.0000000000000000E+00,  0.0000000000000000E+00,  0.0000000000000000E+00,  0.0000000000000000E+00,  0.0000000000000000E+00,  0.0000000000000000E+00,  0.0000000000000000E+00,  0.0000000000000000E+00,  0.0000000000000000E+00,  0.0000000000000000E+00,  0.0000000000000000E+00,  0.0000000000000000E+00,  0.0000000000000000E+00
  0.0000000000000000E+00,  2.3706610555225851E+02,  2.7834284356085465E+02,  2.3990550464512120E+02,  2.2184744293650118E+02,  1.4646294041732250E+02,  7.6912970648058945E+01,  5.7070794916862837E+01,  5.1315031542550649E+01,  1.3060628325912587E+01,  4.1226697207290943E+00,  9.4811987930272501E-01, -8.6737510245762994E-01, -5.9556334890575879E-01,  3.4384183609676278E+00, -2.1712537382418358E+00,  1.8493620544330618E+00, -2.5457581557291853E-01, -2.1908082366672010E+00, -3.0999961600764903E-01,  0.0000000000000000E+00,  0.0000000000000000E+00,  0.0000000000000000E+00,  0.0000000000000000E+00,  0.0000000000000000E+00,  0.0000000000000000E+00,  0.0000000000000000E+00,  0.0000000000000000E+00,  0.0000000000000000E+00,  0.0000000000000000E+00,  0.0000000000000000E+00,  0.0000000000000000E+00,  0.0000000000000000E+00,  0.0000000000000000E+00,  0.0000000000000000E+00,  0.0000000000000000E+00
  0.0000000000000000E+00,  3.1767063677492615E+02,  2.8928152361986440E+02,  2.2910870735348595E+02,  1.7331012439665457E+02,  1.4046757931823308E+02,  1.0102727911859890E+02,  8.4940973063061250E+01,  5.7236373335734726E+01,  1.0340045508037996E+01,  7.1395019812145737E+00,  2.0416035819693903E+00, -2.3066305672954535E+00,  2.0233706264608475E-01, -2.7964270526001203E+00,  2.6073677589073450E+00, -1.3430662041299541E+00, -2.4463816508089535E+00, -2.1843244696772368E-01, -1.0055349701656102E-01,  0.0000000000000000E+00,  0.0000000000000000E+00,  0.0000000000000000E+00,  0.0000000000000000E+00,  0.0000000000000000E+00,  0.0000000000000000E+00,  0.0000000000000000E+00,  0.0000000000000000E+00,  0.0000000000000000E+00,  0.0000000000000000E+00,  0.0000000000000000E+00,  0.0000000000000000E+00,  0.0000000000000000E+00,  0.0000000000000000E+00,  0.0000000000000000E+00,  0.0000000000000000E+00
  0.0000000000000000E+00,  3.3414200230566934E+02,  2.9640224084239833E+02,  2.6148471865548811E+02,  2.4969787463036431E+02,  8.5205634022750701E+01,  9.2864003972787387E+01,  6.9994188792701181E+01,  7.0877407162572453E+01,  1.2694003328204689E+01,  4.2106280624545747E+00,  1.8958547231598715E+00,  3.5115252129811996E+00, -5.4563178639594412E-01, -1.9266323988467251E+00, -3.3512811910941744E+00, -8.2892267128903852E-01,  1.1905186066768936E-01, -4.7713802519506165E-01, -1.2776589380490024E+00,  0.0000000000000000E+00,  0.0000000000000000E+00,  0.0000000000000000E+00,  0.0000000000000000E+00,  0.0000000000000000E+00,  0.0000000000000000E+00,  0.0000000000000000E+00,  0.0000000000000000E+00,  0.0000000000000000E+00,  0.0000000000000000E+00,  0.0000000000000000E+00,  0.0000000000000000E+00,  0.0000000000000000E+00,  0.0000000000000000E+00,  0.0000000000000000E+00,  0.0000000000000000E+00
  0.0000000000000000E+00,  2.6694464330380140E+02,  2.1840915211443917E+02,  2.3062005803226532E+02,  1.7051586953575409E+02,  1.1553900123472155E+02,  1.0743231023352956E+02,  8.5613584056150614E+01,  5.2500235696755610E+01,  1.0446546009023161E+01,  7.0118519267632102E+00,  5.6001605983950400E+00,  1.8434017790899366E+00, -1.7195315121434236E+00, -4.2152248500785685E+00, -2.1739926861997887E+00, -2.5618659095772336E+00, -6.4963357412623335E-01, -1.6437470420244757E+00, -2.1435409185372145E-01,  0.0000000000000000E+00,  0.0000000000000000E+00,  0.0000000000000000E+00,  0.0000000000000000E+00,  0.0000000000000000E+00,  0.0000000000000000E+00,  0.0000000000000000E+00,  0.0000000000000000E+00,  0.0000000000000000E+00,  0.0000000000000000E+00,  0.0000000000000000E+00,  0.0000000000000000E+00,  0.0000000000000000E+00,  0.0000000000000000E+00,  0.0000000000000000E+00,  0.0000000000000000E+00
  0.0000000000000000E+00,  2.9805431459867970E+02,  1.9210877579134970E+02,  2.2315328893067044E+02,  1.7187364161419714E+02,  1.3454784026356481E+02,  8.6820448845419349E+01,  8.9542997306899395E+01,  6.2677293686112577E+01,  4.0204968645137242E+00,  4.5921547202192237E-01, -2.2389242006230212E+00, -3.0650369781593936E+00,  6.5872222034851546E-01,  2.8773822273611938E+00, -1.2707469877113757E+00, -2.3536167733461690E+00,  9.0483560484140302E-01, -2.0267814218254401E+00,  1.1058161179787123E+00,  0.0000000000000000E+00,  0.0000000000000000E+00,  0.0000000000000000E+00,  0.0000000000000000E+00,  0.0000000000000000E+00,  0.0000000000000000E+00,  0.0000000000000000E+00,  0.0000000000000000E+00,  0.0000000000000000E+00,  0.0000000000000000E+00,  0.0000000000000000E+00,  0.0000000000000000E+00,  0.0000000000000000E+00,  0.0000000000000000E+00,  0.0000000000000000E+00,  0.0000000000000000E+00
  0.0000000000000000E+00,  2.7889989566722011E+02,  2.4810394433114840E+02,  2.1784063691930538E+02,  1.9792765488963258E+02,  8.1914355956181879E+01,  1.0407874441651651E+02,  9.0306516023132531E+01,  6.1021778094249754E+01,  1.0039932331897138E+01,  6.5619515298292512E+00,  5.0037584074563579E+00,  2.4934763725048814E+00, -6.8983574948464099E-01, -3.0541904876829036E+00, -3.0250851459813370E+00, -8.9918679279894675E-01, -7.1181882098245719E-02, -2.3441380659455429E+00,  6.3344962040349007E-02,  0.0000000000000000E+00,  0.0000000000000000E+00,  0.0000000000000000E+00,  0.0000000000000000E+00,  0.0000000000000000E+00,  0.0000000000000000E+00,  0.0000000000000000E+00,  0.0000000000000000E+00,  0.0000000000000000E+00,  0.0000000000000000E+00,  0.0000000000000000E+00,  0.0000000000000000E+00,  0.0000000000000000E+00,  0.0000000000000000E+00,  0.0000000000000000E+00,  0.0000000000000000E+00
  0.0000000000000000E+00,  2.9190289495629395E+02,  2.4922313433578958E+02,  2.3578294966648258E+02,  1.7856284899468341E+02,  9.4259395278609475E+01,  8.4299967791988479E+01,  6.3037049565780677E+01,  6.3523964062943591E+01,  1.1731818568408608E+01,  6.2518575801485454E+00,  3.1819041407169486E+00,  6.5038314066345748E-02,  3.1813445671978799E+00, -3.5466395083681030E+00, -1.7178866361418281E+00, -1.8043105443551677E+00, -2.5858885604756190E+00, -5.8900637635632425E-01, -3.0105340693091787E-02,  0.0000000000000000E+00,  0.0000000000000000E+00,  0.0000000000000000E+00,  0.0000000000000000E+00,  0.0000000000000000E+00,  0.0000000000000000E+00,  0.0000000000000000E+00,  0.0000000000000000E+00,  0.0000000000000000E+00,  0.0000000000000000E+00,  0.0000000000000000E+00,  0.0000000000000000E+00,  0.0000000000000000E+00,  0.0000000000000000E+00,  0.0000000000000000E+00,  0.0000000000000000E+00
  0.0000000000000000E+00,  2.8368084907009859E+02,  2.4844330894249464E+02,  2.0516214611285719E+02,  1.6567593473357465E+02,  7.7679578809743873E+01,  6.1501692811046155E+01,  7.9804009389662497E+01,  8.6091624794430572E+01,  9.1938900980746130E+00,  5.9857432698378421E+00,  2.9638535985554899E+00, -4.6540819880638651E-01, -1.3305538288648222E-03, -3.1874294728126005E+00, -3.2149048960911610E+00,  6.8442896785888108E-01,  1.4556260195451229E+00, -3.5411427883821016E+00, -3.1826754146996428E+00,  0.0000000000000000E+00,  0.0000000000000000E+00,  0.0000000000000000E+00,  0.0000000000000000E+00,  0.0000000000000000E+00,  0.0000000000000000E+00,  0.0000000000000000E+00,  0.0000000000000000E+00,  0.0000000000000000E+00,  0.0000000000000000E+00,  0.0000000000000000E+00,  0.0000000000000000E+00,  0.0000000000000000E+00,  0.0000000000000000E+00,  0.0000000000000000E+00,  0.0000000000000000E+00
  0.0000000000000000E+00,  2.9543079388176756E+02,  2.5013227462025807E+02,  1.6666678733645921E+02,  1.7024623520813199E+02,  9.8441656834479801E+01,  1.1392472853932526E+02,  6.4844438536638535E+01,  5.1531887023450587E+01,  8.5956531073168669E+00, -1.2630674114372162E+00,  3.2888000304387903E+00, -2.0837348633858990E+00, -5.3953735245568755E+00,  1.2757567979356921E+00, -3.1704374312053871E+00, -5.9880331503281425E-01, -2.6409285079542366E-01,  6.0609755184437120E-02, -5.6071596356379438E-01,  0.0000000000000000E+00,  0.0000000000000000E+00,  0.0000000000000000E+00,  0.0000000000000000E+00,  0.0000000000000000E+00,  0.0000000000000000E+00,  0.0000000000000000E+00,  0.0000000000000000E+00,  0.0000000000000000E+00,  0.0000000000000000E+00,  0.0000000000000000E+00,  0.0000000000000000E+00,  0.0000000000000000E+00,  0.0000000000000000E+00,  0.0000000000000000E+00,  0.0000000000000000E+00
  0.0000000000000000E+00,  3.0128164648001399E+02,  2.4561338074708166E+02,  1.9325352751781861E+02,  1.6772906252873855E+02,  9.8733751896508281E+01,  8.7798503027308541E+01,  6.7067577089446900E+01,  4.7512578087806915E+01,  7.8529903669213912E+00,  6.3892937361902788E+00,  2.3576327641532053E+00, -2.1200151577025217E+00, -2.0158601334026107E+00,  1.7586380019325123E+00,  1.5878960525591523E-01, -1.2756525842836322E+00, -1.3461730710258664E+00, -8.1114700252980798E-01, -1.0470146861888932E+00,  0.0000000000000000E+00,  0.0000000000000000E+00,  0.0000000000000000E+00,  0.0000000000000000E+00,  0.0000000000000000E+00,  0.0000000000000000E+00,  0.0000000000000000E+00,  0.0000000000000000E+00,  0.0000000000000000E+00,  0.0000000000000000E+00,  0.0000000000000000E+00,  0.0000000000000000E+00,  0.0000000000000000E+00,  0.0000000000000000E+00,  0.0000000000000000E+00,  0.0000000000000000E+00
  0.0000000000000000E+00,  2.8801070406409116E+02,  2.6607880446925810E+02,  2.5710868082009557E+02,  1.8082096648652831E+02,  1.0182531963523184E+02,  8.4488393964323166E+01,  7.1184005959201784E+01,  6.3996310236522241E+01,  8.5065187409136698E+00,  5.7775406185978682E+00,  3.5547740446655247E+00,  9.9864824982350253E-01,  6.8138605271587416E-01,  2.2400768349317257E-01, -2.5464222457313159E+00, -8.9544079992232906E-02, -2.7337387132581665E+00, -1.7458766550568909E+00, -5.8437838612029180E-01,  0.0000000000000000E+00,  0.0000000000000000E+00,  0.0000000000000000E+00,  0.0000000000000000E+00,  0.0000000000000000E+00,  0.0000000000000000E+00,  0.0000000000000000E+00,  0.0000000000000000E+00,  0.0000000000000000E+00,  0.0000000000000000E+00,  0.0000000000000000E+00,  0.0000000000000000E+00,  0.0000000000000000E+00,  0.0000000000000000E+00,  0.0000000000000000E+00,  0.0000000000000000E+00
  0.0000000000000000E+00,  2.8694624541567759E+02,  2.4799103077606691E+02,  2.4317192116243280E+02,  2.2511052741553198E+02,  9.2557210132614699E+01,  8.6445265323717436E+01,  7.3654553881326507E+01,  7.9286003896663672E+01,  2.8553641550381048E+00,  3.3859299836883050E+00,  4.7577926781365711E+00,  1.7006247535935941E+00, -1.1506635607922964E+00, -4.5664745496072445E-01, -1.4100869424477995E+00, -1.6028001247865209E+00, -4.6021079013874244E-01, -2.5097048522746523E+00, -7.2026943932405685E-01,  0.0000000000000000E+00,  0.0000000000000000E+00,  0.0000000000000000E+00,  0.0000000000000000E+00,  0.0000000000000000E+00,  0.0000000000000000E+00,  0.0000000000000000E+00,  0.0000000000000000E+00,  0.0000000000000000E+00,  0.0000000000000000E+00,  0.0000000000000000E+00,  0.0000000000000000E+00,  0.0000000000000000E+00,  0.0000000000000000E+00,  0.0000000000000000E+00,  0.0000000000000000E+00
  0.0000000000000000E+00,  2.9443287202545747E+02,  2.6315937518675332E+02,  2.3032934789878931E+02,  2.3033767584011329E+02,  1.1147164439112126E+02,  9.4779263910652816E+01,  9.6618815077652783E+01,  3.3708610602069989E+01,  8.3783918348815760E+00,  2.4428192847841430E+00,  3.9363293979751415E+00, -2.6012405593766630E-01, -1.6955175397894031E+00, -1.3336749862107373E+00, -1.9238227061862849E+00, -1.6313800669299372E-01,  3.9660390214966590E-02, -1.8869406582992165E+00, -7.9698135441057993E-01,  0.0000000000000000E+00,  0.0000000000000000E+00,  0.0000000000000000E+00,  0.0000000000000000E+00,  0.0000000000000000E+00,  0.0000000000000000E+00,  0.0000000000000000E+00,  0.0000000000000000E+00,  0.0000000000000000E+00,  0.0000000000000000E+00,  0.0000000000000000E+00,  0.0000000000000000E+00,  0.0000000000000000E+00,  0.0000000000000000E+00,  0.0000000000000000E+00,  0.0000000000000000E+00
  0.0000000000000000E+00,  2.4262718218028044E+02,  2.3178992088145264E+02,  2.1065616526140764E+02,  1.7314455051629801E+02,  1.4481546728631702E+02,  7.9909614313722315E+01,  7.3582192135523741E+01,  8.0399096522518676E+01,  4.4980540361178551E+00,  3.5741692867351968E+00,  4.5418570936496687E+00, -5.1072604795225018E-02, -3.9197882097744587E+00, -3.4534937852984902E+00, -9.0921184119706489E-01,  2.8582637042011916E-01,  5.8077658133444188E-01, -2.6474322934199739E+00,  2.0040530400188228E-01,  0.0000000000000000E+00,  0.0000000000000000E+00,  0.0000000000000000E+00,  0.0000000000000000E+00,  0.0000000000000000E+00,  0.0000000000000000E+00,  0.0000000000000000E+00,  0.0000000000000000E+00,  0.0000000000000000E+00,  0.0000000000000000E+00,  0.0000000000000000E+00,  0.0000000000000000E+00,  0.0000000000000000E+00,  0.0000000000000000E+00,  0.0000000000000000E+00,  0.0000000000000000E+00
  0.0000000000000000E+00,  2.9977497703072089E+02,  2.1300778166025066E+02,  1.9687125316706204E+02,  1.6473815313050491E+02,  1.0850073841138293E+02,  1.0455026659716283E+02,  7.5443393241397189E+01,  6.3235848016319281E+01,  2.7692082906776481E+00, -1.3960094645197536E+00,  4.3334559398974477E+00, -1.3444609442176541E+00, -6.1480690041078390E-01, -3.7459555020853372E+00,  1.6784409850010578E+00, -6.5409776598382541E-01, -6.2567882222633786E-01, -6.9527092384777722E-01, -8.8549370635212377E-01,  0.0000000000000000E+00,  0.0000000000000000E+00,  0.0000000000000000E+00,  0.0000000000000000E+00,  0.0000000000000000E+00,  0.0000000000000000E+00,  0.0000000000000000E+00,  0.0000000000000000E+00,  0.0000000000000000E+00,  0.0000000000000000E+00,  0.0000000000000000E+00,  0.0000000000000000E+00,  0.0000000000000000E+00,  0.0000000000000000E+00,  0.0000000000000000E+00,  0.0000000000000000E+00
  0.0000000000000000E+00,  2.9152576025333644E+02,  2.4194112083031644E+02,  2.4710303520722206E+02,  1.6772129348236118E+02,  1.0467224751245931E+02,  6.6442205351947749E+01,  7.2782677217078955E+01,  5.3219703373619154E+01,  1.4641369326408508E+01,  4.8903171191604660E+00,  4.6491857948770452E+00, -5.4394988995381421E-02, -2.4244449006705486E+00, -1.7495736971772837E+00,  4.5457590176994156E-01, -1.7508173063031158E+00, -2.9086207401675845E-01, -7.8217347585463948E-01, -2.6902836443790390E-01,  0.0000000000000000E+00,  0.0000000000000000E+00,  0.0000000000000000E+00,  0.0000000000000000E+00,  0.0000000000000000E+00,  0.0000000000000000E+00,  0.0000000000000000E+00,  0.0000000000000000E+00,  0.0000000000000000E+00,  0.0000000000000000E+00,  0.0000000000000000E+00,  0.0000000000000000E+00,  0.0000000000000000E+00,  0.0000000000000000E+00,  0.0000000000000000E+00,  0.0000000000000000E+00
  0.0000000000000000E+00,  3.1440080949593306E+02,  2.8571754694559559E+02,  2.2622687353909828E+02,  1.8760623946139128E+02,  1.0659074968641272E+02,  1.1274543608457699E+02,  6.8145212964849037E+01,  6.3965194444717696E+01,  8.0269266107573500E-01,  4.3384578706828609E+00, -1.4021739585265438E+00, -2.2972778079353002E+00, -6.5696039914169724E-02,  2.6525383586089575E+00,  1.7074920456227201E+00, -7.9067131405517266E-01, -4.6116153680475369E-01, -9.1132812521116424E-01, -2.0026609900603987E+00,  0.0000000000000000E+00,  0.0000000000000000E+00,  0.0000000000000000E+00,  0.0000000000000000E+00,  0.0000000000000000E+00,  0.0000000000000000E+00,  0.0000000000000000E+00,  0.0000000000000000E+00,  0.0000000000000000E+00,  0.0000000000000000E+00,  0.0000000000000000E+00,  0.0000000000000000E+00,  0.0000000000000000E+00,  0.0000000000000000E+00,  0.0000000000000000E+00,  0.0000000000000000E+00
  0.0000000000000000E+00,  2.8477429288443329E+02,  2.5411220208563265E+02,  1.6789542496671123E+02,  1.2698765074396954E+02,  1.5172853914309576E+02,  7.9308129266596296E+01,  5.8357955789087420E+01,  6.8956977232434980E+01,  1.3173711684252702E+01,  3.6719553183735876E+00, -3.7307605486483730E-01, -1.2087259336288447E-01,  3.7270821366884501E+00,  5.2288906056346729E+00, -4.1026603182909671E+00, -4.2097297628562718E+00, -1.4634816558672679E+00,  7.9412082736978884E-01, -1.8910411280245309E+00,  0.0000000000000000E+00,  0.0000000000000000E+00,  0.0000000000000000E+00,  0.0000000000000000E+00,  0.0000000000000000E+00,  0.0000000000000000E+00,  0.0000000000000000E+00,  0.0000000000000000E+00,  0.0000000000000000E+00,  0.0000000000000000E+00,  0.0000000000000000E+00,  0.0000000000000000E+00,  0.0000000000000000E+00,  0.0000000000000000E+00,  0.0000000000000000E+00,  0.0000000000000000E+00
  0.0000000000000000E+00,  3.1471450167420829E+02,  2.6552052436674819E+02,  2.0825486984764234E+02,  1.6858826070477448E+02,  1.0515883360435055E+02,  7.6103024297056322E+01,  5.5378444538077616E+01,  4.3626460652469312E+01,  3.8705285112433572E+00, -1.1974964853448995E+00,  6.4483556353291185E+00, -3.8702822711008351E+00, -5.2021623256578868E+00,  2.6987138809103559E+00,  2.0026650325402784E+00, -3.4403397937974036E+00, -1.4376281498346386E+00,  1.0913258794063772E+00, -1.5274616253938862E+00,  0.0000000000000000E+00,  0.0000000000000000E+00,  0.0000000000000000E+00,  0.0000000000000000E+00,  0.0000000000000000E+00,  0.0000000000000000E+00,  0.0000000000000000E+00,  0.0000000000000000E+00,  0.0000000000000000E+00,  0.0000000000000000E+00,  0.0000000000000000E+00,  0.0000000000000000E+00,  0.0000000000000000E+00,  0.0000000000000000E+00,  0.0000000000000000E+00,  0.0000000000000000E+00
  0.0000000000000000E+00,  3.1575837608313952E+02,  2.4126485311835245E+02,  2.1966172692574054E+02,  1.8027588077708432E+02,  7.8143148363921171E+01,  8.4745242028368608E+01,  5.8278394944526951E+01,  7.3605779487717228E+01,  1.5171670769106465E+01,  6.2591450851265851E+00, -2.3291785027697998E-01,  5.5793012926285357E-01, -4.5996851743523628E+00, -3.2877084736755435E+00, -1.7646556038355268E+00, -1.1288764490424947E+00,  9.5729087182319939E-01, -1.1277771210974388E+00, -1.8223494578704149E+00,  0.0000000000000000E+00,  0.0000000000000000E+00,  0.0000000000000000E+00,  0.0000000000000000E+00,  0.0000000000000000E+00,  0.0000000000000000E+00,  0.0000000000000000E+00,  0.0000000000000000E+00,  0.0000000000000000E+00,  0.0000000000000000E+00,  0.0000000000000000E+00,  0.0000000000000000E+00,  0.0000000000000000E+00,  0.0000000000000000E+00,  0.0000000000000000E+00,  0.0000000000000000E+00
  0.0000000000000000E+00,  2.8057513046487469E+02,  2.4330106554357556E+02,  2.2895328249094121E+02,  2.2487679286284236E+02,  9.1183313357915637E+01,  7.9318132353413716E+01,  8.1721804110097395E+01,  5.3717206710084220E+01,  8.4576532362515700E+00,  1.0336923791598847E+01,  3.6738194014100038E+00,  1.1324153589135602E+00,  3.1504136470277659E+00, -9.8000310036305871E-01, -5.3924406879558129E-01, -2.0257629300624238E+00, -2.6553955718757836E+00, -1.4606946836975681E+00, -2.9457115552162563E+00,  0.0000000000000000E+00,  0.0000000000000000E+00,  0.0000000000000000E+00,  0.0000000000000000E+00,  0.0000000000000000E+00,  0.0000000000000000E+00,  0.0000000000000000E+00,  0.0000000000000000E+00,  0.0000000000000000E+00,  0.0000000000000000E+00,  0.0000000000000000E+00,  0.0000000000000000E+00,  0.0000000000000000E+00,  0.0000000000000000E+00,  0.0000000000000000E+00,  0.0000000000000000E+00
  0.0000000000000000E+00,  2.8996712718233192E+02,  2.4005316999534543E+02,  2.5316500332952074E+02,  2.1537694086604932E+02,  1.4305383575389180E+02,  8.6123961853020688E+01,  5.4963962545238097E+01,  6.5904698763679278E+01,  5.0282786820270609E+00,  5.8990423890840500E+00,  3.6188609520384283E+00,  3.4795622174055474E+00,  1.7389735948803473E+00, -1.7113460370468658E+00, -2.3832575390623356E+00, -1.0993308428619453E+00, -1.2893033445462434E+00, -1.2483601912491205E-01, -2.3295024488116640E+00,  0.0000000000000000E+00,  0.0000000000000000E+00,  0.0000000000000000E+00,  0.0000000000000000E+00,  0.0000000000000000E+00,  0.0000000000000000E+00,  0.0000000000000000E+00,  0.0000000000000000E+00,  0.0000000000000000E+00,  0.0000000000000000E+00,  0.0000000000000000E+00,  0.0000000000000000E+00,  0.0000000000000000E+00,  0.0000000000000000E+00,  0.0000000000000000E+00,  0.0000000000000000E+00
  0.0000000000000000E+00,  2.6988130501402702E+02,  2.4313114434071576E+02,  2.0764336912791126E+02,  2.0196491539586239E+02,  1.4553445778562403E+02,  7.9858360738036282E+01,  9.2614686224460812E+01,  5.3336151123183576E+01,  1.0734014155475485E+01,  3.2459157555710112E+00,  6.3342906656409781E-01, -8.3851585099225723E-01,  4.2608971748923707E+00, -3.9500485201330449E-01, -3.0460756081784881E+00, -2.4297662177747856E+00, -5.1271722583281809E-01,  6.9014300959039598E-02, -4.4791022198346853E-02,  0.0000000000000000E+00,  0.0000000000000000E+00,  0.0000000000000000E+00,  0.0000000000000000E+00,  0.0000000000000000E+00,  0.0000000000000000E+00,  0.0000000000000000E+00,  0.0000000000000000E+00,  0.0000000000000000E+00,  0.0000000000000000E+00,  0.0000000000000000E+00,  0.0000000000000000E+00,  0.0000000000000000E+00,  0.0000000000000000E+00,  0.0000000000000000E+00,  0.0000000000000000E+00
  0.0000000000000000E+00,  2.2144445075229572E+02,  2.0088079024984606E+02,  2.1532608663658857E+02,  1.9329155046678648E+02,  1.2114175734529789E+02,  1.1345210769247964E+02,  1.0327252943455919E+02,  5.7181625418332089E+01,  4.5382760603193830E+00,  3.5763485181251990E+00, -1.7230398699236353E+00,  3.5074415106862453E+00,  4.1481118138936246E+00,  1.9447167821713451E+00, -1.5678696695753853E+00, -4.1184929817243408E+00,  1.0258751361013183E+00, -6.7062501123375728E-01, -1.0232385506479609E+00,  0.0000000000000000E+00,  0.0000000000000000E+00,  0.0000000000000000E+00,  0.0000000000000000E+00,  0.0000000000000000E+00,  0.0000000000000000E+00,  0.0000000000000000E+00,  0.0000000000000000E+00,  0.0000000000000000E+00,  0.0000000000000000E+00,  0.0000000000000000E+00,  0.0000000000000000E+00,  0.0000000000000000E+00,  0.0000000000000000E+00,  0.0000000000000000E+00,  0.0000000000000000E+00
  0.0000000000000000E+00,  2.7276017296995769E+02,  2.4422974010720637E+02,  2.4313963764537274E+02,  1.9946995060182718E+02,  9.1237504055501290E+01,  9.6478464742397762E+01,  7.3701758198122448E+01,  6.2489336537801250E+01,  3.8302449450445391E+00,  6.2004802540498325E+00,  5.9387235639417888E+00, -2.3640916959181713E-01, -1.0384691727566508E-01, -6.3225237898274500E-02, -1.4645189948857151E-01,  4.5165799335691537E-01, -1.0885996362786559E+00, -1.3391285431736666E+00, -2.2255483147112383E+00,  0.0000000000000000E+00,  0.0000000000000000E+00,  0.0000000000000000E+00,  0.0000000000000000E+00,  0.0000000000000000E+00,  0.0000000000000000E+00,  0.0000000000000000E+00,  0.0000000000000000E+00,  0.0000000000000000E+00,  0.0000000000000000E+00,  0.0000000000000000E+00,  0.0000000000000000E+00,  0.0000000000000000E+00,  0.0000000000000000E+00,  0.0000000000000000E+00,  0.0000000000000000E+00
  0.0000000000000000E+00,  3.2494164657528603E+02,  2.5923191856429440E+02,  2.4871204597210806E+02,  2.2801507647303751E+02,  9.6254279107343365E+01,  9.0369691881752914E+01,  6.5916547813893601E+01,  6.6680859192567041E+01,  8.6349040341671373E+00,  7.1395721493200703E-01,  4.6108198179263358E+00, -6.5564865251797499E-01,  1.6329387029489926E+00, -1.6845151830409129E+00, -1.6977618135040449E+00, -6.1654584935369838E-01, -1.5457485945279270E+00, -4.5427817435173701E-01, -2.3385739368573990E+00,  0.0000000000000000E+00,  0.0000000000000000E+00,  0.0000000000000000E+00,  0.0000000000000000E+00,  0.0000000000000000E+00,  0.0000000000000000E+00,  0.0000000000000000E+00,  0.0000000000000000E+00,  0.0000000000000000E+00,  0.0000000000000000E+00,  0.0000000000000000E+00,  0.0000000000000000E+00,  0.0000000000000000E+00,  0.0000000000000000E+00,  0.0000000000000000E+00,  0.0000000000000000E+00
  0.0000000000000000E+00,  2.7985568327791128E+02,  2.3410613836614615E+02,  2.1490809862392229E+02,  1.8494124422493752E+02,  1.3152368567090707E+02,  9.6429385691233421E+01,  6.4130023017211983E+01,  5.6361688624528888E+01,  7.9671509541229195E+00,  4.0357011849669657E+00,  4.3678225340953887E+00,  3.6666357077478473E+00, -7.2893659931526678E-01, -2.5500156647919159E-01, -1.8484761481982881E-01, -3.0198831367402401E+00,  1.4015168545813861E-01, -6.5209386774534117E-01, -1.0966744950037570E+00,  0.0000000000000000E+00,  0.0000000000000000E+00,  0.0000000000000000E+00,  0.0000000000000000E+00,  0.0000000000000000E+00,  0.0000000000000000E+00,  0.0000000000000000E+00,  0.0000000000000000E+00,  0.0000000000000000E+00,  0.0000000000000000E+00,  0.0000000000000000E+00,  0.0000000000000000E+00,  0.0000000000000000E+00,  0.0000000000000000E+00,  0.0000000000000000E+00,  0.0000000000000000E+00
  0.0000000000000000E+00,  2.8138840044305664E+02,  2.7381410968493515E+02,  1.9115139021255231E+02,  1.7873173094952452E+02,  1.1141364107644341E+02,  8.3867775243687632E+01,  9.7074230134616613E+01,  7.6974944188929811E+01,  5.5470315721736494E+00,  3.4828902369190597E+00,  2.8596734734801785E+00,  6.3846315305006129E-01,  3.7516028873390184E-01, -3.3052865917610541E+00,  9.7424719963413686E-01, -2.7620137196148504E+00, -5.5188600077463068E-01, -1.1778161286440847E+00, -6.9849990484745428E-01,  0.0000000000000000E+00,  0.0000000000000000E+00,  0.0000000000000000E+00,  0.0000000000000000E+00,  0.0000000000000000E+00,  0.0000000000000000E+00,  0.0000000000000000E+00,  0.0000000000000000E+00,  0.0000000000000000E+00,  0.0000000000000000E+00,  0.0000000000000000E+00,  0.0000000000000000E+00,  0.0000000000000000E+00,  0.0000000000000000E+00,  0.0000000000000000E+00,  0.0000000000000000E+00
  0.0000000000000000E+00,  2.8988339747230924E+02,  2.6806825677372376E+02,  2.1883598379121412E+02,  2.1923325837324495E+02,  1.2113412251527667E+02,  8.8645772735232754E+01,  7.2849456016005831E+01,  5.5003157537212722E+01,  1.7230914316135362E+00,  2.1625404984550780E+00,  5.3518727335088201E-01, -8.2951453189511515E-01, -2.6400851696603684E+00,  2.1748953025007101E+00, -3.0053294517299385E+00,  1.7227709413603520E-01, -1.1849591098178713E+00, -1.3468300157395507E+00,  1.3536472658342613E-01,  0.0000000000000000E+00,  0.0000000000000000E+00,  0.0000000000000000E+00,  0.0000000000000000E+00,  0.0000000000000000E+00,  0.0000000000000000E+00,  0.0000000000000000E+00,  0.0000000000000000E+00,  0.0000000000000000E+00,  0.0000000000000000E+00,  0.0000000000000000E+00,  0.0000000000000000E+00,  0.0000000000000000E+00,  0.0000000000000000E+00,  0.0000000000000000E+00,  0.0000000000000000E+00
  0.0000000000000000E+00,  2.7232185360629990E+02,  2.0549186579569221E+02,  1.9447159699020034E+02,  1.6989921603198138E+02,  1.0050280298708309E+02,  8.3772572311144259E+01,  8.0518161465838915E+01,  6.4091328968160241E+01,  4.2188077978022989E+00,  2.8162508556862740E+00, -1.6841406398975067E-01,  6.5602467005865162E+00, -2.7940401955282956E+00, -2.8785714931327124E+00, -2.2383737343651156E+00, -2.3316131360029946E-01, -2.3284126703286998E+00,  3.2728750142937590E-01,  6.8003238732570415E-02,  0.0000000000000000E+00,  0.0000000000000000E+00,  0.0000000000000000E+00,  0.0000000000000000E+00,  0.0000000000000000E+00,  0.0000000000000000E+00,  0.0000000000000000E+00,  0.0000000000000000E+00,  0.0000000000000000E+00,  0.0000000000000000E+00,  0.0000000000000000E+00,  0.0000000000000000E+00,  0.0000000000000000E+00,  0.0000000000000000E+00,  0.0000000000000000E+00,  0.0000000000000000E+00
  0.0000000000000000E+00,  3.1909435199794382E+02,  2.3139150392438944E+02,  2.2787865552057286E+02,  2.2953784091931709E+02,  8.1691767329078857E+01,  7.7631474864497122E+01,  6.7316367377157775E+01,  7.1090728710967369E+01,  7.1662125762356972E+00,  1.6822118960943886E+00, -1.9537861478257490E-01, -1.6870575685711815E+00,  1.6446356927653891E+00, -2.8609469883173189E+00, -1.6179072919281170E+00, -2.0562117372570414E+00,  1.2039733111074762E+00, -2.9611586818692448E+00, -1.4526095702276178E+00,  0.0000000000000000E+00,  0.0000000000000000E+00,  0.0000000000000000E+00,  0.0000000000000000E+00,  0.0000000000000000E+00,  0.0000000000000000E+00,  0.0000000000000000E+00,  0.0000000000000000E+00,  0.0000000000000000E+00,  0.0000000000000000E+00,  0.0000000000000000E+00,  0.0000000000000000E+00,  0.0000000000000000E+00,  0.0000000000000000E+00,  0.0000000000000000E+00,  0.0000000000000000E+00
  0.0000000000000000E+00,  2.8017819033291471E+02,  2.3624867721353672E+02,  2.1968046244827661E+02,  1.7614571716352776E+02,  1.0420948385179292E+02,  9.6430060210372872E+01,  9.5640411800214707E+01,  6.5286319221649208E+01,  7.5896394372207912E+00,  4.7949567293342952E+00,  3.5251850694798375E+00,  1.1465298099477561E+00, -9.8735603310718201E-01, -6.4032922945901127E-01, -7.9506379896530710E-01, -8.6037505735550113E-01, -7.3076997838131641E-01, -9.9204206598000888E-01, -1.2865824018205931E+00,  0.0000000000000000E+00,  0.0000000000000000E+00,  0.0000000000000000E+00,  0.0000000000000000E+00,  0.0000000000000000E+00,  0.0000000000000000E+00,  0.0000000000000000E+00,  0.0000000000000000E+00,  0.0000000000000000E+00,  0.0000000000000000E+00,  0.0000000000000000E+00,  0.0000000000000000E+00,  0.0000000000000000E+00,  0.0000000000000000E+00,  0.0000000000000000E+00,  0.0000000000000000E+00
