            88.7359037816,             4.4574015174,            -1.1552224289,             8.5908038347,            -5.0777000016
            86.2125072736,            -0.9253550163,            -3.1202484467,            -3.6527400270,             0.5777952686
            87.1226133355,            -0.4976676565,            -1.3372443981,             6.9108463549,            -0.3774303335
            87.9808885681,            -3.2566230269,            -1.3815556368,            -6.0207418760,            -2.7233784443
            86.2975425192,             0.6477650450,             0.2697048451,             3.7760325571,            -3.2476397613
            88.4056125143,            -0.7318099010,             0.0824568682,            -5.7790739841,             0.3165856623
            84.7808163423,             2.8267360370,            -3.6919919962,            -1.8831467382,             1.9286490394
            83.6820717288,             2.7269372377,            -1.7000929309,             2.6311122997,             5.0833926915
            84.9706204820,            -1.2680215838,            -5.3370895912,            -5.2452445865,             4.0986723876
            84.1784257863,             0.1674547534,            -4.9627737187,            -1.5853806496,             3.6173589450
            85.5062121365,             0.0134112968,            -1.4648563691,             7.8479629137,            -1.1553644077
            87.2633118266,            -1.9582698896,             4.8142127340,             0.7548842206,            -4.1001474918
            88.5406304155,            -5.5786565040,             1.8473577194,            -8.9982574272,            -6.5367785247
            87.1585550927,             3.7188637604,            -2.0837673024,            -5.1525834075,             3.7450014929
            90.1195508536,             8.1769865251,             1.3194215694,            14.3749168132,            -6.6190756162
            89.2280806009,            -1.2745664555,            -0.0311117310,            -6.9636311638,            -4.2566362768
            84.7778360622,            -5.9970068701,            -1.2580476988,            -9.1551272698,             1.1645313657
            84.9091080216,             0.0169874746,            -5.2870455176,             3.1297391958,             6.0313975720
            87.9301460506,             4.3074940157,             4.1070390968,            13.9492623518,            -4.8196460243
            87.5526857293,            -3.1049750855,             0.7484823541,           -14.4101634404,            -4.0870448053
            83.7794473339,             0.8528327635,            -2.9393853737,             5.5408200053,             3.1524596891
            87.3291799073,             2.5877116073,            -1.4435855735,            -0.3045240785,             3.4987764315
            87.2761960054,            -0.7458005788,             2.0603687789,            -6.0304920916,            -3.5195926217
            84.8583771885,            -0.2595367065,            -1.3375615499,             0.5925366723,             1.9914603817
            88.6948133289,             4.4671823594,            -2.4403968587,            10.8819896386,            -4.7717568433
            90.8818448494,             0.3564077795,             0.1372821197,            -6.3517028699,            -7.1753573730
            87.5745465856,            -2.5982221327,            -2.4196590126,            -8.1851362543,            -1.9488000821
            86.0894714455,            -2.5403691850,             0.7239739876,             2.3975526611,            -2.6707579296
            84.9458526369,            -2.2962895817,            -0.4826309180,            -5.1138109236,             4.9730371475
            83.8143512202,             3.6614828994,            -0.6798636771,             7.2047131744,            -1.1355464002
            87.9301931523,             5.7252638411,            -1.0896762580,             9.2724550333,            -3.7700506431
            89.2892533831,            -0.7184842156,             2.0886847664,            -2.7623155608,            -4.9925676172
            87.9029635258,            -3.5589714191,            -0.8470877573,            -0.9330872656,             4.4861355258
            86.7203443153,            -2.1227686951,            -2.6710546571,            -2.0540967427,             6.4909287885
            84.8915019477,             2.7201814382,             3.6713399260,             5.7118347171,            -0.1879164544
            84.5214313780,             0.4491724271,             1.8525393892,            -4.5505426439,            -0.8963419909
            83.3652119090,             0.6630899157,             2.3629291425,             2.1076077085,             3.6768690644
            84.0413917058,             1.0067488239,            -1.5011061146,            -7.7382604218,             7.4296878860
            81.7604176466,             1.1668565319,             0.6028601197,             0.6776935078,             4.6918019034
            83.9601215249,             3.0171968587,            -3.2574653469,             1.1896103848,             8.0089790259
            88.3276688125,            -0.0946843646,             3.0584659594,             8.4182299068,            -4.6672030824
            90.6172313023,            -1.3145577394,            -0.0838445281,            -1.7863149912,            -4.0209985335
            90.4615238984,             1.5347720377,            -1.5252948301,            -1.4978709290,            -5.8850264565
            89.9558194180,             0.5162223453,            -0.6663021993,            -3.7123953046,            -6.5955769412
            90.3460173785,            -3.3667342390,             4.1992396959,            -6.7243516130,            -8.5959812120
            86.2039777786,            -7.1241486941,             2.4155062251,            -4.9812922458,            -2.2914490442
            87.4148695298,             3.2675901417,             3.4287974979,             6.0271067327,            -4.1497891854
            89.8269112450,             5.0690807082,             2.7081129597,            -2.1461380487,            -9.2586770331
            87.0829847494,             3.5284891210,            -2.3176486281,            -1.5331647087,             0.6369471372
            87.5820806029,             2.4142834805,            -5.2146981211,             3.8977013119,             2.2624565953
            88.3813027321,            -1.9722424299,            -3.6967263533,             0.5074792368,             0.5270151424
            89.5338901088,            -7.6133973254,             0.2639146356,            -6.9864085027,            -6.0123546462
            90.9080564694,            -5.3477552707,            -1.2652083364,             5.4331335950,            -1.8153243944
            91.3928505917,             1.4750763796,             0.6051750666,             5.7986726690,            -2.1672605366
            92.2148951544,            -0.2150049417,             7.9496010473,             6.1131797771,           -16.0165055903
            92.9770371726,            -2.5241391716,             1.0296506191,            -5.9039081033,            -7.0067203328
            88.2267245756,             1.3805868416,             3.8850963825,             0.3517144629,            -7.0385063345
            89.3996700783,            -3.1546672612,             3.1551791857,             4.7192268734,             0.9271478385
            87.7785273246,             0.8649990088,            -1.8707682985,            -8.5938995597,             3.4875328214
            85.6812339579,             3.2040361248,             2.9276976479,             6.9241172657,            -3.4350574698
            85.8766004013,            -1.9377113742,             2.4466466238,            -4.3177943586,             0.3794688188
            84.1908014572,             3.3315410584,             0.9316167608,            -2.1042834215,             0.8372838810
            86.2770821659,             2.4632531935,             4.7314464763,             9.8029204888,            -4.5287753628
            90.7011789295,            -2.0782338188,             2.7781361549,            13.0977316565,            -1.7342108798
            89.2144775478,            -1.7333306665,             1.4579701984,            -9.9099803296,            -7.0861480720
            88.1086215805,             4.4367396967,             1.3181302475,            12.3724628857,            -6.9280721182
            92.5138799609,            -0.9771275317,             2.1760431263,             0.3049377291,           -10.7737188033
            89.8223485590,            -3.5279487270,            -1.0404988350,            -3.4504183562,            -2.3486831303
            87.8005450502,            -0.0077833338,            -2.7750288792,            -5.8703515114,            -1.0097467892
            86.9420001715,            -1.5703312004,             0.7794854152,            -4.9418380883,            -1.2958041443
            84.6256261991,            -0.3848795549,            -5.3392482799,             1.8117232723,             8.2546776233
            85.9752678435,             3.4785850954,            -0.7088546942,             7.6127020352,            -0.3698683345
            87.1676151563,            -4.6906107283,             0.2607890271,            -8.9059898350,            -3.6217043820
            82.7134360948,             1.3881312322,            -2.4707103932,            -6.9618850431,             3.1800959994
            83.9433788310,             3.3978763213,             1.8776878666,             9.2732915491,             0.0995047423
            85.9614205162,            -0.3169177894,            -2.3904475147,            -0.0147242386,            -1.2400216262
            87.8791370356,             6.7976024753,            -5.6061426385,             8.5767138676,            -0.4310189912
            91.0590915590,            -2.1606522233,             1.8632140949,             1.8313336385,            -5.9398485495
            86.7791332436,            -6.7372685890,            -8.3894101036,           -10.8909492260,            -0.1916190376
            83.8022453862,             2.3317255740,            -3.0523939470,            -3.3633665613,             1.0411093914
            84.5721203759,             1.3197077873,             0.3137328938,             6.2323576325,             0.9481200373
            85.7835933885,            -1.3200468015,             2.6074396393,            11.6968817518,             2.4637283368
            86.6222673983,            -1.6215426375,             1.6103096877,            -7.8861308898,            -6.7214692925
            83.1517583407,             3.2800961189,            -0.6390420756,            -3.0475764281,            -1.5313132717
            87.6087582419,            -2.3481900727,             4.6603591237,             9.7562785603,           -10.0930352523
            89.8005005917,            -1.7019153480,            -4.5261796128,             4.8046715313,            -2.5095626561
            87.3545458969,             3.0206018757,             1.8026612063,            -8.0109102041,             1.8965133394
            86.1391833228,            -5.2193362112,             5.6020790874,             1.8473743017,            -1.8231243883
            88.2929120979,            -4.2605070064,            -1.8523046791,             2.3071612492,             3.4230902199
            85.1346025855,             3.9764548901,             7.6846632907,             3.9626860030,            -6.1022667050
            89.4723738184,             0.8558520716,             5.0979106033,             3.1525106836,            -8.6212312745
            85.7412440577,            -0.0233002660,            -0.5329469858,           -10.0482012116,            -2.4943492333
            82.9906562564,             2.9914709525,            -0.5076267554,            -2.0326685969,             4.5986336681
            85.5746333911,             3.6129566040,            -0.0578794586,             2.8295953518,             5.3157160520
            88.7269920044,            -1.7287532524,            -1.5490999549,            -4.2790211827,             2.6914704776
            84.1369388095,            -4.7584866293,            -2.7083311182,            -3.5280246767,             4.3403402624
            82.2630800678,             2.0319725748,            -1.6098231842,             4.1691014569,             1.1756668822
            83.9032484465,             1.1012181177,             0.5578777490,             1.7983792513,            -3.1501621131
            84.3066591005,             1.2402192313,             0.3580705081,             0.4404862163,            -0.0092099697
            91.2666349246,             1.1841065727,             1.9021431659,            17.0849089311,            -3.5308483719
            89.5484393527,            -4.0059612609,            -1.7138721732,           -17.0575439357,            -1.7091417535
            82.3796425017,            -1.4845683467,            -2.1454669541,            -4.5489872505,             4.3618139940
            84.7674672115,            -1.0430354550,             3.0889829747,             9.4320217720,             6.0907053818
            86.2925496121,             0.2287527154,            -1.5071162538,           -10.6894409329,             9.4320364015
            81.4425918334,             4.2024485666,            -2.2233705050,             2.1154946236,             2.5996931764
            86.8841466366,            -1.3532846605,             4.3019809413,            13.1930796584,            -1.2617138461
            86.8310418974,            -1.8222466702,            -2.1373216615,            -9.8260493278,            -0.5234524812
            86.5584560951,             3.6705623078,             5.4573353810,             8.8847930701,           -10.4091600314
            89.8735348691,            -2.4538271723,             2.1285721605,           -12.0251046217,           -13.2215272981
            86.1551254046,             1.3655609347,            -1.3150436724,             1.0793188174,             1.0462795650
            85.3698470415,            -0.3949288636,            -1.9059703854,            -0.7392288200,             2.3938396847
            84.1571906355,             0.5707034395,            -2.1241699171,            -0.5900958975,             3.4286672703
            84.3772090264,            -3.1979496276,            -0.9155266441,             2.2689300251,             1.7459637443
            86.4795968793,             4.4938872251,            -0.3455103063,            -9.3868241328,             8.5673081409
            84.6434626661,             1.9424713343,            -2.2514109151,            -3.7575993674,             1.7232632201
            87.5465329798,             0.5625152712,             2.2314832469,            10.7680597457,            -3.7679400367
            94.8348143044,            -7.8196035523,             2.4450045522,            -5.5966223118,           -10.2049366135
            92.0723092271,            -2.0351834537,            -3.7890644917,            -7.8689494735,             2.8058151060
            87.8903361882,             2.2637331438,             8.3110212219,             6.0711995127,            -9.6831720065
            93.7232388180,            -4.1205890584,             7.5904241570,            13.2018935554,           -13.8442587605
            98.5310685035,            -0.2133559369,            -0.3078589558,           -13.4866129807,             1.0123167319
            89.0444724680,             4.4523361260,             1.8154804635,           -17.9992591409,            -2.2818182755
            83.0131317485,             3.1293370840,             0.2940649237,            10.7179855757,            -1.4961034041
            86.7682194609,            -2.8001783928,             0.2659566075,             2.1497168747,             1.8280090123
            83.0365673489,            -3.1002080858,            -4.0350591855,           -17.6159751413,             3.9942208946
            82.7973135609,             5.5049454470,             1.0882643174,            17.4866148606,            -0.6345649988
            91.8330216845,            -3.0283413539,            -3.7177254094,             1.7574888831,            -0.8380352523
            90.6242348277,             3.4339197071,            -7.5514453305,            -1.7229779246,             7.9358283667
            92.4522050279,             0.8387472925,             2.5082459312,             2.2833080541,            -4.8187680525
            87.2400319777,            -7.3494046617,             1.5352473592,            -6.6003785892,            -6.4969264803
            89.9876160285,            -4.8672724896,             7.2359580652,             6.5793095120,            -6.0896780515
            90.7811034713,             4.7694290517,             0.8742483033,           -11.2977405701,             1.5539054052
            86.5108539207,             7.4901507873,             2.6987277986,             3.3551462226,            -8.6456892877
            91.7088349117,            -2.9626348895,             1.6780988213,             2.0537932595,            -6.7178421770
            86.6100541353,            -3.1444684027,           -12.4732117620,           -10.1856340629,             9.5934943413
            87.0188884107,             3.2082789217,            -3.7844664388,             2.8277018353,             6.8636866221
            88.4902392905,            -5.4593391034,            -5.3567555941,            -7.3422523801,             5.3436485873
            84.4355321946,            -2.4261721552,            -6.8083015690,            -0.8954586180,             3.4294661271
            88.1517021281,             1.0194651612,            -2.0688183875,            15.9887115789,            -0.0419582175
            91.9795496010,             0.9422215387,             0.5453832576,             0.0171214947,            -4.2336336383
            91.6509841705,            -2.2247263826,             2.7564753774,             0.6154008842,            -5.7921841759
            89.9375587031,             2.6166255152,            -7.5900800514,            -2.9429935199,             6.9022474465
            90.5279565651,             3.5369341772,             4.0928644304,            -8.6136271329,            -7.1714970816
            86.5549183232,            -1.3632369132,            -1.5947340455,            -6.2244378876,            -8.0701886554
            92.8352802293,             3.5647327707,             0.7048169904,            20.8302679615,            -8.8203534131
            92.4794631318,            -6.0784055869,            -2.4729396273,           -12.9691427217,            -1.7776209256
            86.6761459295,             0.9650380976,            -7.0800864706,            -5.1567434278,             2.8588051697
            83.4057848926,             0.1995823669,             2.0140511368,            -0.3060028888,            -1.5496148652
            82.2841338756,            -2.9317165253,            -1.8973205448,             3.8099126927,             9.7736950137
            86.0936316099,             2.5367878105,             0.9941806041,            -1.0117602887,             8.4341283963
            85.6044585567,            -2.2037514683,             2.6759299427,            -0.7774367939,             1.0031578708
            83.3153801376,            -0.4350774889,            -0.4449678646,            -6.9758832880,             9.0594556111
            82.8474471604,             1.6429842824,             0.1762115146,             3.8120643357,             8.8600997696
            86.8612517392,             3.1644043249,            -1.5440368120,             0.8726633213,             1.4847158216
            86.4991734343,             1.0342767832,             1.2636293300,            -4.1183911844,            -7.1442490278
            87.4846037668,             0.3281936308,             0.2705631971,             3.2327954568,           -10.5431064528
            85.0503906078,            -4.2303213513,             1.4663907606,            -7.6946165453,            -1.4544448379
            83.7260567244,            -3.4274403465,             1.7047742540,             5.5915200888,             0.2428389634
            86.7410616886,             3.9956043183,             0.4256677117,            -5.0814242200,            -1.9096967249
            84.3894334902,             2.5902218861,             4.1650524210,            -1.7926807135,            -4.8116224073
            87.8297401074,            -0.6788465525,             5.2891932476,            10.3515773457,           -14.6484501891
            91.7407886676,            -4.1218547263,             0.4984980446,            -5.2398482809,           -14.7998407325
            89.7463262420,             1.1870297429,            -1.4005104122,             9.8406402219,            -0.0044675462
            88.8985104366,            -0.1566803178,             3.0764795275,           -11.2306904476,             4.7012527133
            85.4418894799,            -2.1555390904,            -6.1444049504,             6.5821009633,            11.2653268374
            88.4139385424,             4.5402301092,            -0.8605121108,             5.4889108160,            -0.3877171199
            93.0945936183,            -2.7170239353,             3.0227736287,             1.2727352237,            -8.7569813902
            87.9812231299,            -0.1266625707,            -3.1287310085,           -18.1050046747,            -2.0379914449
            82.9289813414,             1.0431376631,             0.1407561038,             8.6407119844,             1.8519710971
            90.9668575969,            -0.6881689189,            -4.2355180848,             2.4644142845,             6.9078028920
            90.4258617923,             2.4485528006,            -4.9382583167,            -4.4856383206,             7.3980706090
            86.3858725405,            -1.2009387328,            -0.8635823324,            -0.1574654204,            11.1654851752
            85.6042084437,            -2.6015351022,            -1.1721086809,            -2.4576426809,             9.7039580939
            91.2843983386,             2.1354442992,             0.8012327999,            11.2505244856,            -3.5801314354
            86.0597446832,             2.6737146574,             2.1269661510,           -16.1248074543,           -10.5658129091
            81.8879011300,            -2.6209761097,             6.3799509111,            10.4521177581,            -7.3911468499
            89.9954942232,            -5.2592544286,             0.8012635114,            14.7115466228,            -0.5587319949
            92.5031041627,             3.0561953296,            -1.8788220482,            -2.4720456635,             2.1097830189
            91.1252888694,             5.0176536767,             2.7506444041,           -10.4707508565,            -6.5874842203
            85.8174716189,            -2.0043611640,             4.7324634437,            -0.2036927901,           -13.3681333081
            91.8281801698,            -2.5061691438,            -3.1196764181,            17.5981449303,            -5.2485587386
            94.9115128634,            -0.3306513950,             2.8144854725,           -16.6807127619,           -10.4611189061
            85.9046035640,            -4.1909880049,            -0.4130531590,            -7.8933215237,            -4.7979719453
            87.0113902135,            -1.5135266907,             1.1904897160,             8.2788874409,             0.5809339193
            88.7493605648,             1.3702316799,             0.6543638023,            -1.9822355873,            -0.1005481165
            87.7693244466,             1.7286516268,             4.1296498529,            -5.8675402975,            -8.2052393560
            89.6391157998,            -3.7007476226,             3.3770373910,            10.9546110679,            -1.7108263867
            94.8645452986,             3.8515121187,            -2.5169440946,             0.6245523343,             1.6865740874
            92.8525245955,             6.7039894346,             2.2066520901,            -2.3551573929,            -2.9264973301
            85.4707233601,            -0.8831514402,            -2.8465413922,            -7.2558868663,             2.8393114585
            85.8058634178,             6.6198676983,            -0.5499966879,             9.0620891497,           -10.6449372947
            87.2319782629,            -7.5266886336,             8.0851737750,            -8.3564217787,           -18.5309245380
            87.7939129961,            -3.8644446758,            -3.1677470833,             4.0234328558,             1.0826699467
            86.9541352693,             0.7639007072,             2.7256279891,            -1.7508625230,             9.0544822000
            83.2797421310,             4.1300476694,            -2.7801017086,            -5.1965102318,             8.9673361328
            83.3430777354,             2.0758303328,             6.6556322008,             0.0048050705,            -8.5722112742
            84.0789529909,            -0.6657171114,            -1.0148975501,            -1.9224168815,            -6.8348562681
            88.1156740019,             2.3434430935,            -0.8413229163,             9.7398056717,            -0.6323006399
            91.0454883112,            -2.1065232110,            -6.3111154536,            -8.4847769041,            -1.2261829096
            86.8722572751,             5.9110672115,            -8.3123833213,            -0.1649460187,            -1.9131645722
            88.7934575123,            -1.4159805062,            -3.9228774991,             5.7793212199,             0.2892662781
            87.7062495828,            -6.2054044484,            -7.1189884852,           -12.5323992138,            12.2766688812
            86.3666514361,            -4.2491382722,            -3.2465615285,             9.9639760442,             8.2117960800
            85.9795349145,             1.3792511191,             0.8118772430,            -1.2249546374,             1.1102961043
            87.3402565528,            -0.4038905533,             6.4209793480,             3.5165926454,             0.1028058985
            92.4194407674,             0.9162290035,            -0.9908952460,             6.2944004755,             0.8037660399
            93.1495812177,             6.3274726849,             1.6602921461,             4.7910852396,            -3.2629588565
            86.7663234629,            -1.7011154985,             7.7116374829,           -23.7856226644,            -9.6921673538
            80.8205140946,            -3.2674258525,            -0.5417039514,             5.4541190761,            -2.9650865499
            81.5802005934,             0.1090880382,             1.0599027788,             8.2634295180,            -3.7878751889
            91.6883422590,             2.2616180701,            -1.0053794862,            15.2300165963,             3.5536790028
            92.3872938202,            -1.6487571472,            -2.7086762230,            -1.0635497444,            13.6693972107
            89.2479292692,            -3.1676226246,            -5.0749097238,             1.6821166821,            21.0087101033
            85.6966826316,            -0.8309295057,            -2.3740696172,            -6.0802510333,            10.8476859036
            82.7787052985,             2.9807492177,             3.4237152398,             7.9717588803,            -6.0840433760
            94.5978059642,            -5.6235050861,            12.1019926087,            17.9790400384,           -15.1173007431
            92.1703817229,            -5.7780656451,             1.5988637561,           -19.6114194565,           -11.5165040358
            86.3226466237,             4.4994493396,             5.7351472647,            -4.2968666011,            -5.0916381665
            84.6876496294,             1.3750873996,             3.3742677668,             2.6620369462,            -2.2322470809
            86.4990173876,             3.2760649688,            -2.0064001913,             5.0905301561,             2.9363350943
            88.1512941041,             4.3147584594,             1.1917161266,            -2.6878572341,            -6.1829474717
            89.0004877391,            -4.8642004334,            -0.2061097784,             2.4363661728,            -5.4363613269
            84.7088654701,             0.5678767071,            -5.5025481942,           -16.9252176756,             6.4941806956
            81.4860160300,             5.6129342295,            -0.9301421600,            11.8362929114,            -4.3260962957
            91.6852824362,            -4.4802864906,             1.0305888843,             5.0594375742,           -12.0581839200
            90.6935840325,            -4.3924395087,            -3.1112540647,           -16.8480848148,             2.7632903942
            80.2036392220,            -1.7698236586,             1.9860971755,            -5.1969756361,             2.2433769693
            84.6849652492,            -3.9281697053,             3.0083165699,            13.7617726119,             6.6015820977
            87.8989559150,            -0.9143441252,             2.1394869602,            -5.4315721887,             9.4642382761
            87.8403631439,             3.0280939100,            -0.0956635294,             5.3084268344,            10.0588590100
            89.7192480842,             5.0443495535,             2.1093927281,             8.7448745310,             0.8342674929
            93.0239257351,            -0.7687391940,             1.5127015265,            -6.1930146501,            -4.2289427139
            89.0141027753,            -4.4426757887,             2.0936690170,           -17.9457908092,            -5.4811775608
            88.7206158924,            -1.7193384903,             0.9385773214,            14.1773231443,            -1.9871819578
            92.4106043096,             5.5283379212,             0.5241886028,           -11.8947804515,            -0.6109611052
            82.9293802166,             2.0183449618,             1.7932789327,            -7.0143796165,            -5.5162671749
            86.2963941020,            -3.9898900367,            -0.8206726230,             7.4267785530,            -1.3653550138
            85.9122618995,            -2.8864313496,            -2.5647683009,            -8.8861836950,             2.5017092213
            91.0973693542,             0.0976996367,            -2.1680770018,            18.1815631218,             9.1804162001
            97.9978480494,             1.1496344890,             0.7169469037,            -8.5912197306,            11.8752680868
            87.3205052109,             0.7930968866,            -3.5688631459,           -24.3573969484,             5.4285263205
            84.4117376235,             5.0079801706,            -0.7892074072,            18.9931036964,            -1.4050396822
            92.8404893609,            -2.1706524570,            -0.9828947050,             4.6275020725,            -0.0324766698
            87.3074377272,            -5.6536492633,             0.7257762044,             7.4929566434,             9.0958380083
            82.5725279348,            -1.1601191773,            -1.8740542626,            -7.6977387800,             0.9503592111
            82.6997683623,            -0.0855326803,             1.7080818585,            13.5927696010,             1.3082192329
            89.0410772021,             4.2480058670,            -1.8875430928,            14.5889038829,             0.5006915621
            94.9305343132,             0.2611692821,             1.7742180408,             1.8347184849,            -5.2683357847
            89.3917190606,            -5.3731813947,            -2.1472274224,           -17.0847749007,             3.3626425538
            83.4043702451,             2.2059279829,            -2.3166150194,            -4.1592857110,             1.1160216414
            86.6400836294,             3.1576731116,             5.4995438088,             9.5313580107,           -14.6596133556
            86.2090786097,            -4.3330173954,             2.8757061038,             1.9257956497,           -10.1658287819
            90.1014465071,             0.5027929847,             1.2768809396,             7.2652217521,           -14.2971530338
            90.2990031259,             4.5739624962,             1.1107016771,           -10.7584556926,            -6.5804132555
            92.1986574616,             5.7638111143,             1.8516438194,            11.1351298147,            -2.9557013638
            93.2583910059,            -6.4417860842,            -1.4404866802,            -7.7368680058,            -3.4486796830
            89.2126769316,             1.8757510049,            -7.4578819502,            -1.1246432700,            -3.3576943925
            89.1964537388,             2.6456084801,             1.0528892727,            -1.4897993615,            -0.4621675347
            90.1074849081,            -1.7343893793,            -3.3558700671,            -7.8283638716,            -0.2821025531
            84.8491089035,            -0.4835763615,            -4.8140372471,            -0.9690145804,             2.1318242013
            84.8259513925,             0.9987629331,            -0.7207391797,             2.8334159488,            -1.6883180625
            86.2353480541,            -5.9335568936,            -2.7903499851,             8.2055635847,            12.0350831714
            86.4780561343,             5.3176635174,            -3.4369197197,           -15.4181006772,            10.3227259854
            82.9181709114,             1.5985706563,             1.9310007261,             3.8381516985,            -2.8271876971
            87.9701302633,            -0.6663695741,            -3.0144885588,             5.6171899958,            -1.7078891929
            87.1040856574,             1.2648571660,            -4.4055466893,            -4.7665388333,            -0.8766853902
            84.9267314716,            -3.0911050819,             3.9768296577,             2.4025101637,            -2.2276485778
            85.7197125288,            -3.4542049400,            -8.5138320100,            -2.4679332504,            14.6097730747
            86.7054099880,             4.9596135697,            -1.2380273574,             3.0896294008,            10.4809241338
            88.9324843973,            -5.1713788343,            -0.2451550145,            -3.5833621880,            -1.7177210184
            86.7681877254,             1.6333997912,            -5.0962851174,            -6.3035486920,             2.6201533438
            85.5498197373,             5.5746200326,             3.2301564095,            -4.3330273040,             0.4459556427
            89.6216033232,            -2.3673202508,            -0.2646806535,             4.1199561694,            -3.5083927903
            94.1345662642,            -0.6728319088,            -1.6482023276,             6.4422146459,            -5.7078931110
            91.5134202670,            -4.2802711093,             3.2882849952,           -18.2475736309,           -10.8379460651
            86.8987743226,            -0.8603610330,            -2.7565446588,            -1.6361751331,            -4.4883083709
            85.4560951862,             3.2375583446,             4.1405843206,             6.8404136201,            -8.1910778187
            90.8279660518,            -7.3219769202,             2.8499490955,            11.1011043479,             0.1996485195
            88.0295350285,            -1.4851650923,            -2.4669627676,           -14.1663033904,             5.0204437490
            81.8810832517,             2.0989424307,             4.2912909295,             2.6316061926,            -1.9284942644
            89.3670696839,             0.3982579128,             6.2411179748,            15.5138330429,           -13.1361776092
            88.2512004613,            -3.6592089278,             3.7055754729,            -5.8359461310,            -5.8459298025
            83.9951327178,             3.0600051068,             3.1792589302,            -9.0515165924,            -2.8415953974
            82.0835540757,             4.2859532410,             4.3813367517,            -1.8843196819,             3.3848162740
            80.8269812717,            -3.9707060889,             1.6297888977,             2.2731973223,            10.9577614049
            84.6056050617,             1.7049970916,            -8.9359395343,             8.8257643415,            16.4971409204
            88.2140368723,             8.4919671285,            -2.2010094030,             1.8187266465,             4.9991133794
            87.0975706140,            -4.2972934603,             2.2043022110,            -1.9572457131,             3.6746663494
            91.4615327972,             2.3692080841,            -4.7048067216,            14.0258706848,             4.2234372212
            90.4166093172,            -1.6480537324,             6.0934085594,             3.1543375521,            -0.3057458318
            92.1045397108,            -0.8086004135,            -4.2255086094,            -1.2847534424,             7.1683453760
            90.4310125627,             3.9995593315,             3.5704098732,           -16.2443753101,            -0.2178491316
            81.7147270076,            -2.3650381501,             1.4580945335,           -10.2495890931,            -3.3643465876
            80.1947226599,             1.8642004713,             0.5936856935,             8.6352730368,            -1.6217797078
            91.3165686767,            -1.2502355336,             3.4460782500,            13.2822136060,            -1.1338964054
            95.0186242814,             3.0505465360,            -5.6851880468,            -1.7041730291,             2.8336552990
            91.9940550399,             4.5571933244,             2.8376173664,            -8.1971086739,             1.5782102601
            94.9527791877,            -6.9199434929,            -9.6121090667,             4.8477709580,            18.0615357745
            92.3152317546,             1.2029179162,            -9.9564968723,            -6.0033235253,            18.8364157315
            86.4406139829,            -1.9427693657,             1.1347837009,            -8.8968199542,             0.2023740055
            82.0295438289,            -3.7622504395,            -4.3377263433,            -2.0582863303,             7.2167045652
            87.1068930122,             0.5402009233,            -0.7097298416,            13.1062577527,             8.4385951289
            87.1639505301,             0.1849643227,             1.3845490412,            -3.8755338158,             1.2057004652
            86.3625193256,            -0.4267849777,             2.0359959770,             2.2393796711,             0.7833009303
            85.8269755611,            -1.2170295012,            -1.1093868090,             1.6896132888,             3.4813779156
            84.4075736346,             1.7880387428,             2.3959660841,            -3.5703641527,             2.9039708583
            91.1658343130,            -2.6381032700,             0.2694137873,            11.3100957863,             5.2582634080
            90.6617472493,             5.9285617518,             0.2602638729,           -17.3858715069,             8.2384515750
            84.6515140405,             2.0386757510,             4.4082496870,            -0.6269726570,             4.9874917006
            87.3994487835,             2.6658528280,            -3.1871269138,            -3.1647380048,             8.8980055128
            86.0922658899,             4.3401128189,            -1.6081527336,            -6.2508831229,             3.3767177609
            85.6766929859,             1.5049591169,            -0.8204156396,             2.4493651448,            -2.6254902817
            86.4430736564,             2.1778981257,            -3.6821406812,             4.9107419623,            -3.4963505401
            87.1187695791,            -0.0188902687,            -2.8581507877,            -0.9062961831,            -7.6729221323
            88.6243446201,            -2.0167634992,            -2.3317409382,             4.1137015468,            -3.8016442485
            87.5752983203,            -5.5775010584,            -1.5697842596,            -3.6717739958,             6.2311774960
            83.9783168373,            -4.0983358722,            -2.0221842123,            -5.8163938437,             0.8770508754
            88.8074719801,             1.9286521049,            -0.3593006305,            10.1307038911,            -1.1220130900
            89.4148840670,             2.8603630331,             5.6643167837,           -11.3924320349,            -4.6367614688
            84.5086920331,             0.0973361704,            -2.2853380061,            -6.4284689560,            -1.3629141210
            84.7588982469,            -0.2726629520,             0.7675042377,             6.0470661312,             1.4592892497
            84.9065136781,            -5.1850965509,            -0.0503756927,            -6.0598186146,             2.4024365060
            88.0964941999,             0.6288093523,            -1.0957041976,             7.7942377001,             2.6158737511
            88.9898889093,             2.1720289574,             4.8562011121,            -7.1940071649,            -2.8975023723
            85.0658769800,            -1.8754575646,            -1.6203772619,            13.1037030835,             0.7698713541
            86.9481740733,             4.9643172534,             0.4247506742,             0.0464853522,            -1.4244546597
            86.5091293033,             2.0563704474,             4.6021139108,             0.4835373034,            -3.8636382902
            89.8785983753,            -4.7461189310,            -0.8568395649,             7.8472166610,             2.6810357484
            90.3985618357,            -2.3342157072,            -0.5911099505,           -20.0511285107,             3.3643793468
            81.7038036358,             3.8174822676,            -2.4569602647,             5.7856519614,             5.3974239346
            86.2327896162,             2.9181511321,             1.0339979722,            10.4857806449,             2.6241903426
            87.6595130077,            -0.6904541535,             0.7450595056,           -11.0169592707,            -1.7841800673
            85.9713949688,             2.6485861176,            -7.9746417339,             8.3874907506,             7.0106042469
            92.7019773713,             2.6322977147,            -2.6256067719,             1.9395689077,             2.2673119386
            83.2432568665,            -5.1949420542,            -0.1826252362,           -16.0794294041,             4.2966389432
            78.4995407341,            -0.9126294242,            -5.9879971857,             8.5297960678,             2.9779063977
            85.8182016899,             3.9656570802,             1.4276078860,             3.9915324457,             5.0142883073
            87.0261424241,            -0.2013616079,             0.1261602394,             0.3071197855,             1.1786136863
            80.7230352938,            -3.3551759111,            -2.2864197921,           -15.1153417427,             3.1039147022
            82.6190358963,             0.1710951168,            -0.0312521274,            18.0751699008,             3.7376782268
            90.0386862400,            -0.6100558331,             4.9636709559,            14.3610937809,            -1.7540078916
            89.2428740770,            -1.0925141842,             5.6687758952,           -12.5755953035,            -1.6682769289
            89.5264631839,            -1.3726077920,             2.4906625811,             8.6408172728,             3.5327801718
            91.0140025708,             4.4015304353,             1.8875583317,            -6.7666778355,             2.5331190041
            86.4315566747,             3.3504944634,             8.2454895941,            -1.9432761192,            -8.2347091902
            85.9832504052,            -3.7365627712,             2.8565907005,            -8.7778353515,            -9.5480276177
            81.4680313020,             0.2604940888,            -1.4142163636,            -3.1341828009,            -0.1076732829
            81.4468216298,            -2.3030741379,             5.5377798782,             5.2533096009,            -2.2094676188
            88.1169356248,            -1.4104852980,             3.8760263827,            11.9251809474,            -2.1299444998
            91.5721354452,             4.2345885942,             5.4890282352,             7.2683027257,           -11.8123798448
            91.8567876118,            -1.7558993957,             3.1059514838,            -6.9660756671,            -6.0204704040
            84.9788351965,             1.0650464369,             1.3164483932,           -15.8455113565,             8.0469463259
            85.9935349787,            -6.2617361965,             1.6263049759,            15.2523364399,             6.4532066885
            87.8347971696,             8.7068406139,            -3.7262905577,            -7.7154466278,             3.4411258908
            89.2549903778,             8.4062190884,             2.7351708721,            12.3145710057,           -10.3494970061
            88.3601079528,            -1.5403461896,            -4.6858050770,            -4.1192929511,            -4.2613033489
            89.1578938600,            -3.9599159201,            -2.3115393199,             4.3335617061,            -5.4982583196
            88.5058077972,            -3.8965470829,            -5.3477154912,            -4.0594254604,            -1.9465630243
            85.3044825615,            -2.6284247319,            -0.1491211919,            -4.6603609877,             4.0176210365
            88.6967803963,            -1.6319643027,            -3.8656522534,             9.7837046350,             6.3481139845
            91.0385548088,             4.8284943490,            -1.0027378268,             3.9485788104,             4.1475245040
            93.0788341296,            -1.8468556640,             3.6815645438,             4.3654077309,             7.3431589349
            94.2319883781,             2.2769345459,            -7.1904124466,             1.6324100492,            12.2548113199
            93.2391748149,             1.5897365127,             0.5479535824,            -7.6626412753,            -0.2421359021
            88.3213417641,            -0.3858384476,             2.4311419806,            -9.8623295636,            -9.0342705073
            87.8856472558,            -2.7093789126,             3.3081537375,            12.8218389673,           -16.1014194201
            91.7973629177,             2.2951328423,             0.8708894362,             5.6104674799,           -10.1039215748
            89.1124821649,             0.2099138610,             8.7330515004,           -14.2840791957,           -20.7044567339
            84.9658039463,            -5.6598651186,            -2.4141219704,            10.1480479291,             3.3252361717
            86.9888219945,             7.1964468145,            -5.4767627675,            -5.4494397453,            11.7079163489
            87.1628779035,             0.0838469509,             5.0213940301,            -2.5203584280,            -7.4865676480
            93.2921048448,             1.8581144240,            -1.4783887423,            12.8057153126,            -9.3890238553
            94.4646581713,            -1.6086688554,             3.1816999118,            -5.1776635624,            -6.3404236435
            86.7565184300,             1.5986048236,            -5.2565528673,           -10.4675481558,             7.7207201249
            83.6452746773,             2.9408703755,            -3.4239868370,            -1.4991991248,             3.0856749576
            82.3815237924,             1.5067293475,            -3.2876962301,             2.9794412931,             7.2049569918
            84.6602031619,            -5.1922781330,             1.2419396773,            10.9563014199,             8.7260893912
            84.5764674084,            -2.5570201326,            -1.8540651867,            -9.6352024989,             5.3459253907
            82.6839910005,             6.8331513267,             3.9242668952,             4.3782740998,            -4.4237688884
            84.8142914494,             3.3461105255,             6.7881451555,             2.3254982669,            -9.6116233222
            85.8778151242,            -4.1915820349,             3.8310638087,             2.0457474182,            -9.2894093359
            90.5625066315,            -3.7267714678,             4.7266102844,            10.9170483810,            -8.2169598023
            92.6102644658,            -3.4153836633,             0.1161260106,            -5.5412404538,             7.4070539087
            86.0586356691,             4.5790762430,            -2.8216403437,            -9.4388820641,            11.1735741283
            82.8179226795,             3.5181803111,             4.6470703331,            -2.7494315930,             1.2647007749
            85.3859074660,            -8.1455325479,             1.6147923016,            10.3696972793,             6.4729019376
            89.8617038313,             3.3531132878,            -4.9173342733,             1.0581267748,            14.8806686125
            90.5351190804,             6.0616443300,             2.2121094228,             0.0130431567,             7.1065270659
            86.2885545633,             2.1536893831,             2.0061056848,           -14.0455974817,            -0.4941351967
            84.6314320057,             0.4312817590,            -2.7577416709,             1.2894738816,            -8.9302887688
            92.5856657517,             4.1859344606,             1.5287589757,            14.6253782828,           -22.3428684736
            93.4044070804,            -4.0417508536,             7.4582276044,           -16.8190393153,           -27.4071332800
            83.6059352501,            -7.9542491436,            -2.2366917762,            -0.2335416075,            -4.1038846827
            87.0736614459,             1.2788053842,            -2.1897418397,             4.7316821137,             9.0405622428
            82.6172610318,             3.5425615491,             5.1725274601,            -8.5028496068,            -5.4889687531
            82.0355558326,            -2.4341682678,             4.7511354514,            11.0096827078,            -8.3412327237
            91.7990338674,             0.9891667963,            -0.6293706993,            12.6059517052,            -8.7245750762
            91.7471154876,             2.1478155014,             3.4546663439,             2.5335098940,            -4.3391003902
            92.5952891536,             0.8546193157,            -5.1644606590,             3.0531456531,             6.0446284314
            87.4500896730,             2.1788774226,             1.3937941203,           -10.3872593862,            -2.5763804746
            83.2598419270,            -5.5245518778,             3.2110518251,             6.6303077240,            -1.0372547034
            85.7518028777,            -1.6590975198,            -3.9260658356,            -9.3245968158,             2.2001601255
            84.2434100985,             5.0941691456,             1.0526142127,             8.3210435958,            -0.3750846265
            91.7937032776,            -0.5838420366,             0.1028228688,            17.8572030192,             0.5727067683
            92.0708058141,            -1.3971505972,            -5.0229917825,           -17.5592144560,            10.0467474527
            94.2095533535,             4.6963541906,            -3.2119106006,             6.7948717258,            -3.2583954835
            89.1391321252,             1.7368166678,             0.0384661154,           -21.2921981367,            -4.5627238302
            76.6020864827,            -3.7044121045,            -2.2868274623,            -2.5575182731,            -0.5406825476
            83.2521082672,            -5.6684689033,             3.7446165016,            20.6754109779,             6.4179637375
            91.2761994023,            -1.1835560085,            -0.8701907840,            -2.8952482105,             9.9926432405
            85.3890068579,             8.0204575833,             1.5325575630,           -17.8294303104,             7.4613452602
            80.5855582041,             0.0391204706,             6.7410857486,             6.6030245871,            -0.4230136202
            88.0150557979,            -3.4041730716,            -0.7985991944,             8.8572504976,            -4.3242056684
            93.9917009588,             1.2879675230,             3.7610047746,            -1.1410667426,           -10.0342154292
            91.8733540126,             0.8548298413,             6.9408284849,            -3.6981054564,           -14.5469294305
            89.5522660510,            -0.5338081520,             3.8120305873,             2.4482045836,            -6.0311284994
            93.6879708002,             0.5140343124,             5.1618911943,            18.7372973704,            -5.5985458922
            96.5197879520,             1.2923378887,             3.5673939913,           -20.0251253662,            -1.0767392640
            87.1234209436,            -1.2736453436,             7.3468619483,             3.4287761459,            -3.7586012227
            87.9486278434,             0.2626565758,            -2.4644930896,            -8.6874481282,            10.8399386403
            85.8417207689,             6.8112398536,            -1.1003954667,             0.7036021687,             9.7465519133
            91.3966449359,             2.3479473262,             3.0636409769,             1.2908735810,             5.0299393261
            93.6079181803,            -1.1594592246,            -2.8696748172,             1.5191209383,            -1.4724262434
            92.2732371675,             1.8639895641,            -1.8407416965,            -8.1571660666,             2.9605922402
            85.6565703478,            -1.2083941268,            -4.4405425857,            -5.4574788269,             9.2725711130
            86.6858807068,             1.1008823925,            -1.8094816178,            12.5478572572,             2.2592731784
            88.0258573207,            -2.3666039945,            -0.1950970113,            -1.6751193798,             5.3870771252
            85.5806718742,            -0.7674913749,            -0.4877321704,            -2.6718352992,             9.4684425680
            87.7402532164,             3.8713994276,            -5.0826201450,             0.2349157465,             9.6249996756
            89.8844126754,             6.3565817504,            -1.3795377088,             7.9570197955,             1.1139686820
            94.9678920195,            -2.0836474276,            -1.7479749777,             7.3328050873,             1.4064051757
            91.7637824438,            -4.7337883213,            -5.1278674613,           -15.9878647936,             2.0393025366
            86.0030081094,             1.8957713154,             1.9621733875,            -0.7594391107,            -4.0139492151
            94.1772957060,            -0.8386768471,            -0.0781365343,            20.5282729337,             1.5990089991
            96.3638481039,            -1.7755893170,             3.0758005254,            -4.2582100199,             1.4377904521
            89.6435501090,            -7.6082417109,             3.3237705607,            -9.8444831942,             3.6742331056
            85.6279347689,             6.9657645868,            -2.2712727966,            -0.4907067781,             3.1457988306
            88.0287985816,             4.1872893918,            10.7682881365,             8.2290102120,            -8.3727521533
            90.9031280235,            -5.9255678249,            -1.2336075175,            -2.4596982559,            -3.8289168558
            90.3136445741,             4.7186995881,            -0.1433221313,             2.2637951975,            -4.8973551082
            89.7329977655,             2.4469212139,             5.5340963744,           -10.9634360729,            -5.1375021785
            83.2503646803,            -4.6406394430,             1.7361729875,            -9.6855023265,             2.8101769939
            84.6547846405,             0.1006711038,            -4.0343338418,            16.3617928942,             1.2361596102
            86.7144563037,             7.7057061807,             2.8541816319,            -4.1551888272,            -1.1309451887
            84.6334591578,             3.7458661098,             3.1512183658,            -8.2350005938,            -8.4934832815
            85.4759127709,             0.5994298587,            -6.9055881275,             8.0661717659,            -1.8303295318
            87.2632660661,             2.7021484042,            -7.0239001149,             0.5533737908,             0.2166659759
            86.4898621697,            -1.6034334525,            -5.6814616166,             1.2675415309,             4.1666485555
            88.8952818610,            -4.3913123429,            -3.6339433499,             3.8803524851,             3.3038079952
            86.8511314439,            -2.8591974366,            -2.2735083787,           -10.2744209767,             9.7887840612
            83.3011148519,             0.3269091321,            -2.7797947904,             3.0232042121,             3.3382137933
            89.3427950940,             5.1561055974,            -2.3167009879,            16.2149587102,            -5.1717843795
            92.3063991117,             3.1125595965,             1.2625563969,            -5.1921322583,            -4.8066936811
            84.1657596591,            -4.8829509146,            -2.7273855898,            -9.0779936335,             5.9065148620
            80.9138532721,             4.2679584396,            -3.5058152914,            -1.9891950979,             0.1503902815
            89.4131700975,            -1.0316502172,            11.0206918043,            10.9685411418,           -18.4416998375
            86.3666116934,            -6.3327630787,             0.8904242234,           -11.3474820667,           -12.9544386721
            87.7120828761,            -0.8174233496,             2.3006401781,             4.5385889196,            -1.0703263849
            91.8052926137,             2.1048008724,            -1.6959470695,             1.0338414087,             7.4178268608
            87.6334252649,             4.7935535263,             0.7359861671,            -9.0341391947,             5.6827483587
            85.7187273172,            -1.3994200728,            -3.5345171206,             3.5157902479,             7.9616719243
            86.2787995297,             6.2211166910,            -5.3817805862,            -9.9253252168,             7.4128147674
            84.6009454737,            -0.3775085332,             1.2216254799,            -3.5339094743,             0.3894020195
            85.5189092417,            -6.0120504570,            -2.6936204771,             1.4707467398,             6.3833694183
            84.4720725417,             0.4135624896,            -3.4494587130,            -1.1013480904,             5.4356966063
            81.4106371723,             1.7036234259,             2.9781317681,            -3.6898463905,             0.2921849216
            83.8372131224,            -0.9427806749,            -1.2695527747,             7.3244183643,             1.1971384369
            86.6503078079,            -0.0363501638,            -1.3843058955,            -1.1135254986,             6.1551926204
            83.7053138694,             2.1253731499,            -1.0509699677,           -10.6410814495,             5.3543627763
            80.1834322891,             1.6658808121,             1.2522943786,             2.8848659450,            -2.8086354279
            83.5719203669,             2.4428349231,            -3.3167137188,             7.5538610543,            -5.8315961077
            88.6264858759,             5.7325886852,            -3.0152406175,             5.9722951270,            -8.0519543598
            88.8829950080,            -7.4050947352,            -2.4896347079,            -0.9137727045,            -6.2212786896
            90.1855677594,            -2.8906084289,            -0.8525056137,             4.9681419293,             4.3946178382
            89.6517530947,            -6.0467359023,             1.9426360950,            -6.3362694652,             4.2567325964
            87.0222256473,             2.8382337720,            -2.1121610218,            -1.0696523795,             8.9716926203
            87.1657578475,             4.0692318245,            -2.1106316782,             6.6476168524,            11.2026099144
            93.5352836848,             4.1094234993,            -2.3185749974,            -4.9931704541,             7.7716304995
            88.0992094241,            -2.6462149950,            -1.5294047445,           -20.2903500025,            -1.6934680889
            88.5477657548,            -3.2889370422,             1.4468279445,            14.6073929451,            -6.9150167403
            89.9862468052,            -0.3641048151,            -0.8444883106,           -16.0864829928,             1.4218089533
            83.5519995997,             0.8053315289,             2.8623507969,             4.1351872020,            -1.0336386933
            88.4519044994,             0.1905561704,             0.0747522011,             9.5960343931,             2.0971966227
            84.2914507558,             2.4839487369,             0.3543985144,           -14.8050658514,            -2.3615505037
            79.1092342290,            -2.0464030828,             0.6697749184,             7.5877561778,             2.8070967701
            87.6161013414,             2.0973943175,            -1.9547994729,            11.3854801967,             9.4103427003
            81.3639763850,             0.1077303062,            -0.6257362754,            -9.4142310380,            -0.2046334208
            83.6062297028,            -3.4609937094,             1.6271436203,            14.4169832226,            -4.3995851924
            91.6659476123,            -0.7865986438,             4.7651710629,             1.9718502975,           -11.0054874108
            93.1843489681,             3.0714822915,             0.6417455780,            -5.1927779283,            -3.4504278659
            91.6927895414,             2.1510589812,             0.9298133076,            -8.3122828674,             0.1176855627
            83.8633156644,            -2.3029337802,             3.9089100369,            -8.6552001683,            -0.9895802363
            82.6338664644,            -3.4401043105,            -2.5302347748,             6.9911202450,             1.3126192907
            89.3443272744,             6.4327022402,            -4.8948636515,            10.8707440582,             5.3664967967
            88.5131748295,             1.3903317644,            -0.0417351396,             3.9938462225,             4.1278563361
            91.0362900001,            -4.8216208417,           -10.9797617731,            -4.0099127255,            13.9629560269
            86.0123603323,             6.0953854305,            -7.5263899769,           -13.4558575875,            13.7699326306
            86.4875580494,             1.2246787846,            -2.7725022684,            19.2156137475,             5.5587034578
            94.4556829637,            -4.4239234838,            -7.1503223748,            -2.7490518045,             3.2022632689
            93.3163013280,            -1.0398374065,            -2.8095839697,            -4.8515410905,            -0.5005018180
            86.2715569659,            -0.0479849603,            -0.4435641620,           -10.0593051730,            -1.9127047106
            84.2147265425,             0.3979684898,             1.7121209763,            -1.3420405987,            -5.8127912194
            87.8079732151,             0.6080394286,            -2.9410531277,             5.0185509651,            -6.3284811785
            88.7491590104,             3.1276201338,            -0.5121435154,            -2.7186875615,            -5.2418775956
            83.0780810861,            -3.4899800630,             0.4040635165,           -12.1046726286,            -3.5458458848
            81.3834477561,            -4.0877421145,            -4.1820692767,             6.6506569465,            -2.1666593030
            89.1790398152,             3.2239359278,             3.4091429594,            14.8004154450,            -5.1361589116
            89.2516481033,            -0.9358142031,             1.8800319064,            -8.8056892035,            -6.0272151331
            84.3668279814,            -0.0127884381,            -0.7130771654,             0.8190617263,            -1.2097922458
            86.9431834630,             2.2933054178,             0.3197134805,             6.3484400608,            -5.5778699266
            81.6146833963,            -0.0856710968,             1.7990773559,           -11.6557707998,            -5.8711309435
            90.0423946686,             0.4925771450,            -1.2055924959,            30.1080702455,            -2.7440829888
            91.7973596065,             1.1937851978,             0.0688651760,           -13.0376154073,            -4.4770054294
            81.1819027742,             0.8498582671,            -3.0616795415,           -15.0622935820,             5.7622942910
            77.3993803570,             0.9263097755,            -4.0328351222,            11.4012163614,             8.1789492707
            83.6201764196,            -4.6047165746,             0.7580804797,             5.4464199571,             2.0210536221
            90.4354089064,            -5.5040390967,            -9.7899329547,             6.2601165979,            17.5627778819
            92.1557356779,             0.7375883362,            -4.4210337126,            -5.7304024344,            23.8214292666
            84.1117192951,            -2.6047655837,            -0.2211400458,            -1.3959199897,            15.1773373129
            82.7737878618,             5.0686723121,            -4.6807627194,            -2.1139894216,            15.6791797972
            83.5378422958,             3.8791088947,            -4.7799060689,            -0.8041523139,            11.2811175453
            80.0966952056,            -2.5066116085,             0.6002605379,            -0.5073133855,            -0.3035334393
            89.4373728731,            -2.7916610729,            -2.1442471688,            21.0281531321,             2.1846840066
            89.9877880676,             2.7973176055,            -3.0867354776,            -0.0022531052,             2.1669367250
            85.4102833788,            -0.4658732024,             3.9871486714,            -6.9025128480,             3.5857726283
            88.0428450773,            -0.8346796668,             0.6988485548,             5.0627898482,             2.3607675433
            83.4814969289,             0.7744189968,             1.8160378181,            -4.9870966699,            -2.8528370765
            80.4802234486,            -0.2205395275,             6.4160479687,             0.9863887156,            -8.2353058761
            88.1525662435,             2.0420842923,             7.2989208214,             6.0420418766,            -8.9397739905
            89.3323092735,             5.1666933480,             3.6358057001,             2.3702554131,            -7.9019992985
            85.4026899703,             1.0677523891,             6.9203626466,           -12.4968025164,            -5.2649091188
            81.5142985160,            -6.6159901097,            -1.3489575008,             1.0262144289,             8.2053005690
            85.2370373896,             1.6616672493,            -1.4894209254,             8.2984093893,             6.8797547911
            89.9119324148,            -4.6712612666,             5.1540875174,             3.7852263410,             1.5451154146
            87.9708925120,             4.5497620338,            -3.7455202823,            -4.9590056118,             9.5071782659
            84.7814820651,             9.7501265808,            -0.2654167768,            -4.1151975342,             2.6779759848
            87.8897137431,             5.3485753111,             0.7595279142,            12.8499989270,            -6.7566852740
            93.2459883906,            -3.8400742429,            -2.6235331149,            -2.5513313957,            -0.9543592164
            90.1341488472,            -1.8110373960,            -8.6647881607,             0.4975268600,             3.8906380454
            90.2096996754,             0.2941339218,             0.3944239506,            -5.8960741874,            -7.6249388617
            86.3175255489,            -3.8407948330,             3.8659532301,            -6.6247509271,            -9.9167439753
            85.0224217296,            -4.4151356449,            -2.6736304330,             4.6426386666,             3.0654088989
            87.9582890301,             1.0776293536,             6.5530104372,             5.8038354600,            -0.3169333553
            87.1696287270,             0.0882156108,             1.7616303652,            -5.5905631477,            -7.0695321317
            84.0236248695,             3.4199097663,             2.4914746475,            -0.4366412543,            -6.6644034938
            83.8910175979,             0.7091871703,             4.0328207088,            -2.3815496689,            -4.5490615562
            84.9701213370,             1.0878769981,            -3.1058112273,            11.8717186631,            -4.0150714727
            90.6747976339,             5.7031977004,             1.4855275714,             8.5018808809,           -16.2457517156
            90.0312940762,            -2.9740111817,             6.4187334365,            -5.3789586697,           -17.1667184018
            86.8099913931,            -5.3910334888,            -0.9478535138,            -2.1341463202,            -5.1888275427
            88.6871102597,             3.6054375209,             0.1036357420,             4.0970033327,            -2.6753733032
            88.6763125574,            -3.8298271732,            10.4372809182,             3.3260571274,            -7.6690686790
            92.0216033040,            -9.4356562026,             2.1039896716,             5.5751350408,             9.6708821020
            90.6251479071,             5.5858464519,            -3.2130247912,           -15.2947858459,            14.3640271545
            82.3744715354,            10.5536100887,             7.4207103694,            -3.5260539506,             0.9177308161
            89.8161213073,            -4.4755940710,            -1.2209195690,             6.8610193590,            -2.9864003310
            89.6067428563,            -3.0947194258,            -1.7232350200,            -5.3486955294,             1.7018530534
            83.3996616269,            -4.2242158043,             0.6735649763,           -11.6528068489,             5.1690905034
            83.8344018939,             0.9070225141,             1.8566177461,            14.5999211778,             3.3314098619
            86.1633849202,             1.2042316770,             4.6638481622,            -3.7049732906,            -0.4681877138
            85.8762888853,             1.2245320243,            -1.0774035381,            -0.6094336014,             7.2161897616
            86.0494662657,             1.4666961505,             0.5885079330,             2.2117272162,             9.5780144823
            86.7028407167,             1.8745991700,            -3.9023487933,            -5.5512527749,             2.5338945002
            87.4545303976,             2.1109967988,             2.0958382309,             7.4534023316,            -5.0114635090
            93.0660177493,            -7.7188680199,             6.4317051069,            -2.7921779817,           -18.0809373770
            94.0745075249,            -6.5856931722,            -0.8268800630,            -2.5689170096,            -7.7634239215
            89.6847208105,             7.3205604779,             0.3410648513,            -2.9064346704,            -2.2869713819
            94.6925469572,            -0.8937758385,            -0.3529485272,             0.8234296380,            -0.3455088732
            90.3062621250,             8.1418323142,            -3.8269786362,            -1.6079422436,             0.2241191734
            88.0843827224,             5.1243199596,             3.7452098525,            -3.1121205852,             0.9649379685
            88.8913500344,            -2.8773417850,            -5.8473100323,            -2.9586505375,             0.9987577355
            86.8407505873,            -0.7273864464,            -2.3280861413,            -8.9443322429,           -12.2714988329
            83.4787376886,            -3.0851476042,             2.2741330156,            -4.4100325414,           -13.0868774613
            86.8075723727,            -2.6563932902,            -2.1362624922,             8.2290503768,            -2.8022462300
            88.1336853856,            -3.9120502581,             3.6577705022,             0.1728657571,            -2.1423598317
            85.3721258868,            -3.9882253194,             2.6069177402,            -3.2244014496,            -3.2263830024
            85.8240021414,             1.2432447803,             4.8721434412,            -0.4725744380,            -1.1845060578
            85.1033254889,             0.8352307322,             7.9726356702,            -5.8953351453,            -7.2075143530
            86.3142365821,             0.5376648307,             6.4454437667,            13.8337023108,           -11.0915332382
            88.6227006678,             2.6498560618,             3.4888865178,            -8.1939450145,            -6.6411459637
            83.5875467780,             0.9517132189,            -3.2498548015,            -3.9614803835,            -1.9786309539
            80.0459866334,             0.9465724938,            -0.3220969308,            -8.2732377784,            -4.2384093584
            80.5749562558,            -2.4808633649,            -1.1539556208,            11.6517353674,            -0.8954469494
            92.5272067438,            -0.0278231340,            -3.2784598530,            18.7413884046,            -0.7640274017
            94.6367761764,            -4.6378221580,             5.4903186526,           -14.5830292828,            -6.8015139837
            87.0436278093,             1.5103063465,            -2.8263905688,            -3.1445146302,             1.2304244766
            86.7124487487,             5.1420968806,             1.8025827967,            -6.9055015038,            -2.2820967645
            87.4745056594,             0.4680979296,             2.3062767804,             2.2097004661,             1.3110170403
            85.9053713994,             0.4345182790,            -4.1854634418,            -6.1158848074,            -0.8913297771
            81.5535149873,             0.5775411269,            -0.8738963368,            -7.4102778811,            -1.2162395574
            83.1863787373,            -2.2342007856,             1.8133275026,             9.6635341804,             2.0258302433
            86.9642714275,            -5.3179204178,            -1.5342503386,             9.2772733641,             2.7923730230
            96.1384347357,             4.9643303530,            -4.1189195770,            14.8249190125,             7.5693732455
            97.1070311141,            -2.4964588821,             8.6239327740,           -26.3554425373,           -10.3648383977
            89.3482888408,            -5.0345053583,             0.9411777537,            -4.8440941010,            -7.9323159556
            90.8758817221,             0.0991648122,             6.6473673133,            10.4070337140,            -7.8620738722
            90.7534820091,             2.6077010078,             4.2405316323,           -14.4937676293,            -2.1541577342
            83.7619222981,             2.5916607208,             1.9236617545,           -11.8587895450,            -3.1399269694
            82.6875523658,            -1.8105606004,             7.5199115038,             8.3950694171,            -6.3679954005
            94.4509674075,            -4.6369616439,             1.5905473508,            15.2356149250,            -2.9925444956
            91.5216051020,             1.4157640670,             6.0541920672,            -9.4083056055,            -7.0217841855
            90.4096367357,            -2.6955864600,             7.2012432102,             8.2829815535,            -5.6968185376
            88.8594535536,             2.2252107987,             0.6418757663,            -0.1167504223,            -3.1680991730
            91.4227879705,             8.1608281735,             3.2054738898,             8.5160723067,            -8.8000302305
            87.8775600913,            -4.6497945847,             1.7019296052,           -14.2261417876,            -4.5512737494
            85.7499620976,            -3.5081177773,            -6.2891437189,             7.9549894526,             3.1434342921
            88.8432628008,             1.0462093463,             0.2787986558,            -1.3715590804,             8.3124019808
            88.9650097881,            -1.2804273651,            -3.2665728687,             3.8418402618,            11.3644473446
            94.6897904206,             4.7132976994,            -4.9263792005,             1.0654324622,            16.3638974917
            94.0374555966,             1.0015389479,            -0.8743297146,             1.3204531919,             7.4459029928
            93.7250004172,            -0.1998340766,            -4.7087588640,           -10.6623374744,             5.1846458634
            82.5141609964,            -0.2634420743,            -0.2390663211,           -19.8961848727,             0.3935044278
            81.5199850766,            -3.4696667332,            -1.1677720108,            17.9972855600,            -3.8598085899
            90.9908382389,            -0.3053368200,             0.1586968730,            12.0423322095,             0.5748626701
            92.9535440519,             0.5431882015,             2.2095811684,            -7.5828056682,            11.4336903108
            85.6353820418,             5.4448784149,            -4.0696601461,            -9.9917225217,             8.6191366671
            85.2904825882,            -0.1187105611,             6.0986298789,             5.2369382638,            -3.9878343747
            91.7156567406,             0.8156843629,            -3.3892864953,            12.4356887273,            -8.1554416227
            89.4536766955,             2.8269972657,             6.6678584380,           -14.1992194915,           -10.0208709974
            83.9819663458,            -0.4599238060,             1.6087368057,            -7.7729925131,            -4.8727265978
            83.4187329215,             2.7789785615,            -1.1718162374,             1.1583497280,            -6.0629005923
            89.2536844939,            -0.0603882817,             2.0437544991,             7.0405072076,            -9.7221984112
            89.1004753676,            -2.7598752158,            -3.4442270175,            -8.6904857721,             0.8642905591
            89.0673686302,             1.3874973238,            -4.4890615005,            11.0732537575,             4.4834678369
            94.4088955674,             0.2356329835,            -1.5200119645,            -6.1535089228,             1.7916024464
            87.9874157049,            -0.1646760705,            -3.7511753685,           -17.6062995283,             2.0093126748
            84.7073031402,             1.0205805961,            -1.5783015998,             5.1023630298,            -6.5828169842
            87.7397993934,             1.1386852488,            -0.8903922711,             8.3038001133,            -8.9032946431
            86.4362258391,             2.7680672679,            -3.3951935389,            -7.2126821891,            -1.8496402521
            84.3357224864,             1.1866227382,            -2.8288391476,             8.4514187638,            -3.3853253090
            90.0687853393,            -2.0804851957,            -3.7062811448,             5.3703240225,            -3.1799875380
            91.2882932382,            -0.3398607259,            -2.6009295476,             2.4625650037,            -4.3383588887
            87.9019394657,            -5.8971985550,             1.2714911897,            -8.5499516103,             1.3322360521
            92.9106836805,            -0.6106698152,            -3.5961162463,            14.0604744739,            14.9184087121
            92.8607703334,             2.4763619334,             2.5260210842,           -13.7453274192,            14.9814048933
            86.5229117173,            -0.2770006298,            -0.8730785049,           -19.6323100817,            10.5396979440
            81.0841451774,             6.9956976743,            -1.8333610020,            10.6235287776,            -4.1556451759
            88.0175610966,             1.1377242109,             6.2298884847,            12.6030973916,           -14.7094889607
            91.3550084371,            -8.3326674234,            -0.2536571542,             3.4565947109,            -7.8974945091
            94.2366517237,            -2.7308408640,            -4.7515137586,             1.0778763085,             5.7346563042
            93.0916040454,             2.2970220725,             6.4260357529,           -10.7783559895,             3.6316027212
            88.1466541564,            -4.5369224797,            -0.2250407443,           -11.6400391733,            -0.5928177467
            83.5858010901,             3.0645914398,            -4.3520718841,            -8.1408776215,             2.6185239672
            86.2141973784,             1.4610395030,             6.8308736181,            10.3600338686,            -5.9284778480
            85.4730536050,            -1.5834962062,            -4.1678233564,           -10.6484028088,            -1.7272677223
            84.7144846095,             5.3475346056,            -3.1835318202,             9.8115504621,             2.1854039060
            86.8112077574,            -4.3430612917,            -8.2585521551,            -5.3342680331,             9.6967365090
            85.4050486940,            -1.6775713920,            -7.6671909366,            -1.0608635927,             4.5883301953
            93.8078871887,             1.2654281261,             0.7482039684,            -4.9055342570,             1.2675881193
            88.4215114227,            -7.0024162957,            -1.3131126577,           -16.8539517260,             1.6135409010
            82.4526741544,            -0.5855992954,            -1.9089690313,            -5.6356927756,             2.8742958084
            83.0023134696,             2.8151953865,             2.7543495239,             3.4877898167,             2.5595346087
            84.4263645430,             3.1563481051,            -0.3598557428,             0.5334272576,             2.8765379622
            86.7914403800,             3.6615181857,             0.2000671818,             5.0735469844,            -7.8519016482
            88.7468750976,            -0.2200007478,             3.7736520985,            -2.0007628211,           -12.5115453024
            86.8380950176,            -2.9055573062,            -2.3956391026,            12.6881160202,             2.3956090982
            94.0385673818,            -0.2579607063,            -3.2090245963,             1.4208705959,             5.1872710896
            92.8412981051,             2.6719748989,            -3.1442175621,            -6.4056809578,             8.3197147412
            88.7863318279,             1.8244455091,            -0.7535473583,             1.2054334345,             1.7410116162
            92.3057726989,            -2.9008630568,            -3.5172520938,            14.3396540678,             7.1671366805
            93.2407890108,            -1.5235660047,            -0.8995045943,            -7.4485033918,            10.1424677822
            87.1931957886,            -3.9942560914,            -1.9810212990,           -13.8617022110,             3.8905467021
            85.1192359736,             3.5358091724,             4.4119132752,             2.0366514524,            -5.9967652950
            87.0235849663,            -0.5522157869,             5.5414650798,             3.2252366531,            -8.4823920392
            89.5724976026,             4.4939388986,            -0.2327332886,            14.1032983694,            -1.1689180005
            91.4150955720,            -2.4740119391,            -3.5540618660,            -0.7699354200,             9.7585157668
            88.8856869898,             3.6493976937,            -3.2533803796,            -5.3336845062,             9.4586106286
            84.5174593313,            -1.2134598840,             6.1369153458,           -11.7638420317,            -4.5656660397
            83.8989235185,            -3.4998601296,            -5.2325150251,            11.4125546055,             1.8215190638
            90.9612819139,             6.2625197175,             3.0009231165,            -9.8343764147,             4.8470053169
            84.6898526090,            -4.6209923235,             2.4788398900,            -7.0593112111,            -5.7066861655
            82.9741415528,             1.2793043167,            -1.0679056047,             8.6339756924,            -0.3179988533
            87.4852186969,             3.3100886346,             3.2758863103,            -1.5743848473,             0.1247685926
            89.1013566456,            -0.0828861185,            -0.7861891980,             2.9903139513,             2.2762578758
            89.2149542897,             5.4259273163,            -5.3783576049,            -2.2719727927,             6.7891364774
            87.9501976092,             0.9828637395,            -3.1604758764,           -14.0653526907,             4.8389544342
            84.9684358896,            -5.5457623913,            -6.6592636836,            -4.5380613574,            13.6413313053
            84.8498219014,            -0.8252314149,            -7.2213178816,             6.4812742213,            16.8841774411
            83.7409922446,             5.6807739471,            -2.8852519077,             5.6471041447,            -2.8251740925
            86.8561255734,             2.9635098856,            -1.9000336499,            11.2316167193,            -6.8346073974
            89.6726291351,            -0.8922250544,            -6.4291814241,            -3.9911568982,             4.9646782539
            87.0896601524,            -2.2042201206,            -8.0849175721,            -6.0158344377,             9.2624593862
            87.8474341463,            -2.2630094750,            -6.8861708937,             7.8556658052,             9.7446230160
            89.1996253066,             0.6275586018,            -4.3199549000,             3.1107009081,             6.7767241844
            85.6427241872,            -2.0218198199,            -0.3062207703,           -13.9783232660,            -0.7062296297
            78.0169158783,            -2.7984312707,            -3.7535976098,            -1.9300784388,             4.8290525766
            81.1656014983,             2.0586978607,            -0.4631897301,             9.4026209766,             4.9826952098
            87.0291970120,            -1.2034970634,             0.7922754160,             4.7440143612,             1.8856893413
            84.0325981522,            -0.4020398062,            -1.7311499371,            -1.7865550900,            -3.6181013322
            82.8240062268,             1.9997352320,             0.4740972585,            -7.1087156655,            -2.9145877329
            86.0096415014,             0.3214043045,             1.5054193960,            15.8273038674,            -8.5477399442
            89.3829696510,            -3.0631091732,             1.8991422414,             3.3221284423,            -6.0763918747
            86.7704223876,             5.4656468652,            -4.3318257663,            -4.1506122554,            -0.1109285983
            88.2473812603,             4.4806558775,             5.3320286044,             6.4503539546,           -10.6951245497
            90.0143471553,            -3.7608586759,             0.9321865068,            -0.6058083691,            -4.9624975412
            84.4745063917,             0.4301754117,            -5.5606859809,           -11.4991875507,             2.9007544723
            79.8637850110,             5.1133775160,            -1.2737703706,            -1.4357087733,            -1.5490004849
            83.7829611377,            -2.1280230450,             1.0984286265,            14.8816937330,            -2.9091773972
            95.5523022964,            -2.9088389358,            -2.9226664899,            11.9392061573,             8.3867034379
            89.7405595396,            -0.1024879186,            -1.2025524277,           -13.4429994880,             9.0932048962
            84.6162085922,            -0.5178174988,             0.2488039229,             0.1692658991,             7.6641498194
            85.9602240737,             1.1342812601,            -2.6919145750,             7.9629470083,            10.4166666935
            88.7919853481,             5.2422384610,             1.0653896547,             0.8914542296,            -1.3582062659
            80.8579607097,            -1.8606794946,             0.4764960062,            -8.5122028533,            -0.8022210461
            82.2810398962,            -0.7444022485,            -0.8627821195,            12.3757774883,             0.4347497742
            85.0804462141,            -2.4161983853,             1.8653844591,           -11.1688116620,            -5.3852909367
            84.4222931450,            -0.2047870173,            -3.4549818394,            10.0808070885,             4.3581792160
            84.3086678078,             2.8222372862,            -0.8107625075,            -3.8528613614,            -1.1359389360
            81.6573101858,            -5.0057137861,             1.6097919987,             3.2637187172,             0.6302683278
            87.2364140761,            -4.1998285395,             0.5978864448,            11.1614871913,             8.7986999572
            90.4665815383,             2.3539424680,            -0.3512310126,             7.0647721269,             5.2067005793
            86.7895518592,             4.0076902622,             5.3391923152,            -4.6293480519,           -10.2813287193
            89.7706689199,            -1.4579721270,             1.4791834282,             9.5310909871,            -4.9519265981
            89.9840580023,            -0.5554390567,            -4.2360303333,            -4.8250277924,             1.7828524116
            87.8286204464,             2.7393006546,            -2.9263800999,           -11.2057629408,             1.2262884749
            81.8517398378,            -2.0367491367,             0.4052347568,           -10.0222245007,            -0.6587439962
            83.8807125743,            -5.9021421512,             0.1686868893,            16.5303508212,             5.3446401191
            86.8163606926,             0.2344574260,            -1.8108032310,            -0.4288236024,             3.7734601811
            85.9146624113,             7.2570546542,            -1.5165089676,             3.8304110566,            -4.4545762042
            89.0387538742,             0.8080819269,             2.1583122678,            -4.9836722836,           -10.9485475720
            89.5231888047,            -5.6794432690,            -4.0011552859,            -0.4414482278,            -5.7982858054
            87.9685128919,             2.2137244344,            -6.0981370828,             0.0772698343,            -1.1979440630
            88.8613079522,            -3.2661849333,             2.4404433940,             4.3781602057,            -0.6748505798
            85.1743403046,            -3.9778321783,            -6.2710667529,            -8.3552686228,             4.7787960136
            85.6121096128,             3.0024710701,             2.2405557181,            15.6799817891,            -6.4546415155
            93.5196581264,            -9.3566480965,             7.6701380368,             8.4980204394,            -1.3189357759
            92.2806611707,            -2.8121919443,            -1.7885351722,           -13.0017457444,             4.5846806844
            85.7303837754,             3.1413425921,             8.4534041786,            -3.0359794164,           -10.6356465140
            88.2209671219,             2.7643601939,             6.6395399111,             8.3082798401,            -9.5197677413
            83.3625681457,            -1.0772980148,             2.1746719590,            -4.6748112774,            -2.5318292540
            86.7028805712,            -3.6317949807,             2.8283207264,            12.8403389350,            -4.8337458128
            94.3267117447,             0.8937162419,             1.0084980304,            -0.4109755850,             4.2407470718
            91.6071374019,            -3.1737123108,             6.2167940059,            -7.4158997737,             1.3456783682
            88.1024315076,             1.1363334751,            -4.6957892056,            -0.8434505324,             6.7734769831
            87.8064677029,             7.6743201644,             3.0930540943,             7.4421744440,            -1.3372252435
            85.5057736591,            -3.5452248433,             1.7174125975,            -6.2470511474,             0.9309107614
            85.5417050002,             1.5788195873,            -5.4943035666,            -4.0203995017,            10.2445569230
            84.8141924071,             3.5601746254,             2.9753583658,            -4.5288965624,             1.0981618261
            83.2889666822,            -0.6234055988,            -2.5739206792,            -3.0950492951,            -2.4806807972
            82.3419161634,            -1.0042455998,             2.4786727126,            -0.1381199375,            -7.6291491178
            83.6667362163,            -4.7337247713,             3.3514075449,             4.7535219214,            -3.3400806824
            85.5896787968,             0.1210265213,            -1.9805589284,            -3.4725979764,             5.7607671535
            85.7835549545,             3.2832681135,            -4.8202506243,             2.2572424141,             9.1646095731
            88.8626766719,             2.5560363858,            -2.7732127012,             1.1939939150,            13.2051491519
            83.4172369139,            -4.2610216882,             0.3171127957,             0.6323254827,            10.2271163034
            87.3287018659,            -5.6549010167,            -0.2577181396,            10.7859865345,             9.3888580816
            89.8477868504,             3.8700836829,            -0.2101745585,           -11.4594800579,             2.6102580183
            85.5983466335,             5.4444308170,             6.8281385909,            -9.1215068789,            -5.1387789846
            86.5418740418,            -1.8219508077,             0.4672750059,             9.6158017519,             0.8480765115
            87.5701200156,            -2.2220437742,            -2.3767116544,             0.7698827504,             5.6230323467
            86.8458238041,             1.4885275163,            -4.0805160581,            -9.3965959077,            10.5108268569
            90.1975669514,             0.5350882120,             2.5463369530,            11.2603472964,            -5.2081187809
            91.0782004951,            -1.0956799484,            -3.5349738768,            -2.5487438730,            -0.7822909186
            88.1975933943,             1.0502112387,             2.5711336896,            -1.3351570573,            -7.5951111501
            90.3932873281,            -9.6474397795,             5.2033568125,            11.4516420207,            -1.2729757001
            92.8108614718,            -0.5566194947,            -1.8628072577,            -4.5854941193,             8.0064504458
            82.8875729594,             0.8994374791,            10.0589865319,           -10.1839197337,           -10.3808410783
            81.8777333584,            -0.8630485656,             4.8929007572,             5.9705613251,           -13.9496259379
            88.7416334278,             3.4055201496,             4.5180471595,             0.7393776531,            -8.6308889528
            82.7991785252,             1.2922875427,             5.7115455227,            -7.8802626511,            -5.5560431978
            82.0812906361,             1.4979083618,             3.0269917738,             4.9575300213,            -7.5667337284
            87.1647654140,            -2.2584114568,             3.1586350650,             4.5498438624,           -19.8669513629
            90.4042986199,             3.3522015337,            10.7011599681,            13.6113441750,           -30.6901942430
            90.7085415386,            -0.1424299419,             5.8844956310,            -5.2477015134,           -22.4298494307
            86.4995231032,            -0.6915300667,             7.7655248096,            -0.3944547258,           -12.7735986514
            86.1029542979,            -6.7396936140,             1.8084469809,             1.6954442950,             1.6529185123
            89.5246499272,             6.9601509742,            -1.7685085518,            -7.6041870470,             6.0529192304
            86.8899697030,             6.7143045341,             7.7449903208,             4.7691851364,            -8.5128375866
            88.9532293834,             1.7313782889,            -2.6305317113,             3.7707482551,            -6.4158502268
            91.1327641589,             1.5894699151,             3.5100148751,             4.0962335345,           -11.0576484198
            90.2278707557,            -5.7426926697,             2.1490586802,            -2.7438901174,            -9.6936313543
            92.9641494842,             1.8761918770,            -0.3115256674,            11.3377882006,            -6.4066552192
            90.5446821574,            -1.2626590629,             1.3319138294,           -16.4273311724,             3.1341123083
            84.1855566478,             2.2892035438,            -4.3310562563,           -15.5306902127,             7.7087700234
            77.4281980802,             2.2636282548,             0.3351159726,            -1.2626974113,             0.3441235810
            88.5248891091,            -0.0365259406,            -1.3515515092,            23.4468542816,            -5.8530588938
            88.3531374691,            -1.7173872008,            -2.4924286283,           -18.7143309997,            -0.2849138480
            82.9882179737,            -0.7448887905,             1.5286667034,            -1.2279056698,            -7.1982907025
            89.1828971459,            -1.2926294670,             4.0989934508,            13.5759578519,           -13.4582008048
            93.6244601539,            -2.9607135575,             3.6211873577,            -3.9962078007,            -7.2417563864
            89.4897785776,             1.3731395868,            -0.3907075865,           -11.8492084967,             8.9752767677
            85.3396667387,             1.6394600775,             3.7665021767,            -4.0947111209,             4.0424131048
            86.5242173626,            -3.8049235623,             4.0419233664,             6.4053044573,             3.5446416388
            87.8435459479,             0.7764388094,             0.7311788088,            -3.1107672531,             7.3192137665
            84.9625823846,             4.3063403398,             4.7343246053,            -4.7550525401,             0.4056967575
            87.8499482328,            -1.9626663430,             3.7310793642,            11.3550069954,            -0.0398031081
            92.4686799725,             0.3504219649,            -0.2544124553,             1.8443480322,             3.7077550421
            89.9468198747,             1.7477734221,             4.1268230017,            -2.0995328364,            -3.4826659666
            85.9496549073,            -2.7157968180,             2.8701251881,            -6.3730663705,            -0.9100907278
            87.2251635205,            -0.3119713370,            -0.5882934171,             5.9445046061,             7.2174180779
            86.3466973170,             0.7189976298,             0.7926749774,            -4.2514746416,             7.8418228225
            91.2789815338,             2.8695235225,            -2.3901407224,            13.0794110094,            12.3208967293
            93.9044649747,             0.2098000217,             2.2778865953,            -7.2694902945,             1.3955244840
            88.3304345046,            -2.9240781100,            -3.3859449877,            -5.8152656085,            10.4401499817
            84.1450003887,             5.0132185032,            -1.7165228124,            -9.7420663961,             7.0870318769
            84.9282776544,             0.8350731615,             2.4919422582,             4.0092997036,            -9.3810279315
            86.8410206539,            -2.7450098872,            -0.2828434927,            -9.1408071890,           -17.3445677974
            84.1134370842,             0.8891606410,             1.3316790014,             0.4494533039,           -10.0582705105
            88.7778514723,            -4.6431614837,             3.0256882604,             5.2582094748,            -4.7190333889
            92.0850045323,            -5.9445616879,            -1.9379566133,             7.8727324125,             6.8190498257
            88.8682078880,             3.0864926188,             0.4024068155,           -12.4848263750,             0.5753786763
            85.6086194569,            -0.9539805621,             5.0182579972,             2.8185793836,            -5.6471628474
            84.9056620389,            -1.1709001068,            -2.4180567752,            -3.4636642435,             2.0835537035
            80.9206041865,             3.9303695741,             2.3705441882,            -1.8231132974,            -7.0552034667
            82.2518614307,            -3.7640468778,             3.5161255631,             3.3692038944,            -2.6664869061
            84.8228791493,            -5.3884427780,            -5.1425478345,             3.7199057616,            11.7673074915
            86.2935969597,             3.3155611351,            -1.1354376551,             8.1830862271,             7.3746003173
            96.1378047832,            -0.2298615108,            -6.8163892754,            18.9799522651,             8.8084570860
            95.3255414777,             4.1666919310,            -4.6833500248,            -9.9429560144,             8.3928169132
            92.2083759125,            -3.6604805477,            -0.5338512266,            -3.4766392683,             1.2581934821
            93.0586940915,             3.9180107134,            -4.4050018976,            11.2312486401,             8.1063563057
            93.3479723759,             6.8007818561,             0.6079465259,            -1.8291895498,            -3.5153068305
            87.1638437576,             1.5090642814,            -2.2422983333,            -7.2139855913,            -1.9829630967
            90.2944020318,            -0.8066024286,            -2.1577959034,            16.1954582516,            -4.6445543899
            91.8591699232,            -3.2089316313,            -1.7614248596,            -0.3168337510,             0.4166668685
            89.8507412809,            -3.2624817549,            -0.6626587013,            -4.5770612627,             3.8530909241
            87.8942103524,             2.8946324383,            -2.5077369817,           -11.4358259445,            12.2220067316
            85.0033406482,             2.6813636370,             3.3327640873,             6.2900486868,             1.0829423388
            90.2128887393,             0.3903375950,             4.4985125674,             6.9029461170,            -9.1419191227
            88.1450957110,            -0.2766648939,             2.5897871431,            -1.4082044846,            -5.1467235059
            87.6313635555,             0.4403657063,            -0.7356921383,            -1.2657319445,            -0.3712405849
            88.3688060556,            -2.1069395399,             0.8703766232,            -1.3612768889,             4.8988558056
            88.5376182948,             1.1914688373,            -2.3701733056,            -7.4324016442,             9.5961864712
            82.4085366572,             2.5362611439,             5.9289892678,            -8.1552663813,            -3.2239957151
            81.8544995900,            -0.5323641947,             4.5234272051,             5.9491476643,           -10.4858002081
            86.3149438974,            -0.3236060930,             1.7216691437,             5.9102596724,            -1.0053967258
            89.4725627435,             3.2427369125,            -1.8127106944,            19.4674378234,             1.6878565994
            94.4754393205,             5.2152049699,            -0.0495014886,            -6.1169251329,             1.9545472519
            87.9302943787,            -2.3875276718,            -0.7752217435,            -3.8508400978,            -0.6073595506
            85.5703235824,            -1.1162465117,            -3.2398923500,            -4.8050533636,             5.8900674070
            84.3828668811,            -0.0698027839,             6.2297037508,             8.6791652951,            -3.2971673277
            88.8054223935,             0.0858228123,            -3.5174522013,             7.5012293428,            -5.2610315027
            88.4196152919,             5.7996012733,             3.9190259322,            -8.9026652020,            -9.8119176322
            84.8801689584,            -4.7653862242,            -0.4625894166,            -3.5215643330,            -3.5867134540
            85.3657634407,             0.7427892830,            -4.2560584719,            -1.0701929342,             7.6204818852
            90.8360680369,            -4.0760834611,            -0.3876049307,             4.4504311857,             3.1581752618
            89.9397422731,            -1.3818867607,            -4.5959559464,            -4.9360733834,            11.8964465942
            88.2803601432,             3.8317711567,            -4.0222542493,            -7.7316529226,            10.2755614683
            88.4127636648,             5.1415235397,            -5.7689860113,             8.2025646818,             8.9132205589
            88.6615734142,            -1.5706958210,            -2.0332886854,           -13.5562276349,             4.2231752051
            82.4041831607,            -7.2374329625,            -1.7931280680,            -7.5834614495,             2.2844634629
            84.9862544282,            -1.3191098503,            -8.0011445612,             9.8021502278,            13.1998253439
            94.5387993505,            10.6331774229,            -6.5705195035,            16.6534653560,            12.0340495065
            94.9419348974,             2.2662451937,            -5.7766159557,            -4.5375458168,             8.2535818316
            90.9973575378,            -4.5643323042,            -5.1871093256,           -11.1889910828,             8.9274687414
            85.9864264724,            -3.5792152672,            -6.8389546415,             0.9326262121,            13.7789264468
            88.1564059248,             0.3796758931,            -6.5221055919,            -3.2707808461,            12.5064095654
            86.0166295026,             6.3068613947,            -4.5316914849,             0.6147467055,             6.4575458422
            87.7372606371,            -1.1267331073,             2.6943101995,             8.6633879432,            -5.0967994109
            86.3211105409,            -2.4735566107,            -5.8119041104,            -5.7090508199,             1.0898306345
            82.8932409554,             2.3496840891,             0.0969138793,            -3.4799238420,             1.1107771433
            82.0972614682,            -2.8437700438,            -6.5203131402,            -0.4819703215,            10.2211330660
            85.2885510934,            -2.7436329080,            -5.8930129166,             5.2191508926,            13.0670852489
            85.1347151306,            -1.2341348187,            -0.0438455853,            -6.3861891605,             5.7880942578
            85.9908682648,            -0.8876191219,             4.4894055205,            11.7610775026,            -1.5819106527
            90.2402550539,            -2.6493222114,             3.6371927320,            11.7075039229,            -3.7185611262
            94.0591260617,             4.0459996437,             2.7901525675,             0.8120030184,            -0.0425452370
            85.9992197210,             1.7162409887,             0.4671552098,            -7.9391870819,            -3.8619984120
            87.7443222869,             3.2550768377,            -3.2793512192,            17.1743217008,            -5.1905065271
            93.6161699122,             0.1887189522,            -1.1629013721,            -1.3155332732,             0.5175784654
            91.5262553319,            -6.2089139782,            -4.9421469625,           -11.5541498120,             8.5757254969
            85.4143644888,            -0.4812166846,            -8.0944093891,           -10.6300167628,            11.0082595904
            80.9492099302,             2.4726870884,             2.1501213635,             2.2546518966,             0.7586146042
            82.3411619657,            -2.7960304184,             1.2608358547,             6.2954647954,             3.9502249515
            87.7755128836,            -2.2435965227,            -4.8238710899,             4.5220400364,            10.8619827235
            87.7065106821,             5.4763433179,            -2.2398442614,             3.3755787055,            -1.4431172599
            91.2602405240,             0.2397207856,             2.4024108018,            11.5885347588,            -8.0341462522
            91.5031028567,             1.6199258586,            -4.8942776512,            -8.5689423739,             0.9639189299
            88.1563833944,            -2.1374693340,             1.6337740787,            -2.4791452926,            -1.5553273757
            90.3745386215,            -1.0724459876,            -5.7313207610,             8.4181896611,             2.9673280474
            92.4389845872,             4.2846243639,             3.8018259841,             4.8970737789,           -10.0641027843
            90.2569909382,            -5.1396057477,             3.6126527866,           -15.5544575832,           -15.8279840142
            87.8783640210,            -3.0810746605,            -1.1856650581,            -2.2859221046,            -6.7388318078
            88.9567791352,            -1.4546276084,             3.5795844781,             3.9282157218,            -0.1399252181
            91.3890218661,            -0.5327406510,            -1.2334967321,             2.8121884033,            -0.2697760058
            89.3680188007,             2.7338571391,             3.8146676875,           -10.4936964394,            -3.3057879897
            86.3826335880,             3.0774054058,             0.4154892369,             0.4195376181,            -1.8273836644
            87.9844830570,             2.9067106258,            -0.8262399297,             0.0229660348,            -2.0302813641
            86.6863383483,            -2.5258882397,            -0.3331586531,           -13.3380371780,            -9.6436556677
            82.4710712501,            -3.4101322693,            -1.8405110868,            -1.0463377511,            -4.0489771476
            88.7567196717,            -4.2147422849,            -2.4819965451,            17.0030979552,            12.2680429157
            91.8585014656,             1.2982013166,            -1.9191588856,             2.4252484758,            12.5132554925
            90.1068061383,            -0.6924481118,             2.9165914043,            -5.9911432165,             4.9623231439
            90.7837454762,             0.7468317022,            -1.6940926530,            10.1540911939,             2.3210227020
            92.1234832515,             5.9322466812,             0.5735976629,             2.4944856470,            -5.9642878884
            92.7452729488,            -2.7625642938,             6.5543885717,            -9.2320071371,           -13.8818094167
            91.2139178915,            -6.1049417272,            -0.0220630236,             2.6470676648,            -6.5756466944
            88.4332609162,             4.7803697468,             0.4864729036,           -17.0184736529,            -0.2730575930
            80.9711304083,             4.1378137158,             5.2988374316,            -2.2653541545,            -6.1003160779
            82.0885390471,            -0.3319094589,             2.8742287079,             5.8920826706,            -5.9804153082
            84.9069838675,            -3.4633577443,             1.2497874396,             2.0679973189,            -1.1208857495
            86.2135084045,             1.6548387528,            -1.6926545820,            -4.9492060771,             3.7456944062
            84.0007361910,            -0.6439052467,             0.2170833399,             5.1968495690,            -1.5351958142
            83.4055356538,            -1.5880600796,             0.5032042198,            -7.4487829711,             0.9140384125
            81.5769066191,             5.1653699970,            -1.6161897725,            -3.9932935846,            -1.2622246147
            82.9406764312,            -0.4040148192,             7.0471566539,             5.0434932894,            -7.1142515095
            89.0150996966,            -6.8912982550,            -2.5827059006,             6.6583811022,            -1.4506904543
            89.2097751606,             4.9668575987,            -3.0083646845,            -6.6731410431,            -0.9458966118
            92.8544274763,             5.6350128152,             3.1796238985,            17.5695686628,           -10.4092881565
            94.2298996438,            -2.7448519179,            -0.9726084120,            -8.0611158178,            -5.1736018128
            89.1971788830,            -3.6790346120,            -4.8590051001,            -5.9068941572,             1.2181637809
            86.0696787390,            -1.3551244521,            -1.7600339064,            -4.1402202895,             4.4574248778
            80.4617043059,             0.3612391087,            -2.6803469642,            -6.8089289726,            10.2234005547
            80.3957979148,             2.2980402741,            -2.7874644111,             5.0074248281,             7.7463228954
            84.1624263184,             2.2502965162,             0.1438816880,             5.2785000663,            -1.5214271515
            88.9356808511,            -1.5947074096,            -3.6712937607,            11.0095510521,             5.9394497030
            88.0485609872,             2.7200629678,            -3.8898888284,            -9.3716528303,             6.6011316268
            87.5585217764,             0.7117813958,            -3.6694649049,            11.9366450536,            -2.2856867549
            87.1123794387,            -2.2349295154,             0.7428312883,           -14.4270412455,            -6.1895576950
            82.8832445939,            -1.6815501925,             0.1491038244,             5.1379844817,             1.7406517579
            83.8425356213,             0.7262889498,            -0.8983118476,            -4.4971926939,             4.2240040854
            82.6492593388,             6.0741448520,            -1.6398911094,            -1.2348327764,             1.6741846409
            90.2119601120,            -0.5087081166,             1.8697857855,            13.7056512403,            -0.4817141417
            87.7419057205,            -6.2184774511,            -1.9397044004,            -6.0524781919,             6.2507152971
            84.0297271561,            -2.0022534607,             1.2289087603,            -1.1241393545,             1.9254963862
            85.3765856392,             2.4302779087,             0.8919855451,            -1.4942786801,             8.4708230334
            82.4027192818,             4.6433215787,             1.5662484321,            -6.1860130702,             6.1891797839
            80.7910862268,            -3.1972712765,             0.5540253155,            -6.1621900801,             3.4555707232
            81.4933907902,             1.1606278092,            -1.8764104772,             8.1315755358,             0.7240294466
            80.1591384823,             3.2075416066,             6.9679340820,             5.0609875469,           -12.1742073615
            81.9449727622,            -2.3311662937,             0.3232509464,            -0.2644187043,            -8.2561557402
            86.4457500026,             1.0611918255,             5.8751105360,             7.8206758226,            -4.4448023843
            89.9943641302,            -3.6251466626,             6.0323641412,             4.5807216166,            -5.7221099578
            87.6068514915,            -1.8662573694,             0.6640013218,           -11.9502920553,            -1.6171898696
            89.0440156439,            -0.4121218259,             8.0305300793,             5.5044490621,            -3.8742752708
            89.8755052742,             0.6202846954,             6.8145929691,             1.4102568789,            -4.7314274396
            88.1902990962,             4.6520622898,             3.8699589296,             3.8159275420,            -5.6127061360
            86.7969545020,             4.0855806346,             5.4198156670,            -9.0477761701,           -15.0891324905
            85.4135063294,            -0.7162242678,             8.2978463135,            -1.1164712677,           -17.8608137973
            83.8173603017,            -7.5158253355,             2.2003442246,             7.3998700760,             0.3341490080
            85.7807525608,            -0.5832490458,             1.6059668559,             7.2081581308,             8.1462973153
            91.4780021592,             0.1046563441,             7.5882589008,             9.2549576870,             0.1923097678
            95.3115811631,            -0.1597971382,             5.8380696189,            -3.9351129445,           -10.8213115723
            95.5540210234,             6.1190621805,             5.4586792914,             9.3574302128,           -16.6471780033
            94.2894694911,             3.9109333567,             1.5032266543,           -25.5137370547,            -5.6547337400
            85.5029094940,             4.1038475517,             0.4731185505,             1.1358684533,            -1.3572727982
            88.9677346172,            -0.4138659840,            -3.7445118999,            12.6658025809,             6.3755156792
            90.5163486313,            -2.7709536177,            -4.1258604611,             1.7245369151,             9.0786634709
            84.6425262753,             3.4403498413,            -4.6451257445,            -7.1389366676,             5.9318446482
            86.1815364886,             1.1494666645,             6.8911208185,             8.4421027946,            -7.2164760351
            90.6795748603,            -6.9512439590,             0.5005193518,             0.9404475371,            -3.6130625419
            89.4731722869,             4.9495525152,             4.0318680835,             1.6676466046,            -6.8214611609
            89.4952933675,             4.8117382750,             7.6098171813,           -10.1636008436,            -9.5131767411
            81.5957599301,            -0.7838542261,             2.9091027780,           -13.2721861157,            -7.0767720615
            81.8889212369,             2.5044273311,             1.2554568147,             7.4067703359,            -8.9663485101
            86.5655353142,             1.5856995459,            -0.1627589103,            12.6021110062,            -7.7279739429
            90.5728495899,             1.8938202313,             3.3967252619,             3.8334776956,           -10.9582528310
            86.6277528186,            -6.5604895135,            -0.1961131926,           -13.7558829825,            -3.9480901233
            81.4786520091,             1.3564900246,            -0.3078811310,            -1.5773339064,             5.4712092015
            83.3520018867,            -0.3494031543,             0.3352075254,             2.7160809084,             0.3308705265
            87.8911115995,             6.4898523930,            -1.2650207151,             6.5205254598,            -3.7138567293
            88.3291695624,             3.1344624548,            -0.5151557996,            -7.1021413090,            -6.2513224152
            86.1198723269,            -1.4610384580,            -1.0955469806,             6.0044343430,            -5.0957952309
            88.9142717506,            -6.0481906174,            -1.6055242164,            14.0782161010,            -1.1563790947
            89.8607565662,            -0.7510907439,            -9.3846071196,           -13.7615290573,             8.7804661986
            86.4778956950,             2.6357389728,            -1.8532330266,            -4.8933900031,             5.4257648222
            83.5558920038,            -2.4111110568,             1.5357746479,            -1.7597528926,             3.6367198879
            85.1183849562,            -6.3227604792,            -2.8513367963,             8.6064646678,            10.5127095678
            84.5934893819,             1.7507838713,            -1.4618737355,             2.5461796651,             7.2114436849
            86.3553315356,             1.2383802493,             5.7775945487,             3.0240267128,            -2.8725203543
            84.7745052176,            -1.3257368974,            -1.4995848029,            -3.7340117746,             2.8813556638
            84.0288368306,             2.1200841847,            -1.7211824162,             5.5162242728,             4.0513292704
            88.2973102963,             0.8513523170,             2.0804063939,             2.8185612662,            -2.7362334009
            87.0646459665,             0.1860150023,            -3.9200816913,            -2.3369909670,             3.2788137818
            87.5290953549,             3.0414731940,            -2.0631100206,            -4.2195260150,             1.6686205271
            84.9856782376,            -1.9877484126,            -2.1764433599,             2.2892650628,             7.7375500676
            85.3473176923,             1.2249829124,            -4.9916808309,            -1.6482420091,             4.6604737492
            86.0270870466,            -0.4352235302,            -3.9862836413,             5.1386564132,             4.6131907798
            89.4336019734,            -3.8994395793,            -2.8399158838,           -15.8578345075,             4.3831901787
            86.5579257609,            -3.0875821618,            -3.2066681134,             6.2442233918,             6.1989370458
            90.2078662992,             0.2861153884,             0.6527876756,             2.9396924013,             8.7879726269
            89.6297602415,             3.0977021521,            -0.2252968847,            -5.5541796547,             5.3500297788
            86.9012003100,            -2.9229385758,             2.2623770690,             9.7803064118,            -6.5223513358
            95.9156427032,            -0.3658324471,             0.4113715397,             6.5007886555,            -0.0427258110
            91.0199390627,             0.6274609595,             1.2777703842,           -14.0121577897,             6.1959502790
            88.7795568593,            -0.9657463090,             1.2394546159,            -4.2541988669,            10.9656972138
            84.9170350006,             0.2519591907,            -0.2737635867,            -6.2713043720,             4.7165486982
            85.7369040687,             4.8454760884,            -3.1947561291,            16.0895695207,             1.2810316531
            91.3362552276,             3.3168135234,             0.8332209501,            -5.3503185441,           -10.7756554904
            87.7348799470,            -3.4362695052,             3.3622075387,            -3.4814223120,           -11.8299017105
            84.8859808336,            -4.0251294330,            -4.0936602952,            -0.4499628630,             3.7715133810
            88.0302073914,             3.0188911390,             2.7976336943,             6.2759342448,            -1.5051668282
            89.7145050757,            -3.0063642766,             7.5331229132,            -5.6802002810,            -9.3451397388
            82.9698976670,            -0.8540238125,            -1.4468411867,           -10.9015511912,            -2.8645355037
            79.7086663356,             3.2495400025,             1.3946310327,             4.3844302360,            -1.9052025246
            84.3969294158,             1.1173019484,             1.3337862411,             6.2490762439,            -1.5576539669
            84.1101973891,            -0.8348323163,             1.5285553429,            -0.6663613091,            -8.0977437896
            81.4337873520,             1.4385576684,             1.8864183694,             0.0221566141,            -7.0905696509
            85.9821695495,            -1.4567918349,             4.8308542474,            15.4251702748,            -7.8567520611
            88.2527490998,            -1.0655752566,            -0.9121073742,            -5.9572828415,             4.8608740633
            88.2251642067,             4.7278014284,             0.4336366672,             8.3726577757,            -1.7976961401
            91.1972967271,             1.6929045875,             7.2274663501,            -2.8737693471,            -9.8290822879
            89.8954073761,            -2.3125451205,             2.7855801735,            -5.7126592039,           -12.1380795651
            87.1299712219,            -1.8194669839,             2.4745295890,            -0.9649403541,            -2.4653124020
            90.7751202013,             1.9327571148,            -3.6182133431,            15.3694502594,             6.6396934824
            96.8675502075,             4.2429887091,             6.8718607598,             3.6726970836,            -9.5313549734
            98.1100056646,            -3.5015838437,             8.2198889960,            -8.1855850107,           -10.1707790676
            89.7447522392,            -2.5039763401,             0.5911393780,            -6.0635363585,            -5.5322825370
            88.0046779660,             2.5161374956,             0.7572231536,            -1.7925301572,            -6.1425828091
            86.7874671752,             2.9109314341,             2.1453833841,             3.5456259465,            -3.1855290531
            89.6466236845,            -2.5572836284,             0.5618328413,            16.2339498252,             1.1660358457
            99.6052559889,             1.1295899449,            -3.3291844264,             8.4196732423,            -3.0102818401
            93.6838549431,             3.4398880729,             1.4285033377,           -25.3181076595,           -12.6212783288
            86.3077737537,            -4.3199028965,            -0.4404230501,            14.3957309506,             0.8916020689
            92.3357245423,            -5.7829077123,            -5.4654443955,            13.3458720266,            11.4273256885
            93.8443936997,            -0.9931948671,            -9.8707376388,             1.0323870407,            20.1058711993
            92.1332878502,             4.4486343688,            -2.9168198596,            -9.5884970643,            13.3738690644
            88.4961855506,             1.5792588262,            -5.9105569824,            -4.8537390398,             8.4574880437
            87.0276768789,             4.0441228576,            -4.9380554630,             4.3356644572,             0.7416595986
            87.6654456730,            -6.3265660283,             3.5293210336,            -4.1093122015,            -5.6315682339
            91.4084334561,            -0.2815828068,            -6.0160663194,             7.1792250431,             7.1768825501
            90.6030675625,             4.7203912415,             1.3555811653,            -5.0873677772,             1.6413752913
            92.1035887768,             4.3124974688,            -3.3938750060,            13.9611012043,             4.1773241442
            94.9695270473,             5.0188173928,            -6.2833367393,            -8.0154049413,             6.0671008051
            93.5864793510,            -3.4629043798,            -5.6376389971,             1.4989127527,             7.1651563357
            90.7672810685,            -2.6817100840,            -6.5794496434,           -21.4333102941,             2.7945251932
            82.9956966002,            -4.1652401431,             1.1159489258,            -3.7700582350,           -10.2797100624
            82.8018110466,            -2.4240174057,             2.3167841560,             3.7573880064,            -9.5713027224
            87.1925481640,            -1.3162272801,             1.8007916190,            13.7462921989,             0.6507289828
            87.6218529450,             1.1478151068,             3.0206716122,            -6.1878441925,             2.0164682113
            86.1360762268,            -0.7131930770,            -2.4243565817,            10.2205618871,             8.3787733658
            97.5455845190,             3.7846896444,            -2.6474687169,             3.4136086804,            16.1276911041
            91.4261307799,             3.5253112739,            -8.4958452292,           -12.9760686767,            13.1675695997
            84.8171416251,             0.4487822569,             1.4405681217,            -7.0354858238,            -0.2758980990
            85.2305299157,            -0.1555017752,            -7.2544588084,            13.9736112219,            -1.9936603881
            90.3450413845,             6.4081218824,            -1.9998233484,            14.3602067549,            -7.8618742171
            89.7119655755,            -1.1612124419,             2.6072124280,           -11.1932682135,            -9.4434371236
            84.4127902769,            -2.7329492697,            -0.8484475544,             1.0700876627,            -1.5247327187
            85.5245103059,            -2.9321990083,             0.5886210338,            -5.5202423100,             4.8552277565
            83.6342551944,             0.5521932894,            -0.4428851510,            -6.8534407027,             6.4610444661
            87.1528205220,             3.9444048927,             1.1653964538,             5.6333056495,             5.4151450975
            85.4829246813,            -0.3695237028,             5.5302461527,            -9.8757186145,             0.9586527451
            88.5948518906,            -2.8493748395,             0.0152937925,            15.6970873479,             3.5586235580
            91.1080703177,             3.8178518141,             4.5714072154,            -4.1401139573,            -1.4004939909
            83.9078741195,             0.3522997480,             4.1999962835,            -0.2885583345,             0.5146238969
            83.5921916788,            -0.6295414513,            -0.1126752702,            -3.6280403354,             2.3746533620
            86.8053267048,             1.6408637046,             4.0705730490,             5.2491055987,            -7.5487373155
            89.9593452446,             0.9976214112,             2.3671559583,             1.7386748049,           -10.8368005312
            91.3666312031,            -1.1317858193,             5.9458643649,             9.0719988668,            -9.4113766326
            98.5116855587,             0.4846146491,            -0.7791528364,             6.2515425414,            -2.7467204286
            97.5193939925,             2.4063233488,             5.1349099464,            -2.5407485826,           -10.9393465935
            90.3748867926,            -1.6016158097,             1.3628741016,           -13.7620291445,            -5.8126156720
            86.8896750807,             3.5950526601,            -0.5189025911,             2.8730223372,            -4.8699395784
            90.3833882812,            -0.1760636893,             3.8269161289,             1.7959408855,            -5.2690867508
            86.7003993072,            -4.2519351641,            -1.3131028388,           -18.6266531606,            -1.1668622032
            80.5178946394,            -3.0139086078,             3.7372206926,             0.7924948201,             1.1727506625
            89.5598381655,            -4.9070490138,             6.2858195613,            18.9103551068,             1.8460510126
            91.5267630090,             3.4033331972,             2.8160816661,            -6.0509411306,            -1.1008149924
            84.2957166733,             6.1926288765,             9.6654703033,           -11.5564567038,            -8.2906354230
            85.4192084501,             1.5391697284,            -0.2070858680,            12.2126302117,             0.3647275984
            88.5394282814,            -0.1226847216,             2.2686574353,             7.7740576400,            -6.3111829460
            89.2893363015,            -2.3946163728,            -3.0495429078,            -6.8419788938,             4.0284560361
            88.4710297703,             2.8534391010,            -0.7339495074,             2.5719308979,             4.6249887560
            89.0852135758,             2.5315005521,            -3.7991191249,             5.9851904578,            -0.0251782482
            91.4583501065,             0.5452410043,             0.0654997538,             3.4402554766,             1.6393342690
            85.3758009536,            -1.0210059138,            -2.1576585821,            -6.4220305308,            -1.2487732614
            85.6205990923,            -2.5050804842,             1.6855668620,             1.1633272508,            -3.3495226981
            90.9946131721,            -0.3556070579,            -1.0529606512,             7.6545003914,             5.5181464454
            87.7837802323,             3.0013748649,             0.5255389059,            -7.1048649129,            -1.6871917298
            82.2245521694,             1.3598965062,             1.7610318038,            -1.1961168610,            -1.8494431993
            89.8318373997,            -4.4416462195,             2.3597795901,            13.8846401862,             5.7010508843
            92.0137351719,             0.9069198256,            -3.4254478622,           -10.2590130654,            18.1417324778
            86.3191165340,             5.7522549619,            -3.2515780722,            -3.6424384219,            10.1541997709
            90.9857492238,             1.8863131126,            -0.3885355776,             2.6282923481,            -1.9989942499
            90.8021996812,            -0.8392132158,            -2.0828888557,           -11.3313051434,            -5.2805528366
            86.2739615667,            -2.3119120647,            -0.9783716458,             8.1470982700,            -3.3980900526
            89.7444635951,            -0.5238345256,             1.1500041349,             6.2089405702,            -9.2258132042
            90.5151504296,            -1.2541767592,            -0.1959694070,            -3.2466028600,            -3.8962342680
            87.4353523230,             1.6907635171,            -1.3648172999,            -2.2316849212,             0.7197795373
            89.4315316437,            -1.4875161012,            -0.1060919558,             5.2826976042,             3.1520792797
            88.8349670861,            -0.4657767839,            -4.0898222549,           -14.6771848454,             4.7050846742
            82.1244231714,             1.8283701190,            -4.1223441326,            -7.6537808984,             7.6699595741
            83.6069717001,             4.9320965589,            -2.1255937334,             9.9635738992,             0.8617305064
            92.6051838093,            -4.0524750044,            -1.0026595954,            14.7794770588,            -6.3520449642
            93.3046993375,            -3.7625267484,            -6.8822707587,            -8.6639577010,             6.4931645739
            89.8506821971,             2.7490749147,            -6.9179788301,           -11.4253693302,            11.5607667099
            86.7934328656,             8.3241262659,            -3.3409837261,            -3.7870934657,            -2.6874046319
            87.8579069141,            -5.2441208853,            -3.5441874765,             2.5538024922,            -4.0507804167
            87.6635565870,            -3.1740564502,           -11.4608612625,            -3.2501354322,             7.2711300029
            88.9707773825,             3.6161582546,            -3.0899466345,             6.1972873244,            -1.4643695235
            88.2113250858,            -3.0100501910,             4.0077732694,           -10.6455272740,           -11.6711966909
            83.5072943695,            -4.2217067298,            -7.4176547084,             2.1360376460,             1.0667491713
            87.1970338754,             4.7610473485,             0.1024164639,             4.0237391333,             5.1179667865
            87.3657559182,            -4.9864648987,            -1.2101287431,            -5.7780695369,            -4.9197441157
            82.0496083053,            -2.7383368425,            -5.0904244690,            -9.4598774934,            -1.8965755216
            81.7139000328,            -0.1345707585,             3.4529064869,             1.3423240069,            -4.7794503078
            85.1948589066,             1.6507151836,            -0.4623747559,             6.7167795908,            -5.5492835867
            85.4326587092,            -0.0834098015,             7.5802382405,            -2.5457069137,           -15.9040347762
            82.6686479554,            -5.0413576242,             0.1975757938,            -0.3962254471,            -1.4731640949
            84.4966119201,             0.5212249766,             3.8264560776,            10.3677001877,             2.7069735950
            89.9811092718,             2.9788029598,            -0.3239682917,             1.3935377027,             3.1999615726
            90.5892959946,             6.0343238354,            -1.8793945967,            -1.9035747705,             0.2124676190
            87.2875030772,            -2.1313894977,             1.8043655748,            -7.6356500969,            -6.0777249266
            87.1423387472,            -4.8737809428,            -0.0294431369,            -6.3530436605,            -9.6132452800
            82.9562631466,            -5.3141278107,             3.4439473754,           -10.1638745255,            -5.9641565972
            83.9270187676,            -0.3763350662,             5.6877396918,            19.1982517983,            -6.0783950848
            91.4802817380,             6.5291304043,             2.7648896003,             3.4853726899,            -4.3207366580
            88.6650540666,             1.0772418076,             3.8853023199,             0.4746513251,            -5.4639296450
            89.0240537480,            -0.8011762008,            -4.2793346935,             4.7272115780,             6.6387892425
            92.8549775315,             2.6017550239,            -3.3407503154,            -0.5679764547,             5.2779664177
            91.1863519807,            -3.2362672664,             6.0049866322,            -9.6887579311,            -5.3417733444
            87.1995156178,            -3.9598026849,            -3.3388566173,            -3.3595854524,             3.8114141604
            84.6582999570,             3.2061633195,             3.5793158187,            -7.4261893494,             2.5942769889
            84.3714156460,            -2.5464403183,             6.8632150492,             8.2423638981,            -5.7282046420
            84.2955066675,             1.8504682645,            -0.0512053333,             8.0556308875,            -7.5087177230
            86.7745269477,             4.5474653582,             4.7561655967,            -9.0840358532,            -3.5953469936
            84.2018361668,            -1.7944785786,             2.1237397712,            -2.7332352031,            -0.1512518810
            85.3236764284,            -5.9219561455,             1.5976471751,             4.5994008911,             0.6651166681
            91.5372772523,            -2.9346372440,            -3.7051452530,            10.0800856391,             9.2157306781
            91.3587794294,             6.1053603552,             5.2788136722,            -5.5658174532,             1.1671303440
            88.4555951231,            -0.0079109025,             2.1207651447,            -2.9419755064,            -4.0487292564
            86.3440247062,            -3.1690722135,             0.3283808925,            -6.2447438434,             0.7783829441
            86.6671061720,            -4.9878444782,            -1.6936165408,            11.9004701895,             9.3009088809
            90.9454744132,             6.1578078844,            -5.2255972788,             4.1539179910,            14.4550139786
            94.1364011810,            -0.8922851670,             4.6170625831,             6.9629053243,             8.7526446410
            93.2724151139,            -4.5568126630,            -3.2964177377,           -22.0396665430,             0.8160409452
            84.7435422109,             3.0432859665,            -3.4603880701,            -1.9814568595,             8.3962293100
            85.6158279807,             2.4954170373,            -1.5509774853,             8.5106602413,             7.1401601415
            87.1829249683,             4.5539870592,           -10.5017198795,             3.6977731670,            10.1706862122
            86.5233455502,             3.4738896848,            -4.6516468026,            -2.5355786317,             0.2764922790
            86.4443467704,            -4.0779879469,            -5.7369621160,            -0.5897236456,             4.1424228802
            85.0293334773,             0.5095751488,           -10.5986312460,             2.6281097981,            12.2516190631
            83.5845459948,            -0.6613558439,            -4.3936843060,            -3.9971822652,             6.3892503150
            83.6062851126,            -1.0075878535,            -2.9242066864,            -1.9175932915,             1.0419144458
            85.2719014836,            -2.3253332169,            -1.2030015304,             6.9324834719,             1.3672153252
            88.3956969336,             1.1452745479,             2.6070594180,             4.5609112939,            -4.8220670333
            89.4443629928,            -1.1596183907,            -0.6263343964,            -0.8777710945,            -4.2432380017
            90.5667746495,             2.5217207438,            -5.3669783814,             2.1195666431,            10.6943058904
            95.7772599098,             0.5048058546,            -1.3168788058,             1.8362845192,             8.5406958379
            95.6908995086,            -3.0009186293,            -0.2169747261,            -2.8343774667,            -1.3624979753
            89.1202889867,             1.0875111418,            -6.6933841234,           -12.0859580614,            -0.2168367942
            83.5836591080,             1.2066832886,             4.2847678271,            -4.9488234392,             0.5875649552
            83.0883438593,            -2.8512468637,            -4.5119173569,             4.0157381069,             3.6210345752
            83.3235195528,             2.8016314773,            -0.5807935226,             2.0313282013,             3.5005582051
            86.2258041866,            -2.3481504134,             1.7882618458,           -12.1545888817,             4.4304718223
            83.5940779676,            -0.4726822096,            -1.1003200786,             6.0253168209,             2.3477674946
            85.1755845759,             4.6840494717,             4.3289632907,             0.8187964996,            -2.6107308173
            86.2857735274,             1.0207160863,             0.0201946946,             1.6633145227,            -6.2949274720
            88.6958555817,             0.4539802828,            -0.4666469693,            -0.4209356194,            -6.7044251555
            85.6968392568,            -9.1961688049,             0.8868142309,            -0.5770192775,             5.3001857601
            88.6789943489,            -0.7997494573,            -7.0597116346,             7.7688073581,            15.6085775077
            93.9712039883,             4.0263960361,             3.2029532393,            -5.0911596018,             7.9086210106
            84.8536550084,             0.1113510591,             1.9506710175,            -6.6983440556,             2.4576720805
            85.6737252312,            -4.3270538409,             4.5299150406,             9.7069184546,             2.3755113593
            85.8426929915,             1.8734193772,            -3.2786590340,           -12.7175042958,            -2.2620903406
            82.8871292570,             3.5935465041,             4.7098798872,             3.6024357949,           -10.8585263695
            82.9825524780,            -1.4376539720,            -3.7386844370,             3.8881409211,            -6.0361338978
            89.8282620691,            -0.1946765656,            -3.1519373124,            10.8448640944,            -0.6451096145
            90.6775832741,            -1.9597400943,            -2.6962138004,            -6.4814958766,            -0.0935127300
            84.9666602704,            -2.8905774360,            -0.2802733293,            -4.1803672591,            -1.0713223754
            84.8133094902,            -0.3939221163,            -2.8838615866,             5.0372513288,             3.0111077831
            86.0658559708,             2.9075240460,             5.5548223269,             3.0258761172,            -4.4255766720
            89.3674174642,            -5.5715203154,             7.0832492718,             6.1425397927,           -16.0331844515
            94.1792975035,             3.5751716435,            -1.4651383624,             1.6554038507,           -12.6198417542
            85.7076321674,             1.6527781487,             7.3066439767,           -15.4092105846,            -2.8833856070
            78.9681697999,             0.3478832371,            -2.2325691014,            -3.9987534830,             5.0794300866
            84.9786779141,            -1.0986227489,             6.7307116775,            17.2701159669,            -0.4842299207
            86.8892484322,            -4.8653130179,             4.8368652804,             3.1146707815,            -2.7947089582
            86.4329103445,             0.9851765095,             1.4543543014,            -9.2514352663,             0.1893132569
            82.5206679122,             1.2785037615,             7.8238397517,            -2.8397859908,            -6.8219817879
            82.0333987315,             3.3904782333,             2.2050234564,             0.7983234674,            -7.0562690728
            83.5061569169,             0.4735313576,             3.6577165912,             5.4603995403,             0.9053776291
            89.7642005329,            -3.7171753397,             3.3297035254,             7.7362863355,             7.4163966385
            95.2713084653,            -4.4372882699,             0.8568488905,             6.7581674396,             2.5381142861
            90.1845088036,             4.3933062804,             5.8259989022,           -10.5405241396,            -1.3013365577
            87.0083595169,             2.9949776152,             1.4215170397,            -4.7205683033,             6.9223438771
            86.2228777214,             2.4968837287,            -0.5889137882,            -1.3126370401,             0.6552543787
            85.8731465509,             1.3557529200,            -2.7234185801,             1.7380724777,             3.5569904176
            85.9169247714,            -1.2980117423,            -3.5046496061,             0.0851575047,             6.5929892760
            86.0960155959,            -2.7751063019,            -0.6813111660,            -0.6160176934,             6.1512804391
            88.3671093182,            -2.5101457959,            -4.7072959934,            16.4051726165,            10.4069688221
            93.0942196089,             4.4666696373,            -1.0197830095,            -9.9940970225,             2.3539411274
            87.2977230521,             1.5417052047,             4.1831712869,           -16.3095506833,            -7.0493284134
            82.2026076804,            -3.1175883796,            -1.6109538436,             4.1827955184,             0.7273043801
            85.8162936433,            -0.8557681524,             0.0088661955,            11.8125452341,             4.6558424838
            91.4385654884,             3.2300799726,            -2.3698104766,             3.8155741953,            11.9511451831
            94.1809846017,             0.0544191313,            -4.3943727714,             0.1848547306,            14.2051562162
            92.5422533702,             0.1197847088,            -0.3899894581,           -16.9286429304,             8.9254832036
            83.4157278509,             0.3682969864,            -3.4758127489,            -7.1921690173,             7.7837658878
            80.9611774838,             2.1566748618,            -0.6410934233,             0.0805196492,             0.8897911440
            80.0283518058,            -0.3904161423,            -1.5737849306,            -1.7754879890,             3.3979995619
            85.2569883389,             0.8332762164,            -0.3698903737,             9.2312382485,            -2.6082986821
            90.6559014015,            -5.1922923478,             0.0301592960,             3.5177120079,            -3.0602565641
            89.1424594563,            -3.8049363176,            -5.5022622344,            -8.5057302509,             4.5212011405
            91.2183464036,             4.3729894615,            -1.5733401240,             2.7883186659,             7.7858587241
            93.3528002000,             1.5832607046,            -1.6533452739,            -3.4492320531,             3.5186041560
            85.9566925478,            -3.0099461646,             1.3964591853,            -1.8742767419,            -0.4891853420
            94.3045636030,            -3.3235354420,            -1.1135086125,             4.4961526553,             2.4398621117
            91.9724586112,             5.6245709379,             0.0112836373,           -14.2128102879,             5.3895690906
            92.3767189689,             4.4375537018,            -1.8057829232,             7.6679810133,             3.0333266374
            87.7574564349,             3.9684395051,             0.1269055163,           -21.4446252140,            -8.1222875100
            79.2506029132,            -3.3758654343,            -0.0121028289,             2.0160840407,            -3.8975865003
            86.4875104655,             0.9100280992,            -3.9724557684,            24.8359238190,            -5.8554440709
            93.4209164505,             2.4961659235,             4.1218575347,            -0.1989549041,            -8.2849351291
            87.2359432698,             0.2261399604,             2.0158876839,           -21.9333555711,            -3.1168049714
            80.5694906419,             1.0027490655,            -2.4941738822,             6.5513300710,             3.1412819415
            85.6345301873,            -1.7057153844,             0.4280394114,            -7.1251414069,             2.0588167001
            81.2907804480,            -2.3915356468,            -0.9675534052,            -4.8752968614,             0.2318000484
            79.1915446788,            -1.6212907204,             2.0568090018,             2.6243003185,            -1.7671836209
            86.1563068426,            -0.3677236561,             3.8944131949,             8.3443546560,             0.2704192898
            84.6606663571,            -1.5556861512,             8.1425771122,            -4.7176872977,            -4.1936465533
            88.3983234551,            -1.8539285658,             6.8430540996,            10.1713418940,            -2.0173564587
            90.9078710457,             2.5544694225,             7.7977079953,            -5.0548443190,            -1.8851449908
            88.5176007004,             5.7270368312,             5.1230456663,            -9.4337941456,            -3.0535335684
            88.8171141172,            -0.7356216487,             9.1724510435,             4.2902364904,           -12.2977690088
            91.9744302497,            -0.9837293424,            -1.6559269561,             5.1012471760,             3.6805123620
            89.7805271054,             7.4176163627,            -1.3065324878,            -5.9123679363,            -1.1910125692
            84.2291194206,            -1.8821500459,             0.9050994647,            -7.1156692226,            -2.8879737818
            79.8923943230,             0.9552194142,            -6.4962594216,             5.5806713467,            -1.7273623126
            83.3674148863,             1.4623135581,            -0.5863211293,             4.8428770975,           -11.3072269443
            87.2030348666,            -0.9374515315,            -1.7086409011,             5.9969525796,            -0.7884682558
            86.3261355228,            -6.1413680183,            -1.9767743376,            -9.1014453583,             3.8064406407
            84.0168335961,            -1.7315750839,            -4.4676736106,             1.3206190587,             3.7663492948
            85.4049158613,             2.2138043216,             5.1789679502,            -1.2953586577,            -2.8260319337
            84.4524000964,            -1.9410858970,             3.3575868082,            -1.2245611288,             0.5875398574
            87.1307507620,             0.5735362452,             1.4625132734,             2.6955993547,             4.1135811724
            90.1315638371,             0.2726638697,            -1.5869960546,            -2.3740302935,            10.0864768592
            86.6370500675,             3.4509037827,            -1.6070321369,            -4.0277351330,             1.8768694746
            86.9915825719,             0.7398194511,             0.9459904418,             2.3839435427,            -8.2140509116
            87.3177573881,            -1.2866354214,             0.8739190171,           -11.9347210115,            -6.2522774540
            87.2182145444,            -2.0493120080,             1.0266962521,             7.3238311414,            -5.3670492792
            91.9536947336,             2.1831032408,             1.1061016955,             3.0953641077,            -6.2187682637
            92.6030063955,             1.2454211770,             2.0333472773,            -8.0228444968,            -6.9985188516
            86.0012707417,            -1.0586668410,            -0.4434665838,           -11.5745289764,            -8.4310301345
            88.0230371302,            -2.3232146648,             2.8462255473,            17.9145188260,            -6.2531808050
            95.3640755957,            -4.6673001666,            -1.3229343946,             5.3050917093,             7.3418273107
            89.6177661936,            -0.1125693160,            -0.1733464082,           -12.0739076042,             3.1565028624
            84.8934956880,            -2.8195847600,             4.9241255216,            -4.4151082397,             0.0935376360
            87.2132116393,             0.0739928539,             1.2345501477,             8.7729374983,             2.2805173587
            87.5876704376,             2.9202141026,             2.2935095634,            -8.5884144128,             1.2165461893
            85.8837969786,            -0.3610464884,             3.7777449693,             4.5733480964,             0.5194036982
            85.7841977570,            -1.8158703752,            -1.0608786798,            -5.0160280323,             6.2861667729
            84.7850905162,             8.8411494947,            -6.3241144077,             6.4529160840,             2.9193223866
            90.9769947691,             2.2565724924,             0.9018018725,            12.6212305280,            -1.1208215048
            96.6143902043,           -10.2689503903,            -1.4938591915,            -9.3404273668,             4.6167869379
            86.8908227026,            -4.1735371862,            -6.9864174518,            -5.3148106913,            14.0630506637
            85.2033508213,             6.1785979409,             1.9218639673,            -4.7520156334,             7.3007399990
            83.4345226224,             2.0812688997,             3.7965757143,            -1.8789380151,             3.4747922911
            92.0855337162,            -1.6343524458,            -2.7395465978,            22.7049590405,            10.8697255244
            97.1943954166,             2.4863780379,            -4.7076561503,             0.4302997846,            10.6675158038
            89.1621423392,             1.6498239272,             0.1326493170,           -12.4284557848,             5.1120910745
            88.4993920450,            -5.1308727399,             0.3494633565,            10.4193703848,            11.0365138327
            89.2934912953,            -0.5627843841,            -6.6177317717,           -11.8783861358,            13.2886137858
            81.9511903922,             4.0149373071,             0.5405680111,            -7.2560596661,             6.6222460203
            94.0141325254,            -1.0931090372,            -4.1559672704,            27.1000234219,            17.4403401608
            95.6046314805,            -0.6290595721,            -3.6977434822,           -20.9842488658,             9.6304069753
            87.0532821750,             0.7184050485,            -2.6305150142,            -2.6307964281,             2.8309826011
            87.0358786063,            -0.7732400627,             2.7756640204,             2.1099351827,            -4.7455365196
            85.7489338649,            -2.9268048476,             3.2554741599,             6.0153732135,            -8.2434260713
            96.6313153593,             5.0887223616,             1.7021978404,             7.1529647477,           -13.5882622103
            90.2789242005,            -2.1648077207,             5.6526921648,           -23.0898210619,           -20.1686020272
            85.7555998629,             1.8827479359,            -0.8268798237,            15.1148263160,            -5.6696769846
            89.5232247944,            -2.2461583590,             2.3603820645,            -0.3030538445,             2.8544814217
            87.1583467147,            -5.0522320361,            -3.1495936529,             2.9173199495,             5.1920542320
            87.9379106284,             1.5341685367,             1.0392072462,             3.1324529113,             5.8836670824
            90.6969840625,             3.3625517204,            -0.2442703524,             5.0425010921,            -2.2078583939
            84.5535137438,             2.8072387429,             2.2325686631,           -10.3205421170,            -4.5638744275
            85.3873041910,            -1.8205795396,             1.0707004020,            13.1298351459,            -5.5866753356
            91.1422875757,            -3.4486346817,             1.4512054071,             6.3175307866,            -4.7618271242
            89.0889265144,            -0.2573061767,            -0.0227441986,           -13.5388527443,             4.1870884873
            83.4555838027,            -0.0217864361,             2.8120867592,            -8.0758337833,             3.2333256758
            88.3621273652,            -2.6965160733,             4.3881809918,            15.0416411100,             0.1221398534
            89.5307208816,             1.4634537382,            -0.2778250901,            -8.0820614740,             1.0533385835
            83.4618020568,             4.7162506594,             5.1050618361,             4.4479372605,            -6.3989761299
            81.7478600484,            -3.3785871576,            -4.8359568229,            -1.8925111867,             1.9772524701
            81.8767405631,             0.4444838213,            -0.8547955104,             5.5843462993,             4.3321961806
            81.2575170111,            -2.5231113609,             2.4521032384,            -4.0912041225,             1.1830163119
            83.1632689781,             2.3922336089,            -5.2026613056,             7.2130860769,             9.0268723915
            92.5145743717,             1.1352017046,             0.1795381451,            12.8307751823,             7.9340192716
            85.2411861647,             1.1697374855,            -4.7836850843,            -6.2607569797,             7.0178628658
            86.8092731633,             2.9255086726,            -1.8250617307,             8.2553625870,            -2.4417416824
            89.2736493648,            -5.0395140194,             3.2056694665,            -9.8332610422,           -10.1724978854
            84.5009413265,            -2.1190865120,            -3.7706812304,            -9.9052703604,             0.6291085505
            83.8001115948,             8.6815644340,            -5.0929271449,             6.1766671676,             1.8151179291
            87.0702543636,             4.5419866639,             4.9555840316,            -1.5831552829,            -8.1266161492
            83.9383866599,           -10.2853719505,            -1.5328760734,             0.5337246696,            -2.2449448626
            87.3470866951,            -2.0581061575,            -2.0829183222,            10.0035731488,             2.4642873997
            88.2144942309,             6.0082776983,             3.8335648961,            -2.9629871062,            -8.1613680462
            88.6037153093,            -0.1485546481,             3.8231542668,             1.2202423208,           -12.5762018057
            90.1650035950,            -4.0874622966,            -2.0160604262,            -4.4516489083,            -4.5343277360
            94.1591633880,             1.3403681802,             1.2374582243,            14.1137694848,            -0.1195516677
            98.2792284639,            -0.7800762267,            -4.7207114925,             2.2382650818,             1.8265776622
            97.3080860668,             3.2815722043,            -2.2034078044,            -3.0652002896,             6.0828775473
            94.0932374137,            -0.6854086671,            -2.9926607722,            -5.2598475823,             8.6954587272
            89.2919838631,            -0.6648716309,            -8.8494383621,            -7.4053089376,            12.8133405231
            86.8340325549,             0.5955942762,            -3.8352579964,             3.5037626555,             6.0739732591
            91.9629972649,             0.0311293386,            -2.1635171752,             6.1655853829,             2.2078457759
            92.7543535819,            -1.3518468861,             3.2207518271,           -15.4983919748,           -10.0479929697
            84.4642823015,            -1.9764868261,            -0.5589293062,            -5.9712949970,            -4.4136938336
            85.4728204825,             3.6043495726,             4.6457624003,             3.5658187644,            -2.7248319024
            87.7921320036,            -3.1866911975,             5.7685730317,             1.5568057145,            -0.6665401761
            87.7725923227,            -0.2422722392,            -1.0485636993,            -9.5730570156,             5.8877715291
            83.7902651441,             2.2090588558,             3.7333870206,             1.8138151612,            -1.5746191636
            91.2336725653,             7.6184139772,            -0.7226220514,             9.8668204555,            -1.2334570155
            90.5520332525,             0.8424703997,             4.1121231229,           -15.5669791328,            -5.2977294131
            83.6552141942,            -5.5763114196,            -6.2082304782,             1.9272181226,             4.9600937990
            84.6802368861,             1.8660929168,             0.2090663090,           -12.2538002863,             0.2140325138
            80.3011229792,            -1.8912103024,             1.2095591532,             6.6117939533,             2.3811950106
            83.9756925068,            -2.0463506633,            -3.5523365767,             2.0283571739,             6.3634829117
            84.8551017324,            -1.3563761207,             3.0418904905,             0.6189050833,             4.3353280323
            88.7165283830,             3.2648752939,            -8.2459875844,             5.1297505563,             9.2596857184
            89.9650553330,            10.1059365235,             2.6444547238,             2.9189299736,            -4.5450213230
            91.4250732097,            -5.4321848718,             4.3422170305,           -11.8691168489,           -11.0174037329
            83.5166426958,            -3.8863348067,           -10.9180980668,            -8.8235745162,             6.5402456330
            81.5176048887,             2.2363068120,             0.5283398003,            -4.1366280173,            -3.0288191039
            82.6343029228,            -0.5505375966,            -1.2430808240,            10.2634456442,             0.8463094650
            86.7340049588,            -3.6037202872,             0.1427491886,             2.2991055408,             0.3779655908
            88.8636373600,            -1.7411024560,            -2.5402068586,             1.9196585564,             4.7758720173
            88.5168054264,             0.7333171423,            -1.5601575592,            -3.3279910411,            12.0584048441
            91.6488482133,            -1.5248485563,            -1.3439346649,            14.9912930317,            12.6414794290
            98.5631794937,             1.0574841958,             0.2874503630,            -7.2846103756,            -6.0163041983
            95.8416832690,             2.9214200221,             3.4592789885,            -4.4805233158,           -15.5524534747
            88.6237344997,            -4.5128996789,             1.2497216419,            -4.8033481471,            -5.9926052682
            88.9871168699,             0.1887510731,             1.2800630201,             5.0262866882,            -7.5345619009
            86.0261069924,            -3.8694440932,             7.0353714006,            -8.2002438580,            -7.0050568944
            85.9573842579,             2.2983674275,            -1.1031484284,            16.0286716853,            -0.3708444327
            93.4278849776,             9.1939815127,             6.2588719894,            -3.4178995194,            -2.9169668325
            89.7957963956,             2.9228001162,             6.1440034743,           -17.3542377754,            -5.4354564390
            84.7565423883,            -3.4413870071,            -3.4359004076,             2.6930776594,            -0.8863367316
            83.5614842882,             1.2083255025,            -2.0753765909,            -5.0486866073,             4.1567359738
            85.6781812398,             2.0275482178,             0.1129254042,             4.4376396474,             0.1810799437
            89.4402497840,            -1.8787453975,             3.4326132585,             2.7685025679,           -19.4600096298
            86.2409714097,            -3.2866016545,            -0.8635304867,            -9.1458288662,            -7.9428349217
            87.2584918900,             0.6666106678,             3.1191856426,             5.1894817105,             0.4319025096
            84.2520351512,            -3.1235148210,             3.1953104729,            -2.6699314136,            -1.6920408035
            83.3996050652,             1.2448186355,             1.6161806043,             5.3914910507,            -3.7586232602
            85.7389047505,             0.8507424964,             1.8220071592,             1.3724659194,            -9.4772380915
            85.3932125426,             1.2262736030,            -0.4282458769,            -0.2317631022,            -3.1983270090
            87.4019808438,            -0.2604340608,            -0.7643040880,             6.0559764969,            -1.4945134307
            89.4400047463,             3.4748424504,            -9.3343306322,             8.9155085848,             4.9490016067
            92.8445813886,             2.5217375709,            -5.1890376781,             5.4411345901,             8.5630964717
            85.6783549912,            -4.3184240911,            -4.2326035023,           -22.3975921510,             2.1912712190
            79.8885553662,            -8.5237069724,            -2.2137208220,             4.8173411988,             3.2902857959
            84.0920765881,            -0.6661883477,            -2.2095896989,            11.5002427121,             8.0820199727
            87.6652185053,             2.5795523455,             0.2649870796,             0.9264324454,             4.4742103494
            87.0281265602,             2.8828579059,            -0.0466723719,            -4.9177733273,             1.3686463747
            90.2200652075,             0.8056421597,            -0.0901799517,             5.8058425768,            -6.3316017242
            88.5534490021,            -1.5923164254,             0.5851708635,            -9.0638234878,            -6.1231023533
            88.2877325660,             1.6610678167,            -3.3241926131,            10.3332447683,            -4.8154944475
            93.0104136965,            -0.4377807742,             1.2170714203,           -12.6007766412,            -5.5224490976
            83.3039493943,            -2.5676230413,            -3.1376012048,            -8.9447821055,             2.8471532522
            83.2671394164,             1.5433239760,            -7.2054842267,             9.8140442829,             1.4611641525
            91.8940909671,             1.5840182253,             2.6193774844,             9.8118023539,            -1.4730205430
            90.8846383185,            -6.5850447257,            -1.0067420166,            -5.7049674871,             7.6388211266
            88.9968162336,             1.3165676299,            -4.2578410601,            -1.1459932316,             6.8866347590
            88.0167163656,            -1.7592257737,             7.8211421999,           -11.4671931023,           -12.7126674609
            87.6112081998,            -0.6740304321,             2.1163718369,             8.2412698972,            -5.9657176481
            92.4565401137,            -2.6307597436,             5.2867940823,            -5.1511667343,            -9.7528529230
            91.1684575293,            -0.4043503399,             2.2158886474,            -9.4887362831,            -2.3174134903
            87.7673256510,             0.1201915230,             2.1808406115,             0.9738224799,            -3.8578607124
            85.1910656953,             0.4027968536,             4.7105224005,             0.5877197728,            -7.4351370404
            85.1993604890,            -3.5199815526,             2.2602293823,             2.3509470109,            -0.0943043218
            88.1644881988,             0.9684850746,            -1.3512029771,             1.6233658353,             7.7420441528
            87.3133714126,             2.7830218160,             1.9414244143,            -0.3116183845,             3.4721160771
            87.7964361946,            -5.1869273250,             3.4492087261,            -1.7718331966,            -1.7195347039
            85.0196445536,            -0.8646183373,            -4.5138173468,            -1.5904183577,             1.9585333567
            86.4326245695,             6.4227478962,             1.7874522477,             5.4038621976,            -2.7858116856
            90.1516293647,             0.3036358400,             0.3281286209,             8.1562088444,             0.9233431232
            90.6315817149,             0.6020968369,            -4.1617847373,           -14.0763434433,            -3.2188253234
            82.4782764712,            -0.7026823384,            -1.7321504911,            -7.9725602535,            -1.6675846012
            81.2264019150,            -2.1597223626,            -5.9895822814,            -5.1659884328,            -0.5476894032
            80.9038101060,             2.9079565256,            -5.3139570612,            10.2190998881,             1.2238102465
            86.5710248515,            -0.7933138623,            -6.0262368725,            -5.6300618162,            -1.0103298613
            80.9976204163,            -1.9509656257,            -2.7894987991,           -12.2866408081,            -3.4098939827
            76.5798004288,            -5.3452718174,            -2.1146200111,            -6.5809464733,            -5.2579640483
            78.5392038376,            -1.1648919568,             3.4975364935,            10.4281373633,            -2.5863228462
            84.4433746469,             0.0287226312,             2.0556317003,             9.2633099042,            -1.3428731724
            86.6472025143,             1.9960579998,             3.3859014480,             2.8523903661,            -4.5924652902
            89.0821785877,            -1.4386990261,            -4.0720541665,             2.5452384935,             4.8356199324
            88.8059122842,             2.7927726566,            -0.6306152998,            -9.0444294049,             5.7103308987
            84.2995294839,            -3.4157126610,             0.3584578181,            -2.5492856074,             8.5262074151
            89.0861392035,            -0.1426432669,            -3.8122785597,            10.6807541464,             4.2843412026
            94.7154361928,             1.2384424170,            -0.4885306916,             3.3082255923,             3.3202646648
            94.4612261302,             4.8707707988,            -3.9173990092,            -2.1487362332,            -2.8014707306
            93.9815235086,             4.5480507845,             1.7399980384,            -1.4510088410,           -14.4015134121
            84.5825733350,            -5.8726203162,            -0.6140118657,           -14.5172433391,            -9.0312880735
            82.9316408723,            -1.1640014556,            -2.6977863719,            -0.8672634074,            -3.2971768398
            83.3614456624,            -0.7783128715,             0.9485451930,            -9.2391035063,            -2.6989414851
            80.5044361550,            -1.7504681204,             3.4256874285,             5.1033333016,            -0.8109845128
            82.5289299171,            -2.5158775175,             1.6631176093,             2.8871980759,             5.4517536843
            87.5955318079,             1.3217148713,            -1.0368179016,            14.2516380300,             3.0169333290
            90.9832433051,             2.5485904971,             0.7052775372,             1.6420736942,             1.7627390924
            87.0636119530,            -0.2187030752,             1.4827772436,            -8.0124359587,            -2.1190397399
            88.0868393221,            -5.3655044969,             5.2031359281,            10.7257210711,            -5.5086138788
            89.6579813477,            -1.3942735593,             1.2047984644,            -4.6117064767,             5.8560286004
            83.9788320566,             0.9678898165,             3.2769750022,            -9.2009329312,             5.0416494559
            86.3463919952,             2.4105654186,             1.0791166691,            11.8871376731,             4.9782591004
            88.4064202844,             2.0408407954,             0.9860776886,            -2.7514633720,            -3.4388898658
            87.0424742211,             0.2450386551,             0.3259544124,            -3.1577103672,            -0.9591819113
            80.0191780259,            -0.3381797682,             1.1236212453,           -10.9255839736,             0.9991799844
            80.1719505962,             1.9882107851,            -4.6469497072,            12.0907936710,             2.1942591028
            86.8695281370,             4.1830157303,            -0.4905780200,             5.9731504141,            -0.0922613358
            87.0168182973,            -3.0563987979,            -4.7320071702,            -7.9010628859,             2.0099674720
            84.6431765514,             2.4685704344,            -4.9276134408,             4.5072559983,             1.5688216221
            91.5415368468,            -3.6860223631,             3.0787317297,            13.7176154339,            -5.0354394759
            96.0410584145,            -3.0061125740,            -7.6793957727,            -5.6787785247,            16.4626578330
            91.6464192508,             6.9431973523,            -6.5599532668,           -15.9442221024,            17.6561536193
            83.7309271253,             8.1168091419,            -0.6819038545,           -12.7786981116,             5.4929358800
            81.1502597608,            -5.2484127232,            -2.3206448915,             1.5913812420,            -5.6363815093
            81.1749508714,            -5.0219781444,            -3.6913053686,             0.1259672551,             2.4899224895
            84.1760153421,            -1.5433161088,             3.6087272043,             6.5127797797,            -1.7512622147
            87.8380334145,            -0.1929574400,            -3.2202907167,            -0.4246839972,            -1.1943809462
            92.5309541734,             5.0039099058,             5.2582481898,            17.7835883229,            -9.9697137961
            91.8223929144,            -5.8858854176,            -2.8999700613,           -16.7152932351,            -7.1842400173
            81.7642922330,            -0.4283786797,            -4.2662863215,           -14.1342481822,             0.7648245922
            85.4635672806,             1.4854639251,             0.6603525342,            23.1986082332,            -4.4040093263
            91.7080553278,            -1.3450123615,            -2.6029513065,             9.9964679124,            -2.1251807046
            92.8601582526,             1.1538730052,            -1.4596167699,            -6.7157217390,            -1.9865837963
            90.4542568437,            -5.0006946807,             4.9212669390,           -19.9387453864,            -9.0545162258
            83.4118324084,            -1.3944765040,            -3.3471174188,             3.5878971220,             6.9367376551
            82.6497139133,            -0.8424297637,            11.0357367077,             4.1216298121,            -3.7676452904
            89.2806960073,            -6.2437807964,             4.4949703284,             2.6068824612,            -2.3615119526
            86.1508784220,             7.0258703840,             6.7022274651,            -8.0141359848,            -3.5270404765
            87.7675468228,             1.0799073082,             4.9760079456,             8.8395392734,             0.5568157425
            92.4337868181,             3.4912516697,            -2.5530758484,            -2.7914943825,             3.5746820848
            88.3626429965,             4.2821997726,             4.2427908942,            -6.7207262801,            -7.2811289746
            83.9519803846,            -1.8136046434,            -0.1852787829,            -2.8191893932,            -4.6675504275
            83.5566372546,            -0.6931879429,            -0.0716698866,             1.2766914000,            -1.3811269927
            82.7648883645,             2.2840245133,            -3.4757994057,             3.8667773346,             6.8454215990
            86.9604085585,             1.2115982530,             2.9882513469,             7.8887374459,             0.5223662873
            87.5369819471,            -2.1574094406,            -1.2710415978,            -5.4204556537,             0.7699955375
            83.7661941232,             2.9817929709,            -1.5459774450,            -5.8136022687,            -2.3941497993
            83.8844708201,             1.3088378402,            -0.0301038892,             5.3926656508,            -5.3991189906
            85.1313407179,             1.5645910184,            -0.2548082777,            -2.1570960998,            -8.4006020122
            79.8035719517,            -5.4080255344,            -3.2228981999,            -2.6823712185,             1.4141707124
            85.2324879241,             4.6503533346,            -5.8768980961,            15.4279200909,             7.1147948979
            90.5613181551,             0.9252385616,             2.4310321997,            -6.7521907511,            -5.8148925591
            88.2930279735,            -3.6683422548,            -5.3540314066,            -4.9673581204,             1.6928082251
            86.3127181624,             2.9242588966,            -6.8836082826,            -2.9866792994,             7.6034957696
            86.8794718140,            -0.5162815226,            -1.3365169658,             8.4739586117,             0.9489694504
            88.9047406578,            -4.7709535447,            -5.4795370331,             4.6815571555,            11.1541631028
            85.6094725345,             1.3605015132,            -1.0088400026,            -1.8047108833,             7.8001124478
            91.5186402765,            -7.3358292947,             1.9656827228,             7.6216359565,             0.4366066149
            93.1499800701,            -1.0408308473,            -5.1670719076,           -20.1545733856,             8.5917746562
            79.8121712979,             7.0430296742,             2.1199601568,            -9.8511547065,             1.8786223541
            81.7658628451,            -3.9087510772,             3.6778907963,            16.4807184325,             1.0665867820
            92.2049344852,            -0.7364809813,            -8.0649425619,             4.5163124271,            14.4321216110
            88.9721717141,             7.3025819788,             1.4303507582,            -4.0194176404,            -3.8731883530
            84.1175613215,            -6.1429967657,             6.2914351545,            -3.9368831795,            -8.6246651245
            85.7385092540,            -2.6899507658,             1.4654170375,            11.4898936085,            -4.9026578049
            94.2451424610,             2.8126745186,             5.9496317583,             0.9446781800,            -7.3697369250
            89.7508620971,            -1.1152993516,             9.1291522167,            -8.9899884932,            -9.6347981500
            89.9862243440,            -2.4095209239,             5.1732083157,            10.6906057439,            -7.1645303148
            92.8093663457,            -0.5384258151,             7.9005386058,            -6.8609514033,           -10.9888616021
            92.2072019268,             1.4655632203,             4.2451904332,            -5.8944740909,            -7.7174822065
            87.3685189048,             1.8631473462,             3.4953167700,            -6.8903865683,            -4.4005303326
            88.3593360320,             3.5497036045,             1.4042778277,             0.9329901622,             0.5553615173
            90.1366577852,            -1.5440741543,             1.8601680890,             2.1155826977,            -3.8617577300
            93.7151352023,             0.0250254850,             1.4342199395,            12.1023444835,            -2.8645251764
            92.9098010189,            -0.1307590070,             0.4017388018,            -7.4005509642,            -0.1460301663
            84.6201340052,             0.9300964654,             2.8584002681,           -16.0141595403,            -3.1055711396
            84.4663971991,            -2.4200237574,             2.2020943600,             6.2241885319,            -4.7501425607
            85.5777528067,             3.9247395096,            -3.3844650935,             2.9127043738,             4.0692976663
            83.0816390747,             4.1701513335,            -2.9790800412,             4.5363171881,             2.4215341913
            86.3149206009,             3.7043377867,            -3.4424206249,             5.8793798574,            -6.1828182530
            90.2866580023,            -5.2538139933,             2.0772406387,             6.5728866084,            -8.8836745029
            89.3789979878,            -0.4993993230,            -4.4038232244,           -11.6261885400,             3.6778759991
            84.2280492567,             3.5541043759,             2.7628997575,           -14.4058689122,            -3.2708865717
            88.9523343525,            -1.1461951913,             0.5896886737,             0.8612418681,            -9.5183030338
            85.6791752665,            -0.6503902416,             0.8584517583,            -2.7556626604,            -5.5007971193
            87.5450109146,             1.7574845090,            -1.3998738240,             5.8542665615,            -6.3440911850
            90.2535250379,             3.7055434021,             0.4748255065,             4.2874042136,            -5.6538872092
            85.3331702017,            -2.0374283694,             0.1564075697,            -3.7597726498,            -0.2348620570
            89.3836385174,            -4.4650947509,            -1.9142068217,            19.9449498927,             7.6500504367
            94.0069436928,             4.6518580099,            -2.1836308475,           -12.2272838427,            12.5818289269
            87.0916610022,             0.1918023347,             0.3237526542,            -6.6274280827,             9.8259129512
            84.9731883067,            -2.2538052996,            -2.0381222059,             8.6154165953,             3.9095614816
            87.2557226503,             0.1730157533,            -1.6770135150,             0.6338749570,             5.0374992446
            83.8125007560,             1.0397923104,             0.5011154688,            -5.6777315664,             6.4224725610
            84.6738565082,             0.9346872773,            -0.9728905193,            -0.6688263514,             5.5549958530
            84.9185266020,            -0.1550629539,             3.9153189541,            -0.1704128225,            -8.2293363130
            86.9625090719,            -4.9651041813,             2.5171094210,             0.3928151102,            -2.3591734590
            90.6876057609,            -1.1403125756,             3.0990414281,             7.1831308239,             2.5488906047
            89.8373753417,            -2.0102368799,             3.2492510982,            -8.7739262523,            -1.2124582229
            85.9226330725,             4.4930118969,             2.6948131179,            -9.2704467482,             0.7575165252
            84.0800770657,             0.9954490542,             3.7237003795,             4.9800781398,            -1.1636560894
            87.2593681305,             2.4480637766,            -0.2149833115,            -6.8891807275,             0.8323594174
            86.7817525579,            -0.8122704929,             8.2816819012,             0.9018587544,           -12.6150214637
            88.5014273111,            -1.6395578430,             2.8936288423,             7.6270344968,           -16.6492283368
            90.2878939090,             3.0615813576,             6.2758637535,             7.4705587233,           -16.5958760487
            90.0422256807,             0.8356608764,             4.0831537554,            -9.4114382821,           -14.0982402003
            87.5863843562,             3.0543266348,             1.4111213235,             5.9473029077,            -4.1536749028
            89.3878288693,            -4.5056703062,             0.2740542292,             6.3996870490,             5.3610765841
            88.6038309032,            -1.4542837281,            -7.0927859889,            -3.8230377359,             7.6880903772
            84.7770846282,             0.5904017771,             5.5346123768,             0.0827129296,            -0.2545027653
            82.1743203382,            -3.7924241304,            -4.1520166838,            -4.1489638188,            -1.9561740561
            80.9278423720,             1.7549666669,            -0.0630675730,            -6.5703335933,            -2.0348419229
            81.6360849293,            -2.2415195259,             1.2792743320,            10.1979028535,             1.7149922624
            85.4406252976,             0.3787044529,            -1.4958845383,             8.1822600045,             3.3663431627
            89.4511201823,            -1.0909375511,             1.6462390516,             3.5944409246,            -2.4439186405
            90.5762415319,             0.3603615647,            -0.5274452988,             1.7503412600,            -1.6092737476
            91.8143046861,             1.2715393548,            -0.5121914335,            -4.0942597118,             3.0450416693
            99.4168622995,             0.9215307811,            -2.4704509595,             6.2261525283,            19.4854698344
            95.7239905156,             1.8896141596,            -6.1336042942,           -15.5047618658,            12.8469585607
            82.4343235366,             0.9242742463,            -3.9825775811,            -7.6693691607,             5.1898964247
            81.1066956312,            -2.7819544187,            -2.2450410307,             5.5572249893,             9.5646392853
            83.0597337538,            -2.1967048569,            -1.1627085196,             0.3312480475,            -0.4158837507
            88.1027967385,            -0.0464370949,             1.8678549075,            17.9882934181,            -1.7869288825
            94.0468936777,            -5.0503941245,             4.5687571396,             4.4120385655,            -1.5439682177
            90.8254669354,             1.8265530344,            -0.3186112496,            -4.9115251359,             1.1729991974
            89.3034371380,             0.9158989037,             6.9692112650,             7.1393911317,            -3.9235412647
            91.0823136948,             1.2967928401,            -1.6607021337,            -9.1674618755,             7.8589938038
            83.7056743216,             4.4131690533,             2.0777483934,            -7.1013814017,            -0.3900819120
            85.1192828822,             0.2251244262,             2.2856151172,            15.4314182858,            -4.9658682299
            92.1962384959,            -2.6795050331,             2.2417566380,             5.2403493500,            -9.2346807606
            88.5991133831,            -0.7922309470,            -2.1300732731,           -16.9551030536,            -1.8732691667
            84.8015290386,             2.6203513301,             1.1849588056,             4.0681046860,            -1.6867299900
            86.6924054549,            -1.9163410263,             4.1010470309,             1.9524234163,            -4.2139437490
            82.9726658768,            -6.1243419753,             2.4040325449,            -3.1821760012,            -5.7829536562
            86.9023100666,             5.0145593237,             1.5395340591,             2.0796403905,            -4.6318358157
            88.2416049884,             4.1670506417,             9.4997456051,            -3.8841113087,           -12.8201845271
            87.2630399147,            -2.6684756309,             3.9339465833,             2.1109549553,            -9.9801281508
            85.7956321196,             1.0786315795,             0.0392705622,            -8.3492782429,            -3.4140671814
            87.1187504197,             4.3514947024,             0.5218111730,             9.4836999955,            -0.2024113614
            90.1965669109,            -4.6738738768,             2.7422229048,            -5.9683755873,            -1.7380423077
            85.4427048387,            -4.1628382978,            -3.8207770041,            -5.2765291407,             2.1740970475
            84.1718525160,             1.7325312459,             1.2489166674,            -0.8093731217,            -7.2656166776
            85.2266563440,             3.6143760210,            -1.3620098069,             5.4734378224,             0.2074718864
            88.4982654280,            -1.1128872722,             3.6703031335,             9.6939912923,            -3.6769254457
            89.7160372411,            -5.4671570379,            -3.5241115775,           -11.1910834185,             2.9628855793
            88.4134892185,             2.0540555345,            -8.2958311420,            -0.7636062507,            14.7551841056
            89.1677230923,             3.6400788652,            -0.9492625269,             1.0440811559,            10.1675234246
            86.2949455151,            -0.3904306712,            -5.1840505069,            -4.8792720798,             3.7250621843
            91.9932713676,            -1.6326661405,            -5.1778735312,            16.7227907884,             6.8976059336
            94.4536281726,             1.1645566831,            -7.2332304935,            -4.2350840381,            16.5870771854
            86.8771180775,            -1.5661808963,            -5.3334047671,            -1.8913868566,            17.6491394644
            81.7169469291,             0.0759422748,            -7.1164078093,           -14.0689964028,             8.4623473522
            80.8080303865,             2.3295070852,            -3.1585614859,             8.4041963753,             0.5534696219
            90.5528723451,            -0.8311881165,            -1.6546607050,            15.6520638728,            -5.4525266383
            92.2708417120,            -1.7593614407,            -2.9011558701,            -1.6018955053,            -1.3840874328
            86.6348858146,             0.2191844001,            -3.4397057627,            -5.5660498938,             5.0373420497
            87.7438120495,             3.2754573293,            -1.4031019152,             9.2802919166,            -2.5094021625
            89.0410699575,            -0.6959859110,             2.6674700561,             0.5240238250,            -2.8951730032
            86.5999248673,            -4.9098283341,             0.5846340645,           -11.9281678681,            -2.5747588311
            85.7733900874,            -1.5155144493,            -0.3171970156,             6.4708319569,             2.6268859014
            86.6988739084,            -1.8425551431,             7.2689337147,            -0.6497017096,            -0.2493459019
            89.5077096470,            -0.0537214594,            -3.3908514821,             1.8907340496,            14.0202399226
            85.1984083238,             8.2713229845,             2.3416127299,           -11.8737398591,            13.2135551804
            82.5045553738,            -0.1732535588,             0.9300828965,            -2.9471528128,            -0.9834528067
            88.9129034995,            -0.3265384869,             0.5976434098,            -9.4925623192,            -9.0386418706
            84.8831704295,            -1.0005801631,            -4.0773337482,            -4.6759935747,            -3.6285477451
            83.9903163588,             2.3713678006,            -4.5504156651,             1.7659743576,            -1.5023015422
            85.6513689435,            -4.0944371519,             1.6254055619,             3.0143320213,            -6.4430074031
            88.0863093300,            -1.6470780565,            -0.8310670556,           -11.3710797790,             0.0618584493
            83.3444315081,            -1.3031995132,             1.3787527928,            -2.0448663482,             4.0457592240
            84.0069503526,             4.1765303935,            -3.6315843965,             5.3029055004,             4.7234630506
            85.6148080400,             5.0117045445,             5.1893373530,            -4.1834750656,           -12.4087552132
            83.3798321772,            -1.0390819756,             4.0457156425,            -1.5141379074,           -11.1027184201
            83.1800367463,            -5.9489388233,             0.1821659146,            -0.5329719015,            -0.2792119438
            88.2383095899,             0.7441144892,             2.2017393357,            13.2859580705,            -0.9376536507
            87.8223018095,             2.1073554912,             0.3643823417,           -13.2313349813,             1.0728000119
            85.6125913192,             6.7040710645,             1.4591846323,             3.2970838933,            -3.3474249495
            85.8414037869,            -5.5646653999,             3.7969307687,             6.7042953610,            -6.0860861239
            92.5759973911,            -0.6322299509,            -7.5733585571,             9.8974658136,             7.3088397950
            94.4534294659,             0.9310775894,             2.0838643539,            -8.6597569062,             4.7787472901
            91.7700458662,            -4.3245351796,             0.3272146704,             0.5828531051,             0.6276597116
            94.3770554096,             1.5366016696,            -3.9950652346,            -5.5419367095,             5.4563368599
            88.9646926799,             7.1824359392,            -0.4776747729,           -10.0849655037,            -0.7716723215
            88.0396886730,            -0.3970155181,             1.3145798748,            -6.8557799185,            -6.2223838532
            89.6906809128,            -4.0496189690,            -8.8850742521,             2.8101730784,            12.2354255055
            90.9618311035,             5.0960471971,           -11.0463982267,             8.4876869726,            10.4826854315
            92.4383209050,            -1.5916105050,             1.8824959931,            -9.2705923280,            -2.7985865043
            83.5806380689,            -5.7891959637,            -5.4622436386,           -11.9268391043,             0.9846562292
            86.1913212861,            -0.3592208301,             3.3701400675,            20.9095889276,            -1.0348387851
            95.6417956326,            -6.5745466905,             4.2562294500,            13.4851713264,             1.8552104206
            93.1943528617,             5.8015942400,            -2.0436504054,            -8.8475666977,            -1.4312763124
            89.3198694224,             1.6935852317,             7.6234375530,            -2.8403357601,            -8.6657520876
            88.7457519132,            -4.6221212931,             3.2339024946,             1.6362457528,            -6.3756612298
            91.0508195131,            -0.1910495863,             0.0907558763,             3.4807568298,             0.5114162624
            94.2338884708,             3.7789515848,             0.0955767712,            -0.9782911931,             6.4042588498
            92.9327862431,             4.3280114417,            -0.1169030189,           -12.2874378016,            -5.6727336455
            87.5205444416,            -0.4763779457,             0.2881679438,            -2.6659511425,            -5.2522172158
            88.4755345440,            -2.1188198761,            -2.8824948057,             1.4194516850,            -6.7322906314
            87.4915958262,             0.7676190314,            -2.0887968977,            -7.4090407149,           -10.8076040142
            86.6564780757,            -3.9203463917,             4.1086799344,            -4.1801364711,           -16.1285231381
            84.1569635801,            -4.1827671595,             4.1440312581,            -0.4469218694,           -11.8633492354
            89.2759415196,            -1.3902258828,             3.6942601434,            11.7144297995,           -10.3323136556
            91.7089679616,             0.8938814147,             2.2109579934,           -10.6686826202,           -11.6710892296
            87.3593585755,             3.8223512307,             0.4450047035,            -9.6867314664,             4.8338379426
            89.5668896064,             0.1284758641,            -3.6868038263,             1.6232325865,             5.1629859314
            86.4445322226,            -1.0452971290,            -2.0510007146,            -6.5671658242,             6.2455614975
            89.0297785823,            -4.6143071157,            -3.2324176692,             0.7158523531,             5.6363668238
            89.9431213692,             2.6529761904,            -0.7644511436,             0.4162277202,             2.4989717814
            88.0240132505,             0.3746941944,             2.2378585727,             0.5179401406,            -3.7537685720
            87.7875856813,            -0.2291404004,            -0.2504871545,            -0.0255071345,             0.3549468419
            91.6094359150,             1.4779699460,            -4.1019673011,             2.9605189799,             3.3306902771
            87.8101776330,             0.4440160999,             1.6970982299,           -12.7289835406,            -5.4209466569
            84.2514074527,            -7.5021928160,             1.2424594847,            -2.5961533272,            -3.6207328740
            89.8559919720,             2.8793651491,            -6.4612079258,             9.6342046857,            11.3591386312
            92.7482099565,             3.3309174976,             1.6463101137,             2.4705243135,             0.5796500047
            93.0543966131,             0.2515663323,            -2.1339410796,            -7.8314429444,             3.4817331846
            86.4191958495,            -1.9245320949,            -5.2268579741,            -2.7702464852,            11.5901339324
            85.7301742351,             3.0464284820,            -1.9990189097,            -3.8008376840,             6.7201759400
            87.1550995228,            -1.8638955015,             0.8438101962,             2.1380936651,             2.1822982276
            91.2686379457,             4.7414274357,            -4.3492369726,            15.6205218878,            -7.3752905117
            86.8788136326,            -1.3989070691,             2.4517433842,            -9.0697896009,           -10.8131634267
            86.3183394354,            -1.6057322304,            -4.0059494525,             9.3959723745,             2.0187519949
            90.9205670464,            -0.1375978136,            -1.1340342485,             2.5484284985,            -1.9347798900
            85.5555260897,            -2.2750231063,            -0.2678595872,           -14.4790308109,            -4.2702094270
            86.2403457665,            -3.6497245796,            -1.3048425122,            15.3059342730,             5.7722176122
            89.2265994229,             4.0138692765,             3.8820886355,            -6.5727317202,            -0.7774895676
            84.0127562292,            -3.5069631872,             2.7260389047,            -7.5890822502,            -2.8876075369
            86.4642187082,             1.2655419956,            -0.8440268052,             5.1195314524,             3.1571245822
            87.8319779565,             3.5914527493,             6.6030358345,             3.3330416433,            -8.2889420802
            87.6055319514,            -3.5821377819,             8.7612783353,            -2.1009806596,           -10.6045438856
            88.1668448181,            -3.8507574965,             2.8653774918,            -6.2853502955,            -2.9920160549
            84.9918110795,             2.6372539008,             3.9841736976,             6.0271418656,            -3.9814654762
            88.8028031946,             2.0159234303,            11.6745852571,             0.6968541674,           -14.3687451676
            87.9864204829,            -2.1359380644,             4.5784006761,            -4.6125243074,           -10.2474516971
            87.5166866047,             2.9640169413,             1.4447766165,             6.3103529367,            -4.2879529164
            88.7715391434,            -3.0328912544,             3.6728590086,            -6.0075342975,             0.6094712332
            86.0734345949,             2.9320476628,            -1.5632235936,            -1.6900421872,             8.0570125293
            83.6807447963,             3.2446696408,             2.1582791890,            -4.6032744698,            -2.2408202254
            80.5951001471,             0.8614069407,            -0.8036318586,            -9.5655901023,             1.7246040927
            83.2291308373,            -1.2656054280,            -0.8905948719,             9.2700520846,             0.5752824034
            90.6125459746,            -0.1497278455,             0.1082160289,            10.7508360397,             1.5319798691
           100.9527515224,            -2.2811164076,             3.2745962043,             9.9464375164,            -2.5334950429
            99.8334649969,            -4.5394678719,             0.9523827446,           -22.9084128795,            -0.3122053382
            87.1006687251,             5.1252282725,            -1.8176777850,            -7.0653428762,             0.5978713936
            89.9874140329,             2.6947936555,             6.6314201313,             6.6900038747,           -16.0235226084
            89.0268614386,             2.4756242333,             3.9457931855,            -1.7662062158,            -2.3479736861
            88.2498299332,            -0.2270360013,             3.8656452798,            -8.4984312012,            -3.1994991518
            85.3149535945,            -0.4293646061,             2.2056599897,            -1.3818909565,            -4.1656392432
            89.0266569305,             1.4838612211,            -1.0807663192,             7.3882802710,            -1.5087752981
            89.0795238342,             2.1309948624,             4.8889827398,            -5.6836341914,            -1.0702949542
            87.9215945511,            -3.9060346872,            -0.2137241129,            -0.2260523426,            -1.1684796782
            87.4349597699,             2.5801953059,            -3.8646702487,            -2.9033382003,             2.6277874590
            86.6597615397,             2.9922094374,             0.7682378847,            -3.9114555430,            -1.6974882789
            85.2649579058,            -2.2102066699,             0.5526808523,            -4.4230628949,            -6.8785224866
            84.8828409636,            -1.0415851169,            -6.4844662810,             2.1461209271,            -0.9844852997
            87.4502387150,             3.1989394882,            -0.0211256581,             4.5884888532,            -0.6616069700
            87.5678136031,            -6.5734525270,             1.9972638706,            -8.5092069936,            -5.2335615846
            86.5165558867,             0.4347193367,            -4.3038429890,             2.8277101640,            -6.0872198979
            88.9775660878,             0.7628267924,             4.1188781155,             5.6875341972,           -12.0108348806
            90.9970901350,             0.9594728629,            -0.4302761864,             5.8533701294,            -4.8931160769
            86.8667726415,             2.6292727520,            -0.8160819297,           -10.9583225805,            -4.1943637538
            84.8900665413,            -1.5413366763,             2.1613767652,             1.3632063858,            -6.4440644069
            86.5777697222,            -4.1666865377,            -7.0772599241,            -8.2419590446,            10.5431260286
            80.9103865185,            -1.6873973578,            -1.0794400298,             1.5552926277,             9.2678479576
            86.0630564939,             0.5486397852,             2.6480453817,             4.3733285302,             0.4906043813
            86.7533391015,            -0.8107452651,             3.4783178129,             2.9829287769,            -4.8870523369
            88.8744933150,            -0.6757925096,             4.0073389366,            -0.2280200669,            -3.4569829424
            86.0049109571,             1.1405459416,             3.3581923530,           -11.5381334653,            -0.5753447140
            85.2456002786,             1.8283781300,             1.4221223925,             2.9616477592,             3.7149847118
            83.9701961537,             2.4222120204,            -1.1552276823,           -12.1726638841,             6.9236058592
            87.0849612776,            -2.0332720777,            -2.7413039615,            11.9527565474,            11.5717586123
            89.4281210168,             0.3763289221,            -8.3749598346,             3.3468666489,            20.5644297849
            84.3079666740,             2.0358260881,            -0.1568945232,            -3.3282742664,            -3.5801023423
            84.4022632807,            -1.2604684294,            -5.4160940843,             6.6660032297,             3.2088517750
            88.7605513308,            -1.5952036030,            -1.9042429431,            -7.5123317446,             3.3357929713
            85.0044876328,            -3.0029716780,            -4.9472019392,             6.0447397626,             6.3675793599
            86.8244693682,             0.4958274482,             1.5926244276,            -4.5781893479,            -1.1935359326
            80.7135665039,            -4.1099319543,            -3.1235604435,           -13.6061644633,             3.1784804161
            82.9737828291,             3.2956677014,            -1.2340608165,            11.5629344410,             7.8502212645
            86.4245434355,             0.3978018240,            -2.9346094353,            -4.3763142657,             3.6885408436
            83.0669842292,             0.6262128088,            -3.5661407102,            -2.7533403663,             5.9487565375
            84.6126459699,             2.5936779143,            -8.4667132111,             9.0641967880,             7.1180366982
            94.1500095672,             1.2771197356,            -3.9937208608,            17.2023733614,             5.3476719872
            91.1574574433,            -5.8198838178,            -1.2816731044,           -22.7761615812,             0.0212593136
            83.5725283378,            -5.7389494467,            -3.5695498995,             4.2249025089,             5.8938115948
            83.8520418579,             2.1999878846,             1.8807519897,             0.4585389377,            -2.7637588011
            83.5479872518,             0.1126631835,             6.1524530481,             7.9169548505,            -8.6206616058
            92.2758130792,             0.3892622524,             2.4296922673,             2.2022893539,            -9.2168044038
            87.6981648247,             2.9674140582,            -0.2266139447,           -13.1809643702,            -4.2965378238
            82.3410785899,             0.5951630313,             0.5025666514,             4.0205595819,             1.7436274658
            82.4970177154,            -5.6083078808,             1.2131512747,             5.0184338090,             6.4284708112
            84.5478752983,            -0.1996202187,            -4.4127498915,             4.2845940831,             7.6743976766
            83.7963088128,             6.3548556231,             3.3201365600,           -13.6925501251,             3.3563710111
            87.5946129718,            -3.8865834351,             3.3657164911,            22.3356177590,            -2.2992142911
            92.9018756511,             1.7944983519,            -4.2705470872,           -11.0316840937,             4.2066229059
            84.3158969862,             2.5203379866,             4.7983330833,            -9.8432839695,            -4.3862670523
            84.2320619683,            -4.3242621878,             4.0978591899,             4.5005727519,           -10.2971963152
            89.6913365799,             0.2831096304,             0.7151711520,             0.7800263928,            -1.3694377754
            86.8983121607,             2.7857199900,             5.7315666483,           -12.4725275110,             0.3599845948
            82.6662508140,             1.5359439405,             1.1654005884,            -3.7783725986,             0.6215900903
            86.0425954421,             0.4622392352,            -2.0289141445,            16.0240341713,             6.4906494809
            88.2540469679,             2.1394759051,             1.0694650752,           -10.3214160992,            -2.1854685297
            84.2919888958,            -0.7235214196,             1.2156599604,           -12.2274982410,            -9.2996688646
            85.7982687758,             0.3397001850,             0.2696418382,            13.4310676283,            -5.8793040052
            90.1785518961,            -6.2428793214,             3.2921192665,            -6.9286322264,            -7.1520808096
            91.1839960707,            -2.2953621414,            -4.4620561734,            11.7030849716,             4.4560910764
            90.2228325728,             6.6004779570,             4.0770754231,           -18.7742454458,            -0.8900317049
            85.6150614234,            -4.7395745687,             0.6851905335,             2.7381108940,            -1.5598896392
            86.9431887729,            -1.3295593091,            -5.9924468975,             1.2137177844,             8.8490766573
            87.9601211593,             3.0327010047,            -0.7744859701,            -3.6510004270,             9.6399897379
            88.5752998843,            -1.2615668714,            -2.7162830872,             4.9552872732,             8.8484621884
            90.0569330936,            -0.3252458262,            -6.8036378167,             1.5789344908,            11.9259699752
            93.4921789000,             4.6622848991,            -5.9848060007,             6.4152075199,             3.5101207973
            88.7496572696,             0.6860003739,            -1.5169875284,           -15.1593565572,             0.0303170769
            86.3282287546,            -6.8793143438,            -7.5337033657,             7.1772761576,            11.7474001875
            89.6808719024,            -1.2161280593,            -3.8445565541,             3.3801584660,            11.8872489826
            91.3975916397,             0.2362616523,             0.8382134572,            -1.8398841718,             2.4325939247
            85.9304895364,             0.5963671784,             2.0510067674,           -13.1878752887,            -0.0565151261
            84.3901059290,            -2.6646871139,             3.3120828362,             5.7552584058,             2.4446816743
            89.9346251937,             1.6473520173,            -1.6257664398,             4.2518611862,             5.3502579366
            89.3267480921,             6.2534862576,             3.2116320699,            -8.9863707519,            -6.3967054310
            86.5059065692,             2.3213883841,             2.9464938532,             1.1728086139,            -6.9809692240
            84.8611805995,             2.3020806272,            -6.5219460162,             3.3549379989,             5.5071108211
            89.6315350906,            -3.4398807483,            -2.6937812891,            -4.2928153934,            -2.2280666158
            88.4199940491,            -0.6976315631,            -9.2096426418,            -0.8715055591,             0.5409953875
            88.3595593385,             0.6603525978,            -0.9741487599,            -6.3891716967,            -3.3686533170
            91.6444763758,            -0.4148344601,            -2.6975366262,            -2.2134264662,             9.1604976401
            86.2082945381,            -0.0276024466,             0.7307713508,            -1.8170445842,             7.6774353162
            89.4696220953,            -3.0460794717,            -2.1239658070,             2.3209192211,             8.7771868560
            87.5511688668,            -1.8523515300,            -2.4278818086,           -12.5129168449,            10.2375780253
            79.7382921050,             4.0917134603,            -2.0228918378,            -8.2861556131,             7.6652384382
            80.4623339299,             0.2316225661,            -1.0367428105,             4.6721011105,             3.0316564392
            85.4794218454,            -3.1907803983,             0.0403622185,             2.5281854443,            -1.3675634665
            86.6050975796,            -3.1171317867,            -2.0568157873,             4.8319891363,             1.0930855886
            88.3410284311,             1.8730822364,             0.3496344113,             1.7551000185,            -0.5134091355
            83.3660894017,             0.4249308052,             1.6476867864,           -12.6514743519,            -1.1261933116
            82.1853475781,            -0.1072178262,            -2.5242675807,             3.2472248727,             1.8352739889
            87.1961504997,             1.2455824684,            -0.1182652245,             5.9136448590,            -5.1193071361
            91.3127628425,            -2.9658969057,            -4.4442152336,             6.8886228949,             5.7637644711
            89.3088556148,             0.7439866493,            -5.1393540612,           -15.7478804345,            10.8130809367
            85.1859866019,            -4.8621326031,             0.8512919480,             5.5671207692,             2.5745545219
            86.5656875023,             1.1535266596,            -1.9910074011,             0.3117155001,             6.2150727379
            83.6795019428,            -1.1069731911,             6.7141019901,            -0.8295707037,            -3.3618893377
            87.5792801071,             0.0610413820,             1.0745856862,             0.8523858759,            -0.3969082523
            88.8008752555,             1.3796709833,             5.1660085042,             4.1879553389,            -2.3277154271
            90.4135090231,             1.4310484289,            -0.5069412080,            -4.8691630886,             9.8071480169
            84.5118985597,             3.8027622851,             1.6973515750,            -9.0110133355,            10.2783597604
            87.2639631144,            -4.5065325537,            -2.4155848267,            18.7439576023,            14.8090650064
            93.1204936021,             3.3286726367,            -5.2742362235,            -6.8880517844,            16.9001256437
            86.3121145217,             1.2825836380,             4.2199817646,            -7.7371681042,             1.5592182207
            89.1334075610,            -2.3063473187,             0.0966058181,            11.0566017161,            -3.7999310201
            86.9727865034,            -1.0631812651,             4.5159219856,            -1.3335121958,           -11.0652029001
            93.6785662415,             0.5796087484,             4.8927238160,             7.3393482526,           -12.3686307807
            93.5307102242,            -1.1585140516,             6.9956181041,           -11.2323942264,           -16.1903785568
            85.0784127456,            -0.0964067908,             1.8945749444,           -23.9119604696,             5.5724444955
            80.0904891701,             3.3998807885,             0.9016793281,            13.6994212281,             1.0686992671
            86.9491062838,            -1.1161790834,             4.6389837674,            12.5943617765,            -3.7349038497
            89.2564184318,            -3.2486612292,             0.5865691934,            -9.5941752727,             6.2436247242
            87.9929656745,            -0.7314219819,             1.8492735790,             6.6143905311,            10.6517158248
            87.8988564359,             0.8554724557,             1.4083878451,            -0.5790886541,             5.1327396130
            89.4341467754,            -0.7416589087,             7.0864850926,             1.6721118937,             1.1291309551
            87.5275696318,            -0.6117240607,             2.9365325025,            -2.1353780334,            -3.4149419708
            84.5700034000,             2.1006026825,             5.5375032129,            -2.8567017615,            -2.7458645624
            84.8716014806,             0.4196231961,             6.8724659748,             3.3682463015,            -7.4074925000
            83.4169846357,            -2.2536973228,            -0.4468327607,            -3.5178866812,            -4.2631943411
            88.5491910492,             3.8635414741,             0.4524146977,            12.3376551780,             1.6810906568
            92.6218072340,             1.0130972129,             3.3388302400,            -0.8754282483,             0.5599179064
            86.7348722301,             1.3943369867,            -8.1865467074,            -5.1802628660,             6.3232052677
            88.6574443822,             2.7352510660,             0.6924033457,             9.8108763929,             7.7171357466
            90.7232169150,            -5.8515103537,             0.1983331033,            -9.5511483355,            -0.8813484882
            89.9071238631,            -1.5471305995,            -0.7217099945,            -5.6910518605,            -5.7248361511
            86.8086628040,             0.8139845192,             1.8802798771,            -5.5946569170,             0.5542214171
            94.3397955698,             0.5832235932,             5.3748190887,            20.5989059554,            -1.2151312193
            97.9859470989,            -1.4513107185,             1.5226447557,           -11.3406511516,            -0.2824359873
            85.2610965349,             4.5596442696,             0.8342156484,            -7.2034545842,            -1.5053498654
            86.4109870576,            -3.6335554861,             4.2351525690,             5.6371826694,            -1.3378804826
            87.7536779502,            -1.3301269115,            -5.9186290952,             3.2576737789,             5.2813599320
            89.2976993954,             4.5074132273,             0.1521753737,             4.0273910307,             1.8136438846
            88.7224168063,            -0.2536373240,             2.0035595739,            -7.3593841788,             5.4712930372
            86.7278822679,            -1.8235957015,            -6.7000353714,            10.9138147679,             8.7258227250
            89.9031352950,            -0.5053251555,             6.8905244694,             6.5006894181,            -6.3229888140
            92.8115259679,            -6.4790354400,             0.3226786294,             2.3916521372,            -2.1184687801
            90.0265009087,             4.4512101251,            -0.8735603294,            -5.1522331309,             1.6746999414
            87.4948275039,            -2.1695131048,             4.4793697014,             0.4171742120,            -0.8154552244
            89.1776662686,            -2.3018740918,            -2.9187194442,             1.2370723415,             4.5760064231
            87.4898184756,             4.1328618833,             0.4701168052,            -4.0389823022,            -1.4705321159
            87.6195966144,            -1.3027265703,             0.1646933507,             0.0686199825,             0.0346222688
            82.6845477834,             0.4409884412,            -3.0542591035,            -5.1534509332,             5.0393537059
            82.2279175366,             3.0197242942,             3.5678860389,            -0.5673467194,            -3.5987383354
            82.0155062567,            -3.7767642840,             1.5362515514,            -7.2362755813,            -1.0806319381
            83.3282184588,            -2.1580415519,            -0.5551147283,            11.2740180510,             1.3739554111
            93.6055835926,             5.0592502320,             3.1748283401,            12.1144597548,           -14.2947650778
            90.1741671409,             2.3911171188,             4.3192396401,            -7.8091987018,           -18.5072862148
            86.8054327332,            -1.3833002917,             6.2842732298,             0.9411675783,           -15.0093547917
            86.4119615972,            -5.2638817979,             2.3525100028,             1.1605998849,            -9.5491182471
            86.2941797774,             0.0779266355,             6.7916823191,             6.2392914696,           -11.7789792324
            88.9696069715,            -2.5363543064,             4.6216085383,            -6.1887218694,            -3.0213380481
            84.5954162364,             6.1218412309,            -0.7230575891,            -9.4344411413,             7.9411436645
            85.7100354367,            -0.1107000779,             2.2117537832,             7.0790441609,            -1.8650836263
            88.2854801187,             0.7126661677,            -5.7407428461,             7.0700868445,            -2.6046980096
            89.3160853337,             2.7529478578,            -1.6194812883,            -4.2976123103,            -1.8872327749
            84.4386792453,            -1.5396963104,            -0.1743212625,            -7.3750792197,             1.9402735351
            82.5781595888,            -7.5809690101,             1.9266791799,             9.0605958620,             4.4349662720
            85.9469330627,            -1.2219704800,             1.2368922402,             4.7169630244,             7.3187824203
            81.5289543622,             6.6593060805,             4.2347799701,           -10.3116655502,             0.5208139838
            80.9396184108,             0.1647838085,             7.3333174538,             5.2120914011,            -7.0701763281
            89.1399647621,            -3.9405977509,             1.9232170314,            18.5176308286,            -2.6156769983
            85.4462109278,            -1.1794046269,             0.4356785327,             1.9922742694,             4.7113140357
            84.6587733575,             0.6337546135,            -0.8635319379,            -2.5356624531,            -2.2138748224
            89.1179386844,             2.6927189330,             3.1951472199,             9.8511998909,            -4.9026467383
            93.1312603870,            -4.9147167101,             7.8753664269,             7.1677913473,            -7.6387879641
            90.0747332001,            -4.4446949243,             0.7270704918,            -9.8293099407,            -1.3531564655
            84.6355812250,             2.3709556726,             1.1352847349,            -2.4809094966,            -1.9412778026
            82.4615337494,             0.3730383188,             6.2250386131,             5.1232594881,            -5.4287514069
            84.1709132010,            -1.9103514710,            -2.0830683101,             2.3555468199,             8.6247289550
            91.1595889810,             2.9613140181,             1.2218497768,            10.2362489703,             0.6002640167
            88.1547462627,            -2.4760436420,             3.8700368833,            -6.1293293455,            -8.0669515148
            92.3405976520,            -1.6523950773,             0.2355178032,            10.5579887392,            -1.5914799230
            91.3834275701,             2.3718970210,             3.1600590573,            -9.6031687975,            -6.5859507953
            87.8716369646,            -2.7189755633,             4.0618624673,             4.8663746146,            -7.0706929154
            92.2090122093,            -0.8034204858,             2.2500353735,             5.0847658417,            -0.3291792645
            90.6953710732,             0.7909704312,             3.2541005996,            -2.3902082413,             3.2319235499
            89.1151356141,            -0.2070997073,             0.7704016543,            -9.1464560796,             8.7232153045
            87.3929932600,             4.0050333869,            -3.2099713532,             5.7472467461,             5.0302605517
            89.4019799162,             6.3081724118,            -0.8976107675,             6.3347981009,            -0.0009090202
            91.1874711708,            -1.9673125685,             1.4764129829,            -3.9463589185,            -6.7824121158
            88.9624268510,            -4.5318650205,            -1.8865405746,            -0.4760903988,            -6.0721282396
            86.1746432954,            -2.3348251142,             1.4421025166,            -6.3334495037,            -9.1073694362
            85.9003189992,            -0.9725072031,             2.1005604239,            -2.1821662840,            -3.8087389640
            83.9315837686,             1.9343412521,             0.2804892388,            -5.6890635255,             0.9183473681
            81.4681674564,             2.7336040034,            -0.4602057073,             4.3332844578,            -2.0762382614
            86.3495588072,             1.2478984854,            -2.9283862818,            10.8701262936,             0.6290137900
            91.3983956450,             1.8278450952,            -7.0219534985,             1.1266463765,             6.8334130132
            93.9935018647,            -0.6932308637,            -5.8634311737,             5.8922780049,             3.9389618066
            92.3301203087,            -6.5193880952,            -4.8647856752,           -17.1613978873,             7.3307360584
            83.5822234899,            -3.8977644659,            -5.9639238342,            -3.1770630644,             9.8662513080
            84.5224046908,             2.0531594840,            -4.8851166980,            -9.3265144505,            12.4908916480
            86.5369567598,            -1.2881781504,             5.8800575854,             8.4717488240,            -1.5831367301
            90.6963629951,             0.5269602001,            -3.3162812383,             0.0754463637,            -1.2459353908
            86.5630315558,             3.7902339364,             1.1556746780,            -6.5843994299,             0.2132284610
            88.1283376872,            -0.3905045342,            -0.7908120439,             9.2839286400,            -0.2452086723
            90.6567139822,             0.1262667424,            -5.2873514085,             3.3015351208,             6.6812368304
            91.3211346569,            -0.5614572922,            -1.0536458839,           -10.8100175803,             4.8150704875
            86.9878443420,            -2.4481945890,            -1.8836127205,             5.9661463824,             5.8075758353
            91.2315366208,            -4.2854824112,            -4.1943601572,            16.6929642650,            15.2075025080
            93.0246807025,             7.5189028724,            -5.7809118868,            -6.6700374637,             7.4072748654
            87.6740092288,             4.4305783684,             1.4532864062,            -6.8589654121,            -4.7365013682
            85.9944802627,            -5.1814688126,            -0.2184228803,            -0.9384083513,            -5.4739962069
            86.8520551688,            -6.6821671451,             1.5490150532,            -6.6463828711,            -3.8308533626
            85.1839814845,            -2.1067921897,            -1.5796260429,            -2.0182462119,             4.7338969011
            86.9220908485,             7.2813732209,             0.7745096316,            16.1350106532,             1.6677545944
            93.7144059829,             2.1653429256,             0.5220801293,             5.5759169140,            -2.3853265526
            88.9168760081,            -3.8029898271,            -5.2328497198,           -19.1023180467,            -2.4068510817
            85.1150699860,             4.0359965308,            -5.7865723949,             9.1210018202,            -1.6524723915
            94.8038516627,            -3.7146247600,             1.2023004219,            10.1323171521,            -4.7041012922
            92.1381247701,            -4.8686119925,            -2.1557639524,           -10.2838201508,            -8.6294155782
            84.9019283456,            -1.6329420806,            -3.1533335997,            -2.4505198497,             5.9081611747
            87.3848793689,             2.0246438480,             0.2638557044,             9.1095523112,             5.9971805659
            86.2374923267,            -2.0297124329,             1.3111101413,            -1.5882634753,             5.5875250533
            82.0724561346,             0.7304322737,            -0.1542293123,             4.9643576591,            -3.4597058081
            88.7366785331,             5.9296970922,            -1.1516481130,            12.9546341301,           -10.4531302379
            88.5273800388,             2.7464477070,             1.8190940208,            -7.7917815058,            -6.7818941630
            89.6076323601,            -6.1673416286,            -3.1417606943,             8.6448594563,             8.2741788681
            88.8844427865,            -1.6862207384,            -4.1459090057,            -4.7842926778,            10.9913903513
            86.2916188007,             1.7788652930,             0.0880054370,            -5.1315659075,             4.2665559645
            90.1300662617,             0.4550007626,            -3.4317606604,            17.4546556177,             6.0354153778
            93.7515546874,             3.3345140674,             0.0653947946,           -10.7012903589,             3.1895344204
            88.3613725567,            -4.2411764396,             6.5445619141,            -8.8211823580,            -8.9653659305
            85.7084607482,            -0.6768011898,            -5.0470069293,             2.1368932965,             6.9426690371
            87.3568751547,             4.3471506585,             5.7715746239,            -4.9047760897,            -6.4236274758
            85.5649448946,            -0.9786553889,             0.7908812461,            -5.7848199563,            -2.5907934104
            86.1304397247,             1.3325465222,            -4.9465029973,            10.4419473264,             4.9705510882
            89.9906685715,             5.2309250316,            -4.4017471138,             6.4664311475,             5.2831332156
            87.7633793083,            -3.8621718056,             0.1403090934,           -11.6267234817,             1.6816402736
            82.6784535463,            -6.0607473893,            -7.1999931027,            -1.7436597516,            10.4994354255
            88.2066006253,             5.8236705707,            -4.2607061089,             5.4242724103,            13.5022553344
            87.7392401004,             3.1491986844,            -2.8496214589,            -9.0066363189,             8.9641025161
            86.5953461539,            -5.3243908949,            -3.5363181712,             7.7926198851,             5.8756487011
            88.8337992045,            -2.6073920996,            -0.1980908207,            -2.9332034425,             1.3191392368
            81.4888127866,             0.9923695588,            -0.3289243675,            -8.4609050255,            -1.9566838824
            81.6409185546,             3.3538107527,             0.1572428532,             7.5563012085,             0.5101119870
            82.2684392659,            -2.9138998802,             4.0274479513,             2.3010837507,            -3.8414586518
            86.2249542295,            -0.2673694569,            -2.3366060958,             6.1459162066,            -0.7569081987
            92.0184996483,             4.4808817447,             5.6302989706,             5.1888733062,            -0.9659819844
            94.0365683218,            -4.6302180967,             2.7958553483,            -1.8279690011,             5.3033565672
            91.1494967074,            -0.2270866506,            -0.5338766707,            -7.4756492876,             0.7122679117
            88.8327506719,             1.0060185937,             1.2924317841,            -7.8315634202,             3.6290697066
            91.5369575187,             1.8401321884,            -1.0614339323,             7.7372488709,             9.8827763941
            87.9758216788,             3.2820762042,            -2.2136236735,             8.7843788841,            -2.5496324755
            92.4368592299,             3.9838788448,             2.2490224772,             7.9848587517,            -8.0720363637
            89.0073500414,             0.6879024125,            -3.3022310629,            -3.3084835434,            -1.9545978816
            88.0477191270,             1.5706984209,            -2.2501612558,            -0.4896617328,            -2.9663579133
            89.1653285627,            -4.6851473813,            -4.1117527593,            -5.2219989995,            -0.6320915324
            90.0922515805,            -0.2337068045,            -4.7531979019,             6.9821492724,             0.8938663737
            91.1263203626,            -3.8186574348,             3.2362797522,            -9.0544885800,            -7.6391250321
            86.4591757390,            -2.8916056318,            -1.8774726815,            -8.3607152866,             0.4132548997
            86.0300143122,             3.9804211685,            -1.6954060987,            11.4526228864,            -0.4722959135
            89.1926623758,             4.6910568854,            -0.6164097544,             1.7994365103,            -1.9488028442
            86.0628068522,            -2.8248297058,            -3.0433073193,            -3.3606200815,             2.2933931567
            86.8732002572,            -1.7668018076,            -5.6437139537,             7.0421293432,            12.7283512261
            87.2000517280,             0.2859871852,            -3.2102358730,             3.0233619252,            11.0636390723
            90.6584564763,             1.1982026862,            -3.5250515533,             0.2413574983,             9.1421381730
            87.9695067663,             1.5016209208,            -0.3929102137,            -5.1875438136,             1.0427814799
            88.3020420665,            -2.6329038630,             0.1920665213,             4.8760048623,             0.0894385291
            88.6698527377,             1.2115455091,            -2.2402748181,             3.8558450255,            -6.3487598807
            85.3848990371,             3.0403314162,             3.5375710881,            -5.6108330991,            -9.5347489983
            81.8456108888,            -1.0179695727,            -0.2138863053,            -1.9666388737,            -7.3416184259
            85.6629369684,             2.9274765455,            -3.2677461222,             9.4139359358,            -2.3155220116
            85.4364584052,            -0.9378460675,            -0.4755511540,            -0.7542057463,             0.0045876230
            86.9303534940,            -2.0475929489,            -3.4790031316,             0.9212176252,             0.8039283170
            86.3101829805,            -1.8039362579,            -1.0159605337,            -2.4983849336,            -3.3163752682
            82.7951124174,            -3.1839571971,             0.1919687111,            -8.1269396696,             0.0235828765
            78.3322571328,            -1.8833677700,             3.8757640257,            -0.6310005150,             2.0472270471
            79.8168844807,            -0.8783423225,             2.7463429333,             7.1933505951,            -0.0155411814
            82.5495246632,             0.0410516991,             6.9366564295,             6.1418992324,            -5.3345845564
            86.8827480111,             2.5381049684,            -0.0986223765,            -4.3690751179,            -1.7929471799
            84.0027657526,             4.3387034603,             5.5537377886,             0.9733226925,            -7.4773032023
            85.9616538195,            -2.5532470285,             2.4737092392,             1.9207404426,            -9.3470172201
            89.1450512968,             2.7124285053,            -4.8115746624,             9.1122596305,            -4.2830689234
            90.7634396195,             0.9890433712,             1.1807874995,            -8.9640647546,            -5.9672209806
            83.5680968492,            -1.7862867177,            -2.5532222270,           -19.3823004806,            -7.0663670675
            81.8860311542,            -0.4240573452,             0.5337842033,            12.8095413574,           -10.4695249130
            83.4712905525,             0.0020528533,            -3.5847772880,             0.8292923724,            -3.3438507213
            82.7294879046,            -1.1956036289,             3.5092793051,            -2.6693814533,           -11.6179377681
            84.1582676779,            -2.2839364091,             2.5233114633,            -4.6828348656,            -5.9357167531
            84.7857304091,             0.1553983918,            -1.6466156544,             3.9096528907,             3.3109058027
            86.7242363650,             4.1299920781,             3.0871812630,             1.2516852062,            -4.2056092854
            86.2344847426,            -3.6213673685,             2.4396925752,            -1.6262418589,            -9.5868984503
            88.2678289689,             2.4164367299,            -3.1000822367,             1.1086490245,            -2.0797487128
            89.6189388759,             0.2186000517,             5.0288886375,             2.1239570872,            -4.2030818105
            92.9074089637,            -6.5863990603,            -2.4509958339,             0.6151761896,             6.3558223382
            88.8843454367,            -0.0381727329,            -5.3962069197,           -16.2301206740,             7.0919897445
            82.1553175477,             2.7142886535,             1.9995955653,            -7.6660214509,             4.0725149551
            79.2073232553,             0.3183725059,             4.0123639320,             5.3388923735,             0.2571526994
            81.7787419889,            -2.0271853758,             0.7350606951,             7.0829612777,            -4.5696238819
            87.2339123896,             0.2194979487,            -0.6630226904,            -8.4634869226,            -2.1879970003
            81.7925104867,            -3.3735022965,             1.5399534250,             1.5189628692,             5.7598629277
            82.6329052919,             1.5771716585,            -5.1818869542,             2.1807461528,            13.7523423494
            84.6266485788,             2.9376764873,             0.8495534408,             9.2204502182,            -0.0030785947
            87.8724690030,            -2.6109529958,             1.1586569210,             4.9712447706,            -1.5942404526
            85.8280397859,             0.2978616738,            -4.8918463201,           -12.1039491681,             8.5758433848
            82.4639153168,             1.5549962936,             3.0505218982,             3.7204846032,             2.5772596424
            84.6656373090,            -4.5920814896,             1.5072342160,             6.4385440817,             1.5578313455
            84.0632144581,             0.8961268361,             1.6357053946,            -1.4808892590,            -1.8147756745
            86.3551246558,             1.2557460017,             3.2017945586,            10.9444304857,            -3.9551201325
            88.4413152562,            -1.1058311165,             2.3360231123,            -5.5438316187,             0.0273383148
            83.7682457646,             0.3837301324,            -1.1675476236,            -1.0446753797,             2.7086618762
            82.5719343342,            -0.5046117330,            -0.2370968008,            -1.6457650446,             8.4989365842
            80.9404643857,             1.7044146386,            -2.9817400508,            -0.0692669295,            11.1245222997
            84.9284525625,             2.3936009658,            -3.3419839829,             3.0119714042,             7.7899529835
            89.0135978468,             3.7384560049,            -0.7170551780,            11.4573540338,            -3.6173744739
            91.3092588839,            -0.5515208236,             1.7369551305,            -8.5755549241,           -10.8045879819
            87.9249474672,            -4.1261315754,             3.1262771580,             2.3257584313,            -8.0607101686
            89.5685921191,            -3.7320045635,             2.0863466187,             3.5160880700,            -9.5022637882
            88.3732448509,            -0.0715389416,             2.1225850967,            -5.7892612056,             1.0439139103
            93.4734139620,             4.8214455471,             5.9728109926,            12.3614492481,            -4.4539835382
            91.7318221446,             1.9320761496,             9.9374584812,            -8.9016894529,           -12.2391405435
            84.8773701263,            -0.8010252748,             4.5185345514,            -5.8521714748,            -8.8514248161
            85.9369846398,             4.4857968719,             0.1582527994,             7.4954355937,            -2.7500472116
            91.0291277079,             0.0669947753,             4.1637798434,            13.2121194290,            -4.3616428066
            89.8242583168,            -6.3150936543,             3.3795662676,            -0.5922331402,            -1.2593719810
            85.7923485115,            -4.6377587056,            -1.2200726616,            -5.5792458294,             1.4374956717
            85.6399731081,             2.9615024327,             0.3439248148,             7.9365896484,             3.4915642813
            89.4861901672,             4.5049520055,            -3.3560151614,             0.8312360637,             4.8937466711
            86.0937501169,             5.4629931287,            -0.7285378685,            -7.6420430941,            -3.0398503101
            84.9206676959,            -4.4397176977,            -4.8355999568,             1.0943735567,            -4.5677607048
            88.3736050408,             0.2235005022,            -4.1077411490,            10.0118976516,            -0.1619391563
            90.6330663155,            -4.2551957227,             0.8767097666,            -2.6020682390,            -5.3746301923
            90.9551149074,            -3.6075216496,             0.0079399082,            -1.6577855169,            -7.3680069640
            88.5693407581,             3.9686944639,            -1.9226599560,             5.6238207952,            -3.2166115733
            85.1585901243,            -2.5188328100,             0.8900209872,            -6.0503133074,            -2.2877281045
            84.5697933327,            -6.9333572675,             2.0617334173,             5.7304682758,             2.4700420842
            82.6962393325,             0.7064616888,            -1.9790022075,            -6.9162898677,             5.1425802538
            80.2942672505,             3.9337738951,             3.3769370025,             3.3714911629,            -5.6461342078
            81.7754590316,            -1.5361473983,             0.0869369841,            -2.2127419618,            -5.6372128615
            81.7735226437,             2.7601879390,            -4.4352995992,             2.0333841010,             1.9772274373
            86.3590185610,            -1.8251603159,             3.3125012103,             3.3857612675,            -4.0156396464
            88.3666755904,            -5.7793731447,            -1.5991638720,             6.3529519919,            -0.6207563000
            88.8636510562,             1.1458560227,             1.9413779890,             1.9173227667,            -8.1209819906
            86.9224779567,            -3.7770656106,             5.2337748033,            -5.9205465875,            -4.4755006479
            84.9870726191,             1.4924820083,             0.9314455683,            -3.7178269764,             4.2121966686
            84.6576706877,             1.6049158260,             5.4028683371,            -2.2746473777,             1.2035444142
            84.8503607372,             2.1406477397,             2.9627954664,            -1.8573309671,            -3.2650709753
            83.1423389020,             3.8971731480,            -0.5332149025,             2.9348622166,            -1.8197035842
            85.4508631878,             4.2935828574,            -0.8044125516,             5.7707784957,            -4.6522735634
            88.0712705132,            -2.6164705224,             1.4179593431,            -4.4271355976,            -6.6251124476
            84.4416052855,            -7.4721753779,            -4.9668039093,            -5.3283353221,             6.7364610099
            88.0921626468,             2.3145616900,            -2.4803027017,             8.2516230324,            11.6986479981
            88.5585313146,             1.2552473633,             4.6019250662,            -1.3483955744,             0.4664279199
            82.2988862418,            -0.5935677476,             1.3947026551,            -6.4780277026,            -4.9811789246
            84.0689261240,             2.8774829469,            -0.2252864361,             3.6914280319,            -3.1255490917
            86.9177031226,            -1.0859399411,             4.8865422323,            -0.3404650887,            -9.2534891137
            86.9689598197,            -3.9247376660,            -1.2263981495,             0.3517577602,             2.4042402502
            92.2239224715,            -0.2866810476,            -0.1050432363,            13.1590686489,             1.5964666041
            94.1339321167,            -0.1509082809,             2.8191052781,            -2.2567160334,             1.4416808069
            94.2266383457,            -0.8362978465,             1.0950878549,             8.4250177877,             5.8081077826
            94.6236850678,             4.6570004834,            -3.3247445946,           -12.8498496285,             5.4447473602
            86.7896592945,             4.9324700288,             2.1378294600,           -10.7657607649,           -10.4126527591
            86.0748021188,            -2.2979326508,             2.3831611674,             6.5019606375,           -13.0348612318
            88.3702159107,            -3.5513798315,            -5.1317837185,            -1.4510034009,            -1.8048571457
            89.2549863337,            -0.4206876694,             1.1259938723,             6.5092274440,            -4.5869659893
            91.0391458923,            -0.9933601470,             2.5912543624,            -1.9685945091,           -13.4098085457
            88.8612099148,            -0.7665601935,             4.2455755307,            -0.6244763945,            -8.4861552933
            88.6120532522,             1.3645547310,            -3.6530234788,             0.7871131753,             5.1920018143
            87.9436060177,             3.8000006603,             0.4149492212,            -0.9811939250,            -1.5175844123
            84.1162453434,            -1.1407940896,             0.8292493383,            -9.6389620290,             3.4739419017
            82.5239565739,            -2.3889040726,            -2.2520920107,             6.6025951002,             5.3820028282
            85.5811375140,             1.2888976918,             0.6994361580,             7.4599444684,             1.8432124135
            91.2699971922,            -4.6876527419,             0.9586268412,            -5.1409820249,            -2.5346928321
            88.8037566444,             1.4131019874,            -4.7261594940,            -4.9259387345,             7.3225390207
            86.1650072495,             3.8885361131,             0.0582574146,            -1.7122420197,            -6.6217862091
            83.4417903091,            -2.7333525569,             1.0044691682,             2.5485323573,            -2.5338702934
            88.0123972791,            -8.0595044451,             0.1417088618,             1.8605006250,             1.2130269372
            93.3928235219,            -2.6359287824,            -1.5644535155,             9.4657213525,            10.2403879101
            88.1306776074,             3.8163505989,             3.8066150859,           -14.7160526487,             1.3195633065
            88.2257917544,            -0.3984085475,             3.2856989210,            17.8895052568,             1.8303514249
            98.4400399267,            -0.5183034282,             3.1841369530,             5.5977481824,             2.9884889868
            95.8028355077,            -0.7343362624,             1.8109130740,           -17.1734630805,           -10.1105337126
            87.3721066896,             1.9209579261,             4.0801086774,           -10.8726341575,            -8.6772019497
            84.8072022761,             2.1628474292,             1.5793472968,             2.3631212325,            -4.4932098707
            86.4672201740,            -0.5856097963,             0.2616800301,            -2.3951130630,            -0.2335943260
            86.3627821835,            -2.0570637977,             1.8576795558,             5.1082939368,            -7.3221180549
            92.6485801175,            -2.3704972740,             3.9385124497,             5.4630981949,           -11.4432028544
            92.6542574924,            -0.2255663865,            -2.0036418184,           -13.0623596811,             4.0446496054
            88.9208351828,             5.1029970519,             0.3420420353,             0.0374978786,             2.0909057478
            91.0827942051,             3.1548987982,            -1.4545335176,             9.5569330083,            -4.2473165596
            90.0957650998,            -4.1142524970,            -0.4118369418,           -10.0242802016,            -5.0167069303
            86.0544093968,            -6.4574860276,             0.9425961020,            -7.5649469811,            -0.7774549299
            87.5111697452,            -0.5708563674,             1.1662441362,             5.3466576975,             3.2353857006
            89.8494446721,             8.1995992383,             5.1612520048,            -2.1417179165,           -11.0580598737
            87.8954856490,             3.2093912725,             5.9954267180,            -4.9396374834,           -11.1178539270
            88.7067149271,             0.6810129023,            -0.9184460189,             9.4588247598,            -7.7667824263
            89.0455804993,            -0.2569137688,            -2.2549284671,            -6.8503438164,            -1.6238524332
            86.9935500478,            -2.3305020358,            -0.3082370278,             4.1936996411,            -5.3136761112
            92.9932194201,            -5.6489383212,            -2.9391813288,             4.8522591703,            11.5713615231
            86.9843777389,             5.5688309380,           -10.3692583293,            -7.8164006210,            16.1889065338
            90.0358335668,             7.3011927622,             0.2215861193,             9.8433529755,             1.8788074839
            92.8517201464,            -4.7176266855,            -2.7851223119,            -3.8704050819,             0.0573511189
            91.8162456246,            -2.0129115850,            -8.0694660862,            -2.0937660602,             6.9285286127
            91.2584393785,             2.1088294110,            -1.7741606460,            -0.6129032147,             0.7914359716
            89.7480206257,            -0.1986404764,            -1.9705737674,            -5.9647655096,           -10.6973837040
            84.3384133917,            -0.2521914597,             0.1452367371,            -0.2060513880,            -2.3363474719
            85.2943760056,            -4.4166543669,            -2.5893986146,             1.3373620428,             2.2620437002
            85.7746941629,             1.3127859736,            -4.9410583486,             3.6916324112,             4.4328285435
            85.8096441730,            -0.0376769246,             3.5356334639,            -1.6468160749,            -7.9254517825
            85.1511247322,            -1.9059535476,             2.1022424150,            -0.1867949070,            -9.2418690692
            84.0682308510,             0.5686727656,            -0.0718705058,            -5.6702401844,            -1.6642090714
            80.0086767819,             1.9866772899,             0.8961981146,            -1.6842107578,            -1.5596392661
            81.3222972728,             3.1490175701,            -3.8920689165,             6.5798874238,             3.6173382439
            90.8568191092,            -2.0810383444,             0.2308012765,            11.7288448214,            -1.2059794715
            84.5935744416,            -0.9195904103,             3.7597551397,             4.2833427449,            -4.0195317704
            86.0909093156,            -1.9516286377,            -2.9224647222,            -0.4977513426,             8.9235527312
            89.2381446352,             2.4234420060,             7.1358932105,             7.9172761960,             3.6214791292
            92.9468578063,            -2.1695848334,             1.0125572145,             2.8393400546,             6.8790142034
            88.1702935029,             3.8727098696,             2.1901616189,            -5.8302228835,             0.9635421324
            88.0204200015,            -3.4769519147,             4.7890476852,             4.6453947695,            -0.5084731719
            90.9757202916,             1.1671115467,            -2.1360532277,             4.3541970262,             5.8864997614
            85.9538956638,             5.3504492399,             4.1936121253,           -10.8074331213,            -6.1788050040
            87.3054620527,            -3.3566267418,             0.0115331233,            10.1875456202,            -0.7510691049
            87.7920196654,            -1.8264960403,            -5.8011868836,            -4.3231966229,            15.5503684039
            89.0899008499,             0.7834936047,             0.0287757057,            -0.0648327965,             6.6233787448
            84.3875646877,            -0.7679613644,            -1.0484979399,            -8.6254793662,             7.5145283640
            84.4181098144,             2.8537153978,            -5.4395260082,            11.2460911909,             8.9568161340
            89.1016442152,            -1.2488479086,             4.0060036426,             6.6925238135,             2.8639948337
            87.4949115031,            -4.2932873506,            -0.4756172658,            -8.0126025451,             3.3613931952
            83.1117314553,             3.3577442892,            -3.2600595535,             0.0590766143,             4.3130867990
            83.5662051468,            -0.7989472532,             5.9786057136,             0.7228050504,            -0.9249023972
            85.6989596148,            -2.5347615631,            -2.8661410037,            -1.3163470807,             4.6750842149
            85.8054617917,             3.2163279832,            -0.1867993626,            -3.3063850500,             4.1138324503
            90.9697995459,             0.9991722811,             0.9039087496,            13.1424286471,             0.0107397459
            90.9175436288,             1.6561439969,            -1.2417185778,            -6.2005744108,             5.0159965356
            89.8858545100,            -0.1631852491,            -0.4690681850,             1.3493841615,             0.3213403352
            88.5155459226,             2.2819685219,            -0.2680501185,             0.7531734388,            -5.7314410122
            86.1024933161,            -0.1397934022,            -1.9491366934,            -9.6976217797,            -4.9360661331
            85.1297122932,             3.1398769925,            -3.1702723129,             6.5145124083,             1.8997540225
            88.8075347465,            -0.4524848072,            -2.6026013092,            10.3595026698,            -4.3831792455
            92.9667900386,            -1.8857053378,            -1.7948410965,             3.2838331433,            -7.0366802483
            89.1401467514,            -4.0097740531,            -0.7557060647,           -13.6698212576,            -1.6424778213
            81.1954784032,             0.0985118770,            -1.3539373314,            -3.5598029825,            -3.1470788511
            83.8619072295,             0.4294069526,             3.5606384290,             2.4892502844,             1.4428908979
            84.8805399084,            -5.3127814085,             1.3107245016,             4.3014918709,             4.8127109366
            91.4153496164,             5.0118649698,            -7.3226375725,            11.6907406192,            14.2486872354
            93.0272500956,             2.2525279250,             4.6734209140,           -10.6199657122,            -3.7323460015
            86.1547567186,            -5.5872921290,            -5.7227151652,            -8.4589220650,             6.0841129508
            85.1071861306,             0.0188810503,            -3.0271733509,             4.8178037094,             9.6265465448
            89.3109571497,             2.2597578767,             3.3293608112,             4.6273819857,            -4.9133425862
            90.0234434785,            -1.8436956101,             2.5412890350,           -14.6933637994,           -13.6136859287
            83.9922129461,            -1.9294250712,             3.0370348704,            -2.0209461137,            -2.5570826071
            85.6468379334,            -3.6587863096,             0.3772106982,             6.1263766399,             5.0103606381
            87.8969271704,             1.8022349243,             0.8271531347,            -0.4858276340,             2.5940523590
            90.3601357579,             0.2769015645,             4.3493639036,             9.7643788318,            -1.8362643963
            86.8083084869,            -1.7734041198,             1.5974133569,           -10.6917634049,            -1.3898420198
            81.9467404066,             3.5478861224,            -0.4444938006,            -6.3197422220,             2.1754793872
            84.9301200133,             3.1797490725,            -0.9231163301,            14.9124675813,            -3.4926851887
            88.4045480958,            -0.0870386826,            -1.1594528784,             4.7966784774,             0.5119808041
            88.3208745707,            -1.4642629992,            -0.0587562235,            -4.8145969079,             1.4275005747
            86.3806340306,            -0.2426996890,            -3.4687534019,             4.2081686470,            -0.6954592517
            88.4810636127,             3.8380570811,            -5.9367932645,             2.4023336690,             4.0262725471
            91.3556075154,             2.8911499626,            -2.1944107681,            -0.0338923989,             0.2894709532
            85.0820327966,            -4.7072435828,            -4.6627169788,            -6.6458149617,            -2.0435618137
            87.5211502654,            -2.6908882953,            -2.4350439256,            11.5139526081,            -7.1599894079
            89.8876238785,            -0.6437288443,            -1.1587643328,            -7.5317575049,            -6.3702865608
            83.8606640651,             3.2252102437,            -3.7071525910,            -0.3848741495,             1.4816488296
            89.0874832925,            -1.4388918767,            -1.9428150383,             5.2072158833,             3.4595640850
            82.6104136230,            -2.8887070288,            -6.4683209826,           -12.8241732131,            13.4013618378
            79.5940442369,             0.9706260271,            -3.3878689139,             4.7179623321,             6.3836187918
            82.3269957170,            -2.1054519631,             1.7823021040,             0.9019547380,             1.4039435115
            83.7349832359,             1.8119553506,            -1.4107847540,             5.9913939658,            -0.8980154448
            88.7352567366,            -0.3735046943,            -1.4003088863,             5.2135070002,            -5.9815139438
            90.2045311333,             1.7619243315,            -7.3421610588,            -1.0313096479,             3.5246702333
            90.3279503887,             4.7265048101,            -3.9012793767,            -6.1584421302,             1.7982542641
            84.5562105582,            -4.6711780464,             0.0763800909,            -4.2110925501,            -3.4728739491
            86.8608932522,            -2.9159645129,            -3.1508362226,            10.8222278427,             7.6592553659
            89.2657256437,             1.3954753325,             0.5165568065,            -4.4665489622,             6.9215314306
            88.4861128697,             1.7514974349,             3.5855409980,             3.5921580800,            -1.4804263451
            89.4850562780,             0.7987069082,             4.8417551252,            -8.6132273834,            -4.6619338812
            80.0156505658,            -0.0066548968,             1.4329600509,           -12.0612679876,            -2.4858585428
            79.8366270093,            -2.2546615635,             3.4247450981,             9.4614434171,            -2.2172525286
            83.9034108684,            -0.4412964159,             0.7107507930,             0.5768641325,            -1.8718244022
            81.4140041554,             1.1446634951,             0.3961534794,            -9.1095719634,            -1.0089988535
            84.2383329239,             3.3499138498,             1.7730782795,            18.5165520783,            -5.7893956903
            89.4222285943,            -3.0606204423,             1.1506683740,            -3.7991976211,             2.6517898257
            85.2818437142,             2.9430374655,            -2.7718357189,            -8.5406412329,             6.4245017808
            81.4267704715,             1.7271559885,             5.3195821550,            -6.5992197793,            -4.7985093930
            83.7652473079,            -0.6068355959,            -2.7134021097,             8.7497182479,             0.4518813843
            88.0553014224,             0.8947310774,            -0.3893776573,             4.0195732433,            -2.1957018577
            89.6637303788,            -2.5521880438,            -2.2249014384,             0.2259638138,             3.1001506644
            89.0957966785,            -0.0666268215,             1.1214042105,            -5.8652484101,             3.6534144911
            88.1876290882,            -3.4436100307,             4.7151184899,             5.8756660300,            -3.1844614667
            88.1482991404,             0.2575967756,             1.2565102781,            -7.4376884959,             3.2011015252
            84.7769830386,             3.2089832897,             3.1168025952,            -0.4330516491,             1.3648451844
            88.5927957006,            -2.5322490827,             3.2531711969,             7.6635505042,             1.1290285435
            91.7366223057,             3.9234068421,            -3.1614594525,            -2.1044532098,             7.0070094841
            90.4477933242,             6.3672359661,             1.1413739003,             0.6344175429,            -2.4719069717
            92.1892379450,            -2.7932450331,            -0.9411524359,             0.1773771639,            -5.4568257614
            92.3256901350,            -1.3517548945,            -2.5040617350,            -0.3550078798,            -5.7117252015
            87.8842912777,            -1.4824051324,            -4.1424795056,            -3.1564612125,             7.8007306235
            84.5928543362,            -0.1059303371,            -1.9933260631,            -0.0864644387,            10.1137123668
            86.9409196314,             1.0306357117,            -0.8517397122,             9.8125080336,             4.5289218368
            87.6987500223,            -2.8792504482,             6.2921101529,            -7.7409243511,            -3.1346516731
            86.5318614839,             0.8211710586,            -2.5923768952,             6.3740096493,             0.8408612055
            89.4521448929,             7.8364524282,             6.4375634853,            -4.1225787608,           -10.1715484678
            85.4027726281,            -1.4212661143,             7.2669318710,            -3.3980453256,           -14.5802188930
            82.8954024119,            -0.8320101927,            -3.8919963478,            -2.5856018021,            -5.7925864293
            85.1894356707,             3.3791775056,             1.9536492821,             9.1618800841,            -6.8037441867
            88.1702372003,            -5.2822408692,            -0.4834250488,            -2.6405178274,            -2.2777715275
            89.5966139598,            -3.2106091452,             0.5028800072,             8.0165817449,             1.9965190046
            93.5424448566,             2.1541454967,            -1.7031835556,             3.6158890777,            -2.4379767437
            89.7546456624,             4.8209525758,             2.8285198766,           -11.1870739985,            -1.7051891780
            89.0850518930,             0.6491049456,             2.1982091949,             5.2359655343,            -8.0458173468
            89.8488281513,            -3.1087205751,            -1.4113899416,            -0.6077722101,            -3.5699939628
            85.5185124058,             1.6554914462,            -1.1417538395,            -5.0634124607,             1.0546327889
            88.8828664760,            -0.6824901956,             0.6063502823,             6.0938416562,            -1.0738942431
            90.8054086908,            -0.3333201246,            -1.5221398901,            -8.4788429305,            -2.5141797347
            84.7061191588,            -1.7533252894,             3.9145684022,           -11.6408738678,            -5.3388091273
            82.5712700888,            -2.6019778944,             1.1214440979,             2.8798099127,            -3.8711765271
            85.9959524276,             3.9054838361,             1.7174899395,            10.0099676698,            -9.7064560020
            87.8346565788,             1.2988997493,             2.9325382340,             4.2359261157,            -7.0580708146
            88.9602677739,            -2.3150015795,             1.8312061294,             3.9928985465,             0.8879575737
            89.3971912377,            -4.1500810361,             0.3613934263,            -1.6041887742,             1.2472700524
            89.0103213272,            -0.8818706191,            -0.8622903269,            -3.0506760929,            11.1453763817
            88.9441372916,             1.1581948922,             2.7346710435,             8.0370118502,             1.3195839211
            92.7301874776,             0.7434587669,             2.8092645461,             7.1927179090,            -0.7177604548
            92.5508976777,            -1.6006883470,             5.0265408737,            -0.4266027533,            -1.7658658183
            86.3233812370,            -0.7483935371,            -1.1616600942,            -9.7755358852,             0.9576340738
            85.9967667379,             3.1445105772,             1.4099688649,             2.5860270456,             1.5907820707
            89.7104988903,             4.9774455779,            -4.0014906654,            11.1455283195,             0.6652816208
            91.4483326259,             0.1319903717,             1.7411360790,           -12.7841025599,            -4.4295251989
            83.0832469667,            -3.5145452510,            -1.9878926770,           -14.8915999080,             2.2915840794
            86.1218421706,            -1.5664868674,            -3.1906005299,            18.7970111101,             5.1575979698
            87.0418394281,             3.4089498783,            -3.5817670151,            -0.5548771989,             5.8117082501
            89.2228875454,            -1.1581078805,             2.7742267802,             5.3225151238,            -0.3619650222
            92.4530401905,            -3.7822039871,            -2.6499496370,            -2.0946763777,            -0.1247647625
            90.6881939165,             2.4106807514,             0.9085464222,            -5.2862496912,            -1.0041831846
            86.3360801456,             3.3539385139,             0.2731862788,            -8.1738050712,            -4.7590878631
            81.2724324932,            -0.3413859420,            -0.4277304021,            -3.6095896657,            -4.6711538250
            80.4530394655,            -0.1265470448,            -1.9079676604,             4.6267588679,             0.4426084599
            84.4734764519,            -1.8015926147,             3.6891533804,            12.4388141756,            -3.9465623825
            89.7737259648,            -6.0308621506,             3.7940599004,             4.4874874428,             0.5581637179
            83.1630255723,             1.4569876384,             3.7721842901,           -16.3767464471,            -2.4755039907
            81.6264074308,             3.5171437171,             3.9666130017,             5.1205966982,            -3.2066510718
            86.2465395750,             3.5959829019,            -1.4662926307,            13.8006085598,             0.4136487963
            87.2550639948,            -3.9200716273,             1.8854787253,           -12.8854319729,             1.0333826707
            81.5435726191,            -3.0009980541,            -1.3222846271,            -0.8323993602,             1.3110546775
            89.7619328634,             5.1997868452,             7.5770155623,            15.9265337963,           -10.5226323404
            91.5312210031,            -1.2295263888,             7.7792092035,           -19.7844605483,           -14.1867958902
            84.6460530397,            -0.7572310590,             5.3277587832,             0.7506070086,            -4.1926731526
            88.8484178851,            -2.0761188118,             1.8024570370,            10.1365839029,             2.0658886195
            92.9097162825,             6.4614356027,            -1.1862758128,             0.4253656460,            -0.5680914231
            88.5775679001,             3.9551383672,             8.9658221882,           -15.5181787720,           -11.6529068084
            76.7992446862,            -1.6873132034,            -2.8770420079,            -1.7622243256,            -1.2293068871
            86.2969154137,            -1.3901867463,             3.4150108357,            20.1504016763,            -4.8322804861
            92.2638767539,            -1.5476313150,             3.6345708663,             8.9661515132,            -2.4948826364
            91.6568853268,            -1.5559956914,             2.9845089127,            -3.0451269034,             2.1225964790
            91.8805720657,             2.9976498345,             0.1911551554,            -1.0591551900,             4.9487595328
            91.6809669867,             2.2457962404,             1.0218815793,             0.5729973554,            -0.2864028224
            89.4017663108,             1.5147968262,            -1.1628514336,            -5.7641746442,             0.4631638015
            85.0418882345,            -2.4846011319,             1.5111719945,            -9.9737218669,            -1.0097946503
            87.5203776107,            -5.4826376202,            -2.9293435859,            17.9706477497,             8.2997068883
            90.7836857943,             1.7418790740,            -0.4943182783,           -14.7519955915,            12.1102436133
            84.9695863185,             1.5492918038,            -0.0519876029,             0.8212650296,             8.4469512422
            86.4821087498,            -1.2363658776,             2.9873803050,             9.0426715345,             5.5987890433
            85.8843579627,             0.8722101979,             0.3117664676,           -11.3439636702,            13.3099498304
            82.6165347765,             1.0376427688,            -3.7853380415,             1.2429780747,            12.9447746743
            82.9148534993,             1.4219506364,             3.9064532820,             1.3000332299,            -3.0744229109
            83.4004877396,            -3.9032831681,             2.0562395706,            -0.9458138630,            -0.1189147493
            83.5930999873,            -0.7775277259,            -3.6243814334,             0.5878019846,             8.0460012809
            84.3737477852,             2.8482762818,            -2.5648407824,             2.9392540950,             5.9561187595
            86.2460875491,             1.9705567146,            -1.1181989062,             2.6634314884,            -1.4287093049
            88.2460910171,            -1.5424777883,            -2.9316991150,             0.0477584248,             1.1666189348
            89.1545508336,            -3.3145980146,            -1.6078106686,             1.9261448493,             6.2722507456
            89.8240535258,            -2.7647970180,            -4.4975862377,             5.9908605666,             9.8810203625
            86.5089055629,            -0.2882440699,            -2.8700512570,            -4.3005490369,             3.6508277938
            81.4330568570,             2.1972653079,            -0.8864572080,            -4.8165217018,             3.3826027245
            79.5385352807,            -1.3669382500,            -2.8517878531,            -3.3610546556,             2.9343770419
            83.3801314613,             3.3728390494,            -1.5003011722,            13.8820983758,            -5.5299820484
            87.2904665588,            -3.8396618742,             3.6437945990,             6.1799016087,            -4.8918282541
            86.0225887425,            -3.2082402867,            -0.1773379049,            -9.4052035423,            -5.0813869426
            85.5719386663,            -0.7127349874,             3.1837185172,             7.4464866588,           -12.8095624934
            94.2370479923,             2.7363959419,             2.5863777157,             5.3687667278,            -9.9803497720
            87.6342804321,            -0.0397444392,            -0.7762366147,            -7.0478713798,             3.7385356263
            88.5547189452,             4.0999243247,            -6.9850261693,             8.3759709455,             8.5415193265
            87.0761288685,             1.9698124147,            -2.7406960607,            -9.3623502689,             5.5287916818
            79.1734725403,             0.3768166600,            -2.7358495968,            -7.0917624795,             5.7003082736
            81.0438797517,            -2.9931829109,            -4.8473410826,             4.3816334444,             4.8691249982
            88.9130380308,             4.7874354131,            -6.2329194464,            21.8512408017,            -1.2743818080
            94.2241885106,            -2.6521377031,             3.2702729838,           -16.6704174132,           -16.7179522886
            87.1536760484,            -1.0432392144,            -3.6039260746,             0.3854586139,            -0.6501069412
            89.4297429047,             0.3128730481,            -3.0658497435,            -5.7436780910,             3.5501959362
            82.5782358975,             0.2445965371,            -3.5156011501,           -16.2043353892,            -4.0869007299
            79.8804744864,            -0.5297932165,             1.4401003642,             7.9808084341,            -2.5852398378
            85.1144203589,            -6.3171286984,            -2.5889936998,            -4.7087343522,             4.4969614495
            82.2179951751,            -0.4629195198,            -6.5211902446,            -4.8107862346,             8.8123242291
            84.3404352168,             2.9099193257,             0.6684730648,             9.5780001703,             4.9429992892
            89.3038978025,             0.5964757492,            -1.4607253987,             5.2247438920,             2.1045546147
            88.4884611339,             1.1534354216,             0.0230346318,           -13.3928730446,             1.4758636251
            85.8713218424,            -2.6799814602,            -0.3957472972,             2.4093168928,             5.6260878769
            87.4783170296,            -3.1977980908,            -0.0002443917,             6.7789782498,             9.9284464664
            89.8905701314,             0.9809952118,            -3.3390902265,             0.8593824158,            15.0693408316
            88.8678081010,             6.4499339419,            -0.4785245965,           -12.0659325530,            12.8293130355
            84.6805254363,            -1.9382355884,             1.3782518024,            -3.1136037556,             2.6603204271
            83.3771744614,            -0.1115339542,            -7.5885726296,            -1.1182605765,             9.8145403410
            85.5786382039,             6.2525244887,            -2.8091086293,             6.2226752075,             3.1968884764
            84.2813919929,            -5.5300329757,             2.5844392471,             4.4660948847,             4.4419238838
            91.6350882147,             1.4747738834,            -6.2431827355,            12.0208887853,             8.2974676293
            92.0263995167,             4.1907777454,             0.6440313799,            -4.0761891050,            -3.9828723238
            88.5998666604,            -1.5278585770,             4.1968367221,             3.7255130029,            -6.5657258912
            90.1868641756,            -6.3289494546,            -1.2992614128,             4.1137984892,             4.0744899237
            88.8550213461,             3.8347077961,            -1.0994654389,             7.1118063043,            -3.2144495240
            88.2250896196,            -1.8654733529,             3.4678525343,            -7.1188893259,           -12.8162281038
            86.9979225330,            -1.9118053053,             0.6002511383,            -8.1976613401,            -6.8603010966
            82.2611029924,            -2.4361762709,             1.6911973731,           -13.1274912886,             0.8794891060
            79.6811384283,             0.3031665445,            -4.1875592170,             9.5878676468,             7.4386669983
            86.4391113643,             7.1734944460,             2.2186646304,            -1.3139046166,            -0.1318358837
            85.0908746980,            -0.1301833696,             1.7673558835,            -8.4968839021,            -0.5334716189
            83.7904765031,            -3.5865047505,            -2.7402059644,             6.7772546978,             2.6665745007
            87.5657351974,            -2.7228051754,            -0.4166259497,             2.1545225688,             5.8451770179
            85.5490716882,             3.3733765013,             0.5207221135,             2.4611584859,            -1.0544772838
            89.4506878976,             1.0644814521,             2.9178760111,             1.6179528148,            -5.0874032022
            91.0330276067,            -2.9168930299,            -0.2536611072,            -1.2033836188,             8.4326174135
            91.9505498783,             0.3348917136,            -4.6449059027,            -0.4354848258,            15.1101314724
            88.6213931704,             0.3149323156,             1.0240583086,            -2.9151023467,             8.8663365028
            87.3021752019,            -4.5677480223,             2.4646608481,            -1.6013105795,             5.7950208051
            86.7178673511,             2.4727549167,             1.1194699953,             2.7010176518,             1.8885812974
            87.1584709703,             2.8478110426,             0.3705434852,            -6.9067836378,             7.8629795100
            88.9585322908,            -0.8205367335,            -6.6767503542,             6.5372780098,            17.8628057158
            83.3958575364,             1.3425877781,            -2.2700825975,           -16.9281455248,            10.2808888875
            80.2627791912,            -4.0152930038,            -7.9945464365,             7.8641595292,             8.4854971810
            93.0785581723,             5.3157512032,            -4.3901192394,            11.0994367261,             3.7419428766
            96.2933407970,            -1.7319278094,             4.0877090883,            -6.4996501152,            -6.2399769603
            88.0651105752,            -4.0929932443,            -4.9496106120,            -0.6911737963,            -0.3737751781
            92.7255786110,             4.9411843329,             4.1263309603,            16.5271835638,           -10.5529125213
            93.2296037223,             0.4999874154,             1.3835813859,            -5.6673379903,             1.0861516144
            87.0268331797,             3.4169194008,            -0.8211079570,            -6.0631866097,             6.9671509263
            87.6642428134,            -1.5044568498,            -3.5738253977,            -3.1948249151,             5.6655761716
            85.9747492994,             1.4013666902,            -4.3269120634,             2.0528215653,             5.0951783813
            88.3651414134,            -3.4466105176,             1.5312374553,            -7.7263130918,             1.1879442276
            84.9512009112,            -0.2274208288,            -4.2433823809,            -0.8659963106,             6.9325567806
            82.2380302843,             0.3064370259,             1.9039031254,            -6.0060734657,            -6.5971933406
            86.2857922703,            -1.9811160785,             1.0124456813,             6.6376335980,            -4.8665889171
            87.4610723924,            -0.8935257791,            -3.1830593610,            -4.2158336981,             0.1756813155
            86.5809845350,             2.1722120040,             5.0344586000,             1.1254367162,            -5.5050815605
            89.3105999756,            -4.8263133681,             3.3006465284,            -2.9999955699,            -4.5994280430
            89.2683273982,             2.7825799383,            -0.2181581816,            -7.2889644265,             1.1893839928
            85.8777036774,             2.8541902429,             4.6796985304,            -2.1395199322,            -2.7526483192
            87.3047536453,             2.9226063667,             1.3721162675,             5.3356946391,            -2.2065690984
            85.8657082300,            -6.8164718889,             2.3825739527,            -4.3801007234,            -2.1613430569
            86.4390987521,            -2.4676931329,            -2.4751474990,             1.8103479548,             4.3901506589
            86.7361941343,             3.9751640479,             2.9124253087,             6.5048744054,            -0.4500666876
            86.0476700201,             2.0607228016,             2.0997392374,            -4.6906042675,            -4.8297315009
            82.0597914588,            -0.4737969312,             2.2902839669,            -7.8957232106,            -5.6551449438
            79.6485743557,             0.3222583818,            -1.0101960645,            -5.8738690145,            -0.0144449322
            84.8626590055,             0.7516472993,            -0.8878310802,            13.4277097439,             1.6291935884
            85.3440725389,            -1.1863393343,            -0.5433813389,            -7.1032887793,             1.4280589073
            79.7223761062,            -2.4477793642,             6.5996564027,            -4.2241260517,            -2.2339454716
            86.3342563838,            -2.0874411762,             0.4559675959,            15.1052123619,             1.3038226990
            90.4474667313,             3.2193641918,             4.5576547969,             1.5840223537,             1.0404770975
            87.0507179505,             2.0828719293,             1.6999922689,            -4.9503494264,             3.5345708633
            87.2464179044,             8.3940421233,            -3.2694513407,             2.7719718336,             1.1579490267
            92.5455703051,             3.2637028790,            -0.1530092101,            10.4628338896,            -3.1694831568
            92.1451018015,            -4.9124540224,            -1.5640577001,            -3.5267802616,             0.8083879050
            85.2085150652,            -3.2375115861,            -7.3563765040,           -13.8736872556,             1.2669514501
            85.9970417351,             4.8216045341,             7.3443948238,            13.1913284301,           -14.9768651395
            90.2170890022,            -7.9682949844,             3.2134963358,             3.6386529636,            -6.5282611740
            89.3447818485,             3.7804088353,             4.9968869232,            -3.9740139963,            -7.0057306078
            89.8868431011,             0.3060908016,             8.3925842326,            -4.1993753814,           -13.2265704363
            88.8479041870,             5.5593420267,            -1.8260129886,            18.4376624553,            -2.9458818520
            89.0796766249,             0.9635298250,             3.6339671891,            -8.1536367609,            -2.7304198457
            85.0408002101,            -5.9294240351,            -1.2391809920,            -5.0086333840,            -2.2288450939
            85.4099268640,            -2.3988462865,            -3.0740660428,            -0.2509568630,             1.7412203101
            88.1067172163,             0.5558301504,             7.3473486509,             6.7434086705,            -3.1453540316
            88.1456589755,            -2.2103143875,             3.5739940714,            -2.9234501907,            -4.0708380355
            92.0892685038,             4.6392263636,             3.3588630643,             3.9499040286,            -2.7305064904
            89.8254500997,            -1.5382544445,             8.8223262062,            -6.7874312220,            -5.7165711314
            85.9251363343,            -1.7376930621,             1.2217645573,            -0.0109470044,            -0.2610709539
            85.2270630247,             1.1467111459,             2.0578113757,            -0.1525345117,             4.9337565475
            82.9518366812,             2.9525194062,             0.3771439812,             0.1365424344,             4.7606680492
            85.8327382387,             0.6120295394,             1.7489649286,             1.0730228315,            -0.1122988093
            90.3340026676,            -2.6490792817,             0.5163998614,             6.0864331554,            -3.1526847891
            92.6308046856,            -3.1254285412,             2.1901744067,            -0.7030768826,            -0.1847523369
            89.1381634737,             2.9404538113,            -0.0556437415,            -7.6009799434,             0.3759653837
            84.6688814991,             1.2979587018,             5.0880537403,             0.4906665706,            -9.6924448565
            84.9256303657,             0.7741033555,            -0.7441722546,             0.7712210208,            -1.2012685429
            86.0408982865,             3.0369640210,             4.2074003980,             7.0122277971,           -15.2692453683
            91.9317970452,            -6.6374393806,             3.3079057594,            -2.8864401084,           -13.3347137619
            92.2621069113,             0.1017471034,            -2.1902978578,            -5.6237545235,             4.4607159309
            84.5288272179,             4.8408047071,             1.5398969124,            -8.4495866721,            -2.7096302276
            82.0745735689,             0.2612213043,             0.2019158869,             8.6154982425,            -3.1580817471
            89.9273767329,            -4.7536334868,            -0.1557945572,            12.1796162903,             4.2495835730
            94.0989431850,             3.0851101757,            -6.1466354860,           -10.7005683991,            11.7870184106
            89.2152115738,             5.7710550066,             2.1432754830,             0.4124535979,            -4.0409917353
            85.9219073363,            -5.3316980285,             1.5106465241,            -8.0431347289,            -6.8905333605
            84.7175202636,            -6.7708212905,            -0.9746782552,             2.4449932042,             1.1476215285
            88.2140438262,             1.0308839140,            -3.0316486050,            16.4080723844,             5.8479036745
            92.6895621424,             3.5487057658,             8.7880024773,             4.7160635077,            -8.5455182976
            90.0814086834,            -3.9045670405,             1.9538823898,            -5.4144421610,            -9.6260750886
            88.4993495118,             0.9553146968,             1.3926705416,             2.9529624082,            -4.6822522352
            88.1305732665,             1.6740518536,             0.1553784743,            -5.7159988537,             1.3014239083
            87.0072926562,             2.6663884655,            -1.3740194074,            -1.3929586756,             0.5527336016
            83.8119709247,            -2.3518739942,             1.1596116984,             0.3448594316,             3.8368803624
            83.0597317167,             0.6363919520,            -3.9385149897,            -1.0716657397,             5.3965783895
            81.9711653320,             0.7321361976,             0.3240304001,            -4.2923786341,            -1.5595966048
            81.3771097466,            -1.6802268033,             0.8275343454,             3.6095450516,            -2.6486055897
            90.2129402484,            -3.0391314588,            -1.4253514953,            10.0228072843,             0.3236267302
            92.3816566677,             2.1528161111,            -3.8343208947,            -5.2156626918,             5.6511025631
            85.0016116193,            -0.1875130976,             8.9896972009,            -7.7162601683,            -9.5165780396
            91.5028216232,            -6.7379944566,             1.6726010564,            23.9647699985,            -5.7159478900
            89.0007777742,            -1.3641339696,             6.5871537677,           -13.5208807922,           -13.9770137533
            82.9260628911,             4.7003233117,             4.2407349296,            10.2965253613,           -13.9828930602
            84.4221385929,             6.9214080493,             0.9180504665,             5.2569365657,            -7.2175572690
            85.8074250472,            -4.5283422074,            -2.3836781559,             7.8074562930,             0.4923429122
            87.3804414766,             5.2749714216,            -7.4552734847,            -9.1870768885,            12.6492674420
            85.7805457933,             3.9317571052,             2.8498806166,            -5.7537319419,             3.8621119650
            85.0015294827,            -5.8584145841,            -2.7153488552,             6.6216538646,             2.3291474649
            83.4563871494,             1.2941600892,            -4.1374456643,            -1.2201749005,             2.9818777682
            84.2343153429,             2.0987187971,             3.5013281483,             1.4979857843,            -2.7278599925
            86.8162121546,             0.1210557174,             4.4647239695,             1.2789112825,            -3.7075846851
            88.3363183899,            -2.9482534495,             1.5969101346,             3.7785631530,            -5.7880540945
            91.9513209297,             1.6339936583,             1.2898961621,            -6.4340623428,            -2.5703425648
            83.4063737306,             3.7163791350,             2.2445854597,           -14.3772323811,             2.0844360584
            82.3914259855,             1.9433031652,             0.6235543753,             6.1610975283,            -3.3208914889
            85.7267310611,             0.2631122862,            -1.4428706454,             4.0677332874,            -5.7125875471
            84.3346541449,             1.6590327161,             2.2957736909,            -2.7160665112,            -7.0535828530
            89.3837356800,            -1.5278706716,            -5.0571944195,            16.1821884870,            -3.3561598838
            92.1363085111,             3.5508489161,            -5.4455309719,            -8.4891730587,            -5.1453648014
            85.6988344954,            -3.5084469631,             3.3077498560,            -8.1984700853,            -7.7090904920
            87.1438776514,             0.8181641034,            -7.1168201162,             8.7302171263,            -1.6014126757
            89.3897358252,            -1.3546800413,             0.7684538622,            -4.9509443238,            -7.3130150070
            86.7004614858,            -3.2769800953,            -4.4894707206,            -6.7366725931,             0.7978135377
            85.1878603755,            -0.9132546091,            -1.6862451309,            -0.1692987860,             1.5955246899
            86.7822167907,            -0.7547259443,            -1.8393053270,             8.7718527528,             1.5015036593
            90.0452181565,             0.8111354751,             0.9990727898,             4.5053212775,             0.4042337542
            89.2488771648,             0.3193212410,             2.5804479137,            -4.9405579264,            -4.5485879719
            86.2578734641,             2.0329274272,             0.0405347915,            -5.1845761733,            -7.5128245694
            89.3305143016,            -1.2538720151,            -0.8532499558,            -6.6370143295,            -3.5749724671
            88.6799557084,             0.0235307540,            -2.2543493907,             3.1762620642,            -2.5221147458
            91.4221786765,             1.0364621160,            -0.2114279727,             0.3943551587,             1.8235833914
            90.1382733546,            -5.5662028223,             0.0874920079,             5.8391564977,             7.2864759007
            91.6085968362,             0.7866905172,            -7.4808890082,            -0.9360347197,            12.0634508602
            89.1523734776,             3.4256395846,             3.7764936451,            -4.7517324645,            -4.7575292429
            85.0710270560,            -4.5238368371,             5.7151797526,            -2.8405293574,            -6.3805543566
            85.1844128945,             0.1827338809,            -1.7006386846,             0.5752420379,             3.9851513969
            84.3885525576,             8.0308828152,            -0.2616910676,            -5.0391149806,             6.5835161540
            87.0803070419,             3.5965485898,             0.9037199960,             9.6656723879,             0.1653827602
            89.5042399687,            -1.7942769958,            -7.9464950091,            -4.8224709279,            14.5944282480
            86.0293729797,             4.9941751440,           -11.6792209321,             7.9409090180,            14.6454321225
            90.0496493298,            -3.2125909529,             3.6104735991,            -4.2707733382,            -0.5525362970
            89.9102079493,           -14.1207901532,            -0.5004931833,            12.8322518102,            10.6539350958
            90.6230920357,            -0.9166649275,            -6.1399229717,            -6.9566468504,            13.9004624085
            87.5640308111,             5.4360020008,             5.8778211805,             8.7877114801,             1.8354711054
            91.8574651147,             0.1251106691,            -0.4372650451,             3.6269688757,             2.9220728098
            87.2171922448,             1.6275576291,             0.1651317092,            -7.3083702329,             4.2266187272
            90.4611153656,            -0.1861282198,            -5.3304532626,            11.4901028353,             5.2199551741
            90.2306684350,             4.8924745175,            -6.7367458072,            -3.6631865192,             3.8237622889
            84.9094506750,            -1.9982666927,            -1.4425222430,             2.1019914485,            -0.7089923268
            90.7207266279,            -2.9147049901,            -2.8741403432,            12.0776166528,            -0.5663819063
            96.1282507239,            -4.6557955583,             2.2393768991,            -7.0865109226,           -12.7651741176
            93.3934964444,            -4.8924504557,            -0.5925522547,           -25.5616974021,            -8.2917548979
            80.7687355142,             4.3957447955,            -1.1842236434,            -0.9033822682,             4.2507274337
            86.6827440059,             6.1864796775,            -2.2961464462,            17.9718508904,            -5.6151287039
            90.6606950941,            -3.1563878392,            -1.7866400115,            -5.8014464510,            -5.4927088633
            90.4447408894,            -2.7562370295,            -2.9908624236,            -7.0842660219,            -0.4943767765
            85.7267944905,             0.6297558507,            -3.1627787678,            -5.8759116034,            -1.5970316397
            84.3873145946,             2.8063556327,            -0.8520824972,             7.4803340967,             0.7658679561
            89.0479144890,            -0.3182777132,            -2.2121626904,             7.4836250579,            -0.2451606513
            89.0417621868,             0.3628119860,            -6.4787676809,            -1.5158693051,             7.1782056038
            87.5584472187,            -3.2385442496,             0.9525789949,             4.1960448514,             1.8752814247
            87.9735912898,            -3.1367050642,            -0.0222214923,            -9.7695692145,             5.9064884735
            86.0601090238,             0.7324913456,            -2.5483996429,            -2.2786297403,             8.9838917584
            87.3170840772,             4.8894750898,             5.0386162700,             1.1963952504,             1.7522122805
            87.5318151544,            -6.6469343841,             2.9653377134,            -8.7270341059,             4.3910966002
            83.1781738754,             2.8938941170,            -3.8982856252,            -4.5593507305,             9.7499863053
            86.6095231182,             5.8360915127,             1.8741269234,            15.0724734502,            -1.3732703152
            89.3400049783,             1.4556049229,            -1.2151912750,             0.7403955114,            -6.6528938111
            91.7143168648,             1.2686675604,            -1.6401939374,             7.4697724118,            -5.8155930234
            93.5751337454,            -0.9499787970,            -5.5395139154,             3.9790310434,            -3.0450038093
            91.4344490850,            -1.0028205966,            -3.2999827100,           -12.8622565440,             0.5437381125
            87.9546220554,            -2.3781832129,            -3.5191907334,            -8.3519053801,             1.5485039797
            85.3139346444,            -0.1042842084,            -2.1772194507,            -2.4991826391,            -1.9392550298
            86.3874599808,            -3.5817383089,             7.6247142568,             6.2949264793,            -8.1854932927
            87.3655402086,            -4.6398007690,             0.3378175556,            -0.8117018141,            -2.9975559454
            86.3037055197,             6.3290538589,             1.5586878827,             1.0559850397,             0.6865089648
            87.2372507153,             2.7405121428,             6.8896696051,            -0.1649960271,            -7.9253179284
            87.0925245679,            -1.8662607047,            -4.0604508138,            -4.2467601035,            -4.4054004928
            84.7257990006,             2.0264319264,            -2.9191493682,            -4.2878869488,             1.7443642866
            84.0867368928,            -0.0291137711,            -1.7595080752,             6.4532664239,            -0.5427326753
            81.9944275922,             1.5549966792,            -5.8058086505,             0.5758021478,             0.4018171758
            91.4528231825,             1.6844135974,            -5.1892237144,            25.8712372477,             5.2807272693
            95.8144189589,             1.8116881687,            -6.4111306993,           -12.3842740162,             4.9629644220
            93.7673170857,            -1.7789016771,             2.8564491809,             5.0418686160,            -8.1772717618
            90.5122093116,           -10.5154699958,             2.0745548476,            -5.8330436777,            -0.6275512418
            88.9816269881,             0.4356895386,            -4.6156187142,            -4.6987383534,             6.4126872101
            88.6730603474,             4.2838119586,            10.4988218556,             0.1880154863,            -7.3516033448
            94.4952486898,            -0.3490521437,             2.7978974960,             3.5734446377,           -10.6405983809
            91.3769008383,             1.4764847494,             3.2577771799,           -19.5291543622,            -1.5698343645
            85.7692035978,             0.6715042628,            -0.5343216530,             1.3921960492,             6.1742506588
            85.9930291860,             2.9029710746,            -0.6996133061,             3.5099099837,             3.7159644458
            87.4750817610,            -0.7571790637,            -1.9896830051,             4.6861751526,             6.6288847605
            92.5157429629,             3.5124928067,            -4.8691488671,             2.0764374187,             2.9315036296
            94.1243070051,            -0.3001964216,             3.4797987032,            -1.7478040371,            -7.7736696572
            85.4124524470,            -6.3186686609,            -2.3254089484,           -18.0642357759,            -5.4965045819
            85.2457245565,             1.8046451300,            -0.5799076794,            10.3440420395,            -0.2385241987
            87.2919891409,             1.4277171088,             3.4545414022,             0.2291771124,            -5.5780524540
            86.0107365847,            -0.9440134277,            -0.9797171769,             2.9507762986,            -5.1936515800
            88.1509576841,             3.6449643120,            -1.7336124238,             4.1330168799,            -7.7400303378
            83.4783624766,            -0.2679357624,             0.2829837397,           -17.9253832660,            -5.1961798454
            79.3504911754,            -3.9611967852,            -1.6234203069,             7.9223138533,            -4.0252777906
            86.1349861522,            -1.6732548709,            -1.6003161312,            12.3767067763,             4.0483362760
            85.2589880032,             4.1135639701,             0.3090754783,           -10.4700611444,            -2.5206180289
            82.7166144400,            -0.9086283740,             3.4987527281,             1.7160164079,            -9.8641983638
            84.6751606667,            -3.4301716681,            -0.4921171385,             1.6231110572,            -1.7090568287
            87.5664714801,             1.1988832100,            -1.9251903757,             5.8896119109,             4.6656179350
            88.8099747029,             3.8807289301,            -1.3975486154,            -2.0822919516,            -1.7760029739
            85.5732389787,            -0.2099632820,             0.2689271168,            -6.5964482131,            -5.0455710310
            85.5667854662,            -5.2017818217,            -2.6298024445,             1.7287979982,             2.7920676488
            84.6384243414,             0.1960469686,            -3.1605978450,           -12.2741488084,             0.0188511602
            83.2378106531,             3.9491286022,            -4.5517601000,             6.4614833147,            -0.5777100691
            83.1731240051,            -1.4463430879,             2.3353109808,            -9.2123817331,           -11.0218074258
            79.5817603849,            -7.3406014034,            -4.0665520325,            -1.2414139886,             3.5074646920
            81.4424359319,             5.6030766422,            -6.5086374821,             9.1747468291,            10.3019846821
            88.4310580130,            -1.0222026030,             5.3095507013,             8.9265662380,            -3.3343435375
            91.9490052208,            -3.0906632928,            -4.9643707753,            -1.6369573038,            12.2519809860
            93.1351477569,             2.9048919512,             0.3559860039,            -2.4477333563,            10.2949889718
            86.0380019461,             0.1889131237,             4.3726459456,            -6.5587531927,            -2.3680741956
            83.1465405712,            -4.8518575046,             4.5393091852,            -0.7397637028,            -5.0582108497
            84.7280350904,             4.9384416538,             1.1500951096,            -6.6633139610,             2.5951896593
            80.7082347620,             3.9418967128,             9.4195670668,             0.5743351673,            -7.7034245394
            83.5643512420,            -1.2764146008,             3.2114048369,            -0.8416266826,            -7.4501307948
            89.4024670562,            -0.6220582993,             2.7558399861,            14.4248761970,             2.0291691620
            93.1187877533,             1.5453644372,            -1.8929496968,            -7.7563940645,            12.3873764980
            88.8106016981,             6.1764172641,            -2.7916521209,            -0.9838460970,             3.7556401603
            91.9601778269,            -0.0732884783,             5.2964546902,             9.2229445611,           -10.2867154046
            87.9589480160,            -4.4913633340,            -2.2643117986,            -9.2079312589,            -5.8732387406
            83.9762375552,             0.4369037501,             0.9444431445,            -1.3926331111,            -2.3927887808
            85.9118883856,            -2.4769315824,             3.8523740445,             6.6219285632,            -2.7638644096
            82.0855572050,             0.5952767939,             0.5842925966,            -5.0058293830,            -5.3468793977
            81.7199610994,             5.4920770496,            -2.9986210122,             8.6972389974,            -4.9437487289
            92.4603157711,             3.8919955329,            -0.5277185844,            17.4297892438,            -6.7697881050
            90.0944243716,           -12.2668369032,            -2.5870317201,           -21.7077672949,            -1.7068304040
            82.5330008835,            -2.6064389515,            -9.4220937262,             1.5585429779,             4.8409791541
            82.6630782143,             0.7817146890,             5.4608250574,             1.4544039280,             1.7933526703
            79.1846554985,             0.5970242299,            -0.3380145489,            -2.9382495512,             3.5668139584
            83.5693812139,             0.7406931606,             2.0317409525,            13.1604493297,            -4.7960166670
            86.1183626533,            -0.9866237208,             0.6944318646,            -7.6804898972,            -5.2388808066
            82.0622554755,            -0.2800961522,             1.7978617707,            -1.8520487007,            -1.7683456012
            91.2032521599,            -0.7899745898,             3.7659866558,            13.8539294103,            -4.6715742241
            93.1142862716,             3.3887116766,             1.9169268112,           -14.9102407785,            -5.1251281909
            88.5850629768,             3.5793511318,             4.7245864931,             6.3211407346,            -9.9533287720
            88.2062012981,            -0.6220139737,             2.3123738910,            -3.5531137585,             0.0807218773
            88.7017454730,            -0.5439426258,            -3.3878086423,             0.1204233908,             7.0191699849
            88.5933925988,             2.9317046438,             2.3877299499,             2.8370896511,            -3.7782532806
            91.1175597286,            -5.7317600886,             3.7125239826,             1.7682821270,            -9.7726488254
            95.2257434549,            -0.4598294158,            -2.2210087716,             6.1347206021,             0.9552941108
            95.4169855826,             3.3007636390,             1.1036825316,            -3.0635562174,            -3.0484696282
            83.9435048205,             0.8746371419,             1.0037530143,           -27.0604473903,            -7.0868772756
            75.0873081037,            -3.3940634485,            -0.4220592616,             7.6496697235,            -0.1303514030
            86.0761069790,            -2.2344635586,            -1.7366924109,             8.0531050394,            11.9028164977
            83.5758578340,             2.7194358807,             3.8367234621,            -9.8258527167,             3.3558683746
            83.5486419480,             0.7438481639,             2.2606274959,             4.4498266297,             1.4475413329
            86.1159491346,             2.3665600707,             0.2682135086,            -1.2217902139,             0.4435955643
            87.1971085080,             1.3765232787,             0.9151794253,             8.8205942301,            -1.8791486250
            91.7140603375,            -1.3902388518,            -4.5632717044,            -5.7356150733,             3.8324375274
            87.2663271969,            -0.6503666847,            -2.1001606867,           -14.7713668436,             1.8064903119
            81.0377703792,             1.3861759561,            -4.2489954755,             0.7655544914,             1.9435575072
            85.1108741448,            -0.4398828634,             3.5130441794,             8.0416751797,            -4.7388129944
            87.0691481732,            -5.2848030020,             3.6105573194,             1.6098269615,            -7.3217585797
            86.1107220968,             0.3609607689,             3.1860749516,            10.9271143946,            -6.2371282999
            89.2230622405,             0.3527410614,             5.3237382035,            -1.3566927447,            -5.3645651750
            87.1887802518,             0.2954675730,             3.0763692966,            -3.4323938740,            -5.7392660552
            83.5297213898,             1.9293564697,             0.5066377834,            -6.0045931271,           -12.4558653613
            83.1078209817,             0.2647353255,             6.4213993518,             0.6884997145,           -10.0517751419
            89.8743898295,            -3.5470765328,            -4.9736407787,             6.0384302871,             5.6961876135
            91.2148126253,             4.3206485328,            -3.8367856975,            -6.6789840283,            11.1437101867
            85.9662268157,             3.4239708922,            -2.0454380741,            -3.3629895603,             4.6107373935
            89.2554016174,            -1.2589517046,            -7.6537350928,             4.5377141030,            14.6148053068
            85.3701372874,             0.2200600208,            -2.8523661029,            -4.7417745856,             5.4887794545
            89.0718193733,             0.3370700915,            -1.0303622573,             5.8333563903,            -5.5060938679
            87.8061781163,            -2.2194373068,             3.6727239772,           -11.2235363085,           -10.7849085718
            81.0640269020,            -2.5325115923,            -0.7005707716,            -2.6122523151,             2.8068436572
            81.4729454439,             3.1637455487,            -0.0043519030,             2.9678614988,             3.3730253945
            86.8237318793,             0.9505897670,             0.6623595228,             9.9285618678,            -4.5425858664
            90.1452398008,            -1.9118671985,            -1.0925180714,            -4.6628880826,            -4.3830146013
            87.9182600668,            -2.5464501400,            -0.8468686341,            -2.2944224597,             0.0393780786
            88.0020754936,            -0.5234836416,            -1.1104189865,            -2.1760085839,             4.6372665245
            87.0557110454,            -1.7542818802,            -0.9005858401,            -3.5203406240,             7.8948495159
            86.0060640255,            -1.4897307590,             3.9987448694,             1.1240112250,             7.0772149819
            89.5816663631,            -1.6465603365,            -2.1095213258,             0.2928138632,            10.6825506509
            86.9479909139,             4.5965277768,             2.5521074987,             0.4560376303,             0.7988620442
            90.5817325876,            -1.3453758290,             6.5635191253,             6.6285629825,            -3.3340152093
            91.5850952412,             1.7725854254,             1.2394515698,             2.1889207888,            -1.8640831431
            90.5567978844,             3.1747686934,             4.3822667695,            -3.7229282966,           -11.8341659904
            88.3849773637,            -4.2177226933,             1.8807985367,            -6.9717636036,            -6.4951614707
            86.0187936574,            -0.7759058588,            -2.6482409242,            -6.2901206442,             0.9614364786
            85.1811259598,            -0.8267574627,             1.6387665125,             2.3786597036,             1.9311309916
            85.3215101768,            -0.0474932050,             2.0794118781,            -3.4860657589,            -0.3464633608
            85.7383122953,             0.4574284204,             2.5377830629,             1.0418986102,            -2.2077750509
            88.6659981406,            -2.5222201258,             3.2078802167,            -3.3083504814,            -1.2741934980
            85.9051454711,             1.0663930256,             0.9330013662,            -0.2483164410,            -1.9651287536
            88.6501582099,             0.0530251135,             7.1578016688,             0.3678277326,            -9.1262974176
            86.0880089225,            -2.6205245851,             0.2260120870,           -10.4668841715,             1.0770072307
            87.1242233015,             5.2511915092,            -0.4926614663,             8.0157338182,            -3.4975027343
            92.6346782364,            -0.3695322192,             6.0895549160,             6.3400187371,           -12.2162240347
            92.6491562259,            -0.6920983788,             0.9983903707,           -10.1415013741,            -7.4710386393
            84.0593587514,             0.2001448796,            -1.4054889494,            -9.4566631047,             0.3650788463
            83.7677340295,             1.1268927450,             0.5614615637,            12.2933368093,             0.6701893309
            91.5641566292,            -2.6923870572,            -5.4051967593,            15.8922401036,            12.0222704876
            88.6123939971,             3.4589140673,            -3.5890066851,           -15.4928312268,             6.8866883735
            88.1064431576,            -2.5739184169,            -0.8053039129,            18.7829969791,             5.1955958215
            97.2026233052,             2.1176419935,            -6.1395017942,             7.5877494832,             4.0447592236
            93.4853578971,             3.1775628449,            -2.2367747096,           -13.4699238676,            -1.4307780993
            85.5287389416,            -3.3684399634,             0.2289720427,            -6.8419626074,            -3.8230482324
            82.7075900934,            -4.6293944765,            -3.1848436136,             0.4699978498,             1.1034040178
            80.8363445485,            -0.0209964574,            -1.4786713454,            -4.0374880194,             4.4532354504
            82.0539353022,             0.9955902590,            -0.1148390830,             6.3409981251,             7.7910886363
            85.6425796075,             1.0912599164,            -2.1875682056,             3.8132297345,             3.3088652106
            88.9886662430,            -1.0034699167,            -0.7661169156,             2.3228266365,             2.9644204889
            87.3095188121,            -0.0841403643,            -0.1981802410,            -3.0223208823,             3.5931761140
            89.4811365765,            -3.9872778096,             4.5237309127,            14.1042651505,             0.4159507464
            91.5100209346,            -2.3189125920,             2.8169562990,           -12.4520479603,             5.6296793246
            79.4022893661,             5.7428872498,            -0.7975656981,            -0.4464359160,             3.0097418674
            88.2877252778,             1.9707967449,             9.2818749513,            22.1803871720,           -10.2890517170
            95.9077668078,            -8.7047389031,             5.4746050840,             3.8146735932,            -9.4658576782
            90.2814592789,             4.3551725546,            -0.6793343206,           -11.0184956840,             3.5097039205
            87.7838933479,             4.1461670273,             2.3839936945,             3.6762305170,             7.2653084276
            88.3257330055,            -0.7943182026,             3.8359975273,            -4.1337151931,            -3.5849846390
            88.5778518101,            -3.0194111645,            -2.2678806806,             3.6370547327,             0.2117680550
            91.9502766969,             3.5333300159,            -4.2150302485,             8.7780317539,             8.9551477436
            90.0380126174,             0.4876694362,            -0.1713211839,            -1.6552864060,             6.0815746590
            87.6235061297,            -4.4268291113,            -5.9221285329,           -14.2427880034,             4.1050709517
            80.3442503707,             0.4401983712,            -4.4241591753,           -12.0289481202,             6.2620903934
            77.5507922309,            -1.0368694118,            -0.6951980157,             5.2935860674,             5.7817103670
            82.0587194506,            -0.8754785797,            -4.7624939568,            10.1621548166,             9.9344024293
            87.6463880035,             4.7050004727,            -4.6904334437,             0.6440673025,             1.6937919886
            83.8949748449,             0.8176802686,            -3.5813913674,            -1.2155807651,             1.8424073870
            87.6237214298,            -7.7575866082,            -0.6046206390,            15.8994109538,             5.5241139218
            88.5727705542,            -7.2538465367,             1.6516993039,            -7.1531042226,            -1.1637855669
            90.8929175403,             0.8816448483,             2.2906333987,             4.7217613923,             0.7528854822
            95.4034648036,             1.7934479103,             6.4646774611,             6.2689059486,             6.4541311369
            89.7773129786,             2.1627659069,             3.1767338305,           -21.0289798491,             6.1126000759
            83.1978009123,             2.2638516389,            -2.2324491740,             0.1779332089,            10.0577484518
            89.2203564535,             0.8951575349,             5.2066557680,            18.9100978093,             0.6235993195
            89.9890511348,            -2.4666609505,            -0.9849430540,           -10.9412147758,            -3.7618952127
            82.8744225259,             2.3585676032,             0.6735313039,            -4.6267594568,            -3.3745031477
            84.2369908358,            -5.3778959722,             3.9927293022,             7.1351107345,            -1.9173294699
            86.9618280388,             0.6992019101,            -2.9450789159,            13.6465210899,            -1.9784595404
            96.6106050511,             6.8057865021,             3.3522224600,             9.4937703896,           -12.8337724637
            93.6294528377,            -1.7981710067,             1.9537033401,           -10.2253377636,            -6.9497637933
            89.0624484052,             0.2058261936,            -7.1892024074,            -2.5278612865,             6.6941765474
            86.6477918326,            -1.8467638599,            -1.1129724499,             0.8767437905,             7.0632865620
            88.6896378592,            -3.5458689536,            -4.2130204372,            12.3468102102,            10.3963456741
            92.6879003462,             1.0424541224,            -0.7327252392,             3.9745552209,             5.6619542910
            95.4748725222,             0.3083694802,            -1.4158568810,            -2.0196894857,             6.2548068715
            90.3617616990,             4.3613791218,            -2.0722031773,           -22.1657249390,             6.2595049395
            83.3102301542,             1.7703006128,             3.1139392671,            -0.6761477598,            -2.4971183726
            90.4850199845,            -6.0383782111,             6.6476388243,             9.8439291763,           -18.9703717269
            94.4291783801,            -3.1976520883,             4.0905632250,            -2.3552452111,           -12.4606820507
            86.6247187549,             6.0593822328,             4.2011054134,           -17.1151254708,            -7.0696652162
            82.5580628243,             2.4792893113,             2.2644544806,             3.5350828534,            -1.5014823288
            91.5113645982,            -3.8618050787,            -0.4031431957,            10.3206949129,            -6.5070550063
            92.0770062959,            -3.7205519046,             1.5360571772,            -1.9946016192,            -3.4417778596
            87.4332127814,            -6.5419839244,             2.8922294038,            -7.9275613894,             5.9201135591
            87.2817157832,             4.6535400827,            -7.7434771187,             8.4172464480,            11.9567940964
            89.0390627516,             6.4122640770,            10.1630926448,            -9.3073347621,            -9.5131813594
            82.6815122508,            -7.9220755359,            -4.0280068196,            -7.2091500286,             1.1121466170
            86.0567214356,             1.0846350853,            -0.3328522055,            15.6481555999,             8.0335680548
            93.7250323222,            -0.5020512556,             3.6426338930,             6.6702571141,            -6.6612455538
            91.4450432050,            -0.6659929957,             1.9460705534,            -4.9735996311,            -5.3074173036
            90.3415536085,             4.9276253469,            -3.2961120732,            -6.9322958424,             9.2597219789
            88.1525211833,             4.7059296969,             2.3301481905,            -0.8997521446,             1.5747822757
            87.6019305099,            -3.8921026205,            -1.7941403559,            -6.9531544827,             2.9852565293
            89.1964011693,             2.2984935563,            -7.3064068215,             7.8231783094,             9.4953581302
            92.6691082188,             2.3962824966,            -2.1786986345,             4.0865371206,            -0.1465574595
            91.3019820624,             0.7446257213,            -2.6227159254,            -0.6421652109,            -2.4958267230
            92.0253330882,            -4.1886840378,             2.4999163060,             0.7188230984,            -8.0553239321
            88.8699139485,            -4.0028072467,            -4.5320890154,            -5.9295869005,             2.5996031745
            89.3823600018,             4.2254780287,             0.3538967232,            -3.6205102083,             5.6634424727
            87.0096197671,             1.0931785612,             0.6536540079,            -4.0687394971,             2.5702378580
            91.3676111114,             1.4095876301,             2.4857462597,            -0.7854161606,             0.3016492037
            89.1971860950,            -8.0276830951,            -3.3583848339,             3.8833839773,            13.0901538984
            88.7136565679,             3.2507704426,            -6.6759169141,             2.0401385590,             6.8553040366
            87.2450643796,             3.3286379952,             0.6041024334,             0.6769736302,            -5.0591613388
            90.6699874529,            -1.3857845372,             2.4410903927,            12.1757779963,            -7.7831106351
            88.3856225836,            -4.0476979856,           -10.1850778674,            -8.6583628645,             6.0766798359
            91.3186951898,             3.6854910860,             5.2798597709,             8.5460519732,            -7.5448727603
            91.0136318303,            -9.1598997538,             0.4809298057,           -19.1660732651,           -13.7075193339
            84.9142770680,            -2.1426533268,            -3.5419428344,            -5.7062159457,            -6.5409538824
            83.6069453505,             3.1521430339,             1.1250065682,             3.8506883818,            -8.1192479673
            79.9157051921,             1.1286495256,             0.8903606246,            -6.8290930832,            -4.9580031362
            84.6334343310,             1.3417532294,            -1.6117945419,            18.1097643805,           -11.2668795422
            87.6198916961,            -0.3109208802,             2.2357492230,            -8.0264015106,            -7.3930310444
            83.1263388171,            -1.9091835590,            -1.9141320561,            -2.6254018609,            -4.5449764409
            80.2371950563,            -0.4273121975,             3.1816165489,            -7.9230370917,            -2.5373013268
            82.8801631962,            -4.2356596682,             1.9132486480,            14.5142858986,             4.8082417786
            91.2050066322,             0.0147912393,             0.1069772895,             5.3917640213,             6.6924962345
            89.0186840129,             5.3269453097,             1.4394330767,           -11.3729334679,            -0.1906239948
            89.1891120306,             3.4768274532,             6.8420644908,            12.1291593747,            -7.2673206765
            89.6481706085,            -3.6192817200,             0.0440017139,           -16.1376438713,            -6.1791160551
            85.4065831424,             2.3242298908,            -0.9980889933,             6.9524392639,            -1.4679287663
            90.3737669718,            -2.7399611135,             6.4852274100,             9.0693766679,            -3.9676313831
            96.6949667661,            -3.8082848073,            -4.2100902110,             2.2422466885,            13.1949666812
            89.6495805373,             8.2399916290,            -3.8235099754,           -25.2970621253,             9.1598883121
            82.3128156988,             9.0354483879,             3.3943269489,             6.7105334188,            -6.8069069832
            94.3628326831,            -3.6313553239,            -5.5324750530,             7.1610073902,             0.4751567074
            92.6253049134,            -3.6713771822,            -4.0562153583,           -23.4872553542,             2.6885663738
            82.3707442565,            -7.5487064529,            -3.0754161951,             0.8268573544,             5.0626764631
            83.0811357029,             4.9675594244,            -6.3791662411,             5.3608304493,             5.8539653477
            89.8600113835,            -0.9224012813,             7.1427754439,             8.1242806348,            -8.2468696848
            87.5799143746,            -8.0171048666,            -1.8533026882,           -15.1670687037,            -2.1813773506
            83.0430058863,             1.8652998954,             2.9334521284,            10.2934082309,             3.4333119390
            89.7077089980,            -1.6820436516,             4.1092947070,             3.7335877877,            -2.8699893980
            83.3986226404,            -0.0630000535,             1.8045919755,           -11.2794311553,            -4.3512592966
            85.0424072862,             0.3059189159,             7.9924980698,             6.0241554975,            -8.5392699398
            86.0492154743,            -4.6525783080,             7.0088058708,             4.7272059796,            -2.1467058897
            84.9434448840,             3.0575734570,             3.4134304501,            -5.7683996020,             1.0447580300
            83.7767150344,            -0.3272117049,            10.3584701332,             1.4687436795,            -5.8476071781
            88.0272202249,             1.2414316025,            -3.2118152708,            13.1145336272,             3.5657624644
            92.5502258078,             6.5363576701,             0.7146707018,            -0.1782604411,             3.9570896584
            92.7764301134,             1.2001947890,            -1.8825521226,            -4.7260055960,             2.6364038237
            92.9055252260,             0.4918757894,            -3.0384150018,             5.3832212078,            -0.8257795434
            94.9172917718,            -3.7294061747,             1.6326552684,            -4.9895228558,           -13.0649044566
            89.0066666857,            -3.1205073267,            -0.9578325477,            -9.0940167765,           -10.4967601359
            87.8122528223,             1.7266307722,            -1.4458617319,             4.2603815576,            -4.5796042173
            92.6560379722,            -5.3068195533,             1.2663470456,             2.9744976729,            -4.5277817776
            90.3626021939,            -0.9182319508,            -3.6549344892,           -15.9250985729,             4.0876487839
            84.8015020768,             3.5594441238,            -0.2820760757,             3.3478770226,             1.9068515437
            91.6197568345,             5.7428979286,            -4.6697003349,            17.0395109610,            -0.1357395508
            98.0576425471,             0.3280992826,             0.2195491815,            -5.1587555690,            -7.8780151631
            85.0247332500,            -5.2369017680,            -1.3365126500,           -17.4771572879,            -1.9295304558
            79.3788844420,            -1.8261419702,            -1.1776618865,             0.6888641827,            -0.5247221833
            84.3418407734,             2.1096936675,             2.1790002448,             6.8404053043,            -0.5945880212
            88.6390748372,             0.3365529499,             1.5836522693,             5.5716223279,             1.5707718023
            89.0293420695,            -0.8251695501,             0.4993331440,           -10.0313475839,             1.3078766132
            86.4648142895,            -0.6241144623,            -1.3998946416,             2.8138723912,            10.7517894123
            83.2376099924,             2.0664781006,             1.1397403066,            -4.8901576244,             1.2194403432
            84.2437876060,             1.9631714982,            -3.7177935518,            10.2133425719,            -1.8424004462
            91.5735308036,             1.7918762143,            -3.1004168098,             1.6250866170,             5.5986318814
            89.0072846101,            -3.7000135603,            -6.7268723280,             1.1887420267,            19.1053011919
            85.4994570484,            -4.6737978973,            -2.3012556617,            -7.2011806141,            12.0480164211
            85.6356389652,            -3.8180384719,            -1.8687454205,            10.6440511115,             5.0586860347
            89.9112875804,             7.3070448763,            -2.2137952013,             4.0321743386,            -1.4774460350
            86.2413428780,             0.5042850250,             5.5742069065,            -9.9718741824,            -7.0191205332
            87.9033747084,            -7.2843735885,            -2.1226956263,            12.6289517271,            -3.2675084024
            92.6600789689,            -3.3602314364,            -4.0137476360,             5.6310021038,             4.9640963405
            90.7897505816,             3.7937579623,             3.7135901417,            -2.3119878487,             0.3616791867
            83.3720783596,            -3.1721483424,             0.1994077304,            -8.4130694047,             5.3134953348
            81.5613798875,             2.6732141246,            -4.5282145251,             1.7775849623,             8.2412525044
            88.1371761835,             3.8415209519,             0.7553466608,             7.5728139909,             0.5801549756
            91.5798087494,            -3.0051371119,            -4.1711091945,            -4.1435708984,            -1.0227299863
            84.1691350499,            -3.8282278459,            -3.8269275828,           -16.9905082958,            -1.7384241890
            78.7843062013,            -3.3456505312,            -1.1382251057,            -1.0520316718,            -0.1611254098
            84.1554612180,            -0.3838272133,             0.1577314790,             7.3294177250,             0.3757973290
            87.0129126047,            -0.4851972325,             3.8016792238,             4.9616318248,             1.1327781897
            88.2229110747,            -2.3303128658,             3.9079749992,             3.3688166539,             4.0024555828
            87.0180066316,             5.0468668208,            -2.0993997461,            -8.0817296774,             5.7048008329
            87.2994526316,             1.3356946042,             5.7505318016,            10.1010413004,            -5.8801828284
            91.0575456263,            -1.0532802123,            -2.1269017663,             0.1444221081,            -1.8253210714
            88.5725835863,            -0.1691511833,             1.7456534225,           -13.1561661148,            -2.7833733470
            82.6479698189,            -1.9559880355,             0.5782689346,            -2.9668659696,            -2.6186641672
            87.8154944409,             2.2896797039,             1.5389304191,           -12.2496882442,            -7.8030759939
            82.8626741057,            -4.6534337335,            -0.0161614631,             5.5054789784,            -4.6053807497
            91.9491355561,             2.2689867611,             0.0536721917,            16.7030771167,            -1.5373510031
            86.7246283931,             4.2049571001,             4.5726944082,           -16.6890855036,           -13.1037529372
            82.5575639644,            -3.7728506518,             6.4124482263,            11.2668555403,           -10.1939448466
            89.7331071734,            -2.9483255450,            -1.9501506184,             6.2533609972,             9.8784210865
            89.3414789885,             6.6800397716,            -0.9301694210,            -0.8812399665,             4.3127790734
            85.0189693082,             1.7116982158,             1.9740270956,            -7.6707587529,            -2.2440296667
            85.8193030273,            -3.2720761944,            -3.4001092971,            -1.4017372160,             3.3600118486
            83.3058259818,            -4.1953056328,            -2.4104232573,            -4.1178615201,             7.5361107365
            78.7318185141,             3.0326020310,            -5.8839619511,             5.8865383506,             6.2773563422
            86.0372860858,             0.4504343519,             4.9680308121,            17.9575339050,             0.9909180184
            89.8421621776,            -3.7632277089,            -0.5012157825,            -3.2031958998,             5.0275098581
            91.4289996356,             2.1299735672,             0.2740105737,            12.5607407832,            -1.4456471818
            92.2957225915,             1.7203515751,             6.1966409638,           -16.0054724515,            -5.5832389812
            85.5949082830,             1.4200186035,            -2.9537020763,           -15.4827728022,             4.9550951338
            83.7046945340,             1.6189229892,            -0.0794677136,             4.9443512544,             6.6321147299
            82.4840947394,             0.4784027298,            -5.1854193803,            -4.2033881832,            10.0442231943
            82.2986393040,            -0.4794334714,            -0.9421587739,             9.6625615777,             3.9128818068
            87.0056865191,            -1.4800734492,            -1.5090152851,            -7.7765303617,             2.5776151405
            83.0027881669,             2.1699921790,            -3.1218039676,            -2.6263656816,             3.9842847111
            86.3004725777,             0.7023720852,            -0.4265569933,            10.6985756518,            -0.4002748129
            88.9862078481,            -0.1073192904,            -6.9180587270,            -7.8398995902,             3.4539739871
            85.4197673260,            -1.4473702982,             4.8791077858,            -1.0996841530,            -3.1989796050
            84.2650815559,            -7.8886531502,             1.5703373759,             6.9867755680,            -1.3144831966
            85.0877106612,             2.7773378898,            -2.8331363301,           -11.6360369817,             4.6720745155
            78.3188682443,             2.6025275795,             7.0701364397,            -4.9852058626,            -5.2346292521
            85.6979824571,            -1.9186533527,             0.7576910361,            19.9429897957,             3.1192787563
            87.8089405912,             0.7409346769,            -1.8564762456,            -7.4936804962,             2.3628129777
            84.6898144689,             3.3678352579,             2.0837499269,             4.9486735531,            -2.7242085082
            87.0153236580,            -5.4407386597,             1.9537922809,             3.6695290418,             5.8234085822
            87.9097050535,            -1.3239434017,            -6.9310375175,            -2.6854787781,             8.4033589466
            89.3470391523,             6.0352705810,             2.1723563760,             2.4920872636,             0.3271861970
            90.3718561510,             0.2984974128,            -3.1276442467,            -6.7696485722,             0.6961167229
            87.5141690807,             0.0983075081,            -3.9002821946,             1.3274448691,            -1.2375900981
            92.2862151006,            -6.0252058391,            -2.5641660119,             4.1506229328,            -0.7371014383
            93.9490049090,            -3.3294450893,            -5.5304231398,             1.4899208539,             7.9454729787
            89.4724749248,            -0.6572669640,            -1.4799577548,            -0.9854478895,             6.0891707475
            92.1852916611,            -0.3823746239,            -2.0452312604,            -3.9293075583,             6.0958980515
            83.3490567349,             1.2983896813,            -2.0390690293,           -16.8672551355,             2.5899297250
            80.3832394123,             0.9783485959,             1.6634094619,            13.2289777629,           -11.5772175354
            84.9399142671,             1.0584278581,            -3.9069949886,             5.9148680845,            -7.1625881668
            84.9837547826,             2.1695974606,            -3.2775298648,           -10.8551791327,            -5.3930304540
            85.4714233848,            -3.7757026831,             0.7664325442,            11.0335354873,            -4.1062203039
            88.0916204434,            -5.2783437591,            -6.7952746490,             5.0820258562,             1.3925125030
            88.0277169611,             2.4723085314,            -1.4068305061,            -1.3899368957,             3.9671229247
            89.8885368376,            -1.6019066990,             0.8222650756,             4.7492972488,            -0.8120382027
            85.1605540913,            -0.2346593004,            -5.4737342956,           -11.2857949564,             1.0648896185
            83.2023793379,             0.6068491364,             4.6940040941,             8.0916190336,            -4.5932197700
            90.8927553473,            -5.5667966112,             0.6165445028,            11.3315465520,             4.4432498144
            91.7677262258,             6.7497320689,             2.5674229897,            -6.5629576172,             4.3104241629
            91.8512145877,             2.1829210712,             5.2170357581,            -4.4283674358,             0.8999637593
            87.8999948976,            -0.5912743481,            -1.4098664293,            -8.4845616648,             1.6582058327
            84.6092882538,            -0.3858538100,             3.1264484411,            -2.5755739679,             5.0928608054
            87.5137541476,            -0.9858864703,            -1.6101224626,             2.2232828077,             5.6908601839
            89.7092985054,             1.8351155574,             1.5800434932,            10.6291610843,            -0.3674495188
            89.0493337238,            -0.0152177376,             5.8951483426,            -5.8423024158,            -5.7698680236
            86.2643277433,            -4.3427598195,             4.7167924013,            -7.6433650368,            -4.4997522197
            86.2408161425,            -0.0667516389,             1.9277224818,             3.0383528673,            -3.3762291334
            91.5149123286,             3.4966177196,            10.6271973334,            -4.4112782152,           -17.7220236543
            88.5135562701,             0.4147209890,             4.8797006629,            -9.2054498778,           -11.3510113337
            87.6027201224,             0.0602982929,            -0.2692926401,             9.1328831683,             6.9523657015
            88.1002214845,            -2.1844647293,             1.9687162685,             2.3510490021,            10.0897991460
            86.0072294980,             2.7534782490,            -5.6732987636,            -8.8613183812,             4.4717844320
            84.8978731716,             6.4153343013,             2.4592716367,             1.4174582479,            -8.3743791426
            87.4473450820,            -7.8253210966,             5.1885865905,             5.7581484321,            -5.4738268410
            89.7353303959,            -3.8743823843,           -10.1152319106,             3.3660681332,             5.0437851604
            85.8860069870,             2.1344181641,             5.2123438184,           -16.1475497520,            -3.1599175969
            82.9656361841,            -3.0870697256,             3.3241941057,             5.9646843680,            -1.1632568669
            84.6017626241,            -2.3714609933,            -0.2629105935,             0.5046617745,             0.6581849380
            84.3437016220,             3.5294830584,             1.7536891748,             5.0030462500,            -0.1972351889
            83.6508366244,            -1.7715467250,             4.8484617631,            -6.5146910179,            -3.9593555977
            88.0785306293,            -2.1446064446,            -3.2596424471,            13.1001261599,             3.1371830434
            89.1311562138,             4.7146386573,            -0.9016232387,            -4.3590262463,             1.2482381311
            88.9890888900,            -1.3228373676,             2.5583411230,            13.3604302292,             1.2101886767
            97.5336778905,            -1.2816836144,            -1.4822091936,            -0.5325340730,             3.7773701623
            95.2646177787,            -0.7605483546,             2.3370002837,           -15.3473440183,             9.7598907361
            88.3592126006,             4.7187585492,            -4.2927903544,           -11.2042567475,             9.0662665938
            85.4678323681,             1.1111108492,             4.9230865765,            -4.5935035647,            -6.0374438277
            85.9046302985,            -1.9249581388,            -5.3528268289,             3.8873958105,            -2.0691769384
            87.6935424544,             1.1693766005,             0.7343815894,            -0.4028279102,            -4.2419167139
            89.2960120247,            -0.3036254257,            -3.9601350171,             4.3002629787,             1.8106944675
            88.6058612606,             2.6946809149,            -1.1409684505,           -13.1364898094,            -2.1761210350
            85.3457159897,             0.8421979027,            -3.0374697364,             5.5324516623,             4.3077762928
            90.9913605995,            -4.5987762096,             0.8205353141,             3.8266566460,             1.3035316942
            91.3763435012,            -5.6199397380,            -4.6758984064,           -11.2498910268,            12.2245122768
            84.6239097999,             3.3397271115,             0.7872662477,            -2.4397073078,            11.0664891001
            90.1444388667,            -6.0100818083,             1.4759029818,            20.2346083839,            10.3187242361
            93.4888753048,             4.9345307039,            -0.4022384426,           -12.6505049408,             1.1754065528
            89.4260194083,             3.6204651170,            10.5324527450,            -0.6594405546,           -13.7827234743
            89.5125743690,            -4.9531828628,             2.3852300278,           -13.9227486616,            -7.8306821745
            85.2952416089,             1.5547230330,             0.9580533625,             5.7792783320,            -4.3608084569
            90.0554588081,             0.4925466821,             5.4071807660,             6.9645027505,            -2.8673156761
            89.2127085679,             3.9329339057,            -3.5414526900,           -11.8012320080,             8.3290637523
            90.3929685838,             5.8223270075,             0.7610030882,             8.3366614359,             1.7838980468
            85.8945973276,            -0.2408544607,            -1.3649103387,           -16.0567037901,             4.6617196872
            79.1185287884,            -1.5437684399,            -2.5604930806,            -2.9211239725,             0.7777398351
            81.4815582745,             0.8275923743,             3.6809601934,             4.7841313178,            -7.1334098571
            83.0630661384,            -4.8729878762,             4.7631091760,             0.5803910936,            -9.6340824771
            87.1903747528,             0.4849789915,            -2.2695166364,            10.8150253930,            -1.3785145881
            91.7678775364,             3.8532657546,             7.6154388948,            -7.8878573160,            -3.5457986108
            88.2661371947,            -4.9420388285,             5.5460177833,            -8.7896112485,            -6.6196000561
            89.8587798672,             2.7920843002,             0.6819513781,            14.4798766159,            -4.0818042200
            88.1023476995,             3.1355263298,             5.8865209348,           -16.8966568684,            -7.7650201004
            81.6165801503,             0.1248770929,             2.9778444157,            -5.2586633140,            -5.6924137681
            86.2343712014,            -6.0430929263,             0.9398439548,            15.8096327549,             6.0674012651
            94.5451679709,             0.4829234968,            -2.2445550558,            12.0929950704,            10.6535528479
            91.5383695835,             2.4254745508,             3.0315655501,           -19.1608021724,            -6.9715273242
            84.2669618772,             4.6439384780,             1.7000256276,            -5.8114259332,            -1.5566698246
            88.9769125843,            -6.9789691218,             3.0754082033,             9.7658622861,            -2.0649167015
            90.7326490679,            -3.1213408307,            -4.1966421328,            -6.0936737527,             8.2413605956
            83.1291711143,             4.2657215447,             1.4898754211,            -6.6366097560,            -0.5944918940
            85.0231074502,            -1.0593580368,            -1.4375116016,            10.5545801709,             3.8325052835
            83.8069308127,            -0.8095130866,            -2.0949388895,            -5.9480664104,             4.0534177031
            79.3255649532,             0.2707019028,             2.7302543311,            -3.2963095361,            -5.3599993785
            80.2048499720,             2.7921339147,            -0.5330029432,             5.8468117957,           -10.5594038904
            85.2377973445,             0.9553968239,            -0.2557296865,            -0.1760422171,           -11.1285313292
            86.5527104802,            -0.9298475551,             0.9929073932,             4.8205476649,            -9.3990808413
            85.8472295537,            -1.3431639965,            -4.2029318048,            -1.6226008547,            -5.6515667762
            86.3736835254,            -3.6531581149,             4.7897795507,            -0.8699191184,            -5.8087428888
            87.7081185023,            -3.2044898139,            -4.6540712295,             0.7828183418,             3.5329229475
            86.5228511127,             2.9043649716,             1.3253197507,            -0.6940038928,             2.2470893171
            86.3159063074,            -4.7572791919,             5.2589528573,             0.3237786813,             8.6900323496
            86.2446172985,             1.5715206877,            -2.3809687873,            -0.8944129569,             8.5039821005
            87.1888047988,             7.4190107149,             7.4545057500,             7.2306599050,            -4.7566977779
            90.1347606795,            -6.3002812117,             8.4111805062,             2.7778516312,            -0.0023843339
            85.4306966378,            -0.1933448238,            -6.8079747707,           -11.4926337054,             8.0024778911
            83.5220480341,             5.7197361522,             5.7271493131,             4.4581136840,            -0.8675060970
            86.9049461482,            -3.1977002142,             4.4109294267,            -0.4911743813,            -6.4082657508
            91.6019584097,            -4.5737335602,            -0.4864650275,            12.7362313715,             3.9601771313
            98.1959633788,             4.2670504095,            -3.8321576113,             1.3569447403,            15.9074885541
            93.6933839674,             9.2229793340,             0.4057070402,           -15.4930316628,             1.8594705992
            89.5681288774,             0.1550221945,             3.6884062795,             0.1646686299,            -9.6474755570
            85.8668154487,            -6.6412634955,            -3.0862238653,           -10.3854053065,            -2.2358150813
            84.6781503891,            -2.3532510823,            -4.0134064270,             4.1086968616,             5.5761690561
            84.3484650974,             3.9598359986,             0.2731141719,            -3.6445633348,             3.8484737942
            84.7527860231,             0.4141741427,            -3.6659781224,            -2.7972773195,             5.8167742979
            84.5922489189,            -1.3988061403,            -0.5739537094,            -3.3916022187,             1.0528175234
            89.5928881736,            -1.6572638614,            -5.7350377325,            17.4771559206,             7.6005506856
            94.0974329522,             3.4589248768,            -6.1358463951,            -3.1614124921,            15.7893933024
            91.8743274307,             1.7157330939,            -4.8792371664,            -8.3616803621,            14.2149313169
            88.9181108907,            -0.2632744072,            -2.7251151024,             0.3132087256,             2.0365295135
            87.0326549969,            -3.6726703849,             0.9333334154,            -0.7822273046,            -8.2978803412
            86.2304058985,            -6.6429034743,            -0.3060921936,            -2.9307136889,            -2.7875439447
            85.9019015872,             3.6339946661,             1.3145388162,            -6.0088151603,            11.4261543319
            83.0227265262,             2.2982501636,             3.0300438710,            -3.6454930763,             0.9400323367
            82.9598448807,             0.5644403667,            -0.2698810824,            10.8500150309,            -0.2723077712
            92.0052641204,             2.4281380485,            -3.2807761180,             6.7183609836,             0.3990347220
            89.4797036570,             2.2502374859,             2.5714202219,           -13.9692144839,           -14.2070745397
            89.2303405959,            -3.4328719495,             3.2914878685,            11.3618854928,           -13.1767238697
            92.7062088070,            -7.5665856750,            -1.2912734787,             2.7171659168,             6.2655419869
            91.6190264542,            -2.7497497727,            -4.1539912807,             2.7572154441,            10.9270232331
            87.8738251045,             3.7747957805,             1.7809871259,            -4.4650391780,            -3.9547574081
            86.9002377365,             0.3080497204,             0.8855393210,            -3.7766296273,            -1.8536009356
            81.0228797879,            -1.0002517304,            -1.8030939824,            -8.3819377686,             0.9432463272
            81.5812515715,             2.3957098631,            -5.6472326826,            12.8260330008,             1.7544762401
            88.5333725632,             0.3512635785,            -0.2369873318,            -7.1127797803,             0.5564561699
            84.6054768702,            -4.7397969625,            -2.7764072855,             5.4972896617,             4.5993472382
            88.3712990892,            -2.9169797015,             0.6271468481,             9.8295115316,             5.5045492260
            88.2291221148,            -0.8386772392,            -0.3342504643,            -7.9113672837,             3.9826652039
            87.2777939011,             4.1660479471,            -0.9428505445,             7.2726529806,            -0.6375718772
            87.3512149730,             3.3944237754,             2.0296119348,           -13.6018166478,             0.3214490731
            86.5716015153,            -0.7344656802,            -3.8134938332,            -6.8158111768,            12.9011269032
            82.4498467608,             3.7042550322,             3.8784804528,            -1.8199956139,            -0.3864791746
            89.7746151925,            -4.3541539316,             4.0212031790,            13.7882921813,            -7.7993422974
            91.3552467982,             1.5772272361,             1.7036730656,            -2.5277944888,            -2.9111593960
            89.3199277405,             0.2963277951,             0.8800078096,            -3.3688794140,            -1.9318560138
            84.8906298978,             1.6438413412,             3.8678182784,            -3.4456365533,            -6.4212597481
            85.8837849858,            -2.5527040283,             1.0996453071,            12.8446580295,             0.7415949318
            90.0775509847,             4.5556895982,            -3.8335782138,            -4.4233685730,            14.4829428773
            87.6603394997,             1.6891133685,            -1.9121704580,            -0.8220502597,             5.2666353008
            88.2016814664,             2.4582658603,            -4.8285767890,             2.4534376586,            -1.2609786337
            90.1923572611,            -1.6281606326,             1.4395519209,            -0.5844929558,            -8.9191441315
            89.9964644282,            -7.2334794570,            -1.8374181188,             3.4786711100,             3.5901068760
            86.6088880063,             0.9104488656,            -4.5933040818,           -10.4336806768,             6.1473408724
            86.4112402478,            -1.9901215575,             4.9535170789,             8.9116658551,            -2.3827371412
            86.1842761528,             1.3851407343,            -2.4199031726,           -12.9950242998,             3.0386058442
            83.4652127219,             5.0849216245,             2.7628545706,             8.4669408025,            -7.6883455882
            87.5488711188,             2.7069811839,            -0.6506939785,             6.7344395057,            -7.8361861116
            87.8920814052,            -0.0682250859,             0.8489253821,            -2.0924959424,            -2.6429749750
            88.4664818655,            -3.9116188741,            -4.7730848252,             7.1914657180,             4.9845871106
            87.0899254343,             3.9944218062,            -4.7355281760,            -2.4037640797,             2.1371648377
            88.3429765909,            -0.8731689903,             0.2686462683,            11.9023214202,            -0.6155292354
            93.8715467842,            -1.2091461798,            -4.6609751725,             0.7354568937,             1.1397648656
            87.2515827305,            -1.6278070674,             0.6017311864,           -12.9939098032,             3.6884322562
            84.1337973837,             2.1048794203,            -1.9920166004,            -3.3959819400,             6.9847233665
            84.4777063288,             2.5095898500,            -0.3750913469,             0.0948044764,             2.1075685816
            85.5357551911,             0.7850336599,            -3.0072697136,            -4.2295916603,             2.9854744846
            84.3191135678,            -1.4910033546,            -3.5741544332,            -8.0112567739,             5.6967130718
            83.3119068359,             0.8668560416,            -1.9034496589,             6.4608980073,            -3.8562632520
            82.3136824483,            -0.9651509721,             0.9389491322,             2.3890206205,            -2.8946567704
            91.7532228526,            -0.3362756548,            -0.6048794633,            18.0736328888,            -1.2761397968
            93.2179272486,             2.6242096156,             3.2184416796,           -12.8250327481,           -13.5066850977
            86.4939145480,            -5.1339145593,             7.5327164601,            -4.5807292130,           -11.3905869380
            87.7882188369,            -2.3015711921,            -3.8392673560,            10.5008304945,             3.9267875151
            90.4083573310,             3.6774235436,             4.7467848712,             1.0756208560,            -1.5669315178
            92.4737150660,            -0.2653206976,             3.5584466073,             6.5742243372,            -2.9221536745
            91.4292078113,             1.2050326525,            -2.3582622238,            -3.2414708512,             0.7990042622
            87.0495638036,            -0.1728146451,             3.6782856292,            -5.0844718968,            -3.0760039345
            83.8165907216,            -1.0616115190,            -0.9080529632,            -2.9050662522,             4.7943128398
            85.5467245234,             2.0567902598,            -3.4982414453,            11.4142904316,            -1.1169260659
            91.9653942718,             2.0152259989,             2.3337426016,             1.6408649140,            -2.0522566620
            91.4319734274,            -4.5585576285,             0.4688720355,            -1.8755342757,            -2.3277098270
            95.7538114749,             1.8632368012,            -2.6525524508,             5.5379412891,             0.7390660605
            95.0983654363,             0.1398672801,             1.7092825426,            -6.9025445325,             7.9975934676
            87.5433464242,            -1.6104190778,            -2.9223047301,            -7.8551155018,            11.6235511782
            88.9492988126,             3.4895258970,            -0.0939159777,            11.1327294309,             2.5465950870
            92.9451746431,            -2.4098813024,             1.5583222415,            -0.7997815505,            -0.3742767265
            89.7976032186,             0.8197664765,            -3.2868734109,            -8.1610174041,             2.1901461294
            89.4881810431,             3.7696324589,             2.9550585987,             3.9008972231,            -2.9821264057
            91.4421133330,            -2.9435402155,             1.1473831733,             3.6788511514,            -2.4350367786
            86.3358300660,            -1.8832651078,            -7.8958187735,           -14.4823858267,            12.6906094226
            83.2559535930,             3.1827713826,            -1.6335324382,             6.3869165284,             3.9693496120
            84.8030196277,             0.1447213812,            -2.4455742036,             0.9729317728,            -2.2190887085
            84.2165033276,            -1.9021507356,            -1.1434892592,            -1.8999192289,            -1.6906557678
            86.8898135711,            -0.3685381437,             3.0233781629,             4.4870384472,            -4.3213383585
            81.8821083880,            -1.6598141086,             3.3441856840,           -13.2158896159,            -3.2607829972
            83.1650104530,             0.7051712205,             0.0255853287,            16.2429084869,            -0.6480393376
            91.1488337735,             2.8262685870,             2.0027565050,            10.0457370128,            -5.0987252389
            89.1527540345,             1.2688361988,             2.6719554069,            -7.3455886525,            -9.5580120907
            87.4748227843,            -4.2656190956,             5.7076582878,            -5.1101158274,           -12.4640349839
            91.1299531094,            -1.2921890175,             2.6220532399,            -0.6131325379,           -13.4695058592
            87.1180266620,             3.7530614479,             3.8061855828,            -9.4386776546,           -12.7405801534
            85.9464891041,             1.3905841274,             2.8276787645,             8.0816653772,            -5.9635748985
            94.0782063974,            -4.5236144802,            -0.8480073965,             2.3742329872,            -6.7916133172
            95.2062102758,            -3.5732088788,             2.4224451353,            -6.6852465813,           -12.3973296276
            91.4532261752,            -2.3369472795,             1.5967092185,             1.8234609884,            -1.3220249399
            88.5820131507,             3.0863136138,            -0.7338162227,           -10.1365509249,             3.5439911462
            86.2628421339,             1.4816916879,            -0.1957004723,             7.6155219015,             1.4913738769
            87.8200410991,             2.6333696745,            -2.0637506326,            -7.8365997809,            -7.1755716668
            81.8593865008,            -2.5203041023,            -2.2359024409,            -2.4159018079,            -3.1178247594
            81.6526163998,            -0.9948131632,            -1.5965359990,             2.8365669568,             2.9732026718
            88.8458500059,            -0.8517796825,            -3.4918265416,            13.7748493962,             2.2081133370
            88.8927290335,             2.4761835401,            -0.1520298120,           -12.0647858187,            -3.5778151215
            87.1523208889,            -0.8390784936,             3.2070357651,            -3.5970273788,           -14.5793248566
            86.3369377738,            -4.3059327998,             3.9703616660,            -2.7398306873,            -9.2438587349
            86.0377071973,            -4.1340901150,             1.5090317618,            -0.3638478918,            -0.8846275009
            90.1440892365,             4.5812623433,             2.9650180425,            18.7848574417,           -11.7508356148
            91.7182015656,             2.3382423938,             7.0228567950,           -14.6367322702,           -12.7147872176
            84.6633702356,            -3.7162739207,             1.3191369848,            -4.4927129712,             3.4807872639
            87.0462065673,            -0.5791375568,            -4.2030018657,             3.2693813830,             6.2940564662
            87.5785309671,            -0.5177827931,             2.8797593916,             1.9141980826,             7.0271831602
            85.1996009182,             0.6490902444,            -1.4414292683,             2.7487890523,             6.0904865889
            86.3009449736,             1.1720380741,            -3.8959010084,             5.0110088651,             7.8739835540
            89.1984859110,             5.4468800152,            -2.1432743929,             9.1204592704,             3.8161668260
            92.1223989256,            -1.3775943103,             3.4502840097,             6.4106221325,             3.3125541785
            88.1955601484,            -2.6629216454,            -7.2001268768,           -10.9936308514,            13.4863404075
            82.0979563256,             5.1779261860,            -3.3877884417,            -3.1863029933,             9.1170383100
            82.6598813901,            -0.2216998754,             0.3652789894,             1.3004590060,            -0.5237368908
            86.7182897229,            -7.1622692661,             1.1845296542,             9.3601625077,            -2.0372275012
            86.6388384867,            -2.6574278020,             2.4295488464,            -3.0662857209,            -1.4156357609
            85.8331777334,            -1.4381532705,             0.3072577254,            -4.0069188712,             3.2018958018
            83.0016033851,             7.9504096469,            -1.6784020460,            -1.9839942335,            -0.7605242924
            84.9785425169,             1.1833117074,             7.6143637272,            10.8169267222,           -17.1080308026
            91.7375107215,            -3.6735041060,            -2.7522988862,            -2.0521513747,           -10.6903725755
            87.7943932848,             2.2736163139,             1.0864324360,            -8.5713308075,            -6.1686008143
            87.3666063328,            -1.3258369588,             2.2530497321,            13.3520642096,             0.6983815654
            90.7980418810,             1.2745301006,            -2.9118357981,            -9.8922968884,             3.8743822415
            83.9118912493,             4.0684696786,            -0.4074424114,             4.3031770791,            -0.9680175743
            90.5663730372,            -2.0632968940,             0.3835895666,             1.2264541420,            -8.5553401666
            87.9903507744,            -1.1549386289,            -2.0570290635,            -6.8755760169,           -11.2600137537
            88.0757180770,            -4.8228103744,             4.4360687477,            10.0977743058,            -9.2798399648
            91.7670073231,            -0.8065762267,            -1.6532927190,            -1.0461879931,            -4.8847807352
            84.3913016599,             1.5906696372,             4.4801121985,           -13.2653221587,            -4.3591144046
            87.7153059399,            -1.9053327193,             0.6250966150,            17.2547997120,            -2.9239396575
            90.0173246853,             0.3310822490,             0.7482290768,            -6.4858351013,             0.3867072006
            88.0268335650,             2.3485588923,             1.2904827246,            -3.0528975469,            -2.4853363990
            83.6680415222,             0.7644201085,             2.5517418820,            -3.4709219222,            -3.7412529111
            85.1083740126,            -5.5739178908,             2.1519963798,             6.9397931286,            -0.5517165599
            82.9635717512,             0.7178702283,             0.1924565113,             0.9285068451,            -4.8780133560
            85.3462100835,             0.2300404031,             4.2711218946,             6.7144812962,             1.1943143007
            86.0306129295,             2.7362555006,            -3.3443578873,             3.0106365491,             1.6122359657
            85.7660319606,             2.8844039130,            -1.5184589565,            -0.2416151729,             1.5029215207
            84.7031455638,             1.6577745270,            -0.4083129909,            -4.5510872189,             1.0509048575
            82.6164209875,            -1.6454621560,            -7.4797513205,             8.0281793902,             6.5157360382
            89.0283887752,            -0.2182731796,            -3.6915333715,            -1.8133800028,             2.3976053959
            84.0876404759,            -0.5367784643,            -2.9971441114,            -8.0883053102,             5.6651913193
            84.5879171273,            -2.1278700442,            -2.4339554030,            13.3541722315,             9.8147195606
            87.9622176008,            -0.7807613148,            -0.6891053853,            -0.2187163373,             9.3487077456
            86.5753794906,            -1.4825664989,            -1.5944326608,            -1.7984348724,             7.9919779199
            89.0107259930,             3.3420846130,             1.1737561766,             3.6021504775,             2.7026767741
            87.6662928539,             2.2384840238,             2.1406551655,            -4.6940363941,            -0.9298180899
            83.0029048878,             4.2258917513,             0.0267174822,            -7.0116807623,             1.0661130165
            88.9538121398,             1.3099185065,            -6.9609782850,            19.2908244158,            -3.2753534191
            91.3470258977,             2.5950876267,            -1.8673324754,           -13.8740233728,            -6.0069100854
            80.7345620243,            -7.6408216593,             0.9424895230,           -12.4624830547,            -2.4997038694
            85.3488837652,            -1.9056503114,            -9.0347058994,            22.5900390239,             5.2930296856
            93.8454259239,             9.7384418915,             1.8691865697,            -6.9424121416,            -7.5472047889
            88.7554272202,            -1.5576858559,             5.3758543851,           -11.4945135575,           -11.5868837140
            87.6153137295,            -4.5673515891,            -6.1449153837,             6.4587765784,             1.8468790769
            86.2504728093,             0.0264550994,            -3.9175605221,            -7.9184542697,             2.3932183031
            82.7971308218,            -1.2370547884,             3.0745794764,             3.8173381860,            -1.9522356103
            87.4056543404,            -4.0098339354,             2.4106584768,            -3.3475786227,            -6.8994260458
            88.6454568014,            -1.1761587942,             5.0548550086,             1.0202883289,            -2.1725605859
            88.8301371304,            -0.7179709351,            -0.4582728629,             0.1252742881,            13.5364400139
            84.7579551140,             9.4552844625,            -1.3846941121,            -0.8829294411,             6.0599299212
            85.8551994254,             2.5057983344,             2.9594947649,             3.4991919904,            -3.4117907569
            85.9232666936,            -4.5749535437,            -1.4171790076,            -5.2706604906,            -4.6185360261
            85.4227903582,            -1.4995807764,            -1.7307825987,            -3.7379667563,             1.7060991818
            84.2183877789,             1.3844697181,            -1.7371159396,            -3.7616875552,            11.7959970976
            84.5237360380,             0.9773157937,            -1.6323429124,             6.4266529047,             1.9620469221
            85.5316327682,            -0.4849651491,            -6.8618725916,             4.5982100706,             9.6812963509
            93.9625326178,             4.1473511716,            -3.0374974281,            13.7986677779,            10.7828931429
            92.0869204787,            -8.3132803880,            -1.9766587212,           -11.3256833163,             7.7572797025
            87.1735788466,             0.7561682510,           -11.0246201045,            -6.4559062257,             6.9649186859
            88.5800915137,             7.4869451518,             1.4610777037,             6.2491492616,            -7.6001362720
            85.6052657124,            -4.1428216210,            -4.0700753985,            -9.7798239331,             0.0734097708
            81.2004669446,            -5.0344332689,            -7.8122066061,            -2.3592773625,            10.1724358803
            81.3471084100,            -0.8975689912,            -1.6973587780,             0.2310131785,             7.2641776807
            83.7905899620,            -4.4795453550,             2.2166463060,             9.4647505522,             5.4064332743
            88.4657252270,            -0.0848409445,             3.7387107509,             4.8886025290,             3.5607968189
            93.4507350148,             2.7308458920,             2.8075622214,            -0.2529498513,             3.0768836151
            86.8645193909,             4.9061241739,             1.9038003125,            -9.7580356301,            -4.6784148081
            84.1516818828,             0.0531234474,             2.9210327753,             1.6070804123,            -3.6985900890
            83.6419357258,            -2.1352237110,            -1.6185187265,            -2.9625645158,             3.8969209792
            85.8065871909,             2.2321466488,            -4.3176035798,             9.5588671804,             5.5344690377
            90.4221163602,             2.8590004971,             0.8637217960,             3.9736716541,            -3.4842890549
            90.0567576819,            -4.3013278226,            -3.4023433376,             4.4569992765,            -0.6164786213
            93.6496510770,             3.1291170705,            -7.1224158451,            -4.1615653828,             6.9382194263
            84.6466243861,            -2.5124825259,             1.2494827412,           -15.1426897433,             2.8163861454
            84.2054743720,            -0.1784662321,            -5.0399175954,            15.2961679264,            -2.3254567888
            93.8928353296,             1.9642013702,             4.7236703610,             9.0232474152,           -10.1871767846
            90.4940446619,            -4.5234934396,             6.9808804625,           -13.4495391472,           -11.3439916101
            88.2298859780,             0.6710698459,            -4.3895487549,            -3.8896622690,             6.4464884621
            83.9077856534,             0.2277957517,             2.1351880895,            -0.6045499062,            -0.3141855451
            81.8745650374,            -1.9312313778,            -1.2408511607,            -0.5961554725,             4.2970804990
            87.8911912439,             2.1999770622,             0.7136408204,            17.2948670625,            -4.1181558880
            95.9962292566,             0.3027016439,             8.3811515993,            11.1641720425,           -20.2531323944
            90.1090573395,            -2.7851989593,             6.0234885126,           -23.8512027503,           -12.0482745720
            82.6926729162,            -0.4283373996,             1.1939219807,            -7.8307144419,            -2.8788929675
            82.9743948909,             3.9706396728,             1.5017526669,             2.9005090948,             4.8499939797
            88.2033262102,             0.1702759648,            -0.3373815895,             9.5008895943,             1.1713875942
            93.1947893355,            -3.8253955471,             3.0235596040,             6.3466963445,             2.4153474119
            90.4669750500,            -4.2054914849,            -3.4486061532,            -9.6331804975,             5.4271305357
            91.9165318273,             6.9399363082,            -2.3591313187,            18.3168116811,             1.3991899640
            93.7508790805,             1.6994364045,             0.1727091719,            -8.9543065359,             0.9758678416
            82.6047034249,            -4.1260798280,            -1.7364152741,            -9.4218665894,             2.3308379716
            79.6164242295,            -2.9653871352,            -5.5603650789,             0.1517380793,             8.7818631273
            85.6395280449,             3.0412827460,             4.2001758548,             7.9921449704,            -2.9066732518
            87.8003603747,            -4.1284958755,             6.0364532912,            -0.2170891004,           -12.9689847796
            90.7802068807,            -0.9866191777,            -3.0516756272,            -1.4652004527,            -2.7472991729
            88.8772760055,             1.5451714099,             2.1792545751,            -4.3109899983,            -0.2883613282
            85.7019386696,             1.4772708656,            -5.0868528025,           -10.6580683035,            11.1900172946
            89.5311097204,            -2.1072645788,             1.4699668826,            11.2031692132,             5.2080943098
            90.8260593120,            -1.6613310986,            -2.1669746641,            -1.0597031746,             4.9599770007
            89.0520581806,             0.5168958165,             0.7981677860,            -8.0966305387,             4.8553429299
            83.6599541396,             3.6292806592,            -2.8400239989,           -15.6859564438,             9.1437921699
            83.3582888662,            -0.8204893645,             1.5232379677,             6.6047716643,             0.1889018937
            82.9589147117,            -3.9882440707,            -2.0365446084,            -5.3535291454,             1.2516434862
            84.5705024123,             1.4420192791,            -4.0565911197,            13.9809387356,             6.7490410584
            85.9850677071,             0.9052387820,            -0.6936830964,            -3.0311599163,             8.0129236255
            84.4760826479,            -2.4481344351,            -1.3515184749,            -4.5996754236,             3.2777440157
            84.0168226207,            -0.6310109118,            -0.9387835304,             2.5029518724,             4.9409273167
            85.7104094059,            -3.3946020889,             5.1707146235,            10.2431586879,            -1.1855394238
            92.5422031343,             0.0509803046,             2.2815668910,            -1.7472514587,            -0.2483896529
            89.2572985842,             2.7207666906,             3.8294789631,           -12.4017256679,             0.8844111437
            83.7448123291,             3.7079870795,             6.2157048901,             7.2357046223,            -8.3829778180
            87.5365967034,            -2.4427713201,             2.8306600253,             8.6162533103,            -6.8444860750
            88.4602470339,            -0.2343589076,             0.3829077770,            -4.2825523369,            -1.0529113904
            88.1430460898,             0.0835241546,             3.0804330248,            -4.0428430370,             3.2466961248
            86.9133617361,             3.7340114346,            -3.5646230335,             5.6910176509,             2.9243960942
            87.7919426845,             5.3205055044,             5.3621657215,             1.2497432464,            -0.4098678055
            89.4597485026,            -6.4134142368,             2.8676135896,             1.9950213573,            -2.3224857526
            89.4352893768,            -0.5671767081,            -3.9764894607,             5.0384441908,            -3.1408665250
            91.8698517666,             5.4668622484,             5.6581447314,            -1.7685967663,           -11.4141170010
            87.7556429854,            -2.3772730140,             7.0236639218,           -13.0884971882,            -6.6122039669
            81.5404389296,             0.4351603282,            -1.7213983746,            -6.5513478801,            -3.1156477435
            81.7501192597,             4.9988788575,            -2.5449567651,            12.2689546036,             3.9227815974
            83.6807692537,             0.0961962996,             1.3443939467,             8.5707706423,             3.9867073340
            82.8237964647,            -4.7854388522,            -3.4852741726,           -10.4336603718,             0.0370406799
            82.3514035137,            -0.8971871725,             2.7720328492,             5.1413244167,             1.4266060700
            88.1301242242,            -1.5273008905,             1.3923567056,             1.1434088702,             5.4317609890
            86.1616832815,             4.2770475037,            -5.7087324303,            -3.5830410928,             7.3182419654
            90.4089969119,             6.6386447039,             2.1523196739,            12.7017419092,            -4.3238336142
            98.3000309072,            -3.4580141608,             3.8763810923,             5.6698693610,           -13.2157500245
            92.0299478952,            -6.0113647267,            -5.8146178737,           -17.1653660322,             3.0732207698
            84.2171678266,             0.8047597055,             0.5571084656,            -9.9851333124,             3.2135534827
            83.6620110013,             1.8022121603,            -1.9602095723,             7.9449159358,            -0.3217526994
            82.9501820322,             2.2914352233,             1.0728091940,            -3.1878135379,            -1.9725053096
            80.2657341380,            -7.1581957550,             2.5042296892,            -0.0804627903,             0.5287730471
            86.0488050795,            -3.6735611524,            -3.8138509920,            12.2364753163,             6.7776213649
            88.7826811970,             3.5152076613,             5.9274261749,             9.2848955069,             0.2096543823
            90.1013534859,            -2.5434940030,             8.7606885646,            -6.9322537616,            -3.1450402689
            81.2562546009,             0.5157277029,             2.7814190689,            -6.7297891354,            -2.6628244277
            85.3069439359,             4.0747992150,             2.8822148266,            12.2506655476,            -2.8781667642
            93.8347253953,            -1.5187725867,             5.9345756390,            11.2868418967,             1.8168617164
            91.2169817924,            -6.3335006351,             3.3168324201,           -13.8327001485,             2.6180083906
            84.3694571659,             0.2401186652,             4.3655401958,            -0.9595342391,            -3.1909714857
            83.2871451327,             5.3932362594,             6.6804858454,            -2.5223403538,            -5.4797263655
            86.9411980311,             4.7159669451,             8.6810789621,             0.9324863681,            -5.8136431483
            88.1010029743,            -4.4764058301,             1.2357885055,             0.4442440845,             4.6941989240
            87.1730508480,            -0.3907651045,            -5.8628112025,            -4.0733666605,            18.7571787479
            83.6046860587,             3.8734060304,            -2.2855593311,             4.7243224680,            15.6756601156
            88.9271503716,            -0.2491260757,            -0.7908915904,           -10.9423950324,             1.1400237790
            85.3481729502,            -2.8216996065,            -0.0340399736,             5.3018576140,             1.8842268218
            87.3656133288,            -2.1989814724,             2.2247816606,            -0.9124351066,             1.0368667009
            87.7503296422,             1.4744570848,             0.4154965778,            -1.5020204355,             3.0051431487
            87.4260489395,             5.4738351396,             1.2737086745,           -13.1215276567,             0.0683982948
            83.1652553895,            -0.7410384155,             5.5223907301,             5.3520369348,            -5.0045362471
            87.9576991887,            -4.9044345186,             2.8028151712,             6.4556240208,            -6.4396082930
            93.0508747461,             4.2623156445,            -1.2643851580,             1.9365756901,            -8.8513815046
            92.4953859371,             7.6886689320,             4.7098463039,            -5.6717055363,            -8.8216525030
            85.4771731314,             0.1836751085,             1.3887675551,           -11.2739169883,            -0.7935065548
            85.6382991530,            -1.8403809022,            -5.9883238897,            10.6465095276,             3.0479668809
            88.7904142699,            -0.8106809364,            -1.6333814973,            -2.1488048939,            -1.8796942391
            82.8704303120,            -4.1849496716,             4.3394002264,           -15.2403014831,            -9.6895768762
            86.3955302824,            -3.1103578165,            -3.0078254175,            26.0551625878,             2.8746964384
            93.7581929677,             7.0733455798,            -3.6193753380,             4.4073878913,             1.5182588201
            94.2168008138,             3.6012832972,            -0.3553177128,            -3.4363905387,            -1.1797944051
            93.0695860620,            -6.7204977071,            -2.4419440764,            -5.0280396448,             0.3700184020
            91.2016154121,            -6.5380814233,            -7.2847601224,             1.2968396655,             2.6765488960
            88.1422725119,            -1.3268878463,             2.5698752408,            -7.8628266718,            -1.4518283026
            81.6099252634,             3.8352503620,            -5.8683754041,            -1.0736373237,             3.1397318828
            82.8515816274,             4.8612131124,             0.1366784794,             8.9603409892,            -0.4495674852
            84.2378095636,            -8.1591194353,            -0.2535095498,             1.6442679975,             3.3103958995
            85.7274286769,            -5.5518725041,            -4.7293318105,             3.1586851692,            11.4621087025
            89.6710107345,             3.8388969297,             2.7987305079,             0.6508137954,             1.3004624170
            86.3591260750,             0.3977636292,             8.2868447994,            -3.5656311358,            -5.3686247056
            87.4955078679,            -1.7027362386,             0.4098725990,             2.3295013981,             2.5917668048
            87.1284190333,             6.7704550583,            -1.4814604797,             1.5375664569,            -2.6027529876
            87.4819294785,            -2.1587309490,             5.3301283803,            12.3899834325,             3.2922824794
            93.0802832472,            -6.9574685423,            -5.1844802025,             7.1417922090,            20.2175189047
            87.7082938438,            -2.2261918099,             0.6698578054,            -7.3042035202,             8.6176778811
            87.4744280560,             0.7811340080,             2.7188853839,             1.7218810712,             4.5835115473
            85.3911464292,             3.6213490813,             0.1363163809,             2.2804657919,            -0.9004817813
            87.6187178708,             2.6464931318,             1.2127818885,             1.3943610197,             0.3738355637
            87.7135743206,            -1.5989138286,             1.2198328562,             2.9612700224,             0.7484103009
            89.6016461807,            -0.6089485070,            -1.5412934026,            -6.0664390913,            -0.4974336178
            84.0660015366,             2.3502230891,             2.6110440259,            -3.0045459205,            -6.6058628926
            90.1648625005,             0.5215371911,             1.3339210728,             4.7139856126,            -5.6936141580
            86.2631598891,             0.6962210552,             2.8076470838,           -12.1172124176,           -10.6759167590
            80.2504354138,            -0.3563895472,             2.4117913008,            -5.2958766474,            -7.9427473038
            88.5723985932,             2.6673673938,             3.3294471902,            16.1091517426,            -8.9677813704
            92.3712538056,             1.2925034361,             3.6267569650,             1.8451418195,           -12.7509756121
            93.1430951569,             0.0038521113,            -0.9732381088,             3.0158695559,            -1.3847626581
            93.3299990140,             0.9976670528,            -4.7296347795,            -5.2786415504,            11.0516437037
            88.7225953854,             0.6050978347,            -2.6303534871,             3.4368850368,             3.2034223119
            90.6745235425,             1.4036385412,            -2.3332056645,             2.6236749761,            -5.8153984464
            89.4190487225,             1.1154997824,            -1.2142821030,            -1.0371299102,             1.4661475696
            91.7064599791,            -1.1216045609,            -1.3108289977,             4.6363301209,            -4.5101609034
            94.1875409217,            -0.1000240655,            -3.1417014139,             0.9046264688,            -6.7134928538
            90.0950937220,            -2.3866247396,             0.7826870239,           -17.2121058042,            -6.5383288613
            82.5276005375,            -1.8749731239,            -2.1196635704,            -7.7682060330,            -2.5022201787
            86.0083171858,             4.4804601071,            -6.4296876433,            18.5178496346,             3.2411172666
            89.7433506856,            -0.3504022301,            -1.7770190069,             4.0457331883,            10.5416639272
            89.5502273679,            -3.8665579621,            -1.5333645119,            -0.8832382030,             6.1920097383
            92.5227787939,             1.4584994176,            -7.6184954895,             2.1061595742,             9.8013252387
            89.2206236867,             3.1543937740,             1.9814211407,           -21.5446664083,             2.6005675702
            80.5384470758,            -5.9760899670,             5.2856503306,            -8.7656846123,            -1.7244747087
            84.9985368807,            -4.5223181414,             0.5359107117,            16.0033718020,             5.8789443913
            88.3775760899,             5.8270753823,             1.2768474870,            -5.5128025660,             8.8676595560
            90.4138196346,             6.2858234496,             1.7200665550,             7.5200904652,             3.4506034999
            90.6001794125,            -2.3448576873,             2.5914204981,           -10.3608420494,            -1.0699836400
            84.5666290187,            -0.9606453862,            -5.2277322174,           -15.9131672262,            10.4182661472
            79.0337536988,             4.9384072294,            -3.1622291064,             1.6151231845,             2.1895489309
            85.1531698561,            -1.9486589503,            -1.6581582479,             2.1993538879,            -3.0863126901
            81.8128764019,            -0.8973030024,            -5.0117041365,            -3.7106800401,             2.1757461773
            85.3729802493,            -4.0000727864,             0.0632181021,             7.1078494838,            -1.6137969324
            90.8614571096,            -2.7405849835,            -2.0788686812,             5.1510843924,             4.5752581567
            87.2409536949,             1.7082717851,             3.6006166465,           -14.4415904219,            -3.5449005076
            89.0038736911,             5.1640707781,             1.3422553427,             9.3876024598,            -9.3049527667
            91.9108510842,             0.6394365168,             2.1295924680,             4.3417473033,            -5.5548125891
            92.4000665033,             1.8395073003,            -3.4276641085,             4.9496371000,            -1.9116869749
            92.3782893532,            -2.9757842062,             1.1425281965,            -2.4833652315,            -2.9170226414
            92.4993839288,            -5.5562552793,            -3.0888460896,             2.9064639685,             7.4948662908
            89.1389990511,             2.3457812187,            -8.0790715408,           -15.8696959023,            13.5826193185
            80.7477180275,             0.0124357489,             6.7437568737,            -4.8257961374,             1.9811485951
            90.5986996172,            -1.0642087252,           -11.3363459968,            19.9287733187,            19.4861204542
            95.4619746613,             6.5300094118,            -2.2036568686,            -3.0789831586,            14.5603322166
            90.9319128170,             3.1474039525,            -2.8188550094,            -8.2431843042,             7.8752065210
            85.9492594103,             1.5565571440,            -3.9980627284,            -7.1186332425,             1.4602684938
            86.3230391575,            -3.8469741244,             1.5552893235,             7.2394551167,            -1.7649793842
            84.8307923274,            -4.1136749806,             0.4319253950,            -1.5742689823,            -5.9713163839
            88.5391732894,             3.5131210591,             0.5643901307,            19.7607354060,            -5.3672211485
            89.6478709433,             0.3436438035,             7.3055548172,            -4.3323438616,           -14.0003867748
            88.9973693483,             1.9736576260,            -1.1970920608,             7.8544938062,            -6.2547740234
            87.6312168375,            -0.7683413864,             0.6775042826,           -11.8864349177,            -0.7136847190
            84.6683077191,            -2.3715657597,            -0.8727565596,             5.2375450441,             9.8167609533
            89.0693884010,            -1.6750734144,            -1.9990668813,             4.8789197129,            10.5642801875
            87.3090924249,             0.5959022985,             0.1874258583,            -6.3873340433,             4.8998321760
            84.6057169271,             1.1451062187,            -6.0587221265,             8.3334056563,            10.1787048556
            90.5266801079,             8.4961140367,           -10.4929034373,             1.7542488851,            17.6053933741
            85.2650718816,            -5.0570845170,             5.0737075088,             0.9901831445,            -1.7263252991
            90.8796513525,            -4.9074454855,            -4.2135022496,            10.8533494298,            -1.0956643046
            89.5501158073,            10.6022904058,             7.2755657029,           -15.0482885792,            -5.5778078659
            82.1225636982,            -0.9448171250,             5.4563461496,            -3.2623969683,            -2.6396349853
            84.2078116995,            -3.2936022452,            -3.6349433930,            -9.0663375169,            -1.9340400763
            82.4460616332,             1.8451210731,            -3.1317397929,             1.3005445099,             6.4907075354
            82.0514305977,            -3.9694573983,             3.0096891499,             0.0586266260,             8.2297615379
            84.5819095654,             0.7956199897,            -5.4979311438,            12.4141025789,             4.3695998761
            87.9892085622,             8.0621295366,             5.5376624900,            -8.1936639691,            -9.1093157945
            84.6291067289,            -0.1919580155,             1.2309005048,            -1.0793612798,            -7.5004131510
            84.4776628675,            -4.9671645825,            -3.5639794054,            -1.6740532457,             3.3251022330
            87.5076567815,            -3.9191507604,             2.2434981164,             8.1207139143,            -3.5916623627
            92.4378240050,             1.8803910244,            -0.7636620854,            -4.0686252698,            -9.3851527405
            89.2131346893,            -3.3041052721,            11.0054753252,             5.0210417156,           -18.0587555726
            90.7545855618,            -4.6206313243,            -1.9148971409,             6.9683268712,            -0.1440133741
            93.1721419588,             5.4258110082,            -0.1393284990,            -6.2919962556,             8.9283630375
            85.0621242403,             1.7999640520,            -0.1408385828,           -18.9664767242,             1.8037933368
            81.6066638166,            -0.2917572467,            -3.9005074611,             4.4842217984,             6.5779521136
            86.8635842013,            -3.9553679476,             0.6056831891,             6.0869442648,             6.1428814101
            86.5956046116,            -1.3397295089,            -3.1906367138,            -0.7689517351,             3.2191060807
            87.6359415920,             3.0666182691,             5.1111864348,             0.8072024661,            -3.0528394758
            87.7984343047,             1.2868451072,             0.4592501851,            -1.4907556975,             0.1681371367
            88.1173620288,             2.3666306431,             0.1183096955,             4.6905721597,             7.6689926680
            89.5425623348,            -0.4487836950,             1.1861459104,            -1.4108672796,             3.4015535876
            87.6925404223,            -0.8435705650,            -3.0877682405,           -12.7106222947,             1.8042643518
            85.1717115785,             4.1983822289,             0.1450937190,            -0.9417528137,            -3.4070312193
            83.7329266218,            -1.8330984823,             1.5621775164,            -5.9471793845,             3.7958913741
            83.6621188585,             0.8687021243,            -9.5939748844,             9.0172112410,             8.5317114086
            89.0533545774,             4.1737327809,            -0.0985832757,             3.0221983128,            -2.1551774251
            89.0967391332,            -5.3277656108,            -1.0585870609,           -10.0084372416,            -2.0022356546
            88.8364175508,             1.1096409819,            -7.6063196086,             8.1610932152,            -0.9652665272
            92.4653871606,             6.8703913730,            -2.0810868304,             1.8333810956,            -7.9591757909
            86.8865297400,            -3.7327503119,            -1.0537895366,           -10.2388661389,            -3.5553712460
            82.7827919358,            -2.7350748354,            -3.6387118512,             2.8289500613,             1.1233840950
            81.6633399038,            -0.7132628894,             0.5414068195,            -3.9207084594,            -3.0792532069
            78.9248015973,             1.1533510175,            -0.3092042938,            -6.1375295940,            -0.9687670650
            79.4657168547,            -2.1979441233,            -0.9204550159,             8.6884119730,             6.1102950104
            85.7972762705,             3.8925480718,            -1.5030704307,            12.4691588547,            -1.9573280020
            88.2643800853,             3.3713391881,             3.4991627613,            -0.0538305532,           -13.2015101746
            84.2059223482,            -0.9353234133,            -5.1263511715,            -9.4496088132,            -2.1893909487
            81.0494714465,            -4.7498165547,             0.6127100519,             3.4106821197,            -0.9443991820
            88.1154205769,            -3.1341618044,            -1.9705313580,             9.1002677124,             5.8286456211
            88.3299803386,             0.0246416033,            -0.8706438746,            -8.1504175434,             4.5805624450
            82.2086648618,            -1.1717848177,             6.2519877648,             0.7917545092,            -2.7647381264
            89.0207879874,             0.5455901946,            -0.0986903598,             9.8248824076,             4.6267561902
            89.7826098387,             5.4810690224,             0.7563374367,            -5.7129210795,             0.2708135804
            82.8193449281,             1.3561553356,             2.3705963723,            -7.5030291821,            -8.2180679026
            85.3257716081,            -4.4926552059,             1.7573226587,            13.8006699748,            -5.9806924782
            93.7698371059,            -2.3199866587,            -2.1032370454,             6.2527713843,             7.2245084066
            89.8372738864,             2.4120894076,            -1.9848298591,           -14.2026974326,             4.5069686880
            82.2159031847,             0.3169081285,             1.5077863239,            -3.5638519582,             1.8980474701
            79.2995934751,            -2.4526848384,            -2.3124873049,            -9.0485334147,             5.5913473937
            81.2131387115,            -1.6450544634,             4.6521565369,            16.5140529098,            -0.3455006868
            88.7997143331,            -7.5478072016,             6.8190267830,            14.0548756531,             1.0222448952
            90.8023802848,            -1.2138855938,             0.9820941378,            -2.0401126563,             6.7684698577
            85.1189915155,             8.5076912204,             3.1010038253,           -15.1822986497,            -1.3537247924
            83.3332172637,             3.8856339387,             4.0224986745,            13.4185921117,            -9.3014405943
            88.1578659923,            -1.9992803640,            -1.6487213010,             2.5924864137,            -3.5327159983
            88.5662950212,             0.4133159103,            -7.3961964208,             2.3939867444,             3.9083706857
            87.3209108936,             6.1114645649,            -6.1756025062,            -6.1551170050,             5.5309920355
            81.1763769219,            -1.3116976630,            -0.5785826654,            -0.7708213249,            -3.8353494849
            81.8854714794,            -6.4930364997,            -3.4040723006,             5.8874612644,             0.2872360422
            82.1542623698,            -0.0914931810,            -4.2690552012,           -14.1148495971,             0.7521875787
            79.8709125588,            -1.1114247414,            -0.7578125220,             8.2552433644,             0.7745958750
            84.8805067655,            -3.5139309736,             3.5830665035,            11.8167545013,            -1.0286809637
            91.8334572520,             0.9426384253,             0.9765504611,             6.1588643934,            -7.0861637751
            87.6558315928,             2.3721919816,             0.9062063850,           -13.6978798094,            -3.8208485677
            81.3334742257,             3.8999560657,             1.9277567967,            -9.6158678047,            -4.7065648515
            80.8005374141,            -4.0192111725,             3.1877546121,            -1.1994075857,           -15.2334571068
            80.6290323217,            -1.7474177312,            -1.3380329446,             3.4255973871,            -5.9968703807
            88.1190511210,             8.1159402613,             0.3439027884,             7.9739616624,            -8.6421809983
            90.0302522754,            -2.7399430153,            -0.3118386414,            -7.4181231250,           -11.1372717242
            90.1248354004,             0.3848967449,            -5.3282477913,             8.7563077111,            -1.1688510891
            91.6697583319,            -2.6409952331,            -2.7002163591,             1.4478286453,            -2.9621912720
            89.5423129095,            -1.3983700320,            -2.3308119887,            -6.2107365137,            -4.3589580295
            86.8830321931,            -2.1190952108,             2.0163413363,            -6.7331473703,           -11.4921219279
            87.1674553067,             0.6402630172,             3.0179594592,             6.7007639119,           -14.7313201054
            92.7937014460,            -0.8030980980,             1.1543979968,             2.4346959383,            -6.5707077353
            89.8702586771,            -3.2790029151,             2.8366971859,            -6.2293971654,             3.3093395487
            85.4826574890,            -1.8923552536,             1.6803280005,             4.3734140461,            -2.2003523461
            86.8189708648,             2.3709788243,             5.8476336967,             7.0666268114,           -12.1482643367
            97.2475493086,             6.0851034845,            -1.4672647650,            10.1421921217,            -5.3409765875
           100.0865056638,             3.0471769536,             1.8121071826,            -8.4524465248,             2.1396155748
            92.3377364968,            -3.3716018617,            -0.8699290175,           -14.3606590465,             6.2111715885
            87.6508857016,             0.0200596275,            -3.1786562004,            -6.5399171508,             4.4915516089
            85.8957982800,             1.1752256710,             3.1171665131,           -10.6780680150,            -1.6025276267
            82.4621161055,            -2.0814128598,             5.1255210920,            -1.5863853492,            -8.5487068630
            91.3668190726,            -2.2315764273,             1.1020037815,            23.2003875367,             0.0622608044
            97.5560095333,             0.9964115506,             2.6745881011,            -4.0165391296,             6.6723021172
            89.6395279293,             2.4104633978,             2.8621480968,           -17.5805331030,            12.1214792617
            80.4432051636,            -1.9564402706,             0.7224024573,            -6.9850588402,             3.3970377552
            79.8803487353,             2.0982928210,            -5.1786871428,             2.3635661768,             9.7137444960
            83.0126132919,             3.7609224771,             2.1027299994,            15.6482577808,             5.1826882602
            92.8044428781,            -0.6022135818,            -8.6559209596,            10.9374865494,            12.2694862466
            90.1624269809,             3.1089865743,            -5.4800647672,           -15.1394195353,             4.5206444346
            86.5378397834,            -7.1670907748,            -1.5145435542,            -8.1102120057,            -3.1389481824
            84.3762765966,            -1.5785608351,            -6.8521200365,            -0.3527513232,             4.9239877165
            85.8653834252,             1.1942165623,             2.2748466484,             2.6328040537,            -7.9280799416
            84.1234176295,            -2.4746913749,             5.3895539371,            -9.9802855203,           -12.3983019798
            80.0005695860,            -4.0529856039,            -1.8512743941,             6.0505716003,             1.4531521018
            90.1664068807,             6.1281878419,            -2.6305655798,            13.8641668674,             9.0431499142
            89.5906983342,             4.2463730790,            -1.7168425499,            -1.6147693258,             5.3659734922
            86.9088203589,            -0.1029026513,            -1.8257736123,            -3.1220624919,            -3.3269648476
            85.5242676894,            -0.4631905313,            -0.6449588766,            -5.8552135422,           -10.2920037803
            88.5089432456,             0.3375564393,             2.6774615154,            16.1582003951,           -12.2954511935
            90.0859725772,            -3.2803592702,             0.0984752742,             2.0579285068,            -0.6691973238
            89.6542356800,            -0.1399875720,             3.1303344573,             1.5809946817,            -2.6036717199
            88.4643733212,            -3.2314010563,             5.2328252898,            -9.0606390931,           -10.6199524738
            82.3195186312,             0.9960405961,             0.4018115450,             7.4576319248,            -5.7581263808
            84.1469383274,             0.2490596070,             5.3603108290,            -2.7977819837,            -0.6802406325
            83.4384558266,             1.0124712554,            -2.6000254986,             3.8519272112,             0.9513047226
            82.4434279856,             3.0834931745,            -0.9179550313,            -0.9497708249,             1.1697614973
            84.1584285658,            -4.3699111027,             3.0611749951,             9.6067883727,            -0.7278046398
            88.4048202478,            -0.2086895627,             1.5936567993,             2.9634186032,             1.3412261067
            88.8253578970,             4.6634567610,             2.2679567621,            -3.1081792077,             1.8526647816
            90.2160489418,             1.5426196296,             5.7253056054,            -0.2028630046,            -1.5177870469
            90.0648953152,            -3.5568045308,             4.9170126146,            -7.6432334831,            -1.0717614542
            87.7025576685,             0.1667818585,            -1.7286388049,             1.7348491416,            -0.9187265072
            90.7785538097,             4.4900101029,             3.6999981718,             6.0659140720,             0.5189352346
            93.0223112577,            -5.0736757001,             6.7206801863,             3.7646482598,            -2.2441729144
            90.8210533843,            -6.0625564520,            -0.4088212899,            -3.5918561727,             7.1976009649
            85.1419363258,             4.7412711108,            -0.0519482242,           -10.2149268423,             7.0403280666
            85.2625929432,             5.1790030311,             4.8038284076,             8.2274320358,            -2.2171509199
            88.2394343769,            -1.4418837462,            -1.1592036998,             4.7430876963,             2.0531841603
            93.8608621349,             0.3636721590,             1.1194391229,            15.0138759691,            -1.2649117452
            94.6686834441,             0.5269645629,             2.2079134428,            -9.0898942627,            -2.7908903740
            87.9372514632,             1.1549506770,             0.5589026834,            -1.6805437317,             0.9804004481
            87.1567671785,             2.5280170751,            -4.4759628771,             0.7764294008,            -0.3963495207
            86.3961995469,             3.6514601507,            -0.1443220123,            -4.0573045802,            -9.5841488318
            86.0260556116,            -0.6302333025,            -1.4468350685,             1.3595058101,            -7.3113251835
            85.4292663859,            -3.0074132655,            -0.6768045187,            -4.1236515843,            -8.9418079144
            86.3995250806,            -8.5053794062,             6.1358426119,             8.4403652477,            -6.0608984103
            86.0334489091,             3.0626116716,            -4.2762931428,            -7.6278050100,             0.0522114199
            84.7391297174,            10.0190474913,             4.3871345902,             2.0127191358,            -6.8934467246
            85.3442714571,            -5.6172955513,             1.3734877573,             7.7473535151,             3.5487757260
            94.7755303699,             2.0805819614,            -8.2917092003,            16.7200191581,            10.3354929029
            93.9544546640,             3.4231059442,             2.3253070567,            -9.5592817154,            -0.6957670625
            86.3755396691,            -1.0038957556,            -1.8554237725,            -5.7457817828,            -1.8981935987
            87.7768287093,             0.4933492117,             2.1225289782,            -5.9057237571,             2.0078636501
            82.6965275898,            -3.7293857366,             1.4220041069,            -8.5316742925,            -1.8329951473
            84.4937856672,            -3.9159795995,             3.0660693753,            11.7101360633,            -1.1855290032
            88.9783071189,             1.1337147089,             7.6762285846,             2.6627010768,           -11.2086143249
            92.5126917749,            -0.3378044102,             3.0777707460,             2.3364412082,            -3.6796683820
            96.4254682774,             5.3295320639,             3.9626961430,             3.9647937803,            -6.3638516290
            91.0595707380,             3.3149852143,             7.3595238593,            -8.2065774128,           -18.8153058133
            88.0470448851,             2.0916096467,             0.1835992174,            -0.7307189804,            -6.7596389544
            90.0548667081,             1.3086809772,            -2.0974929147,            -2.7072306425,            -0.5024233809
            84.3513168434,            -5.4960783424,            -1.0276805076,           -20.0420186357,            -1.2080506938
            81.5261227418,            -0.8755120565,            -5.8998062475,            11.3539910081,             5.9586695009
            85.4262449591,             2.4306765727,             0.9972873651,            -2.5028059969,             8.7265969602
            86.1177166640,            -2.6384700158,            -1.3402695628,             2.9388907895,             6.2069553528
            86.1498588813,             5.8553228516,            -7.0972981482,             0.3328105841,             4.9243799629
            84.7249535379,            -4.4740803626,             8.0560933254,            -8.7532910583,           -15.3826295771
            82.1880268575,           -10.6725259886,             0.5786652079,             2.4926615464,            -1.3388929924
            82.8725352809,             3.9101444458,            -0.6998651338,             0.5040332286,             6.1983635785
            85.8615897431,             3.9069657681,             0.2963555810,             5.5186862728,             3.5181195745
            89.9217960160,             5.4766437829,            -3.9825612278,             0.7492866460,            -0.6719884963
            90.1235267380,             0.1357731904,            -1.4093273368,            -3.6059205805,            -3.6088332982
            87.9409133268,            -3.6694308735,            -4.1020010226,            -4.4531547820,            -0.6380558446
            86.0069294295,             0.2063404210,            -5.5317689322,            -0.9322986940,            -0.3579002773
            88.8882466245,             1.9316017925,            -1.7752205764,             6.2804965447,             0.1847913841
            91.1767531910,            -0.4036251399,            -5.7527902550,            11.1591092268,            10.1911582414
            94.8888059493,             1.6900931748,            -8.0283256530,            -6.2819252639,            10.0973355364
            83.5753940163,            -2.4586134201,             1.4976850176,            -9.5233526653,            -6.7564412334
            84.2494313886,            -2.0331588033,            -4.7095000838,            10.6689706648,            -0.0623327658
            89.1401082194,             2.0921557515,            -1.6468352937,            -2.9599734258,             1.4843441964
            89.9831538358,             3.0483195707,             1.2932474867,           -15.6137800729,            -3.9047829508
            86.2942661557,            -1.1241419841,            -3.3039194798,             7.0747813660,            -0.9527369357
            93.0639596969,             4.0779705213,            -3.9844777445,             7.6156356478,             2.0297189131
            88.8566702176,            -5.7492508395,             2.7480705170,            -7.8315343657,             1.2178594235
            90.3782798548,            -0.3864657996,            -3.2965577759,            14.6760814042,             0.0547893620
            95.0950341777,             2.7341241048,             8.5485936295,            -6.5789941924,            -8.6676061443
            88.6574333242,            -1.0365194014,             2.7530376546,           -12.8730498253,            -5.4315245755
            89.7074290339,             4.1894428232,             4.8659675848,            15.8959648247,           -15.3294094543
            94.5048055775,            -8.7450602904,             9.4559608163,            -6.5945456780,           -16.6842566802
            88.5067316983,            -1.3116106787,            -0.0573622314,            -6.8347932733,            -0.0894782071
            81.9838371165,             3.2111321321,             7.3144255388,            -5.4218717393,            -2.7823773967
            83.5051151133,             0.2534758529,            -1.5922096300,            12.3260569235,             1.9027863555
            88.9957981728,             6.1120220672,            -3.0055112455,             4.3348742399,            -1.2505300053
            85.4147267792,            -2.9350628549,             2.7613069939,            -0.5100181519,             1.3142679025
            87.3570430872,            -2.1516508909,            -5.6629933470,            -2.0629983994,             0.4194008953
            85.5781757653,             1.4994294744,             1.8622014857,            -4.2799887350,            -5.1171230837
            83.3847258482,            -2.3007584336,             2.1975896220,             1.3826724045,            -5.7632595770
            82.6688546475,             1.6273031161,            -2.4143281270,             0.5338799748,            -4.5379566887
            89.0146131849,            -0.0314981362,             3.9154358441,             7.2276504147,            -6.2106671712
            87.5740873043,            -4.3086870199,            -1.2273014964,            -7.7202586739,             0.3891934154
            84.1462075251,            -0.8762896034,            -1.1963614372,            -0.2496051687,             1.6229720181
            85.0030999656,            -0.7037277752,            -3.1658528582,             0.5497429649,             3.6997873408
            87.3539516723,             3.3696317005,            -2.5592145707,            -1.5503066218,             5.7614624687
            88.1686882856,            -3.3722252742,             1.7222694586,            -6.1590739573,             1.4450267594
            90.3500108155,            -5.2736510491,            -5.4423388094,            15.0118043647,             7.6155424404
            91.5696382858,             2.6949055897,             1.1844560245,            -7.5451872154,             7.9384904068
            87.4529136232,            -3.1236674123,             8.4757644264,            -2.5519561557,            -4.5157973500
            93.7676493661,             0.4422421231,            -3.1887428143,             8.3563505759,             5.2162242513
            95.0614038546,             9.1119558582,             1.8863506246,           -16.1945638764,            12.7763568747
            90.3857447071,             0.7384940933,             2.2961842921,           -11.5458863061,             3.9499121748
            85.1310655048,             1.0584826958,            -5.7019398665,             0.4256960600,             1.2411813801
            89.2689303519,             0.4772229729,            -1.3233320060,            11.5288086494,            -0.4217181819
            88.6262086529,            -2.7712606880,            -3.8754372563,            -9.6250105634,             3.2752308237
            83.6208746735,            -4.6379074855,            -4.3115538801,             4.9010420722,             7.9808667394
            87.2106881334,             1.0017779229,            -3.2812946376,            -0.8458703727,            11.2653128942
            86.9127521375,             2.1031667490,            -1.9110851052,            -1.5913482265,            11.3671271657
            87.8039814123,             2.6960073227,            -1.4875649706,             0.3011815072,             3.6345016548
            87.1517038193,             0.4178329229,             2.6407991865,            -0.8174051699,            -6.1534782110
            81.7345654292,            -1.8467320405,            -3.8471769913,            -8.6994090381,             1.7114948366
            81.5392847039,             3.7126473052,            -5.6264538041,             6.4730965877,             4.7408819456
            89.3756534618,            -4.2907208051,             1.4545461960,             4.2409008845,            -6.3737226015
            84.8723596739,            -6.9452642148,            -3.0187121144,            -9.7348433627,             4.6572604939
            80.8307059888,             1.7897332599,            -3.7758433794,             5.1669998152,            11.5642341021
            82.2870575241,             2.7595915013,             3.0363903752,             7.4527256938,             0.7373310183
            88.1424537914,            -1.3634162464,            -0.2977965632,             4.1458056554,            -6.2823857791
            88.9671416138,             3.6605015599,            -0.6630104720,             0.2159660383,           -11.8003854236
            89.4440274912,            -2.2495977816,            -4.0152554951,             8.3034062468,             2.8424504169
            89.4891052369,             2.7215908546,            -5.3132986023,            -3.4807934543,             2.1838456881
            84.6401863692,            -0.0307160301,             2.0460785714,            -9.0175909814,            -8.4170878713
            83.5674498097,            -2.1175521061,            -3.3831810642,             5.2322000230,            -9.0148001807
            85.9164623865,             6.5838129635,            -3.3365478236,             3.0502832586,            -6.0035256013
            88.5930586224,            -3.4045961981,             5.2124558533,             3.9505422794,            -9.1988167120
            88.7849544914,            -7.4127571428,            -3.6221897519,             3.2334649716,             0.9435048902
            87.8384099584,             0.9934673523,            -1.0632904497,            -3.1244407194,             4.8854575488
            84.7815933313,             1.8235556428,             0.7811626152,            -4.0258330042,             5.4255708009
            88.2882015239,             0.1813819343,            -5.1687699968,            11.9184366646,            11.5348333770
            95.3370139282,             5.0325229463,            -4.2042961709,             8.9269610327,            11.7902478295
            92.6065652866,            -1.2905783466,            -2.3263513621,            -9.2775701552,             2.1263428326
            89.2155078104,             3.0096494094,            -8.2678927378,            -3.3260082631,             9.8481220539
            88.0997686663,            -1.8847994739,            -3.1911996190,            -2.9553092120,             3.5241587008
            83.5244180362,            -5.9160935454,            -6.5389077826,           -11.9142725145,             4.0044066358
            82.8176161490,             0.1573115198,            -1.7538802925,             9.2592417105,            -0.4979816474
            84.9704300146,            -2.8067206250,             3.3197761305,            -4.9497572426,            -8.5737153816
            85.0516376694,            -1.2574536341,             2.8330777376,            -0.4143838234,            -5.7442443418
            84.7591715072,            -2.0629806400,            -0.3123136171,            -6.5510189655,            -0.2335361326
            83.5062585203,             0.6020651820,             5.3520784463,            13.6362246128,            -2.4523371237
            91.6006047269,            -5.0085992452,             3.5372647030,            14.8717834024,            -0.1076967829
            92.4778407064,             1.6334850919,            -0.0458943452,            -8.1052468276,             2.6525692260
            90.6237802135,            -2.5746330722,             3.7088643329,             3.0469143214,             4.2232193668
            92.5026778899,            -0.1061400249,            -2.2713071461,            -3.2704650511,             8.9809793327
            89.0608596167,            -1.1331128214,             4.1939423472,             0.4091445048,             2.9268546793
            85.6084682502,            -0.3291355650,             3.0101242864,            -4.3694105674,             1.3827214655
            86.8618537937,            -0.3458278717,             3.0926019103,             3.3414980273,            -0.1221944593
            86.9803874745,             1.2266243701,             2.4977003693,             0.5808334095,            -0.1413474469
            84.8512745626,             4.2806910342,             3.1695323102,            -8.0812178440,            -1.0699458415
            80.6833946653,            -1.3766113982,             4.8716091917,           -14.6938070717,            -8.1174421806
            80.1405317094,            -3.8889700673,             0.5228181229,            -1.5726590427,             0.9622702909
            84.7759426999,            -0.1073419181,             1.5620505685,            19.1950779663,             8.3428811118
            90.7626281429,             4.0853396330,             3.1717291066,            -0.3762896374,             5.8303698019
            89.5852162784,             2.8838824491,             0.9539949624,            -8.4195086128,             1.7546674839
            86.5788145213,             2.3558560293,             1.7956612707,            -4.4940091794,            -7.0742274269
            87.0001950874,             2.2006181608,             2.5543360544,            -8.1706004838,            -0.3560478670
            81.3098311395,            -3.8882091439,            -2.4452064638,           -14.9230970817,            -2.3172474487
            77.5656779082,             1.0933927047,             0.1516879287,             2.3485245109,            -1.9087319206
            85.6518141886,            -0.6279246408,            -2.1622223558,            10.3026656899,            -6.1665024737
            94.6578004665,             8.3352899794,            -4.2369007091,            15.8901300178,            -4.0670015883
            92.1090872571,             0.4400317494,            -1.3794840166,           -14.6332656345,            -4.7013725958
            85.1041756669,            -3.7427191617,            -7.4566102171,            -6.2425706955,             0.2204091367
            84.9991550995,            -2.1339983238,            -8.5064273475,            13.4376286654,             9.5967762614
            91.8226237610,            -4.3336047170,            -1.7086279962,            -5.0928698977,            14.4536916201
            89.0418862516,            -3.4325471765,            -9.7209388059,             5.5923042671,            17.1731499245
            86.8583700452,             3.1310123969,             0.8610801908,           -18.5062786177,             9.2850475122
            81.5846441013,            -1.0555808415,            -1.1472089803,             6.2590136129,             8.0085063439
            85.4570781977,             1.1838393434,             1.3999128965,             3.5362857126,            -0.4847441114
            84.1311856573,             3.1749856419,            -1.4673475537,            -2.9820384808,            -5.1597254665
            88.7632319503,             7.0107057870,             3.7132411081,             9.4909905086,           -14.5901699959
            86.9608964298,            -4.7876016069,             2.5540644480,            -4.2177208096,            -7.2832020923
            87.7684186966,            -0.6524062141,            -2.0467078887,             0.1513901660,             6.9602444170
            88.1447192881,            -0.0841179656,            -0.3077770025,             0.0692673938,             1.9208776633
            87.7027715878,             0.1591167782,             1.4883482196,            -1.0628959140,             1.8084339161
            91.5606932088,            -0.7128304127,            -1.6922182822,             7.2143030464,            -1.2360833109
            92.1998014279,             3.7898110314,             4.0356119793,            -9.9185182562,            -1.1944850062
            88.3497254461,            -3.0949977173,             4.2871031383,            -2.0632587482,             1.8154611357
            87.0400369879,             4.3578385193,            -1.6410223437,            -0.2870115642,            -2.2290316412
            85.2339706538,            -1.2130889196,             6.0470153214,            -1.6966238000,           -14.6778797977
            83.9617091018,            -1.6147479150,            -3.9029639263,            -6.7662229603,             7.1564503733
            84.0838135264,             1.7847535999,            -0.5828095188,            -1.9146056267,             1.7375582487
            88.4418085090,             1.7183230006,            -3.3239270920,            16.9387056736,             4.0182581729
            93.4249289144,             1.7047642106,            -1.3317042541,             0.6898107829,             4.2785133722
            88.6727275469,            -0.3364355994,            -2.3795238674,            -3.5359086009,            -8.5599189524
            88.5169680648,             0.2816031344,             1.9161336149,             9.6249181595,           -13.4563618891
            90.5813376983,            -1.1161831402,             0.6576889787,             0.6040730905,            -9.0289725813
            87.3637284315,            -0.0277403563,            -0.5601419700,           -19.5824647526,            -7.0786538985
            79.3767829271,            -2.7369275483,             5.5857336973,            -3.5939500757,            -7.0524539582
            85.3634952841,            -5.0346572803,             3.8813400195,            19.0151858029,            -2.7909367237
            92.2319755328,             1.4637519349,             0.2292687133,            -4.8953064869,             1.5816487149
            83.8751173253,             6.1783521955,             3.1189825550,           -12.0838138761,            -1.5748018532
            83.9380435801,             4.3552977351,             0.0941648744,             8.3749223698,            -6.1025570324
            89.0476821242,            -3.3053130882,             1.8192267411,             4.6549338545,            -9.6637637811
            89.3463321128,            -5.1575127418,             4.7931097534,             1.4686993491,           -10.2764455008
            89.5388277593,            -3.4980872693,             1.9775899599,            -1.9656176005,            -3.4955316595
            90.1758733846,             3.7099314153,             7.6099463107,             8.4141030055,            -8.6953339465
            87.5223381791,            -3.5484946046,             3.9307500913,            -8.4680615128,            -0.5916857158
            85.9699558452,            -1.2710839761,            -1.3337773511,             0.8294561689,             5.8369456968
            89.3157352176,             3.4198532074,             1.7274252008,            16.2087637488,            -2.0543145795
            94.5019766730,             3.4680053558,             0.8729182044,            -1.9817883239,             0.8859985272
            92.4578088793,            -2.0493888880,             4.1821553842,           -16.2776628053,            -3.5327761466
            84.4115598910,            -0.7581936880,            -7.4206622996,            -9.5227184736,             0.1335107369
            82.5320147528,             3.0928537989,             5.5946613536,             3.8716701530,           -12.1769025445
            87.2506326673,            -0.9263764966,            -2.8146481008,             6.2495812246,             0.0465654015
            86.9513187452,             0.8689726900,            -2.2549636942,           -10.9863226203,             3.7193750890
            80.9552409747,            -4.3923362482,             1.0982441500,            -0.7386846812,             3.2212488407
            87.3880568853,             5.5954490953,            -2.2376728952,             7.1667634387,             1.8936385429
            92.2922074601,            -1.5245069963,             6.1529167362,             0.4937300110,            -8.9889967280
            89.9517594189,            -1.5494590105,            -2.2578399447,           -10.8949734828,             1.2830142119
            83.2156290274,             1.4989699387,             3.6330939713,            -9.1103660972,            -3.7396646972
            81.9507603154,            -0.6879500328,             1.0161772291,             3.0420724175,            -5.3494425294
            85.4900663903,             2.5064291721,            -1.1609728525,             7.1264102476,            -3.6482978888
            86.8075411883,            -4.4187011447,             9.0717549585,            -6.7937671675,           -11.1602707570
            87.9587566521,            -7.1359708736,             2.8186573878,             2.5118035311,            -6.4023839048
            91.3027997560,             0.7491376433,             4.6811556234,             2.4441508166,            -5.7610226985
            91.6783857342,             3.3069872524,             6.8121778030,             3.7520604874,            -5.5529908294
            94.3136827136,             5.0623920158,             1.1282903483,            15.0832246978,            -4.4589535994
            94.5924761151,             3.9182131100,             1.4968996214,           -14.5650552590,            -9.0012082315
            93.4525652824,             1.7833969764,             3.6391348228,            12.2670809574,           -14.4157456830
            96.0688064001,            -4.6879290499,            -0.5746738327,            -4.5896463782,           -13.4680203587
            89.8841699231,             1.9142380754,            -2.9874785398,            -9.6433211799,            -5.6923514097
            87.0676391473,            -5.2646320543,             2.5720362652,             7.6914390307,             7.8578955873
            90.1663735353,             0.8191022715,            -9.3939246230,             4.8013572957,            12.9950371254
            90.8873320559,             5.3246278158,             3.2749914881,             6.0772696650,            -7.6840433387
            88.7858514053,            -0.5066325122,            -0.7116559255,            -0.2391565365,            -6.4441155699
            89.9043142333,            -4.9269897569,             0.4716579586,             3.0062147068,            -2.0803900024
            94.3443029321,            -3.6677156449,            -2.4525263934,            10.9249336272,             7.8573227823
            94.1133770580,             0.1065466506,            -1.7407059399,            -9.3276469027,            11.1536688095
            90.0182845396,             1.2452025278,            -0.9486697346,            -5.0733497654,            13.2270300611
            87.4901939466,             1.3231898191,             0.2107382132,             0.3838134996,             2.8526836420
            90.5292972405,            -1.1489498947,             1.2828373827,             3.6086644215,            -3.2234429996
            90.5923293592,            -2.8286041581,             1.9744994168,            -2.7608149414,             4.2305581206
            90.4151781895,            -2.2577666446,            -4.3856204350,            -2.1519651230,            10.1369660124
            89.7686269935,             5.5282450011,             0.0309084927,            -4.8239586639,             6.4840770379
            89.7407319348,             1.4500798598,             1.0210179560,             1.6206863499,            -5.4219549595
            93.5256072222,            -0.4672907903,             0.9462914915,            -2.1255427764,            -8.3914065322
            87.2116739470,             2.2866946673,             2.0326061043,             3.9083497624,             2.3745485935
            84.5068092824,            -0.9707619066,             6.4034781816,            -6.3397899308,            -0.3701855948
            86.5953184651,            -1.4151100633,            -3.0435328359,            12.8177240176,             7.0015055561
            90.9902207554,             8.0093119403,            -1.4777876557,             0.3302572525,             1.0004848286
            88.7878623927,             0.3484615375,             5.3917025985,            -4.7072957611,            -9.0204052256
            87.1982035134,            -3.9148076762,            -0.8281398681,             1.6815725601,            -6.3566900290
            86.5327104750,            -1.4670553678,            12.2429928748,            -3.0248310550,           -17.5892950102
            88.2946443118,            -7.0880227938,             8.1918898948,             7.3677282372,            -7.5710891789
            88.0352661028,             7.9344735459,             1.0425725915,            -2.9714302170,            -3.3547216408
            90.6488378766,             9.5485982323,             8.2932053738,            14.5180803222,           -17.9571942478
            89.3958905757,            -3.8705585972,             4.7134158909,           -11.2735261661,           -14.7706243679
            87.2992212134,            -4.2265277880,             0.2151923868,             2.1595844432,            -4.0686892981
            88.0296214373,            -0.6430307276,             0.1776365431,            11.4487953858,             3.6444746402
            88.9069259640,             2.5839663702,            -2.2982690367,             0.5054373019,             6.2536298083
            85.2460905006,             2.6366537514,             1.9680085228,            -3.8839111959,            -4.0265139826
            88.8445343417,            -3.3009429364,            -1.3004281141,             7.7989237228,            -5.3156293432
            89.2789559131,            -1.5714617862,             0.0353993032,           -10.2561545372,            -3.0120277403
            84.8682985516,            -2.0784731888,             2.6251886161,             1.2758819960,             4.2990505852
            86.3641639700,            -1.7547535191,            -3.2920746307,             0.1979367546,            12.0560340047
            89.9802232125,             7.1102204306,            -1.4927113838,             9.7046809154,             7.5829468356
            86.5621959200,            -0.2704849854,            -0.4059645360,            -2.5201558382,             3.7566906755
            86.3412683262,            -0.8133882729,            -3.8957581382,             3.5259262354,             3.1301536248
            91.1926127080,            -1.7861544108,            -3.2625278820,             7.0950993764,            12.1799236980
            87.8298547938,            -1.9704917371,             1.5970949153,           -15.9200635902,            -1.5781911216
            84.6464732545,            -0.1719267885,            -0.3130190110,             3.7866904569,            -2.3317907696
            87.4163537472,             2.2808487615,             1.8593639565,             5.7371223778,            -8.1772575827
            85.0719364131,             2.9800441167,             1.9174481357,            -6.8485512382,            -6.1281793907
            80.3344151422,            -0.6642505578,            -1.8878629126,            -0.9973886412,            -1.2967171435
            84.9488505907,             0.2785519348,            -2.3026100485,             8.7875813541,             2.6775167166
            85.2469900217,             1.1715856397,            -2.8470808668,            -0.4478407586,             1.8302089071
            87.5162151852,            -3.7709660741,             1.8400250858,             1.0022823255,            -2.1652393262
            88.5779652431,            -3.2525447200,            -3.1279588949,             6.2215350201,             6.3829388571
            89.3788210182,             5.7761659197,            -0.9078597944,             3.8074146231,            -0.9394364687
            91.9119353737,             3.5684775825,             1.3497539463,             3.3602044295,            -3.0230678152
            89.1192961208,            -2.6895577759,            -2.9812714214,           -12.0292168727,             0.7676768736
            82.1607344491,             0.2800098726,            -3.0591568077,            -4.5232117960,             0.5525788130
            84.1782879501,             1.5214213803,             0.0660771435,            10.4368379035,            -7.0898024383
            89.5253671697,            -1.9014832783,            -3.0743534173,            -4.8504491595,            -3.8189090904
            85.7493845731,             4.5644532449,            -0.8043175552,            -5.5641089464,             7.5723468847
            89.4910698306,            -6.8259549596,            -3.1751057041,             7.9605068922,            11.4867738214
            89.8642300838,            -1.2137818979,           -11.2070868456,            -6.9101936829,            13.6748557270
            84.1446108250,             4.2962418648,            -1.3866932774,           -12.3279487061,             6.1876298336
            83.3440156666,             1.5347174689,            -4.6867005880,             9.4119789851,             1.6352624041
            90.0307531202,            -2.7843643658,             0.3461365987,            12.2900195015,             1.9479513335
            88.2579360989,            -6.9238366370,            -0.8191188822,            -8.0396529232,            12.1143688972
            83.9581654761,             1.1702890721,            -2.8628185684,             7.4083351972,             7.8854220891
            85.4239759605,             3.2370957963,             2.3562789334,            -8.1154404844,            12.1808851507
            82.5102373849,            -2.2204073252,            -0.5532893300,           -10.9845724361,             8.2147092071
            85.0307888899,             1.5525049372,             0.0038053363,            13.3137939373,             5.3271870113
            89.8731176548,             2.4238002099,             5.7495511626,             8.1096997891,            -8.3891103831
            94.4819774396,            -1.9559578977,             1.4747432667,            16.0205310903,            -3.7244965501
            97.4884735919,             3.1671734397,             0.3998837495,           -14.3180190305,             4.8701694925
            86.6376256038,             1.1742200819,             1.3389520817,           -12.1930314041,             4.7977898529
            85.4026705450,            -0.4528760389,            -2.5963064921,             0.8330323762,             2.3343510211
            85.7569896692,             0.4113666720,            -3.4206152390,            -6.2749074059,            -2.6301401403
            84.1932663741,            -2.5413796910,             2.3811826377,            -0.7746996755,            -1.0171836388
            87.0252242970,            -7.6797999266,            -2.7897620810,             6.1165129949,             9.3393185340
            87.8320098428,             7.3380254373,            -0.9014208602,            -2.1311756104,             5.2372768029
            92.5714120270,             0.0754138977,            -2.4644802484,             6.9579506326,             7.9683012986
            95.9247995614,             1.7857602766,            -8.8731407357,            -7.2522778367,            17.9201093167
            88.1740918156,             1.9048937668,            -5.2740117751,            -4.9433089619,             7.7759542128
            91.3562708420,            -1.8088163701,            -3.5771503781,             7.5267224192,             2.0441804200
            86.2210756740,             1.5083579202,            -9.5886683551,            -6.7783553659,             6.0436897274
            86.5958003704,             8.3279665657,            -3.2850374901,            11.4088863848,            -7.9118040395
            89.0740182722,            -5.5868952281,            -0.9038285284,            -7.0646735511,            -7.8708891087
            84.0906431838,            -7.5833770009,            -4.2784632599,            -9.6777427049,            -2.8354512236
            86.5747001939,             0.3256780863,             0.2932467972,            13.2008363719,            -4.0073663269
            90.5096412548,             3.0451703901,             2.5101375830,            -2.4012280143,            -4.3840609629
            87.1215375601,             4.8118123021,             0.7280030253,            -8.4207255928,            -5.7848584625
            86.6705792294,            -0.9529867263,             1.4928167323,             5.5442015539,           -12.6773043638
            88.1522705920,            -3.0709108818,            -1.9503693348,           -10.4787183922,            -9.8523172716
            86.1032678335,            -0.7164444657,            -1.5659789706,             3.8719556869,             1.0366598901
            86.6468143314,            -0.9008693122,            -0.3702746594,            -1.1618786283,            -1.4553164402
            84.5972707208,            -0.8007554978,            -2.2381289671,            -2.6894719011,             0.6110886288
            86.0475007509,            -0.5548112343,             0.3803943353,            -3.2494945829,             0.8722895891
            82.1085513813,             1.8124458668,            -2.0739925961,           -11.3712245665,             3.4084892566
            82.0635156898,             1.2759379775,             0.1480690511,             8.4021226573,            -2.5895624875
            88.6390095294,            -2.6105554436,            -0.3873350721,            12.5572678189,            -5.5440117173
            84.0049557748,            -3.6306904874,            -4.9752346298,           -10.1700731863,             8.1594824345
            82.8312403748,             1.8349521963,            -1.7115673598,             4.4354885778,             3.2822912497
            86.0609940671,            -1.6278458362,             0.2739479532,             5.2307496294,             3.6212625430
            91.2947345520,            -0.7210039182,            -1.3911905235,             3.3811028674,             7.1549898706
            86.2231745325,             3.3486644257,             2.1060557229,            -5.5593634854,            -1.9631012583
            89.3298095834,            -0.4715428377,             0.2134549349,            11.4586795323,            -4.4479062671
            90.6035801864,            -2.1175555482,             1.0912494630,            -2.1523651983,             0.1296245693
            89.1222271555,            -4.6813260365,            -1.1769968679,             4.5401588451,             6.5298568631
            93.7723111148,             5.3229527952,            -6.5786039337,             2.2630289066,            17.2218367072
            88.6808044473,             4.4447717760,             1.7527996340,           -12.2931562391,             9.5835811091
            89.1508193186,            -4.0408573061,            -7.1935112379,            10.4663768933,            18.5222384879
            90.8341924105,             5.3346644720,           -13.9929277418,           -10.4738457173,            19.0567146148
            90.1697939000,             6.1893458914,            -0.2776912455,             8.3136103437,            -4.0075408868
            93.0171633850,            -2.7496920700,            -4.1789559407,            -9.8256372515,           -12.4277498345
            85.7956018930,            -5.2246987333,            -2.3565461279,            -9.3830851183,            -2.5140604880
            85.2752845022,            -1.8773475841,            -6.1620623037,             5.7002568075,             3.7925797898
            88.1163308609,            -2.5863678469,             4.6551667223,             5.2732106833,            -3.9329780615
            89.6407032161,            -2.4667592448,            -1.7280086696,             3.4784234048,            -1.0030833894
            89.3705013717,             5.6894124268,             0.2890368167,           -18.3036397844,             7.0912898016
            84.8550854201,            -0.6133875936,             0.2855645722,             4.6511216951,             2.8532020193
            85.2217868374,            -0.7700631623,            -1.6133559879,            -0.0475169233,             1.3105295679
            87.7584718849,            -2.1191522570,             0.7577510771,             6.0426372533,             0.3877973560
            86.4622357271,             0.4831237416,             2.4526668512,            -4.5062060762,            -5.2110429121
            85.7661173948,             1.3195951856,             2.6550037422,            -0.1463461196,            -2.5975567560
            84.5364794420,             1.4426624543,             2.3367490467,           -11.9617505311,            -2.1708740080
            86.0374163379,            -1.4713359681,             2.8478574568,            11.9979417017,            -4.4733524037
            87.1006961811,             0.8036526847,            -1.3886089226,            -2.5954092519,             1.9397899823
            88.0636265348,             5.9763996988,            -1.2299950421,             8.6917643444,            -0.8950714852
            88.1902074057,            -0.5222931006,             1.2808431464,             0.4862064484,            -0.2579882492
            87.9358632397,            -5.5298077627,             0.8566655401,             1.1304241295,            -5.8048333717
            91.9525184897,             0.4913841526,             1.0493439339,             1.0987138729,             2.1915770478
            92.7171328658,            -0.2113693971,             5.9324052524,             0.6951413473,            -5.3196305433
            91.4219893820,            -1.9143397160,             4.5557262437,            -5.6508975436,            -1.0012554524
            88.0636724611,             1.2856267025,             0.4129694310,            -8.6381075857,             6.0116168084
            86.7402034321,             2.5998452270,            -2.2451265138,             2.5933791675,             6.9345335012
            85.7866875577,             3.1261146092,            -0.4001438608,            -8.9788482666,            -0.6694493218
            83.5245954395,             0.4728070716,             0.0696155411,             4.2276841106,            -3.0714807599
            83.8074040132,            -4.4376947109,            -0.9068284853,            -5.8512136997,            -6.1009728654
            83.1402884665,             1.2531356702,            -2.2205041111,             4.3872745709,             0.1130289513
            90.0313436373,            -1.2632681765,             6.0135908852,            18.4798049764,            -2.3528369017
            92.8977631572,            -4.4541791820,             0.9990005370,           -14.6224001594,            -1.6183735973
            90.2377363380,             3.2424163975,             1.8202509544,            -3.7662780318,            -6.3361507526
            85.8821936162,            -2.3663033297,             7.0084702534,            -4.1395512456,           -15.8192552638
            87.2292117281,             0.2094378914,             0.5164680780,             8.4847919305,            -3.6098837714
            88.9283497742,             3.4697900049,            -0.2698472459,           -14.4048810705,            -5.8759384340
            80.5111784944,             1.2466777007,             7.4316288413,             0.5854249633,           -14.9359731279
            83.3433497749,            -6.0434934394,             3.7212207158,             6.6680205663,            -6.7363347484
            89.6082928181,             1.2339903836,            -0.3944444232,             6.3269388277,             5.3414265836
            90.5656782811,             5.3032961022,             2.1392960491,             2.3427136537,             3.4507843134
            87.9722314744,            -0.2486119004,             4.6789619692,            -2.2976784612,            -2.5412258579
            91.4549995658,             0.4451915007,            -1.8717234945,            17.5466152511,            -6.6828981185
            95.8172468223,             4.5198690621,             1.9863025850,             2.9171932958,            -3.1622135954
            92.0677742103,             2.8641403841,            -1.0232840302,           -13.0829326164,             0.3132680524
            85.7728520567,             2.2519992058,            -5.5610245057,            -6.0253221954,             9.2380861726
            82.6419118888,            -6.7757289498,             3.5158991458,             9.5947765690,             4.9724928011
            86.4430805965,            -2.3051917168,            -5.7307905361,             1.7585777287,             4.0481593486
            85.8844873919,             5.5262624224,             3.5519861754,             1.7774804759,            -2.7449930662
            85.5465063754,             0.1339686453,             3.9491036557,            -3.6871836112,            -8.4826159971
            84.3565170477,             0.9944434264,             1.7510198352,             4.5000309040,            -7.8912472482
            92.4424694115,            -4.3670364370,            -0.8682546144,            15.5205535715,             1.0319988451
            92.3289486974,            -0.6501172736,            -3.1045061686,           -13.7212029389,             8.4536107512
            84.6442483808,            -0.2317218374,             3.5435628896,            -2.7789135861,            -5.0395875763
            82.6246451880,            -1.0815254432,             3.5998132144,             0.8357514455,           -12.6002751970
            85.2016083412,             0.7759847192,             6.5037939279,            12.5220205531,           -17.1732172696
            99.6281439384,            -1.7472648670,             8.1729978717,            15.1739563967,           -13.4630089228
            95.6548155470,            -3.6598257629,             6.8145296448,           -16.1690094722,            -2.4819426306
            94.5519007953,            -2.3488997196,             2.7620717940,             9.5249336795,             5.5769604570
            93.1845766343,             3.7776369084,             6.6600585963,           -12.3561113887,             1.6553114654
            85.5733178299,             2.2163527781,             0.1650316424,           -11.8027749740,             6.5720394098
            85.1712415074,             7.1980896353,            -3.5393803506,             6.1092352148,             6.7693618277
            85.2869867793,            -2.1586976268,             4.4971237007,             2.3299074669,             0.5410778617
            87.4676258389,            -2.1153623804,            -5.9856732944,             4.9773254587,             9.2326115582
            89.9987681848,             2.5854010445,            -0.1518000112,             3.4324190255,             5.4747179076
            85.8206725649,            -1.1646424130,             4.4063006691,           -10.6625536930,             2.8775332152
            82.2336902685,            -1.3237181794,            -1.9536809675,            -1.7860272816,             5.0773281696
            80.5638184355,             1.9260835747,             1.9492749787,             0.4373525166,             4.3515741262
            84.6586187874,             1.1050360466,            -0.3926168512,            12.0735232781,            -3.2939161504
            90.8833662741,            -0.9455720602,             5.4085628092,            11.3734449106,            -9.7947472328
            89.6052104602,            -3.9144340145,            -1.1824174169,           -10.2262154861,            -5.1083019644
            83.2873801995,             4.8013646121,            -1.5058511099,            -6.9814292385,            -5.2016009665
            83.0584320888,            -1.7362141618,             8.4130847942,            -0.1777304839,           -13.1544998098
            85.7535270328,            -4.4446530139,            -2.2397185099,             4.5583314339,             1.4760490963
            87.8079445708,            -0.6463427631,             1.8674443453,            12.1641349266,             6.8349352622
            92.5035901108,            -0.8964057599,             3.7694254829,            10.8422120605,             3.3173396175
            87.9542114488,             0.2315308404,            -2.1955076708,            10.0150514272,            -3.5665804678
            85.8071601747,             1.8142759402,             0.7726921663,           -19.9680881632,            -4.8801665648
            79.0953784176,            -4.5770404599,             2.1734824354,            -5.2240150164,            -1.0818365054
            82.9343317256,            -1.4516566280,            -3.4612815750,            16.4708912149,            11.9840575939
            92.2117818079,             0.3414962292,             3.1196818162,             4.4076144113,             3.2750462001
            93.2846215361,            -0.8302555982,             2.0708980319,           -11.0388896222,            -0.6757963037
            86.6403760443,            -0.8498727445,             2.8600001170,           -16.1249234450,            -0.8100198308
            84.1446822829,             3.3891412404,             4.5481979798,             4.3226626609,           -11.1240814764
            85.8658737416,            -3.4247647498,            11.6997575309,             2.5955596328,           -13.0627635972
            85.3104541135,            -3.4949080367,             1.1246979705,             7.1386343210,             0.2355940686
            83.9117620792,             1.6840969982,             3.7309361287,            -9.5420616027,             2.2558188373
            86.2559177615,             4.6310379098,             4.0062360864,             8.5721196263,            -9.0277983365
            87.7438768344,             2.5133246153,             3.4435036425,             4.8919160837,           -10.7398773796
            90.0972331105,            -0.3159634046,            -1.3268633185,             3.0500971150,            -2.1533604982
            96.1215142942,            -2.8826693890,             0.7059290899,             6.8413299101,             0.0891497059
            92.1772323257,            -4.1766223199,            -0.5543977639,           -18.0560928525,             3.2373092595
            83.7039763582,             2.8326323082,            -0.5506016156,            -8.7044925329,             4.0801904983
            80.1974229392,             3.2716870306,            -1.0802674111,            -0.8394390883,             1.8135731749
            80.1358276612,             0.4538353911,            -3.5712170319,             4.1794121864,             6.1736810732
            84.9874595924,            -2.6285069060,            -2.8156559114,             8.1406078101,            10.3574689274
            89.3932582855,             0.2805134373,            -3.9886310396,            -3.6794733536,             9.7411158163
            87.3540225746,             1.6971809940,            -0.5263799435,            -0.8237248491,            -1.0990339711
            90.2643495729,             1.7351649411,             1.2738217081,            10.1101687956,            -3.8021899911
            87.8809165842,            -1.0039043859,            -2.5669989634,            -8.8060313632,             2.6648759368
            81.8038025420,            -0.6919067840,             1.0015379374,            -3.4801004793,            -1.0979968571
            82.7081179383,            -2.2958777729,            -1.6949678655,            10.8705035567,             7.9480900244
            87.4697028707,             2.6614096805,            -2.8494591280,             7.6096654952,             5.1599946772
            88.6658674990,             2.2486005443,            -1.7078144832,             2.9569939323,             5.6691175123
            88.4358075230,             0.7819894845,            -5.0401888496,             3.2055161921,             7.1061444022
            93.0444964629,            -2.0094358046,            -0.4079842010,             6.0883953749,             6.0096686015
            90.5925859205,            -2.5858616016,            -4.9026146112,            -7.9498152562,             1.8740526510
            87.8565014464,             1.9607120130,             2.7705030949,             0.9552654635,            -5.6703598860
            87.9760193787,            -2.5309620133,             6.7308410486,             4.6165857617,            -9.3200511259
            91.8106138763,            -2.1682154470,            -0.4160949447,            -3.4618234728,            -1.6753444955
            88.9174930517,             1.7683585753,             4.1288230785,            -7.6654315334,            -0.8662762926
            84.3865657597,            -0.9495323689,             1.2416247714,            -1.3747523635,            -0.1009994615
            87.6388890498,             0.6117875824,            -0.3570668114,            12.9450103165,            -1.0917451449
            89.2757671017,             3.5198119804,            -3.2238653778,           -11.9964787175,             6.4944160519
            89.0641210664,            -0.9274270927,            -4.7911598633,            -0.8074893733,            11.8772719440
            86.7653688487,             1.7260826873,            -6.0526189218,            -5.3101468686,             8.4749654495
            84.5161994936,            -0.2310619566,            -6.6227579789,             7.3567215350,             5.9355319456
            88.9944002783,             0.9984270403,            -2.8600679531,            -4.7276212514,             1.8080601675
            88.6449970310,            -2.9919198619,            -0.4043335162,             5.7761095063,            -4.1986957596
            92.6676114566,             1.2419009139,            -6.3572600126,             3.4978541290,            10.2150518808
            93.9045592709,             2.8951187896,            -0.2267329800,           -15.9856755059,            -1.6134419243
            84.2712332444,            -0.2122238328,            -1.3775354116,           -10.9360780036,            -0.3764313352
            83.7635570687,             2.0532146377,            -6.5105193336,            14.2184499722,             9.8013469497
            87.2949753775,             1.7624406974,            -4.5728152053,            -8.2501114302,             3.3464042304
            83.1181469752,            -2.1839956197,            -3.2454719248,            -1.9613628426,             4.2982746457
            88.6995518694,            -2.5518668941,             5.0048608431,            12.6058575432,            -7.8452633820
            87.6155431048,            -3.8355085149,             5.7945204232,            -5.1177555858,           -10.2520578207
            87.1180880106,             3.8880666796,             0.6252831103,             6.9126266734,            -2.6400919443
            89.5628272923,             3.7220092896,             0.5357982044,            -1.6857489269,             5.1647498165
            86.6575584703,            -1.5387670528,            -1.3739719153,            -3.0421009202,             9.3176649087
            85.6025357659,             0.3987182873,            -3.7143241227,             5.6973638556,             5.2384646810
            89.1968966772,             3.5758812461,            -4.0436991231,             3.1622688437,            -1.5869856054
            86.0816570242,            -2.2358411544,             0.5595429328,           -18.9246936429,            -1.5733389698
            82.3230096205,             1.6857381957,            -3.4284970816,            16.9700601557,             3.8901606028
            90.5343114439,             0.9115515817,            -1.2633812687,             7.4284728344,             4.5580721158
            88.7152820364,            -0.1998951975,            -3.5226929938,            -6.2935057175,             9.3365863872
            87.0877400395,             2.3390908452,            -9.8496491495,             7.5117360861,            16.1864552599
            91.6206478329,             1.1330433282,            -6.6161684353,             7.7012998005,            16.8215293500
            90.9161909508,            -1.6132598761,            -4.1004775196,            -3.4685596700,            11.1824010818
            90.0209979084,            -8.8949939352,            -3.8436531400,             9.6999293734,            15.3057869105
            92.7556992167,             1.6375693521,            -5.4643623925,            -4.9755508501,            20.9979790537
            84.2559059534,            -0.0450164450,             0.2077073230,            -9.7693920592,             5.9626348593
            83.5740121996,            -0.2054242776,             1.6101913962,             3.7182790090,            -0.3123723206
            85.7526932862,            -1.1604692814,             3.2824855511,             5.5528156249,            -7.3253316892
            89.2632876639,             0.7705144488,             1.2441627452,             3.2105258133,             4.5145082538
            91.1222999913,            -1.5922811307,             1.8561285096,             2.0859909279,             7.4375028008
            91.2223087125,             1.6341262969,            -0.5723662539,             1.6080405757,            -1.7914190034
            93.0574039108,            -0.7948111554,             5.1171013587,            -1.1863600960,            -7.4874387141
            91.3906107886,            -1.6501352538,             0.2505791060,            -5.9995566277,            -3.3087220583
            84.3109393121,             2.8527904846,            -0.8513872559,             0.0108548535,             0.9338971362
            87.0051306493,             4.4834444395,            -1.4640000181,             8.0018293553,             2.1452187252
            91.7774198450,            -2.9740365959,            -0.4354476692,             0.6181688636,            -5.9640575655
            86.8484483910,            -5.7040512767,            -4.8196560434,           -11.4224802783,             2.1449197748
            84.8164719106,             3.3873761203,            -5.0661134763,            -0.7742851290,            10.0048310016
            84.8976542861,             2.1833436334,             2.6604165611,            -7.0982832418,             7.1614383515
            82.2556857671,            -2.9277163880,            -3.5980952368,             3.4462826111,             4.1119103791
            89.4864446619,             1.1412185261,            -1.0072614258,             8.0505930083,             4.6509497208
            87.8447069576,             0.6971442609,             2.0056334132,             1.5587049446,            -6.7035356608
            87.2548941061,            -2.1485346391,             3.6192743375,            -7.2078777607,            -2.0191366013
            92.0536439312,            -1.3857998897,             6.0754245179,            11.7290657945,           -11.5935088991
            96.1190311979,             3.0839036825,             0.9390862494,            -8.5762551020,            -5.2652564496
            91.3965324526,             6.6520663070,             3.2607587618,             3.9442301248,            -6.6810603538
            87.8567626952,            -1.9724830817,             0.8829591022,            -2.3606697037,             1.6393089737
            89.2747711015,            -1.0811055848,            -8.7604292740,            -0.3200699026,             9.8415619491
            89.1060301134,             5.9315348439,            -6.5011942351,            -0.9215333597,             5.0068855837
            91.8065202443,            -5.4110137162,             7.2995459520,             3.2411452489,            -7.9591169340
            96.7300283455,           -11.1537286635,            -1.4782171383,            13.3198373719,             6.0341488068
            96.4234452324,             5.1791198075,            -6.4846930220,           -11.7502441171,            13.8787303788
            91.1123661150,             9.0769021512,             3.4574275019,            -1.8665040988,             4.3256499307
            88.9892496504,            -2.9129668256,             4.0570695077,            -6.1885271344,            -1.4348023761
            85.5949356455,            -1.5681086189,            -6.6168391823,            -1.9373108393,             4.7939002759
            87.7932882961,             3.8811277480,            -0.0840085831,             4.9655017365,            -3.1395652711
            87.2852363485,            -4.2203054896,            -1.7194934646,             0.2190557201,             3.1762595999
            87.4253570040,             0.6186479239,            -1.8514504342,            -3.7504958230,             5.5282074383
            85.5143445497,            -2.2152394641,             3.3830662587,            -7.1975746629,            -6.4788872640
            82.5073501908,            -1.6176609063,             4.9636787389,            -1.2560496285,            -7.4089767279
            83.6322523196,             1.0014006531,             4.4560263194,            -0.1742493899,            -7.9977237397
            86.4856961574,             1.6939985222,             1.8958319066,            -0.2345591859,            -0.0731555621
            83.7509551868,            -0.4391618901,             0.8816153252,            -8.6389348584,             0.1986896398
            82.0648775457,            -0.6101614073,            -1.7958785749,             0.2350902921,             5.7325157499
            81.0526313864,             0.2649835223,            -1.5528078762,            -2.0970838397,             5.8430747949
            86.0944136565,            -2.4421919905,             2.9553675798,            12.7339061783,             1.3228962860
            96.0825761228,            -0.0050971897,            -0.0188617125,             2.2041215771,            -0.7574393976
            92.1771572582,             3.1382036292,             4.3881169726,            -9.7146990308,           -12.0360884468
            86.6245984451,            -1.0715597843,             4.1327380397,            -7.9984667385,            -4.6697577521
            84.2355734593,            -0.9019872989,             0.8882836777,            -1.8567541018,            -2.0896313199
            84.7629353211,             6.0684492038,             0.3902910370,             3.0253522807,            -3.0542521077
            89.0990069922,            -0.2703843811,             1.6584090948,             0.5745042575,            -9.9105461891
            84.6106780340,            -3.2675543741,            -5.7279175214,            -2.0188609795,             4.7474090727
            85.7817333900,            -0.3281332626,            -0.9200655594,             9.9629930445,             6.8447208584
            90.9362752170,            -3.9265644856,            -1.9358958512,            -0.4894065612,             6.1423244118
            87.1144843585,             2.2556337791,            -4.7386039721,            -6.7097057634,             4.9160327104
            88.0457102147,             1.0879128324,             5.4475894131,             9.6834535226,           -10.0235005946
            94.5550438459,            -2.7228523999,            -2.5590784665,            13.9885705021,             0.0408545559
            90.7124225873,            -2.1385240698,             2.7596043861,           -21.1761515655,            -3.1484512208
            85.9076342118,            -2.7446563484,             0.8815200827,             2.1055880060,            -5.3496629937
            89.5171267210,             3.9846316197,             6.9224599467,             9.6927359948,           -10.6509401111
            87.8248998777,            -2.6425533263,            11.4554802643,            -3.2511928658,           -11.7926069250
            84.2277125033,             0.5722255559,             1.3540719540,            -1.8354933126,            -4.6531827962
            87.1488963022,             2.3741532184,             4.6159221056,             0.7607233573,            -3.9140060608
            86.1059546908,             2.9735449340,            -2.0455671802,            -8.6444030104,            -0.1096223839
            86.9441883964,             0.9732546864,             6.2490301811,             7.5816442421,           -14.2005785747
            87.4447020141,            -9.8824145444,             2.6425227291,           -13.1369396494,           -16.3496987249
            84.2664890648,            -2.3001465170,            -0.7150734688,           -14.5337537204,            -2.2388968863
            82.6241861791,            -0.4791467973,             8.1524753075,             8.4232598390,            -9.6561910457
            89.0970123118,             2.8180397509,            -0.7286067726,            11.0364938284,            -5.3112900238
            92.2839569862,             6.6986149700,             0.3390382086,            -0.1263146400,             0.8030260677
            88.2026744091,            -0.9650009298,            -1.6443200708,            -4.0022845358,             6.7573876413
            86.2342251234,            -2.1638567663,            -7.7523415767,           -10.7566744943,            10.2406719339
            81.3151639490,             1.2146010603,             2.1126148404,             2.5119345808,            -3.4523764275
            88.9400809583,            -4.8041692899,             3.4953606355,            10.4759089759,           -10.6021902417
            86.5412455667,             3.6059734834,            -2.4996875965,             5.2982507476,            -4.3983217184
            91.3549034321,             1.1302163618,             7.6382432401,             2.4635290250,           -10.6917604271
            87.2604333677,            -4.7876226343,             1.6924067785,           -10.0361998241,            -5.8974420439
            86.6341750865,             2.1327659272,             0.2751242177,            -3.9931873277,            -1.1633670592
            84.3631393171,            -1.8612198668,             6.1341932342,           -14.3848426362,            -2.1902801482
            81.1143677774,            -2.2924120256,             0.6462821880,             7.2161559607,             5.4118383984
            85.5254199629,            -1.0293745348,            10.7118583295,            16.6596147679,            -8.3246083497
            89.5356460221,             0.0475433966,             1.4700588495,            -7.2373946872,            -0.4276385413
            86.0250566437,             8.8215427559,             6.5443683359,            -7.9223987951,            -4.2595030043
            87.3706078120,            -2.2792905492,             7.8637351230,             8.8589776558,           -10.1218966833
            90.1891684163,             3.1947864088,            -2.6201907688,            -0.7763524653,            -5.7562754162
            88.7814538822,             0.1846900472,             7.0349152675,           -13.4728487624,           -14.6927269031
            85.9510368651,            -2.1389062818,            -1.8415973501,             5.9173039972,             1.3873687800
            88.0717566526,             3.0320868812,            -4.0912568811,             0.0243415518,             8.3147963228
            86.3277323633,            -0.6083246378,             0.6745130301,            -8.6910405532,             1.8804134807
            84.6063671098,            -2.8388201760,            -6.4226882284,             2.5096208769,             7.3962267387
            86.9489296960,             6.3164414400,            -7.9447149192,            -4.1200832459,             8.8799618324
            87.2005768723,             1.4236720652,            -0.4692834606,            -1.2206395881,            -0.6251898326
            84.8924392702,            -4.2489349921,            -4.0457696461,            -4.3183382578,             4.0891903545
            84.9542773999,            -5.2927658321,             1.0068285284,             1.9538122000,            -1.4634401151
            89.4565358263,             1.4403359323,            -1.3317960738,            14.6934348498,            -3.9910169276
            90.5788864391,             1.3831086549,             8.5498953131,            -7.8339582962,           -15.2840986165
            86.5233563847,            -5.7052657213,             0.4736453689,             1.0152874831,            -0.8533357258
            89.2539097657,             1.1651546447,            -2.8841670204,            -8.6239081367,             8.5304587740
            84.5817771128,             4.2659397091,             2.7100321520,            -4.5286209890,            -8.1854611048
            85.3607263073,            -2.0811464982,             2.5919313915,             7.7999037690,            -9.5552693845
            86.8974882112,            -2.5094537237,             0.6610306008,            -4.7018796763,            -2.8589827315
            86.0283437673,            -2.4937354954,            -1.2539937049,            -0.6672859956,             4.9175239300
            86.3366309530,             6.2148102920,            -7.3147561929,            -3.3820621003,            14.1390346515
            88.3759280212,             8.5184100178,            -3.8257732624,             6.1731976640,             4.7151605774
            89.5366894106,            -4.5854039256,            -1.7906164768,            -3.4065329940,             4.1710936125
            83.9440801825,            -4.8048317565,            -6.6716934780,            -3.1306798037,             4.7189071364
            84.5622756124,             1.0121312715,             0.6942475474,             5.4771794835,            -5.9860807074
            84.5043647384,             2.7201789290,             4.2008053266,            -9.4210062186,            -6.4533986915
            82.8232033182,            -0.1946663063,             2.6312443641,             4.2607315621,            -6.9719480252
            83.9902112902,             2.4834246175,            -5.2924650350,             4.4338368812,            -1.0349172554
            90.0640935035,            -1.2711423352,            -2.0572086786,             7.2112784484,             5.0662070774
            88.3486498157,            -2.9116559313,            -6.5660313106,           -17.3535946429,             8.6501438134
            80.8021908705,            -5.1339924680,            -1.7656740441,            -4.2693250920,             4.9906769001
            86.2124197563,            -1.7619622618,             1.4517313814,            16.5961359735,             7.4718893972
            88.1722307469,            -0.3906101003,             1.7969678836,             0.1543767477,             5.0289237049
            90.9320531447,             2.4999534845,             3.0672173562,             5.9460822010,             0.8199864754
            90.8701948277,             4.2286968258,             0.5056075979,           -17.6409271486,            -0.7775541440
            86.1983320961,             2.2363359658,             2.5733939734,            -4.7635615670,            -8.6365412345
            84.8919248246,             0.0236121209,            -3.9847694986,            -1.6208931323,            -3.2088250556
            89.6815743599,             0.0487110950,            -1.3962950463,             7.3689941760,            -1.4673143597
            91.8811546583,            -3.3233295902,            -2.8498165916,            -7.5503811582,            -3.3217443026
            87.7343027554,            -1.7291326991,            -1.6863111381,             0.8758940595,             0.1868916073
            88.3167492380,            -2.5892500525,            -0.3813994397,             3.6367961100,             2.1213510694
            88.0041354412,            -1.4759318141,             3.3664009070,             6.9201400521,            -1.0934089093
            90.0465989055,             2.8265130546,             1.7306978144,            -9.9339270373,            -4.5409692395
            87.8253967679,             6.8276272084,            -1.2143162270,            10.2803233724,           -10.4147009931
            91.9934915856,             3.6800064131,            -0.4747360343,             3.5332262872,            -5.8997471739
            89.4559597433,            -5.3164642620,            -2.1597093302,            -5.8592490331,             1.8246261749
            84.7117577227,            -2.3897595074,            -5.5643890334,             5.5606220256,            10.4988648620
            90.5085972292,            -2.7803540980,             3.9032926758,             8.7431898997,             3.3682771609
            91.3130511271,            -1.5065331193,            -2.7644622512,            -3.9336848787,             5.3120825299
            85.8996363333,             0.9261803999,             5.3010195265,             0.2859731020,            -5.3407615064
            87.0124234213,            -5.3800067558,             1.2235601744,            -1.3883682553,            -1.6906074003
            85.9268539638,            -0.0815954454,            -1.8078850953,            -6.3911205481,             4.5408732563
            84.5215363810,             1.2492053929,             3.7820153119,             3.9935248045,             3.0956212903
            83.5301891652,             0.8663903591,            -3.3020347135,            -1.4064995258,             6.2685242425
            83.3478920987,             3.0519573050,             1.3299436643,             4.5737195546,             0.3699208409
            87.1795962380,            -2.4892317426,            -0.4301231943,             5.4547234375,            -0.3581414380
            85.1799510002,             1.4200774665,            -4.8746115691,            -1.2566687392,             7.4564013373
            88.6803961850,             1.8416131585,            -4.5260689377,             7.2400110928,            11.6863101311
            86.7596269236,            -0.3310125496,            -4.6964857653,           -17.0163472621,            16.2906864969
            87.4580185496,            -3.2440978563,            -2.7747960945,            10.5617336217,             8.9317570632
            90.4565600252,            -0.6817136865,            -6.8129636313,             7.8050666109,             9.6704990963
            90.1951050983,             1.0685242958,            -0.9336624770,            -3.3851555271,             3.3092761759
            86.8778238375,            -4.9600827899,             2.6349650261,            -4.4122031968,             2.1815603575
            84.3052427804,             3.3547747054,            -5.0905342560,             1.0949667448,             4.0472026124
            89.6591086412,             1.7756067810,             2.2860305082,            15.1129319997,            -5.4128932691
            92.3809698939,            -1.5412713358,            -3.4241223081,             2.8062795696,             1.0128284769
            92.7187235862,             0.5242817447,            -6.3992026088,            -5.0866291783,             4.8101536351
            91.9283521568,            -1.2639531156,            -0.5893352591,            -2.4965544605,             4.7231845581
            85.7723939223,            -3.7502286546,            -2.8565157811,            -9.1484667956,             5.6783670031
            81.3596897895,             1.1349108473,             3.0809891755,             1.8643943782,            -4.9454665442
            84.8927423900,            -2.4544130997,             2.7813820250,            -0.8318720636,            -7.6929301038
            84.2720249230,             5.8174853239,            -2.6579044730,             7.8474934371,            -2.3357409877
            85.2154702356,             1.1647447991,             0.5006552723,            -0.1892132312,             6.5354781926
            87.7530165494,            -3.0786610899,            -3.5698760768,            -6.6090250866,             7.2791488421
            88.8985408924,            -1.5001478497,            -5.8922492306,            11.6299210457,             9.2902977209
            91.6678616373,             3.1037684483,             0.1898035881,            -3.7824951309,            -3.4933548644
            92.0964365454,            -0.6678903022,             4.4164319089,             4.6259636264,           -11.7089854100
            94.8359442453,            -4.2446652138,            -2.5483407614,             3.1056332138,            -6.7943710699
            90.2015842941,             3.1975114992,            -2.0552679144,           -12.2155940227,            -1.6587473687
            91.9674209924,             3.1890197893,             2.7168623888,            14.9099984863,             1.1452098056
            96.5070686453,            -3.9257784387,            -3.5058422795,             0.4012727888,             8.9166253691
            88.5669627001,            -0.0238577911,            -7.4341056255,           -11.1597883628,             9.0621837879
            83.0061355979,             2.7917166620,            -2.4588397635,            -5.7147631637,             9.0751559662
            85.7624760608,             1.2914210511,            -5.3288134433,            -2.3823866730,             6.6916605041
            84.9446401783,             0.8726244542,             0.5027529004,             6.3932824812,            -7.6086915994
            87.8274049890,            -6.8305839153,             3.3289215078,           -11.0481412800,           -14.2396993435
            80.9938771047,            -1.0162959522,            -6.0829494199,            -6.9644072683,             1.4553096658
            82.8587577108,             2.3488361781,             5.9438164085,             9.2786622982,            -5.1645631060
            87.8533970246,            -2.1130911707,             2.5223048789,            -6.4338175891,             0.0509592748
            82.3400813523,            -1.8771087621,             3.5408096521,            -5.6911978546,            -0.5974580621
            82.2136437907,             1.4321298360,             2.8414549139,             3.7393037443,            -0.0923536045
            84.4503314668,             5.4137230267,             1.2305394656,             6.3167118114,            -8.7535545792
            88.5225790157,             0.4387544049,             3.7344202554,             1.6018214475,            -6.0233940353
            91.7266176490,            -2.5241829142,            -2.7973860297,             5.7716983441,             8.6882846384
            90.3962438126,             0.2377137848,            -4.6359517794,            -8.1698475013,             9.5931220064
            86.7887298802,             3.5661263271,            -1.8192208668,            -9.6888029829,             5.6905447935
            86.2922134837,             1.6728199378,            -3.1769939877,             7.0995212904,             2.5684666977
            91.1994353467,             3.3797355293,            -3.0393250646,             5.7072036876,            -6.9261784528
            89.0867150259,            -3.4023161060,             2.8456965495,           -10.9191601440,            -6.1779853023
            87.3948404703,            -3.8962074522,            -3.8823504423,             5.4857240623,             1.3349816149
            89.5342875594,            -4.0617450841,             0.0833514172,            11.5106408058,             5.1107454282
            86.1751007080,             0.6903689713,             1.8245669542,            -6.9228349443,            -1.0937783725
            80.6655966670,             0.0694424325,             4.2313411135,            -6.7558333795,            -5.2775908145
            84.7595052396,             1.8467091416,             6.0223278611,            13.3645161793,            -4.7215126427
            90.4504696728,             1.0557254507,             1.0424028769,             5.9929576853,            -1.0756595960
            90.4090723391,             3.3635717765,            -0.6183021528,           -13.7363354092,             8.7015275035
            82.5030431989,             0.8498871467,             0.7147530536,            -8.5107897278,             5.6313623507
            83.7331768670,            -3.8134375996,            -0.0622299257,            15.9420347372,             7.8307418677
            90.8350013569,             1.7918524413,             0.6109791665,             0.0147382911,             9.1101155662
            83.1000920441,             2.1681103734,             1.9482118037,           -14.6149427922,            -1.2689256032
            83.4661417273,             1.9735030130,             7.9234718511,            12.7978253297,            -8.1667390134
            91.7229484568,            -4.1723252580,             0.7556865569,            14.6376036725,            -0.2443187077
            92.1280240607,             5.6098959285,            -0.7044466473,            -1.4951387951,             0.7292830903
            93.6319587708,             1.5259971419,             5.0294762720,            -4.9586645815,            -3.6722426858
            92.4809501678,            -0.1386403385,            -2.2416765191,             2.7314516999,            -0.3960765461
            86.7721896617,             2.2767394924,            -1.6622845226,            -9.2076824963,             3.1262329829
            88.8687158277,             1.4424143911,             0.8698835213,            15.5022811088,            -3.3981639703
            89.5230588760,            -3.7168249864,             1.3822124922,           -13.1389190899,           -14.8102489940
            83.0282969538,             0.1259618299,            -2.3100611782,            -9.0682916452,            -5.6810270899
            82.7615256314,            -2.5665792759,             0.9385953013,            -2.9407215972,            -6.3699586779
            83.8402219284,            -0.5618191095,            -3.2160375310,             6.4309912992,             3.8778171514
            86.5007327791,             1.7538434060,            -2.7799308023,            -0.0829716334,             0.0978324733
            89.1371606320,             1.0960392539,            -3.9923308089,             0.8528622659,            -0.9887157340
            87.4732696392,             0.7070958059,            -3.8717737427,            -3.2589488394,             1.8027529298
            86.3993528357,            -1.7691682737,            -2.1153469042,             1.2677693690,             0.4515680289
            87.0194117098,            -3.3513633875,            -0.1031836921,            -0.6861256995,            -2.1938521260
            83.2441976051,            -2.0325509713,             2.4560100358,            -9.2781386655,             0.5606792777
            81.3441525548,             2.6456970154,            -0.8603929726,            -8.9164241001,             8.5744065782
            81.6509213813,             3.2310945968,             2.2743089561,            10.1269484093,             2.4680390064
            86.7411259308,            -4.1337202716,             0.4198258913,             6.9587399428,             6.6337586374
            90.8211739520,             3.7446710302,            -5.1455771097,             8.5249363121,             3.5975344947
            87.1469212569,             1.8459424607,             4.0564542282,           -14.4776483086,             3.6400762549
            85.0447301065,            -2.7730361629,            -4.7627047848,             6.6503596433,             9.8712389092
            89.5645624262,             2.9930788243,             2.4404710806,             8.2222170461,            -6.0294369946
            90.1029142173,            -2.4351633126,             2.3011903599,            -2.0380501939,            -5.8891336677
            88.6157314368,            -1.9977775388,             2.3166439988,             3.5322503705,            -1.0696027524
            92.6735984737,            -0.9760795319,             2.6660234922,             1.4573693767,             2.3176318010
            90.1352008855,             2.9832139805,             0.7304613895,            -7.3583739104,            -3.7084354439
            84.2905503596,             2.5633784114,             8.9216680890,             0.1590691798,           -12.2933192353
            87.2239689788,            -4.9902061656,             3.7578728460,             2.3841519087,           -13.7595338588
            87.9023927587,             2.0620184163,             1.2980745205,            -7.2618418655,            -4.6272418794
            83.3236324839,             2.2659840824,             5.1794490341,             1.8506868897,            -4.0461553763
            84.6476450331,            -0.1574630347,             0.6889013030,            10.8454604906,             1.4890872214
            86.8519191460,            -3.2931316763,             5.8664171944,             1.9134892254,            -0.1745702168
            92.7013416164,            -4.8079105570,            -2.6732951487,            11.5920286685,             9.1685888616
            89.7893977157,             3.9755472624,            -2.5714742076,           -21.0963653839,            10.1092335522
            77.2999919264,             2.7843876590,             2.2413844733,            -3.8645754904,             1.7013643132
            81.2844165548,            -0.7244580452,            -2.6896897432,            10.2546785304,            -2.4034940337
            87.6791400260,            -1.9439342628,             6.2439345355,            10.6305885207,            -9.2663387112
            88.8666810927,            -2.6617337860,            -1.6753283352,            -2.9472429784,             3.6627871386
            91.0865888541,             8.2658186123,            -1.4915499032,             0.3314344230,             3.4004683511
            90.9533956528,            -0.4329331485,             3.5642899590,            -1.7953624442,            -3.5668472924
            89.9562177360,            -3.4436099661,            -1.0019343623,            -4.1467863642,            -2.0827157216
            87.5626333573,            -3.5368514155,             0.2495644435,           -14.0040957643,            -7.1955851718
            82.9265341246,            -1.0602402474,             4.9678597002,            -1.9936644118,             0.1351795626
            86.4015861602,             1.3731321429,            -2.4397866905,            12.1253031032,             8.1641038412
            85.4168019750,             7.8465772421,            -0.5320872902,            -5.8886281549,             1.3541234444
            82.3361818289,            -0.4829785176,            -3.6959871928,             5.3527755777,             4.2558446775
            88.1332486991,             1.8332002139,            -6.5345286039,             0.5103694198,             5.3814270428
            84.7190293888,            -3.5414498420,            -3.0573773849,           -17.4800969076,            -5.6272195848
            80.6085478560,            -0.8848688311,            -3.7582254423,             1.8916424478,            -8.6656268354
            82.0087903345,             0.1625555147,             3.4488046810,            -3.0460175108,            -4.2146780858
            81.9943504032,            -4.8630326758,             1.9183221288,             0.1169187076,            -1.2741000188
            83.7814561774,            -0.6327438512,             1.4334212728,             6.1889460405,            -0.4093898833
            88.4522440122,             0.3982868965,             4.5226624369,             4.4434745371,            -8.3621509464
            90.9501845405,             5.7064295104,             0.3871756703,             2.4750325891,            -6.5178190157
            89.0541621636,            -3.9181846586,             5.9710007799,            -0.4884431249,            -7.4815271869
            91.7365835864,            -0.0080565455,            -1.8071196007,             5.4260460330,            -2.0463429774
            91.2310906214,             1.2496596021,            -0.9490077030,            -9.9614698537,            -3.8860121409
            86.0366239435,            -0.0517670404,             1.6693952670,           -10.2674470824,            -0.7646442119
            87.9365679988,            -4.6966268710,            -0.2607653084,            12.1927054748,             2.5332117042
            88.6246139099,            -0.5887206693,            -6.1058013019,            -1.4576929367,            11.3748252998
            89.9971456867,             6.6749751255,            -1.8143088680,            -2.4257752190,            10.6649513418
            87.8624663100,             0.7563312436,             2.7662589173,            -6.3667289161,            -4.5142453219
            89.6054922380,            -7.8785327535,             2.7888057349,             9.1869495412,            -4.7049569201
            91.1634703787,            -2.1878654073,            -2.0927448004,             0.3795533933,             3.7833390295
            84.6509970127,             5.2077106836,             7.5195115023,            -7.9284637292,            -3.0585496546
            78.9808095457,            -1.7314386966,            -0.4526276981,            -7.1632928866,             0.3165079642
            81.9889262269,             2.1873525479,             1.0619515314,            16.8307056951,            -0.5466422798
            87.9912361886,            -1.7146321043,             0.2147516908,            -0.2039131933,            -1.1547015042
            86.8789034859,            -0.1818590153,            -3.4918388323,            -5.9660717296,             2.1361170569
            88.0576956435,             2.1264572657,            -1.0801671075,            -0.7995481196,            -2.2043497583
            87.4228103364,            -3.7283312750,             0.1824431719,            -0.7380925392,             2.5329473479
            91.4104127817,            -7.2136748987,            -4.6661380396,            10.9882716819,            15.5329739216
            89.4162956636,             3.8396306648,            -6.2441101843,           -11.8870606526,            15.0037439513
            85.5953481909,             0.9306808691,             2.1213166171,            -4.6512796773,             8.0894112126
            83.9209604110,            -4.1612310249,            -2.9612132487,            -3.9911249865,             4.0507736911
            86.4194380120,             1.2029445840,             0.4963042989,             6.0636281543,            -3.8975225201
            86.8696898220,             2.1713886957,             1.3718106453,             2.4506257504,            -4.0606905917
            85.5886899467,            -2.1571396090,             0.6526629739,             0.1816782076,             9.1039917785
            88.1305851080,             1.8179307085,            -6.6591143299,            11.0334798448,             9.3949183983
            87.5261822851,             5.5155834180,            -2.2309441376,            -3.3411360440,             1.4437784145
            86.1787790800,            -2.3361747915,            -2.3060536074,            -3.9539939280,             3.5576581171
            84.2039859625,            -1.0265349068,            -9.7730381823,           -10.1953253450,             8.2268889018
            81.9993305566,             2.1725879748,            -2.8952775935,            14.9879123094,             2.5055515547
            88.9984321799,            -4.6920698983,            -1.4567792980,             2.4020328984,            -2.0248463383
            86.2645502080,            -2.8084070115,            -3.0094648598,           -11.3031365917,             7.1190666844
            81.5212892806,            -0.4934407490,            -1.7162921312,             0.2117166439,            10.3020259866
            88.3571666538,            -0.2327107500,             4.7683286285,            12.9172299166,            -2.3729892159
            92.2646181235,            -4.7278413151,            -0.1597673705,            10.0046547774,             3.4408649912
            89.2815190450,            -0.7083136470,             2.8099553355,            -6.6328433444,            -0.5399213817
            87.4604929466,             1.8578038428,             1.6495033682,             4.0281215534,            -0.9239374815
            88.2459522815,             4.1633799881,             1.8263331044,             4.9433118500,            -9.4946907631
            88.2600547412,            -0.1165880537,             3.8892714283,             1.6828389607,           -11.9417250305
            87.6289780706,            -4.9923015202,             3.2404690839,           -12.3056001069,            -5.2221427527
            83.6727023266,            -3.5268896550,             1.0816843952,             4.1432167919,             3.8477510336
            91.5664988807,             2.4058732602,             1.1904362508,             9.9257515483,            13.6935799712
            89.0839850189,             3.1672449290,             2.2667900042,           -11.0433051967,             1.6064126831
            87.4918910487,             0.3403850875,             3.2942253551,             5.1567513773,            -3.8333283066
            85.6985070259,            -2.5302202775,             2.7894046990,            -3.9837168489,            -3.0566504332
            85.6553689067,             0.4172405116,             1.3314526991,            12.6941323632,            -2.6906334496
            90.7069532195,             2.5936448851,             0.8619238475,             9.7325007953,            -3.4671171416
            88.1296414187,             1.4830796294,             1.9810665752,            -7.8092188320,            -6.4115499481
            84.7380560682,            -0.0383997122,            -1.2855942830,            -3.2872217286,            -6.6060183216
            88.5067547652,             4.3598960000,            -1.9129043170,             4.5899178707,            -4.3921737578
            88.0919101374,            -2.8397226396,             1.6839638266,            -5.3878683826,            -3.0397578411
            87.5118242781,            -1.3631730098,            -7.9809381243,             8.0938873404,             6.3226490626
            93.0420632023,             2.4107057259,            -1.0920450366,            -2.4825529461,            -1.6982729686
            88.1027696685,            -1.2557050257,            -3.6335105741,            -7.0782940250,             1.6203683932
            88.6090083457,             1.6367412114,            -5.3977960024,             5.5168990706,             1.6620154988
            94.9560047429,             2.0613773899,            -3.6746387791,            14.8816998496,             2.5972186278
            95.6426121454,            -2.7647842680,            -0.8341556383,            -7.3784266908,            -2.5567812733
            86.2337164238,            -6.2523715929,            -4.8291947492,           -14.4048571854,             6.7351240221
            82.2996559385,            -1.6692079547,            -1.3698901673,             0.6664578515,             9.7548499842
            85.1841813201,             5.7000290550,            -1.7118410852,             6.9767584950,            -0.1413906512
            92.1607393744,             0.2602367477,             6.3898917771,            17.5469027326,            -8.3048640392
            93.6668609990,            -7.4489385071,             0.0189004462,            -8.9716921215,             2.3750791906
            90.4300399284,             1.0417492954,            -0.0833374976,            -1.8213299683,             1.4202628424
            86.6570028618,             5.2137883675,             1.5478521675,            -4.7599539262,             0.8977934087
            86.2580614062,             1.9688398018,             2.1512030597,             1.9390567100,             6.2192156662
            84.5539574495,             0.3611021077,            -5.7619435606,            -8.8680116404,             8.2728089095
            84.7477941735,             1.7057085916,            -1.4591670787,             4.4233636393,             2.7576156808
            83.0612892313,            -2.7095542554,            -0.4030679239,            -8.2098358045,            -1.1442235900
            83.2336667128,            -0.6522431442,            -2.2198530192,            19.1460903753,             3.5291226088
            91.6305170185,            -2.2718013814,            -2.9685995235,            -7.5710133458,             7.9668859463
            86.8198721181,             0.0155853881,             0.3010877820,            -1.2334996999,             2.5309943336
            90.0284735909,            -4.0588071184,             2.5728148939,             3.2110408459,            -2.2569909052
            88.5865945346,            -3.2636974968,             1.4741629928,            -1.9191792871,             3.9524738429
            90.8011831116,            -2.5462105907,             6.6879186415,            11.5199384288,             1.9319992146
            91.3564804574,             2.5483437485,             3.0087704104,           -14.9509881302,            -4.0141681671
            82.8748035561,             0.3334722581,             8.1291068390,             5.3525916872,            -9.5750037042
            89.1795643483,            -1.1937180189,            -1.0390777230,            15.2637413313,             0.7000537756
            89.2090814347,             2.1940906222,             2.2021343600,           -14.9989105855,            -0.7020193991
            85.1906348210,             1.4122107529,            -2.0500147887,             1.6082337953,             0.6001070667
            89.0945034138,             4.1461870140,            -4.6095755528,            11.6421128808,             5.2004037430
            91.0244827813,             1.5408413294,            -1.0423910514,             2.3909264101,             6.4560345037
            87.5055813544,            -7.5197231230,            -4.7297474455,            -4.5162707445,            16.8771504052
            83.8283649841,             6.1399921269,            -9.9845106079,            -3.3500197006,            11.8753939999
            82.7166135821,             2.4744313305,             0.7792189125,            -0.8884384999,             2.2970225442
            83.3253041838,            -3.5886949496,            -4.5321344882,             4.0900820401,             6.1938451269
            83.0120330337,             2.5442985404,            -0.3469652859,             0.3061774937,            -6.7714036242
            84.2796792523,             0.4238066635,             1.8544995573,            -2.4912774194,            -8.0355396893
            88.2197498445,            -0.3080685756,             2.6711582450,             8.9267140845,            -9.7332407307
            87.4965003662,            -4.9802605949,             3.9979188520,            -4.3040936559,            -8.3510987409
            85.7311912782,             3.7483020208,            -4.0081807514,             5.1818133970,             4.2580543004
            90.5855417444,             3.7147517836,             0.7680658444,             9.8019208671,             3.0954132637
            93.1871308954,            -1.5792992721,            -4.7826140139,            -0.9460149322,             4.7727864753
            88.8791343219,            -1.7131159113,             0.0012260807,           -10.7459131201,             1.0948982540
            86.9014631252,            -4.0423213488,             1.4849613326,            11.3042661688,            -1.0995134555
            92.5072941638,             1.6742022263,            -0.5910654051,            12.6271441183,            -0.8398349825
            92.7441045598,             3.4203932014,             2.8521179000,           -19.8402393489,             2.8581294423
            84.9549111075,            -0.0199048113,             1.5439283721,           -13.9581984395,             5.7138847106
            85.1487404261,             0.3910773751,             1.1460795263,            -9.5861579898,            -4.9680188992
            83.1552943875,             1.9462433552,            -0.9301010799,             5.5409194978,           -11.2263852067
            87.5770127038,             0.0725025335,             4.0076815280,            12.4594922661,           -13.3448673368
            89.1778330324,            -0.8135646662,             1.4589850508,             2.1685220549,           -10.7029911212
            87.6854712634,            -2.9406588990,             1.7310197768,            -3.9629751652,            -6.8705860268
            85.8318155008,             0.6947405642,            -1.5289934259,            -1.8403400151,            -2.5365940308
            88.2470639937,             6.2398417572,            -2.3157549773,             6.5438858040,            -0.7316212949
            86.3140851730,            -3.1745514458,             4.4773337756,            -2.7127136960,            -4.9133787121
            85.3382110590,            -3.8452175403,            -3.6119981463,             2.3194990984,            -4.6670359314
            93.6525820936,             4.7071175799,             6.0007468432,            14.1425464588,           -15.7954740446
            91.3096712231,            -0.0083734309,             7.0335803942,           -10.4748350641,           -17.6276531609
            85.9467719952,            -3.4793146262,             1.0518825901,            -2.6295678983,           -10.1870146257
            85.3255706873,            -6.1942404899,             9.5157152433,             7.6139479445,            -5.3743356471
            88.0671092095,             1.3080150547,            -1.1672568608,             6.2403383424,             0.6369696923
            91.2959585448,             3.2723407683,             8.2764863414,             1.9506227876,            -6.4463964392
            88.3313253753,            -2.7981447673,             4.6028655224,           -10.6504176912,             0.6016907696
            87.9778180852,            -6.0247536382,            -2.0562695690,             7.5809999189,            11.0293100259
            88.0549624193,             7.0961680548,            -3.0116857151,           -12.4961010100,            13.2140457690
            88.1317731845,             4.7791139567,             0.9684989145,            10.0433487385,             5.7456904827
            94.1227187584,             0.4444163976,            -0.9997058371,            -0.5708841559,            -4.7173834191
            91.1034704458,            -1.8924996604,            -1.3853596151,            -8.5061729760,            -3.2992590704
            86.6027386298,            -1.5158143993,            -1.5882508190,            -0.4511291228,             2.0822063671
            87.7732684587,             0.1484498284,            -3.3658046859,             8.9986828751,             5.4562787142
            92.8261220724,            -2.2909743341,             4.3402980298,            -0.9702531352,            -0.2742135345
            90.0258057595,            -2.8451518952,            -3.4394680087,            -3.7926562287,             7.2841258689
            90.8877327998,             4.4274134111,            -5.2715278873,             4.3758471458,             6.9031983778
            92.0878855757,             3.9134178062,             1.4652342360,           -10.1791259712,           -12.2277742180
            85.7534929512,            -1.8728492729,             0.0823013775,            -9.8658391186,            -8.0763092240
            85.9720838831,            -5.9095227871,            -5.4048777500,            -0.5409707126,             2.2214568995
            88.7120257665,             4.8424776653,             0.3738427794,            -0.8500258766,             0.8423801037
            85.5272256440,            -2.9615943906,             2.1103513083,            -6.0983343617,             2.0791321108
            82.2127230758,             3.7065611904,            -6.3784135509,            -9.5660256678,            16.0376445898
            80.3978639444,            -0.6098167303,             1.6018480648,            -3.4412030296,             1.3171472579
            81.7916410328,            -1.6979014646,            -2.8647616718,            10.5273278669,             0.9632868249
            85.6140557310,             2.8054305330,             1.7657711485,            -3.9256079400,             0.8061489191
            84.1826395012,            -0.4050628180,             1.9518924047,            -1.8398843215,             2.2188802707
            83.2591293154,             1.1096408721,            -1.8418097305,            -5.7975873705,             5.2628155970
            83.5986001316,             0.4439981367,             3.4523960546,            11.1757629469,            -5.5553308909
            86.0447150680,            -2.8388441787,             1.8322231606,            -2.4814919055,             1.8100542122
            81.2807180119,             5.3863721054,            -3.8872916808,            -3.8165202248,             0.0642412790
            79.7120371280,             0.5856225853,             6.1422500548,            -1.4597352640,            -3.2863898056
            80.9429157366,            -1.6107461266,            -0.1713441024,             3.1571926378,             1.2457393907
            86.9930273905,             0.7216175958,             2.3697053320,             9.0154493708,            -2.4049867813
            87.1677902580,             2.0745600675,            -2.0017441637,           -14.0289252913,            -2.4750901047
            84.4945151238,             5.1902444509,             2.3453083350,             7.5365967268,            -5.9980876536
            91.0198432503,             0.7092513106,            -6.2626967946,            12.6137684102,            -5.7824779513
            95.4783764106,             1.2684410133,            -1.7502396278,             4.8864940660,            -3.3481974007
            93.7240384736,            -6.3856577632,             3.2808321692,            -6.5813713390,            -8.0039505145
            91.1971676154,            -2.9336033753,            -2.7735370780,             5.8550296695,            -0.5160401244
            89.9721741595,             2.4939607163,             7.8560535326,            -3.2204245048,           -16.1309747367
            93.6659870299,             0.0764899584,             4.6723920223,            11.6781568518,           -13.5042704820
            96.2773222007,            -4.5015724062,             3.8708042750,            -9.6088136337,            -6.4126339322
            89.9203054800,            -1.3632864064,             2.9484561188,            -8.5727853788,            -2.7790622092
            89.2705164323,             6.2908876195,             1.2178118062,             1.4567522209,           -10.0048706050
            89.6713474061,             7.0846583584,             2.4149402687,            -0.4692561957,           -17.0911900774
            87.5069995685,            -4.4430215070,             2.8526640961,             3.2714666556,            -6.2806571230
            85.9830886102,            -3.2284684202,            -8.8456095839,            -3.8511776218,            10.1591474115
            91.2454993080,             3.5136696268,            -1.0675308883,            16.2360404968,             7.6965866315
            95.0973227277,            -2.3858216434,            -1.5966791534,             1.1299613671,            11.4958459290
            90.2706306966,            -1.5370733184,            -5.7889839378,           -19.9435105161,            12.2231624377
            85.3655928109,             1.4002351862,            -1.1558931351,             8.1515929267,             6.4615265768
            88.8925723239,             1.5054671119,            -2.3665142473,            -2.0309315158,             4.7279829726
            83.0230260696,             0.2947436093,            -0.0983749562,            -7.6041706036,            -0.4502399552
            82.3909756627,            -1.8152284797,            -0.7828200930,             0.6023998197,            -3.5188038981
            86.7687440632,            -1.6115799738,             8.6043335572,            14.9459181059,           -18.3747741130
            94.3781180063,            -5.6508767782,             2.5138354217,             5.9036647392,            -7.4049555880
            95.2279523548,             4.7389054074,             6.1901684777,            -0.7122686282,            -8.4823403579
            91.9015418678,             1.4595144005,            12.6023786067,            -2.7519474738,           -18.2598843494
            89.5676934939,             1.7394743087,             0.8708401274,           -12.8276939472,            -4.2596577166
            84.1408456509,             2.7284311701,             2.2853272067,            -8.6905898010,             4.4598516195
            81.0606143268,             2.6590874279,            -4.9810384526,             5.3685899421,             0.2219438190
            82.5646527836,             2.2105480216,            -0.5058322958,             4.5944952618,            -3.4090891375
            89.8597156908,            -8.6858624056,             0.7290628981,             4.1798018406,             0.0856428368
            91.2960076408,            -2.1267486053,            -4.1445832265,             2.1466899196,             6.0570935175
            89.0700690871,             3.1713284590,             1.1695052427,           -10.4310525690,            -1.7737842771
            83.8466777605,            -0.7985590679,             6.4448115326,             0.0126207222,            -7.8369895277
            79.9402551389,            -1.6529941094,            -6.4148992820,            -5.3701656939,             5.9245745530
            84.2149709148,             7.2091837251,            -0.6833368945,            16.2879554672,             1.2230035922
            86.9671204650,            -4.5548365082,            -1.8045895409,             8.5540149797,             9.8072246730
            84.9166519341,             1.4797907166,            -4.3572204137,            -1.2330364178,            10.0657240544
            84.9405582366,            -1.5528066300,             0.7858555187,             0.3020180032,            -0.8974521402
            90.1403019016,             1.6500503565,            -1.4127841428,            16.0950521891,            -3.1509826709
            90.7639940115,             4.5615804347,            -4.1603180132,             1.4117695792,             0.1811134953
            86.4759044706,             1.3037277100,            -0.3767681868,           -15.3673711708,            -2.0448349673
            80.2098537275,            -1.9811071593,            -4.2380412203,             4.1196987121,             3.3495846340
            86.9292328433,             0.0318293443,            -4.5750649313,             6.9826558190,             3.9677240642
            90.8701019031,             1.5538648362,             0.4411372973,             3.0747235810,           -10.9610363765
            89.2602554851,            -3.0656134995,             1.6016717304,           -10.6691704400,           -13.9169798793
            82.0104265631,            -2.6845140653,            -3.5226221355,            -8.0441538544,            -4.6362734327
            87.4823732630,             5.2594187752,            -5.2583215735,            13.0124110485,             2.2377064021
            87.0733181784,             2.8290803486,            -2.8647518189,            -4.0336137736,             0.3536754273
            87.0335924574,            -5.6993114720,            -5.9086745298,             7.9033951391,             9.1111037817
            87.9886424298,             1.3730413076,            -6.7004081606,            -2.0690046128,             9.3431890407
            84.7562813687,             0.8672896458,            -2.5386749817,             1.0266773922,             7.7679537483
            91.6806679343,            -0.9856356761,            -5.0450775442,             9.0846693387,             9.2611135322
            94.7822842702,             2.0014182364,            -3.3478810305,             2.6544398009,             3.3184937964
            88.6585115675,            -0.3270854132,            -1.7657542046,           -13.9626932919,            -5.5433582866
            89.0454125056,            -4.6248974614,             1.9516044445,            11.8056702307,            -3.0694145274
            90.8185901743,            -4.4334749318,            -0.7514978066,             3.3478884549,            -1.6727686273
            87.6790291318,             2.1836216731,            -3.3517133986,            -3.1682740790,            -1.8033986811
            87.7647721964,             3.1106613696,             2.5321160889,            -3.2616251823,            -8.3771632092
            85.4482997273,            -7.2558975808,             0.6391343070,            -4.8244336965,            -4.0650733902
            85.8602531175,            -4.0072180805,            -3.1236817714,             0.5527243363,            10.8133345329
            87.9622950953,             4.4865392199,            -3.5354373899,             4.3880732813,            15.4713395981
            88.8166641410,             6.1687180252,             3.0356498579,            -2.9472019104,            -3.8376127705
            80.7182599118,            -3.1727856404,            -0.6614153461,           -13.7161802548,            -0.6896839959
            79.1563860134,            -0.6199586164,            -7.1831310325,             8.8959569533,             9.0036742866
            82.8125218447,             0.6090940544,            -0.9695801213,            -4.2590788819,            -1.2142271365
            81.8086678123,            -2.5896266915,            -1.6727695789,             1.5317115927,            -4.6539393746
            85.4725378045,             1.5140073510,            -3.2890517628,             6.3498010946,            -5.0280626813
            89.1104452011,             3.7547372121,             5.3981680221,             0.7799698018,           -11.3392606322
            84.8530149714,            -7.0462759870,             1.2332163990,            -2.0768063431,            -0.3548404189
            87.6245908628,             4.8285225361,             0.5127228147,             1.9489757914,             0.3008530352
            92.1811772949,             2.4999674366,             7.7952442748,             5.0737194786,           -12.9765159806
            93.6331037571,            -1.7231640247,             4.4408590048,             7.1681624957,            -7.4620650183
            91.7653095785,             2.5233921164,            -2.2449303689,           -19.8594001586,             9.5981383736
            87.8860375048,            -0.7433469944,             4.9616376370,             7.5031048919,            -4.0364809066
            94.4438861008,            -0.7323218383,            -0.3138168205,            11.4997273812,            -0.4653919477
            92.9874504495,             2.9714988402,             2.6175306821,            -3.6204094164,             0.9464319326
            92.7189969631,            -1.2313542564,             3.4171666394,            10.5674495072,            -3.1138853672
            96.9490573095,            -3.6498048173,             3.9869861591,             3.3885540919,            -0.1398735660
            94.3444577813,             1.8679174555,            -2.3271374187,           -12.5080462459,             1.5054391522
            85.5602932837,             7.6360790068,             3.4462063681,            -6.5470694712,            -6.1520033891
            83.4523591437,             1.4705213629,             2.8023303274,             1.6113428998,            -3.4220551723
            85.5932222045,            -5.1218447741,             1.4485021729,             6.8660911989,            -2.7030381060
            91.9038534620,            -0.1801293052,            -2.8531529345,            12.3265296914,            -8.3471221522
            92.0620528874,             5.2802785317,             3.1591203487,           -19.3957667383,            -7.2102505409
            83.6652139969,             3.1957242212,             1.2541191493,            -1.8670107613,           -11.1229650416
            82.5971196972,            -4.1792250570,            -4.0746152538,             3.6050937770,             2.4532549532
            88.1360838142,            -0.6064516596,           -11.1684354483,             7.8050010381,            12.5761101159
            90.0011168375,             6.2370737146,            -3.7520887494,             4.3145804833,             2.4710881101
            89.7864885015,            -4.2389117006,            -5.3040489567,             2.0442899084,             3.1180045413
            84.8073008636,             2.3943006376,            -4.3444560313,           -10.6653262051,             7.0251963228
            86.8561175628,            -2.2266422307,            -7.6577643955,             9.5241857048,             9.7907984164
            89.7034934722,             5.5211787629,           -12.4070269634,             4.2430446995,            12.8367984382
            85.9936870394,            -2.6369930288,             1.9483016801,           -11.8297217923,            -1.1054914152
            83.5255294568,            -0.0628695624,            -4.1671728365,             5.6147068191,            -4.4388927840
            85.2548160008,             0.6406078690,             6.5162275756,            -0.7827760905,            -6.6227586622
            83.3483589746,             1.0064565112,            -1.0123969468,            -3.1636708592,            -5.6560759498
            84.6846438303,            -0.8879922382,             3.7666511128,             4.1662076734,            -6.3039570345
            84.0081199751,            -0.9232690261,             1.1149793230,            -3.9040543069,             1.0186633716
            87.5032346082,             2.6686573610,             2.6066953243,            15.5170706671,            -3.1769715517
            86.5476077754,            -2.4859847581,             1.5913399869,           -17.1634891885,            -5.9929919541
            81.0743367949,             3.1497482764,            -0.4077447631,             2.4853768274,            -1.8434764582
            88.6559724534,             0.4431643139,             2.1513880946,             8.7249178756,            -2.9365105500
            89.8164499220,             0.7309400658,            -4.9167115122,            -9.5527694543,             7.7517855340
            89.5845458527,             2.3938938438,            -6.7424239385,             0.7550877297,            10.5583779513
            90.8788228211,             2.3847977768,            -7.9254600567,             2.7639695321,             7.2375545994
            95.3577348745,            -2.1259870547,            -7.2554583469,             8.9480506799,             4.0479316737
            96.5610898987,            -3.7855339897,            -1.3688636709,           -14.6218360051,            -3.6066218635
            89.8819081469,            -6.6733263639,            -0.7592932231,            -5.9982846822,            -7.3725655569
            87.5475740358,            -0.1174945005,             4.2170624698,             4.2099243815,            -4.5089308968
            89.2086779846,            -1.0512325437,             5.2925273515,            -1.4166200995,            -7.2498693187
            86.8483639862,             5.7918132364,            -3.2526661347,            -0.1912824994,             1.2092445316
            88.4888998461,             2.6312249534,             3.3903431473,             8.4466357162,            -0.5311943327
            87.7224383741,            -4.5166528293,            -5.7288535801,             3.1789795937,            13.1631766221
            89.7229415631,             0.8488367046,             5.0230601901,             7.1307538055,            -3.3409364876
            95.2144892944,            -1.0723708793,             5.3181361516,            -8.5033432521,           -10.3492880537
            86.0920082303,             1.9769278749,             4.6762561926,           -18.6481880914,           -10.7748378757
            83.5414299293,            -4.2051831130,             4.9260537487,            12.0541095854,            -7.7827181359
            89.3167812348,             5.2205778479,            -0.5447906896,            -1.7526093642,            -7.8345334770
            89.0204859630,             2.1640187883,             5.8247367813,            -1.9384713975,           -11.1529259201
            91.0289987695,             0.5967296023,             1.8221442877,            -4.2764288214,            -2.5179131638
            86.4566604293,            -2.7813267050,             4.2514567828,            -5.2675362229,            -4.2012283742
            87.9338806504,            -2.0948621704,             2.3277433821,            12.5359636822,            -2.2503852613
            91.8118153371,             1.6586358644,             5.1026154562,            -5.0515328463,            -5.0670589026
            88.1768083010,             4.1917905890,             1.8968357724,            -7.0573968374,            -4.8310773036
            83.9529724913,             4.3244796754,             1.1756240786,             2.7889875935,            -2.5648527482
            86.5608377265,            -4.1982286842,             0.9635086696,            14.6447399120,             5.6573176824
            90.4532483444,            -0.3749317657,            -0.7458720224,            -9.7192632697,             2.6045298175
            84.2350022040,             0.4428960628,             5.4396897770,           -11.7985497661,            -3.6804190652
            88.7546645629,            -5.1159516422,             6.6175106991,            13.7384362739,            -0.7171174477
            92.9626146917,             4.5442419655,             1.4661608740,             3.3350479732,            -2.5576820253
            89.9352054811,             6.7500914577,            12.2732485595,            -8.4640760063,           -10.8059449095
            83.0539586976,            -0.2746976136,             3.6821578563,           -21.9183316978,            -3.8891641801
            78.4678255700,            -0.6562492031,             2.9547369890,             6.8583416111,            -4.0149531469
            85.3455819726,            -1.1689684570,            -1.0198802182,             5.9027181438,             2.1741076801
            83.5299206295,             5.3844874148,            -1.5979364240,            -5.3170134992,            -1.8576598660
            82.1231582293,             4.4115914548,             0.8256043455,            -0.0190635510,            -9.3152165979
            86.6675524071,            -4.5161895949,             0.8502462298,             1.6348244421,            -7.2322916603
            86.4251522803,            -7.4174593287,            -1.5977381842,             4.5436236285,             6.1043336628
            87.6730881540,            -3.0326956593,            -1.9286548737,             2.6272229849,             9.3753057544
            89.2635250677,             4.9389935990,             4.6006826818,             2.0073979004,             2.6728921336
            87.7649560972,            -2.6758559872,             1.6587606422,            -8.9787262814,             0.6235028478
            86.8282142329,            -2.5366773075,            -1.0513193284,             4.7073120110,             3.1663516656
            91.1731729255,             2.7999385573,             2.8248626433,            -2.5003850016,            -0.0130612347
            83.8911594934,            -0.8843856680,             5.1080398785,           -17.0126427755,            -4.5726944007
            85.3674283454,            -2.9681234451,             2.8780536135,            24.2278624380,            -0.2447342672
            95.3472458684,             0.9358386196,             4.9273250501,             9.9615241797,            -7.1899442130
            95.2181559082,             2.3910980227,             1.6119629811,            -6.7894458935,            -3.2617536140
            89.4732828320,             2.7640980393,             4.9313980563,            -7.7694231037,            -7.2667318245
            86.3249560941,            -3.8891405683,            -2.0316092787,            -4.2938904562,            -1.5756592561
            89.2603256425,             4.7944059608,            -4.8131102648,             5.7322127499,             3.5128134296
            91.8932461854,             3.9026890542,            -1.6062448685,             3.0625332442,             2.2610888259
            90.3956011415,             1.6708622140,            -4.5922497270,            -1.6952270669,            -2.1826824496
            87.9213832146,            -6.6377273905,            -3.1802734900,            -4.1964421863,             0.9733634128
            85.5482597948,             0.7184291687,            -6.5779825286,             3.6134110581,             3.2329443595
            85.3012831993,             3.8938907981,            -2.0801077178,             3.3454844864,             3.8494373648
            89.2175210253,            -0.6942470950,            -2.4600611850,            -8.5576946852,             4.0099742942
            84.5655040283,            -2.6977303280,            -6.9020071728,            -5.3491249066,             7.1611619569
            83.0387871951,             3.0603986825,            -4.8300787995,             0.3496855326,             1.9016807870
            88.3555263366,            -0.8014502408,            -1.0185244582,             7.8582393631,             2.6077343738
            91.5809571294,             1.3184450405,            -9.6940884836,             2.8171594971,             9.9829325238
            90.0305256660,             2.1210941615,             2.8984988512,            -8.2520336313,            -9.8820252723
            85.2879955693,            -6.4645600104,            -1.4739825631,            -1.9987325248,            -7.5647022914
            83.7108773466,             5.0677120829,            -4.6023173402,            10.5828508301,             0.6073900085
            93.3276923064,             0.0182181448,            -0.9846347110,            18.3037197453,             7.9491382702
            91.0804857714,            -4.3791577701,            -1.7511231861,            -7.4418943608,            12.1436589146
            87.6521628586,            -4.4846358667,             1.0522067691,            -3.7170012038,             8.0320656688
            85.3733194636,             4.3657949890,             1.8299722577,            -3.5060088212,             4.6811796471
            89.3953868593,             2.3209591377,            10.7402636966,             9.1702096038,            -7.7911112606
            86.7588028215,            -3.0527984509,             7.4768993269,           -10.9899451932,            -8.0760158388
            89.4461472674,             2.6823698392,             2.2054079583,            13.6686822673,             1.2339510823
            89.7838443450,             4.5859420034,             5.2639215801,            -5.0879017505,            -2.0232725960
            88.5188851408,            -1.4972613224,             6.7927498527,             7.0082155356,            -8.0898115278
            87.2469239352,            -3.8228956168,             9.6088861239,             2.7499126005,           -11.3851456284
            95.2799440067,             5.3006044553,            -0.9685672814,            14.8728691359,            -2.2827471655
            96.2547942731,             7.3150664645,             6.3958657309,           -11.2769771075,            -7.1615098329
            82.9031963350,            -1.0972718078,             0.4040099750,           -18.3178578755,            -0.0706594057
            85.0110557785,            -0.6085334581,            -2.9294225846,            18.7763830840,             2.8967615052
            91.4873932978,             1.0138141136,            -1.7146425595,             2.0965028517,             6.1401915750
            88.6630353190,             1.6027228326,            -2.6688162882,           -12.3960798721,             0.9232223928
            87.8227688311,             0.6404267326,            -0.5047374173,             4.6417858595,            -0.2567516997
            90.3015258891,            -3.4632595453,            -1.8258133753,            -5.6011157827,            -0.3736519512
            88.4025670027,             3.0186284052,            -5.0292042465,             1.7537530263,            -0.8928491320
            84.1020447943,            -2.0238466899,             5.6220359886,            -6.8168283238,            -0.6898472410
            83.9326224041,            -4.0223528087,            -1.2245371448,             7.7547064014,             4.2660190394
            86.5003846817,             3.1236647589,             5.9402780589,             1.2446178097,            -6.4437339050
            84.5937580391,             1.4177901596,             8.7462760617,             8.1589566759,           -16.0739832276
            88.3755656845,             1.6954403225,             0.6502879119,             1.4352027462,            -6.4469787854
            86.6897718060,             4.7927578435,             0.8976314863,            -6.9836318755,            -2.4494291214
            88.6211564835,            -2.3263762783,            -3.8214850075,             3.6890925633,            -0.5165413547
            87.8000173203,            -2.8083730523,            -2.8632174284,           -14.0324795702,             2.5992548470
            87.8395486744,             0.7605883112,            -6.3896915865,            17.2940244693,            11.1527588700
            92.6813916448,             3.3847995493,            -1.3858796945,            -2.9228918681,             1.3465771972
            84.4182679618,            -2.6211717375,             2.1017715974,            -7.2914394667,            -2.9135139503
            88.7686276939,            -1.8527310400,            -0.8057626623,            14.9685992564,             3.2120733011
            88.8685407493,             7.3239283757,            -6.4715402420,             0.8778354239,             2.8889266267
            89.7487428326,             2.0921140137,             2.1145539507,            -3.0010030521,            -3.5077801211
            89.4864221372,            -6.8535747389,            -7.4798785031,             1.3168731492,             1.4047184969
            87.4091238002,            -0.6422170307,            -9.8297481187,           -10.0864459343,            12.7600602842
            86.5523846647,             2.2577814589,            -4.3703741108,            -6.2162234274,            11.2420151901
            82.4361959715,             1.0149307887,            -4.1434776288,            -1.7629246573,             2.1199297798
            89.1744537310,            -4.4244347792,             1.3146316321,            -4.9432946719,            -3.9188372949
            87.0454199820,            -2.7574356090,            -5.9233791586,            -5.2640268792,            11.0486478008
            88.3374201063,             3.8211171441,            -4.8157348642,            -0.1423028905,            14.0152627197
            88.6068140954,             2.8027755689,            -1.4907490123,             5.6081309652,             7.8198419437
            87.9667591195,            -5.7733431729,             0.2995806185,             8.5502060462,             3.6854870094
            89.6160347724,            -5.3554151317,             1.0396893100,            -1.2792884991,            -2.8470305970
            89.9502197634,             6.0586971503,            -1.8152816443,            -7.5461706360,             3.7186030268
            85.2761758134,             4.3664693547,             7.1347873712,            -6.5378053504,             3.0963397442
            86.6087286086,            -5.3882705039,            -6.6580639942,            15.3236606136,            15.5970522166
            96.2186968185,             4.6005168955,            -8.3353938063,            18.6088489430,            14.7651678758
           100.8715540104,             4.9506998778,            -2.3695000839,            -2.2992000241,             4.0486922219
            94.6201100095,            -1.0090697322,             0.0772206165,           -17.8232536825,            -1.0922208330
            85.6344997606,             0.9850811967,            -4.0408471616,             3.0641205592,             1.1697856574
            91.8059550736,            -0.5285750912,             5.3432164243,            11.6226393790,            -8.5163318988
            97.4333597971,            -5.1006668218,             1.9821830567,            -9.0767889272,            -5.8679363638
            91.3725637576,             1.9876722348,             1.3592364962,            -9.4877777915,            -1.9298159392
            84.7083193138,             1.0151564853,             7.6215434887,           -11.1438305183,            -3.0423222072
            80.4732117365,            -0.2383284041,            -0.7539603080,            -4.2261608965,             3.4389489729
            83.7049959738,             2.4330627876,             5.3690406153,             8.6501759903,             1.7719709846
            89.7836490549,            -2.3038637275,             0.8710478131,            10.0745134541,             6.5959948115
            89.5602037426,             6.8690981626,             0.6835301746,           -12.2379763742,             4.3751611982
            84.5226650988,             2.0000260757,             1.9147439041,            -5.8387174496,            -8.0950665551
            88.4439876161,            -2.1339780663,            -0.7037504339,            14.3184282173,            -5.4869510514
            91.0144621184,            -2.7838380789,            -6.4815168186,             2.6738869112,             8.8205855012
            87.6201001903,             1.2690142314,            -1.0854429997,            -7.4285791470,            -2.9220754054
            90.1941154277,             2.7128723526,            -3.6278218143,            17.2348474972,            -3.5957722395
            93.6713609870,            -0.5878314129,            -3.7355599816,            -0.7376539049,             4.9855045360
            88.3556009201,            -3.6681622734,            -5.5943492826,           -16.3419312896,             9.6449399341
            81.6316471412,            -2.8246806995,            -0.9776904929,             4.7639272072,             8.8522679882
            88.9749599393,             0.8946269484,            -5.9184704215,             1.9184593744,            11.2039696374
            85.9577392825,             9.4450072682,             2.1756115434,            -4.3235746401,            -8.4283772834
            81.5595264618,            -6.2876730519,             9.6825447997,            -2.1141809536,           -12.8586194449
            84.1247159246,            -0.5750337871,            -2.5955121686,            11.6310050507,            -3.7046238375
            90.6669255433,             2.5550320792,             6.4684048863,            -1.6453831058,            -9.3933534595
            86.5693675386,            -1.0951548506,             3.8833672324,           -22.6693362786,            -0.1648280354
            78.8525059468,            -2.7998017252,             1.4578061251,            -0.8608145888,             1.8555567963
            80.4344497929,            -0.8611760992,             5.3598115077,             8.1105821981,            -2.7833797534
            87.2357052972,             2.3020314711,             3.5285056914,            15.8749430531,            -8.8768174981
            91.6818283018,             0.8798960220,             8.4999406524,             3.0531944078,            -9.7710776823
            87.8335873010,            -2.4264540685,             3.8120991548,           -10.1536146287,            -8.7755805349
            82.8459077540,             2.5870008738,             1.4398074392,            -6.6478837895,            -0.7127755705
            80.5494172385,             1.8998088753,             0.1988147195,             5.5503691224,             3.2999540953
            83.9947876080,            -2.4346918962,            -4.1682924026,             0.3185100472,            12.6340631784
            82.7521263370,            -0.2920234263,            -0.4192271363,             4.1036602212,             6.6315909730
            89.2547990768,            -2.4700649639,             5.8074811676,            14.5066080872,            -9.4599316161
            93.4825712353,             0.0936843745,             1.7170401962,            -5.9780522443,             1.3265224500
            90.7967199224,             1.3582567398,             0.5331163446,             0.6336458945,             8.2052529191
            89.3892287320,             5.1375566659,            -4.5390206314,            -9.1829092039,            10.5891344047
            90.1251168963,             2.8691450014,             2.7714678443,             7.0866646301,             2.1209661436
            92.5761435751,            -6.2850363636,            -5.9370289382,             0.9146124397,            11.4337438086
            92.6870454585,             3.4054009503,            -6.7773822156,            -1.6461987707,            13.9275838897
            90.7703090491,            -0.3173731597,            -1.2638679398,            -6.1845724401,             6.6147403440
            89.5579464279,             2.4180161030,            -1.7903189231,             6.6583207474,             3.1030568586
            99.4156583852,            -2.3992508631,            -5.4794821362,            18.8047548966,             5.2270636813
            97.3526186751,             1.9774829038,           -10.2762570843,            -8.2611381791,            11.2164883942
            88.7197797959,            -2.9176023018,             3.5807723684,           -15.5017241928,             2.1648858922
            82.3959248498,            -3.2519545629,            -5.4522912944,            -1.2076357682,             3.4950798051
            86.2227295273,             2.5509013667,             2.5611881399,            -1.1342242072,             1.5505741680
            86.7706946325,             1.0825876995,            -0.0034382543,             2.3199275725,             0.1199232815
            81.7522013670,            -1.6501706043,             3.5787261071,           -10.3552173243,            -2.2312083771
            81.8351199866,            -5.4713552805,            -4.0329629912,            11.3940377463,             5.0923311820
            88.0450824503,             7.0427939385,            -0.2408909479,             5.3940409268,             1.9454245446
            88.8154436180,            -0.7178818882,             8.7509963184,            -1.5545161684,           -10.1187573661
            85.1190381509,            -3.3014666769,            -4.9543383867,            -5.3405673579,             4.9792349073
            86.9377788855,             4.5180671213,            -1.6155829303,             5.6912267659,            11.4005743794
            87.6718181668,             2.3432266689,            -3.5019787812,            -1.0622978270,            13.7241733245
            90.7966163445,            -0.9080962869,            -3.7827414581,            11.0896493271,            11.3464273926
            91.3954259952,            -5.4520552173,            -0.6791558116,            -0.0018070907,            12.1176341618
            88.8490137925,             1.3771655149,            -2.0081460719,            -5.4650973203,            11.8744915160
            82.5502137520,             3.0862649263,             7.7525357624,            -6.5268622454,            -0.4612642135
            80.3313012084,            -4.3022948167,            -0.3507531839,            -4.7242614625,            -0.4468235436
            82.2886046240,             1.3868330722,            -1.6830250441,             0.5933810236,             5.0844781596
            81.6842996909,             0.4321104647,             4.0989706083,             7.7186696779,             0.8980386200
            87.3241959383,             2.0717712526,            -7.0734941454,             3.8917492732,             6.2208524293
            87.3553164918,             2.2283008652,             2.5875777850,            -7.6314871041,             4.4158476087
            86.7320383776,            -6.3385182691,             2.4171147841,             8.3989042170,             2.9644402822
            87.4501143233,             0.3319114124,             0.8163635622,            -4.0748476451,            -6.5495340004
            79.6839826479,            -1.5387648531,             4.3320274766,            -4.7399846709,            -6.0037942737
            82.3772511862,             1.5096277893,             2.1407581746,             6.8894184010,            -6.7161577546
            88.5762563154,            -1.0378133069,             6.8449747407,            15.2781134718,            -9.0728589283
            90.5227127529,            -1.8479564537,             3.7947045061,            -2.7194409707,            -9.3090079026
            88.3110413745,             3.8412525345,             0.4585630598,             8.2816018731,             5.4341168767
            90.8913200696,            -2.7134311253,             3.9731543308,            -8.3109643002,            -7.5668621033
            89.8462815090,            -3.7282979601,             4.4043459845,            -5.9962257575,           -12.6649186732
            81.9261501977,             1.4401771425,             3.2809749253,             0.9296372615,           -11.0372127970
            84.0615170613,             2.8825354867,            -0.9803793641,             9.9149593940,             1.0258630310
            94.1172148912,             1.9681694408,             1.4584502311,             8.2569460730,             1.6302134879
            96.5582991017,            -0.9975013153,            -0.4198190250,            -4.9983771129,            -0.8006958062
            89.7461326640,            -3.9121968828,             1.4526897124,            -9.8738546609,            -8.8796187141
            81.2049236886,            -1.1689304689,             0.5734483369,            -3.6124489926,            -5.0366511546
            81.2203115561,             6.5094415133,            -3.5870874941,             3.1527666161,            -2.1596822321
            86.5139195779,            -0.4484095470,             5.6864610354,            13.2094306228,           -13.9084054825
            87.2407172675,            -3.0542290367,            -5.6885330298,            -4.0742079726,             1.8259598790
            84.5364500523,             3.0242546640,            -2.3352397791,           -11.0287766334,            -0.1429170158
            82.0431214421,             1.7419369285,            -3.3189114779,             6.0126007432,             2.1724491880
            89.2383588658,            -0.2683880018,            -3.0878842386,             6.8685246419,             3.9544822407
            91.5566414165,            -2.7277888420,            -1.5831856119,             1.5077923307,             3.3804343055
            88.5859484419,            -4.9562167619,            -3.4155173899,            -4.1537090743,            10.0569709501
            89.9372720264,             3.7845439703,            -2.7535529036,            -3.7841214061,            10.6560850270
            85.8548480832,             4.0723790180,             1.2708445945,           -11.9664197461,             4.5479983712
            84.1453500362,             0.7151735615,            -0.0627844940,             0.7885089632,             3.7936205283
            86.6018515294,            -0.1660262774,            -2.3299782001,             2.8148450260,             1.1988679687
            86.3982781626,             3.9911309305,            -3.7922138359,             1.3877937459,            -5.4442479773
            84.2145213876,            -1.9207319844,             7.8599375305,            -4.6894666220,           -10.5481521777
            83.3153340364,            -2.0566911017,            -7.4219311714,             6.6824741312,             1.2290325441
            86.8097083906,             4.7960645562,             4.6919758360,             0.9424383706,           -12.3242863711
            84.9623818467,            -4.4280363274,             6.9565075185,            -6.2610664565,           -12.6153795555
            86.0853432347,            -5.8702187693,            -0.7452321928,            11.9920199208,             3.6727784885
            90.9430657803,             0.2582601281,             6.0728891627,             9.1909062331,            -6.3748150587
            93.8043664006,             4.0581452918,             4.9357089910,             4.6987301772,           -10.0861390145
            92.0653583513,             3.2526563282,             3.6202463118,            -1.4186427613,            -2.6879339085
            89.2731059009,             1.7020424829,             3.2001127082,            -1.2623932002,            -5.7724437733
            88.2332959606,            -1.7553974448,            -5.1389429168,             9.0498167608,             6.1683899827
            92.0204090856,             3.0623685806,            -5.2286997532,             6.2914556075,            12.0596818392
            87.4671002749,             2.1403386534,             1.5092173813,           -17.2848996307,             9.5161438771
            82.1955909535,            -2.3218226138,            -1.4861523056,            -2.3082544087,             7.6604395263
            85.3934813306,            -0.1323361886,            -2.0917732332,             1.8474276570,             9.9585943632
            87.3188405722,             3.8140654592,            -3.1380414984,             2.8155973264,             8.8687872671
            89.8569692893,             5.5476325215,            -1.3926761688,             7.0595785788,             3.5663783824
            90.0595354508,            -2.0096359936,            -2.5170871840,             5.2587603635,             6.5186704536
            94.0251370098,            -0.1739523575,            -3.1174027076,             5.7395539767,             5.0646985918
            95.6818202811,            -5.1126047107,             6.3686125010,             9.3796368844,            -6.5306890307
            97.8767440532,            -2.7253753457,             0.3455826107,            -5.8416371440,            -9.1694185253
            91.8762610469,             3.4994019376,             5.8301056048,           -17.0302769796,           -10.1135609511
            87.0210342175,             1.3203107906,             2.1351077110,             4.9889025012,            -2.3920313854
            93.3117631720,             0.8926064002,            -2.2796280692,             5.9654287049,             7.2189190563
            91.0371992643,             1.8302321953,            -3.6676954538,           -12.3999167845,             9.5948468504
            82.9168278076,             0.4408972496,            -3.4026434913,           -12.3330408953,             0.4045495530
            79.2882014792,            -1.6275252861,             1.0490640922,            -1.5114945632,            -2.6516185967
            83.3239350367,            -2.8790207171,            -2.3415104878,            16.2311704607,             1.2791906422
            84.5796867061,             1.3394669180,            -1.0961405145,            -0.9003262156,            -3.9803419607
            84.4504943395,             1.6914075536,             3.2799234301,             2.8365500244,            -3.2410051467
            84.0091109139,            -3.3446036474,            -0.3192386459,             3.0384107614,             2.7624405836
            82.3945524860,             1.7545678540,            -1.3334381294,            -3.4784196598,            -2.0306957858
            82.9815746352,             0.0417167531,             1.9527788448,            -3.0100130116,            -4.6112800595
            79.7935943130,            -5.1320365014,             5.3817404666,            -3.3830000752,             3.4597462474
            85.6539966969,             1.1298832908,            -5.4504459872,            17.4204056169,            12.3977393116
            87.5777505637,             7.0768586134,             3.6679251094,            -3.1069339581,            -1.1656548073
            84.2403147273,            -2.1026271821,             3.8586733006,             1.6232581841,             1.1124549168
            87.6692283028,            -1.8421266409,            -2.4490602151,             0.9266237208,             8.9146057144
            87.9887900964,             0.1183715351,             1.9587964788,             0.1817532902,            -0.5342690478
            91.5636231998,            -0.7540258595,             0.3494694752,            12.8732970222,             1.2391668197
            89.3892674898,             3.8380251984,            -0.0624962853,           -11.3748757846,             1.4310245856
            86.4287315734,            -1.4040770085,            -0.9656044542,             4.6957045344,             0.1772993717
            88.9942116306,             1.9821568141,            -3.2959305989,            -0.6194853856,             1.7159395991
            81.6638617773,             1.5933101655,             1.6449889428,           -12.8888955938,            -0.2834062890
            80.6190572060,            -3.5607127910,            -0.4115753209,            10.4157562609,             0.3579337805
            86.8349234424,             3.5531480867,             3.1311779584,            19.5368492970,            -8.1197359766
            94.7225747287,             1.2392655813,             2.4857995614,             5.7970371390,            -3.1626158424
            96.0300910410,            -2.7131058944,             3.6331354300,            -0.5296707076,            -1.1786363067
            91.3558687635,            -1.4246702571,            -0.5671399852,           -10.7306804811,             5.6795616430
            88.3007786518,             5.0920017338,             1.5606752833,             2.5240150302,             0.6970771343
            89.0017689571,            -1.4365250672,             6.5736219761,             2.7253825258,            -5.2025559548
            86.3586523321,            -2.6625132851,             0.0000379974,            -3.6090453625,            -0.3905099397
            86.5156586109,             3.2623565880,             2.9950165504,           -10.9388321830,             3.4880538740
            83.6507756483,             0.0301507650,             1.2812089593,            -5.0498005351,            -2.9342916749
            89.7486500321,             1.0969105371,            -0.4440660723,            25.5031818572,             4.2829995325
            96.3532839181,            -2.6983313431,            -0.3707579601,            -4.9768199441,             9.1409366238
            90.8092630368,             0.5675545209,            -3.9919082449,           -12.9276049438,             7.6446445224
            91.8400879180,             8.0845253517,            -1.0472799759,            11.6475802760,            -4.9895903504
            93.3542717430,             1.1359912157,             0.7269984470,            -0.2539486703,            -4.5712982515
            94.4974808808,            -2.1124176461,            -2.4200815224,             0.1549698431,            -0.0345249888
            89.3578243901,             1.5082142552,            -5.1062802425,            -4.7488735787,             5.0707721612
            87.1176458117,             7.7368062010,            -0.0443366841,             0.7717707863,            -4.5591365969
            95.3501496801,            -3.0770779272,             0.2881779140,            11.0719746268,            -8.5862851756
            92.5299603084,            -7.6134506782,            -4.2850734439,           -13.6901461273,             1.4728283203
            89.3799561275,             0.3282982589,            -4.8548832203,            -2.3868919583,             6.8683157989
            82.9352314656,             2.8066610478,            -0.0466005153,           -12.9270169073,             0.2941779686
            83.7708748838,             2.2855477295,            -1.5438894884,            19.5997697135,             2.5622270512
            89.4468617209,            -3.7947454059,            -4.5480706324,            -7.5463352346,             1.7670853009
            83.7713340458,            -2.1019662862,            -2.5029564495,           -12.8167836716,             3.6130161402
            83.3504422155,            -2.8191165396,             0.1806909640,            13.5253404098,             2.9289355342
            92.6610626912,            -2.9980042738,            -0.0884786849,             5.8189762782,             6.6219449691
            88.2811339239,             2.6711768392,             1.1396512018,           -18.2204239005,             9.5851225026
            81.8773109746,             1.2545882201,             3.2995995551,             2.6564967526,            -0.0247492337
            88.8878826048,            -2.5323243932,             5.7738991072,            19.8347654965,            -3.3598862375
            88.9474197353,            -0.6167250440,             3.3198510936,           -14.9296970382,            -1.4597057429
            82.2768465323,             3.1909987186,             4.0721796442,             1.9287354771,             0.3318057938
            87.3273825470,             3.5958289274,            -2.7043034297,             9.3072789258,            -2.3961199377
            89.3297485915,             2.7331046754,             4.7750387192,            -6.3462125012,            -8.4750938903
            82.4907225014,            -4.8795120194,            -0.0138304468,           -11.4507397699,            -3.9112605928
            77.1433909524,            -0.6538686198,            -2.9701462293,            -0.8162877696,             4.8145189059
            82.5885593252,            -0.0535723982,            -0.7547467900,            15.4379884489,             6.9793408976
            87.3896898586,            -0.2908969458,            -0.7637067111,            -0.8154263637,             1.6644513495
            89.8662782852,             0.0062260971,             0.4778859101,             8.3317964320,            -2.9593605028
            94.8757323437,             2.5275602112,             1.4300621539,            -1.8557836574,            -0.8577750987
            90.1062973559,             2.2996216775,             3.4976860787,           -15.9300818105,            -2.8823450573
            86.0183391804,            -1.2239632057,            -0.9664943132,             5.1607937923,             5.0651650952
            90.2434466695,             1.8625080621,            -5.1246788106,             4.2836875729,            15.2463995409
            86.9095296980,             8.5333091622,            -3.0810063475,            -8.2624829608,            15.8421929711
            88.6895726567,             0.9498116104,            -4.0490461252,             3.1162927313,             8.9501687883
            86.6971643468,            -3.0357217128,            -4.7149523037,            -5.7859446399,             0.5594563732
            90.9313713789,            -4.0979574514,            -1.7167550633,             6.9054132604,            -5.6312026867
            92.0425267974,             2.2192807096,            -0.0908649495,           -16.8559886315,             0.8237750827
            85.9928369403,            -1.9730261815,             5.8462880319,            -5.4859954501,            -3.1040099827
            86.8611610100,             0.9577055399,            -3.2638661340,            -4.1058862460,             5.9866989657
            83.8428980748,             7.2675870590,             3.8761488329,            -0.7396661177,            -3.6813477609
            83.9273042610,             1.7266691870,             3.9279787726,            -2.9167039832,            -6.2956153815
            83.6449976087,            -0.3129133332,            -1.8336575369,            -1.1716719179,            -2.0873930382
            84.2846218642,             0.5374691576,             3.5312975574,             6.8207214685,            -8.9372137336
            87.6575005888,            -2.6797579061,             2.9327332342,             1.3707767841,            -3.6866696559
            85.6943097325,             7.0978469982,            -1.5642423487,            -6.9834686685,            -3.9987795839
            92.9527744829,             5.7074032387,            -0.2592975197,            22.2003391646,            -9.2717857943
            97.0020905648,            -2.8264094295,            -8.2729614504,            -8.5814096627,             4.0009442433
            89.4626956780,            -1.9697526067,            -6.4920370862,           -11.2394680132,             6.7458855416
            86.5627584473,            -5.0531959168,            -0.0859050950,             3.1451047761,            -4.2653255954
            86.8719194994,            -5.5679194912,            -1.1955704052,             3.5248471140,            -1.6154188176
            85.8999885357,             2.4481417090,             2.3702778144,            -0.7991418536,            -3.9363451900
            82.7364076198,             0.8415252254,             3.7540684833,            -1.5581981124,            -8.7326301656
            89.5518534338,            -0.9846985097,             3.9827559915,             8.7954649428,           -10.2353154397
            89.1799675641,            -3.1170150812,             0.2740856424,            -1.8058554567,             1.7808051201
            82.3726216591,             2.7484438972,             0.9356955491,            -7.6380929180,             3.8224275784
            84.1818172458,            -1.4966679864,             3.3211488603,            12.2467102198,            -4.0111144215
            87.9259763575,            -0.4125035907,             0.3910567951,            -8.2787440853,            -1.0547160357
            85.7757904986,            -1.9959485958,             2.3909108756,             3.4945698443,             3.6875559001
            88.1679426687,            -0.9711628556,             2.1876419066,             0.6381537084,            10.1367601906
            88.4178846358,             0.6211341780,            -2.9515929632,             5.4534219886,            10.9878281037
            90.9779117329,             9.1635284792,            -0.7788200973,            -1.6465384783,             6.0984267518
            88.5319394739,             5.1118852432,             8.1400462748,           -11.6803083980,            -4.5366472433
            82.8159047511,            -4.6532138004,             0.2329135274,             0.4583955221,            -7.7674750263
            86.5058584901,            -0.1006772357,            -1.5428367075,             8.6468860507,             3.8449212669
            86.0054030952,             5.3037684960,            -0.7391818231,            -6.8282659652,             2.7200857850
            86.7629955630,             0.4016263137,             2.2006043795,             2.7686745138,            -1.1942593320
            89.1790367663,            -5.6629142847,            -3.6932901815,             7.5863884453,             1.3333275066
            93.5586320568,             1.6451946176,            -4.3773852169,             3.1670294109,             2.5144077167
            84.3631992192,             1.6206456408,             5.0610229841,           -10.4787548652,            -8.1639733716
            83.7843656812,            -1.8602557265,            -0.1743079051,             8.3855648063,            -7.5605559614
            87.7234980504,            -1.5873816153,            -1.5353711155,             0.5473153162,            -0.2103150440
            88.5225108272,             2.2413155694,            -3.8176681782,             9.0909149407,             2.6762721026
            89.6842304834,             4.2351711536,            -5.1790507225,             0.0345777892,            -1.5956027976
            87.4405818451,            -2.8377954251,            -1.1071639892,            -2.7718621555,             0.9530260477
            87.4012501427,            -1.8420370593,           -11.7597299643,             3.7842320585,             5.5974683154
            86.7819296217,             5.6274061826,            -3.0924410375,            -4.8321114858,            -3.5475113095
            83.5228832532,            -4.3395618063,            -1.1603275230,            -4.5885457851,            -4.1840932105
            86.1696818412,            -1.5973873202,            -4.7401670471,             7.7949106648,             0.7534182358
            88.5890542502,             1.1430621681,             0.2340622358,            12.3633636939,            -1.7566542228
            92.2516246883,            -1.5145555346,             2.3365905143,             0.0414758335,            -4.7965552996
            89.2817133640,            -0.9500030730,             1.9407451818,           -11.3748855153,            -2.4522237550
            82.3248801164,            -2.2963137304,            -1.0299309464,            -6.1556682992,             1.8487839134
            82.6419085168,             7.0901219757,            -2.7006839028,             2.4114351843,             4.3275627305
            84.5558851527,             4.2915682450,             4.8413640461,             3.6147984525,            -6.1234800796
            85.5540299663,            -3.0870917254,            -2.2765182140,             1.1882395373,            -2.8790954943
            86.6336975349,             1.1929929365,            -1.7869833269,            -2.8412663681,            -7.6696186615
            84.4857372949,            -6.1848080747,             0.4765102018,             5.9798127984,             8.9533411281
            85.3638950767,             4.0244501340,            -4.1084239251,             7.4706283623,            -0.7607854671
            87.9268180785,             3.9421183625,             6.6054246678,            -0.1252456735,           -13.6085392717
            85.7382575940,            -3.1806097610,            -1.9834523177,            -4.5513635458,            -7.0943376765
            86.0931565153,            -4.1991465053,             2.5735456635,             3.7602921426,            -0.7555655473
            91.1691912384,            -2.5876415079,            -0.7921443368,             8.6476645563,             2.0749399980
            91.4945992704,             2.9728361898,             4.0313376519,             3.1569488744,            -4.1171013096
            88.9544859891,             1.2047785727,             2.8688191484,           -11.1063453382,            -4.3079039610
            85.0860347013,            -0.2760956627,             2.7647460900,           -11.6230548968,           -12.9435129952
            84.8967805941,            -1.1102355875,             3.3472518940,            15.1146628426,            -3.7075573971
            89.2824276490,            -1.5552183539,            -0.5723588247,             0.8743593441,            13.7315921611
            85.7738354947,             4.3812072764,            -2.0877073403,            -6.9848683088,             7.3439818090
            87.1388804744,             3.9386204296,            -1.7866082757,            11.1349056345,             4.3008990387
            95.4347984267,             3.5246332098,             0.9787992916,            16.8653733948,            -6.8616077688
            99.1516752640,            -7.0171959750,             0.0890868871,            -7.6653081440,            -6.1695474712
            93.6324374957,            -0.1148810727,            -2.9374378658,            -8.4259039941,            -1.3075804583
            85.9714048134,             3.8107885130,             1.1170067054,            -9.3889923146,            -4.0561870893
            83.3236895006,             1.8041479994,             0.9811431797,            -2.0925549926,            -7.3321965338
            83.6399178854,            -6.1878107663,            -0.2131021826,             0.1814970142,            -4.1623082576
            85.3994446322,            -2.6491277302,             0.1349255254,             0.1113280196,             0.4624667194
            86.9753179225,             2.1038048198,             2.1321253359,            10.9239655211,            -4.3452994278
            90.2042774271,             0.8575116321,             1.4971814236,             3.4453855776,             3.8536164895
            91.1892265090,             2.7776357742,            -2.0921108806,            -3.3745192602,             4.2368619426
            86.5555427718,            -0.6424572035,             4.6757735377,           -12.1260915279,             2.1731371103
            90.0170017743,             0.0290463608,            -7.1367776714,            16.3248552940,            11.7620315959
            94.3812032688,             4.7404884281,             0.7617817811,            -3.5659210409,            -4.2633077191
            92.6076160438,            -1.1177778607,             8.4088463482,            -4.9765241786,           -12.7950092944
            86.6420524438,            -8.2155945420,             5.8799369761,           -14.5505249652,           -13.7128778895
            81.5950284395,            -1.7423376558,             3.0264024733,             8.5410011307,            -4.6527441263
            85.2097390368,             3.5307567449,             4.5190029509,             7.9730085061,            -1.7927980869
            87.9586361792,             3.1129457807,             2.5096068311,            -1.4477804011,             4.0148547434
            85.8669235023,             2.2739103441,            -1.9533860745,            -3.2893609281,             1.9442351438
            91.1841573558,            -3.0578067171,             0.5515911546,             9.6222582525,            -6.3207410837
            92.2638873971,            -1.1232912739,            -5.3324628085,            -9.9024603104,             0.2256917651
            86.8968973336,             6.9204685499,            -0.1479239240,             1.1036298897,            -7.1803551676
            85.0943080878,            -2.5842197594,             0.2350001665,            -4.0375664885,           -12.3724971516
            84.6049556089,            -2.7432884781,             0.3749048720,             3.8978062919,            -6.1561520449
            87.6031151810,            -1.9354587675,            -2.8389607599,             6.1877233413,             0.1462354028
            93.5932227489,             3.5349051826,            -0.4502374459,             4.4197971969,             5.8390508491
            94.7918072549,            -1.7966789983,             3.4834796812,            -1.6917952050,            -2.3915548325
            88.0933595674,            -6.1100458027,             0.0157820214,           -13.0564121698,             1.4220857610
            80.3320616007,            -0.8452177768,             3.0071542202,            -4.3799885086,            -4.1421759991
            84.3209902119,             6.1468087410,             7.9485594805,             3.9349197608,           -12.2838918280
            84.7892084506,             1.4109274905,             5.4042029949,            -9.6463223646,            -4.0827165505
            85.2513403081,            -1.0734635453,            -4.9797365455,             3.9012325399,            13.4529223533
            85.2088483348,             1.6031521319,            -1.9813215083,            -5.8345531113,            12.9851650221
            85.9722061297,             2.2327341315,            -5.1479752269,             1.0023178120,             6.7002000044
            85.6199444670,             0.6168381620,            -1.2673140808,            -2.5603221372,             4.5356105305
            86.7884026785,            -4.9460727208,            -1.4418609444,             4.5420820457,            -0.2295602887
            84.8817290840,            -0.8110912691,            -3.8931160701,            -6.7924950632,            -1.2124740308
            87.1222181175,             2.2944697006,            -2.1070524914,            13.9372626152,             3.7483484987
            91.2672927912,             2.8892796417,             0.7940728962,           -13.4083748889,             5.6490876149
            86.6900200888,            -3.7265124720,             0.3093358720,             2.8968453691,            -0.6437838548
            90.5189805865,             1.9453990169,            -1.7085027670,             3.7182677407,            -4.5093156505
            89.7054322115,             2.7919307100,            -1.2216127845,            -8.8681057970,            -7.9182854405
            87.2024082260,             3.4129712979,             1.6454039490,            -1.3234521617,            -9.8200239544
            88.6313571300,            -2.6066197916,            -3.6264376549,             7.4137009443,           -11.7944822678
            90.2034900649,            -1.1986227745,            -0.3189340190,             0.5819544832,            -6.1581626161
            87.2183245397,            -1.1515408218,            -1.1168411664,            -4.7844597355,             1.5911968189
            81.9610199544,            -2.0087421997,            -1.1541274452,            -7.4783834765,             3.3875776955
            81.2675418909,            -2.1798870053,             0.1341041275,             3.9179558143,             4.9523184716
            81.1580419873,             1.5911791585,            -1.5577671893,             2.5821646767,             5.7736630079
            89.0816321108,             4.0897099361,            -0.6274704828,            10.5743457999,             2.2187771809
            88.4975940882,             0.2548154833,            -0.8484372164,            -4.6529997766,            -6.5597648963
            89.5971100756,             1.0026712000,             1.5696072183,            -1.5704657535,           -12.4178010305
            84.7517355378,            -3.5777056450,             2.4042146648,           -14.9998257543,            -9.6845257818
            81.5973371719,            -2.5574591614,            -0.6375224148,            14.6784792846,             0.1811335171
            87.7624179848,            -2.5470199056,             4.9654442282,             2.4234577200,            -0.0197826091
            85.2103179198,             1.5868395696,             2.4305361486,            -6.7399940532,            -1.4967066383
            81.5445675017,             1.2794559684,             4.7910505580,            -3.8833132525,            -3.4722743732
            82.1932148409,            -0.7952223981,             2.7649930336,             3.3279319935,            -5.9591572119
            87.2346593571,            -0.4148840980,             0.9317314248,             1.6277921114,            -9.6104506577
            84.9280246524,             0.3384351020,             3.4624191654,           -17.0512642285,            -4.3612545497
            82.7084669356,             3.0075814620,            -2.1962239931,             8.0267404546,            -0.8075141177
            82.5908856445,            -0.3220224635,            -1.8336190725,            -0.2601918150,             0.1741788112
            88.9687724013,            -5.0298321092,             0.8944735165,            11.5851239533,            -2.2104629449
            92.0123806640,            -1.3899812775,            -4.5581195949,            -2.5280560266,             2.7012060476
            88.1393046632,             1.6063202766,             5.1693093777,            -3.4024834604,            -4.2954548874
            88.2523934932,            -6.6334171887,             4.4067469617,            -0.4302287491,            -2.6959215742
            86.1210883375,             2.3835257466,             0.0900392270,            -2.9358111937,            13.3305108335
            88.1891804351,             1.7186084498,             0.4335216111,             8.4134192029,            11.3299874274
            87.3448156376,            -2.5108702056,             1.7039931406,             2.8728038503,            -4.7454791797
            90.4227031412,            -0.1838054730,             0.4670647653,            15.8939475188,             2.7922201191
            94.7108345483,            -1.2945784895,            -1.8311952863,             0.8654592692,            10.9725167010
            88.0514706560,             1.9908809181,             0.8820373187,           -12.4598331481,             1.0116717346
            85.3273268283,            -0.4995187796,            -1.2974675975,            -0.6546336333,            -2.2200452892
            90.6974835379,             4.9483301944,            -1.3761359147,            10.5968751884,            -1.6706627706
            90.3000524262,            -5.5486022205,             2.4451362598,             1.6422513677,             7.3340575918
            88.0388544834,             3.1266783965,           -10.0690235631,             0.3967619951,            15.2158784065
            87.7634284853,             1.5169351074,             3.9060967025,            -2.8280330331,            -4.0388149429
            87.0454724060,            -5.7615183671,             0.1585736201,            -4.9074401902,            -5.6822028928
            88.6347130599,            -1.1797531330,            -3.8807212172,            -7.6892112369,             2.9823080293
            85.2113990004,             4.7397815059,             0.5991616400,            -2.7472046417,            -3.6829324084
            80.0945690405,            -0.7914090568,             2.5635412293,             0.5106739893,            -3.1195098424
            82.2987325544,             0.4160306711,            -4.7851268874,             1.6888467904,             0.7939339278
            84.3723274982,            -0.0811352478,            -4.5002064835,            -3.6427116979,             4.2930603769
            84.2175948204,            -3.6423893918,            -5.1280235022,            -2.4133930964,             3.5686070883
            82.8672495812,            -4.8887894670,            -0.1288650028,             2.8252246593,             4.9585277683
            85.2371355850,             0.1770982157,            -4.6216115041,             0.6819955663,            10.1711389299
            84.6384366401,             6.5567010648,            -3.1614027657,             2.4344432059,             1.3758014547
            88.5938645176,             0.3756290079,             1.4843011108,             7.7086879131,            -7.2443832873
            90.2881709167,            -3.4937869370,            -0.7299369872,            -1.3111667928,            -7.8261716747
            84.9907988156,            -2.4152887130,            -6.5502905289,            -1.3867982756,             6.6255014365
            87.9501432690,             0.5423796501,             4.7632030277,            13.5699784581,            -1.2609215582
            91.2906518962,            -4.3849468960,             0.5603548353,            -1.5189293272,             0.6238972603
            87.3270832346,             3.5470173151,            -4.4983144896,            -5.2308235950,             7.7470301963
            85.2571047238,             6.9829463246,            -0.9875077497,            -4.8877905508,             1.3949220297
            86.3656300974,             1.6351673553,            -2.7137249974,             8.9208782917,            -5.6973316357
            89.3622482103,            -6.2281023106,            -5.9204933219,             2.5064630871,             8.7393063629
            92.1117422169,            -3.2078315903,            -6.2003201051,            12.9203326984,            14.9172039960
            91.2878827840,            -3.0324834084,             0.6286491778,            -1.7709752400,             3.7839658019
            88.0824160136,            -1.0622027015,             0.7093971968,            -0.1790034971,            -0.2245261658
            91.0136664479,             3.5666319974,             0.7201476327,             0.2025709221,            -4.6402009511
            88.1762062101,             4.4137354881,             3.6241046616,             0.6757112713,            -9.6166044934
            83.3009616140,            -0.5175164812,            -2.8052490514,           -10.7449944363,             1.8210153909
            83.4934360671,             1.7505351380,            -1.3181502672,            12.5811867915,            -4.2886872744
            86.9221144054,            -2.3061114418,             0.8974919188,            -2.8962134529,            -6.8957880603
            84.1587300040,             1.5043258290,            -1.8124630892,            -1.7791252258,             1.1882177899
            88.1716164905,             1.2174438537,            -0.1873413001,            11.9697728975,             0.1086320389
            87.1956487150,            -1.3689639750,            -2.9250651583,           -13.7928148585,             2.6002315502
            81.7777787554,            -3.9888796185,             2.1377712424,             2.0859599552,             4.8606420473
            92.8015889419,            -4.9590776891,            -5.9514505955,            16.5563997598,            21.0796916922
            94.7191191104,             8.8115046687,            -4.7373542215,            -0.0664230814,            14.9165485419
            94.3052993760,             4.8135845580,             6.3754727774,            -0.3449749995,             5.5255260936
            90.3023031632,            -2.9365542250,            -1.4482709149,            -7.2159712836,             5.0007259826
            87.8521982929,             0.4105482781,             2.3081940333,            -4.0352271131,            -5.1398957042
            90.0889480840,            -0.0523535816,             4.1668070404,             8.4087363155,            -8.1542749329
            85.3217617898,            -2.3277401755,             4.6009779596,            -6.0696598939,            -5.7680966042
            86.0730827316,             0.4684719213,             0.0146979153,            -3.4065198673,            -1.6447937738
            88.4061902930,             6.5524646152,             1.0693086083,             5.8393599513,            -6.2138141812
            89.2786909242,            -1.5734591454,             4.0489437298,            -2.7889465435,            -5.4827064745
            89.1366978529,            -0.2163306967,            -2.8494974402,             3.0170845366,            -8.1535919162
            90.4135138464,             0.1471065591,             2.4611836769,           -13.3377929423,           -12.8128568571
            83.2352661396,            -0.0062369688,            -0.6171499673,             1.0246203298,            -6.1462060302
            85.5292624915,             4.6750466444,            -4.9701442838,             4.9754868834,            -1.5842399049
            86.7883825951,             2.7317145694,            -0.3330115030,             2.3336308162,           -11.9912238853
            89.3598746779,            -3.7234038972,             2.0144930732,             8.3807817322,           -13.9602758800
            87.4061161448,            -6.1224470588,            -8.5144278175,           -14.2855699581,             6.6170986533
            81.8994130719,             2.6408746923,             0.1603192601,           -11.2041985155,             6.8316003722
            81.5368342999,            -1.7066157579,             1.8745071556,            -2.2449227817,            -0.0155398777
            82.5766158790,            -2.1300558276,            -0.4637991393,             7.3476985411,             3.5228390785
            90.4195289307,             1.6173474682,             3.6120760652,             7.6316749828,            -1.2091122445
            88.1122408492,            -1.9898868866,             3.4757712792,            -8.8824157167,            -0.5558270497
            85.3257554966,            -0.1816228234,            -0.7244260890,             1.0764337646,             3.5563026142
            89.2243622070,             5.4801023244,            -1.3726520281,            11.1198055007,            -3.1978735715
            91.8424229205,             4.3215810364,             3.1035050440,             1.2849071829,            -9.9717905558
            87.6375715863,            -4.3188940646,             0.2975433331,            -3.9024087081,            -5.7016334553
            87.0442157602,            -1.7313433559,            -2.1032253166,             2.9496171676,            -0.4696226398
            88.2630839803,            -1.7011573296,            -0.6445101650,             0.8045973543,            10.6139929752
            88.0838320778,             3.7813982613,            -0.0276039438,             1.2183719653,             7.4063111417
            89.3067753225,             0.1120993484,             5.4809395874,             3.2056659592,            -5.0962262144
            91.5520917994,            -0.2102538882,            -4.9877845935,            11.8752709595,             3.4908664656
            93.3797722310,             5.6338765153,             0.8399052497,            -0.8670531069,             0.5440274584
            85.4789080704,            -5.1131673124,             3.0675518000,            -1.3579328379,             0.2067970326
            87.5364217447,            -4.7556908921,             1.2505243106,             9.8574557757,            -0.3639982239
            86.1339618491,             1.3669664443,             0.1288545785,            -5.0572697597,             2.5925370898
            84.8198840884,             3.5580667561,             0.6255860173,             0.1356283340,             5.8494896629
            84.2012256670,             3.7824771689,            -0.7699575778,           -11.8263389946,             5.8075069445
            81.7028303335,            -0.3512735408,            -1.3390964949,             7.3164554938,             2.5847880963
            93.4804812242,            -3.9138202760,            -0.5656945490,            18.7810704281,             2.4910799629
            95.3048212701,            -1.0813294472,            -1.2061493465,           -15.7188477632,             4.4223152624
            91.0592148781,             0.6736951072,            -0.6751529113,             5.0429758240,             4.0897648269
            86.5879199850,            -0.2229101076,            -1.6630522779,            -6.2594610756,             0.3109685073
            86.2076287937,            -4.6828467500,             2.1139226874,            12.7324320314,             0.0816436355
            93.1967597374,            -4.1523641163,            -2.5446450545,             6.0571998379,             8.1067454002
            89.8081758480,             4.7348459355,            -0.0109841792,            -6.0964990093,             1.3762196299
            90.6817284080,             0.3912795164,             3.0453632784,            -2.2634981720,            -7.0475611366
            87.7970348978,            -1.0890805214,             1.0792664034,           -19.8927240764,            -1.8735636783
            83.7051844061,            -3.7250333351,             0.1308633806,            12.2223175905,             0.9724367517
            88.5530927221,             2.3926457858,             2.9594497154,             1.2152781073,             1.1189929186
            83.9144294234,             3.4518886021,             3.5327887348,            -5.0516261154,            -8.4879484924
            84.9602122453,             0.3645367848,            -0.4339978268,             8.5792499904,            -2.1884247517
            87.0134233199,             0.6677644231,            -2.5659847212,            -6.6715220763,             4.5740808667
            82.7704810490,            -2.4591645213,            -0.9073004045,           -10.5047492774,            -2.2334287533
            83.8870736375,            -6.5569906725,             6.5352072421,            14.3666931392,            -1.8209735953
            93.9970168096,            -5.6045822657,             4.0083006015,            20.0174272967,             1.8121787333
            94.3177516905,             4.7842785961,             4.3439230842,           -13.2269826124,            -0.2748522020
            88.6461980431,             3.1865993681,             7.0133790307,            -0.4882165688,            -3.8975771681
            88.8487557337,            -1.1954875139,             4.1107571380,             1.3806726877,             2.5315530504
            86.0572794736,            -2.0197448437,             0.0665840916,            -5.2519253777,             6.6440264955
            83.3143859197,             6.2455135131,             0.2268677548,           -12.7402232581,             6.8780493218
            78.7736126597,             4.3579846909,             1.5946732306,             1.2313939768,            -6.5553057739
            83.9259216261,            -3.5251756657,             3.6558147777,             8.9273376023,            -6.1496601715
            86.2571749889,            -1.0419473871,            -1.3070804604,            -5.4977184626,             2.8962147020
            86.7700969835,             0.6982848392,            -2.0198112995,             4.5509738571,             7.7795911428
            86.6216096349,            -0.1039421685,            -0.3737559592,           -12.1412846453,             7.6711623914
            82.4825381139,            -1.8284910914,            -1.2965926234,             5.0662609180,             2.6061413948
            88.0858767564,            -2.0262688363,             4.6615023783,            15.6523986747,            -4.1544659616
            91.3349816431,            -0.3223310758,             5.3938428554,            -8.3743386160,            -5.5277323310
            79.2752381551,             2.0149553982,             0.5021946261,           -18.7542505529,            -3.5343110392
            74.5806664778,             2.0843192699,             3.6558103132,             3.1939780119,             0.5267331904
            84.9695206588,            -1.4610150168,            -2.3449195268,            11.0581373573,            -0.7416513949
            91.2497619453,             2.6042769939,            -6.8699288887,             9.6990253140,             4.2577844529
            94.4426425741,            -0.7820990000,             1.7440135777,             0.3373900341,            -0.2830972172
            92.9150499365,            -4.2677610479,            -2.7819698828,            -8.1458102278,             0.2792560999
            85.9561834140,            -0.5987387945,             4.7391058640,            -7.9990655878,            -6.3190218144
            87.0761891081,            -2.2109212506,             0.7255478027,             8.1846988468,             0.9422774795
            91.5536835609,             4.9316713362,             2.3797836360,            -1.0157387419,             5.8979161410
            89.2507199018,             0.8782899469,             2.4050518563,            -7.0898200503,            -0.9880407804
            87.6421358874,             0.3092237474,             0.3734608511,            -2.8994746554,            -1.9765406820
            87.7631659553,            -4.1371762051,             4.6531518526,            -1.1144504087,             0.6958766828
            85.9742735621,             2.4528928123,            -2.1380047014,            -2.1772706460,             6.2464720693
            88.7056618192,             8.2912670182,            -0.1564771470,             0.6200998034,             3.2565597112
            89.9734009027,             3.3837379746,             3.8135080765,            -5.1107370115,            -7.1510841104
            84.0980285766,            -3.2067549153,            -2.0981696282,            -1.1141146837,            -3.6501192061
            87.1379498204,             3.4496012701,            -3.6145819534,             5.6882286386,             4.3763308452
            86.9384546121,             2.9776800304,            -2.3364498313,            -2.1329263600,             3.7446494644
            87.2096128057,             0.3876086874,            -3.9899249198,             1.7269142717,             3.8657669311
            89.0447926848,            -2.3777225964,            -2.5459987814,             1.6447169822,             1.5384757626
            95.6328302864,            -0.0020560768,            -3.1666426072,             8.6818746844,            -2.4513090975
            92.2666392722,             0.1691181871,            -0.2430553613,           -15.2829827819,            -3.2924769670
            81.6687510698,             1.0422840274,            -2.8772373558,             5.4724559319,            -1.3986673611
            89.0182338543,             0.3962747719,            -3.0762716145,            18.8325681464,             1.8852934342
            87.8806696293,            -2.5184029434,            -4.8786714632,           -12.3052997962,            11.0630322390
            83.4229692006,            -3.4490915985,            -3.4146842286,            -6.6130794816,             5.7042994530
            83.0046444316,            -1.3915223380,            -0.5861609570,             0.2308788519,             0.0839651831
            85.0198036360,            -0.1322724640,             1.3265512048,             0.4772928830,             5.2586503231
            87.0194720139,            -4.2462903461,             6.9307719307,             8.9435541493,             3.5708025626
            93.4071576137,             1.7003286333,             2.0941434470,             6.0935301558,            -2.6819456159
            93.5126406651,             5.2193920944,             8.0567380734,             1.2815283566,            -8.5958895867
            87.9629820289,             0.5991212902,             3.7301050585,           -10.7102351260,            -3.6827364715
            86.8222613643,             4.5070063412,            -2.7816226832,             7.4043240158,            -1.1997359998
            86.8034823176,             3.8388308055,            -0.3524638775,             2.6655837658,            -3.4698801053
            82.6275005727,            -4.5221926208,            -1.3644080827,             2.6467227259,             7.3860859090
            84.3565378401,            -3.5626031692,            -5.3412489603,            11.7780263834,             9.1375231160
            91.0089758821,             1.5881564114,             2.6301085365,            12.1144330438,             0.3533136860
            93.4466018195,            -1.2167521363,            -1.4061266373,            -5.7353652830,             5.6288649083
            87.0257470974,             4.3097877579,             1.4696764518,            -9.4909547288,            -1.5212593021
            85.8866169466,            -1.2413489349,             3.1963518553,             6.4226677321,            -3.1361012847
            88.7247736079,            -0.8299595223,            -3.9720705403,             0.8475628416,            -1.4937419854
            88.6761935727,             2.4582283685,            -0.1061192419,            -4.0631768451,            -4.7255269943
            85.8819060020,            -0.5596628873,            -2.8089590724,            -7.2565922336,            -2.6360377971
            86.4992792998,            -1.1687076631,            -0.4047381368,             7.0805237501,             1.2087004871
            86.7019043372,            -1.8649179812,            -2.0716257293,             0.7642263786,             0.8091523122
            86.5331466502,             6.1110313650,             0.5017192902,             2.6156021961,            -3.7665971112
            91.8724992965,            -0.7768027076,             3.7492263906,             2.8566362050,            -5.5503014114
            89.3371746801,            -4.9068896216,            -2.2931087909,            -7.6109299854,             7.4266975745
            86.0634725449,            -0.0430944442,            -3.1109967986,             5.1131494903,             6.8178097324
            92.4278715580,             0.9237702802,             9.5233987604,             3.4864624847,           -13.9598655249
            88.6040566551,            -3.4583963768,             4.0420779099,           -13.3131874415,           -10.6784466207
            86.3007121686,             7.8003132664,            -3.7556827461,             8.1864883510,            -2.1329866155
            84.5497278888,            -0.2401554282,             1.6081470838,            -4.3320773935,             0.8549688567
            83.3982771513,            -2.9685597456,            -6.7722957219,             5.0831945540,             5.5184921052
            85.2021890404,             1.4635680585,             2.6546645210,            -1.0470519051,            -1.7892887174
            82.2259963131,            -0.4496157089,             2.3644289602,             2.5445662857,            -2.2043660648
            86.8134583459,             2.0515826662,            -1.3144975995,             1.2634667461,            11.4206789762
            84.3394861854,             1.3259545113,            -0.9810078501,            -5.6503268508,            11.1354423044
            84.0321067015,             1.0980539274,            -0.0177878428,             5.5324141358,             4.1439702817
            89.3457927770,            -2.4949375204,            -0.9046676401,            -0.5081273345,             4.2055711460
            89.4221395710,             3.1627264977,            -6.7807937690,           -13.5428371074,            10.9754007585
            85.7208585783,             2.8097482130,             1.8212923085,             0.3648335966,             3.1576292278
            91.3909364611,            -4.5892897705,            -1.4691481088,             2.3111632808,            -1.3929146199
            90.2968296225,            -2.1985356252,            -0.5402871764,           -22.9561416068,            -4.8727103006
            81.1974290725,             2.7502151640,             0.7090244254,            -2.6078969684,             2.2164574033
            84.0375622567,            -1.1068335933,             0.6554856939,             3.6709811101,            -4.9090073280
            84.8991221180,             0.0892552341,            -4.4144460590,            -5.3104786908,             1.1354148915
            90.8715185861,             0.5325888838,            -4.1671411755,            10.3169327330,            13.2962837480
            92.6286624565,            -1.8565285983,            -6.3408054784,            -6.5650947559,            20.1636971350
            88.4515547785,             0.9109359374,            -4.4344214247,             3.7649978305,             8.6081661273
            89.6180531053,             2.4406142006,             0.6942024372,            -0.5474340644,            -2.9944861272
            87.8368928529,            -2.1904647609,            -1.5950310518,            -0.0445728062,            -4.7282647670
            92.2677211301,            -2.0237156400,             4.3185572786,            10.3783160607,            -8.3667320456
            94.1680737141,            -5.3733061473,             0.2231085667,           -13.3851616909,             2.7844372936
            86.9643690203,             3.6670220490,            -1.6303809831,            -0.9001780319,             3.3185280153
            85.8051571644,             0.9327706636,             7.5170119076,             0.3500839756,            -4.4939493833
            86.8432789598,            -6.0774362840,            -2.2614145234,            -6.4717709669,            -0.7732243529
            81.3921702418,             2.9326184379,            -0.7478410157,            -7.0606292634,             1.2155352098
            83.0735677932,             0.3576099174,             2.4900405082,             6.7159950330,             1.0744437069
            86.5180464437,            -1.2720311620,            -1.6805481948,             9.0229958288,             8.6955054023
            94.8153100415,            -0.6891335052,            -1.5157663634,             2.5647418614,             6.5873479958
            91.8297231503,            -0.9412799198,             2.1217674285,           -19.2506004791,             2.0137658964
            86.2479741065,            -0.7444313349,             0.1002810836,             3.4105891058,            -6.5577602051
            92.5885086247,             2.5796054239,             3.6303038751,             8.0233896549,           -11.5227582286
            88.2501513087,            -1.7320869994,             6.7873075356,           -11.2974553768,            -8.4475595228
            84.7592696273,            -0.8835105787,             0.8510029400,             8.7693546900,            -1.2189034690
            90.6425257182,             1.3805931337,            -1.3546935041,             0.1001680233,             6.0785560642
            84.5746273902,             2.8880469451,            -1.1229179210,           -12.1167665725,             9.2582262852
            85.8950203807,            -3.8637955808,            -1.0114703178,             7.2523006458,             8.6162091429
            86.6101729666,             0.1594224507,            -8.8190279608,           -16.0983589698,            15.2276677043
            83.7193131044,             1.3022700046,             2.4201316864,             8.6585358120,             7.0587011759
            89.5281826552,             0.5868031804,            -4.5762384272,             9.9822790578,             1.8264865989
            89.7527044912,             0.6570404345,             2.5378036401,            -4.3131130719,            -0.2758910850
            88.3437750242,             0.7918286944,            -3.5063677395,            -3.1055015247,            -2.1751607102
            84.3299590582,             4.9578096308,            -0.5172388196,            -4.7131758381,            -4.7344019316
            84.5336265932,            -5.9450546262,             2.5738194578,             1.0118983538,           -10.6017295996
            86.8208914139,            -3.5916613113,            -7.0029855283,             2.3620258850,             6.6947057528
            88.4027809175,             4.0354950345,             1.5168696745,            -8.3354295486,             4.2336586840
            91.3613407539,             0.1852282399,             7.1578197584,             6.6679103084,           -19.6362425408
            88.8807623023,             0.2567716957,             2.3727355180,            -3.0521775844,           -18.2144619252
            87.6359353031,             4.4807846123,             0.0647998926,             0.6211325491,            -6.9634625445
            87.1141739534,             1.1279512291,             4.5945787046,            -1.0777896884,            -6.9424083756
            88.4968536647,            -7.9047185775,            -3.0543569901,             0.3105913568,            -0.0264184472
            91.3113360028,             0.5708400908,             2.5774773990,             2.0977792917,            -1.7403628508
            89.5620218197,            -2.1485569597,            10.3282082414,             1.2323888920,            -8.1546582397
            88.0657379606,             1.0076523565,             1.0432113537,            -5.4464213605,            -1.6347011120
            94.3759080623,             8.6754308483,             8.3962372324,             8.8288497058,           -14.8937164967
            94.5479686990,            -3.7069603764,             9.8809680230,            -3.3338194569,            -8.9946536009
            91.3980048514,            -6.1163334708,            -2.7731921203,            -7.5637279696,            13.1548380868
            92.3757302555,             7.8834500097,            -6.7052211656,             2.9233856544,            15.3840919368
            91.1224847519,            10.6579666755,             2.7320272625,            -9.4335249824,            10.3772416599
            89.9592285602,            -0.4129683536,            -1.8926039009,            -5.2083672337,             4.8276360670
            88.3778899598,            -1.0961092947,            -4.4530960380,            -0.5276781524,            -7.1644953741
            89.9984945797,            -0.3551020520,             2.8439238000,            -5.2126994805,           -17.4294471276
            84.7999774640,            -4.4390634389,             2.2150255547,            -7.4447394387,           -10.4207773366
            83.3669345700,             0.6605970775,            -0.4313798001,             1.1712764922,            -5.4648866756
            84.0646434196,             1.1671050754,             5.0862163178,             7.8291728100,            -6.2842115326
            86.6579156924,            -3.8423312113,             0.2498420681,             0.1586651669,             4.4433113895
            91.5045807083,             0.5908532251,            -1.1269495490,             3.6095491167,            16.2425989427
            89.4533873348,             3.4573055699,            -1.4345857289,           -13.5645269122,             7.9822556501
            84.9554215865,             2.3433656726,             1.9402088516,             4.6102611184,            -2.9208455023
            86.4382557125,            -0.0916264841,            -0.6579826302,           -13.6026508597,            -2.5452608646
            81.0267120443,            -1.4852167028,            -2.1082108972,             5.5002222976,             3.0120257680
            82.4688623057,            -0.3067382260,             1.2200464742,            -1.6834168038,             2.6086389499
            83.2318087287,            -2.5757052914,             2.5938845100,             3.5707080953,             0.7034477250
            88.4289822142,             2.4386274832,            -4.5042993105,            -5.9495445846,            13.2922026024
            83.2066487187,             6.7560491349,            -1.5174088743,            -8.7652699446,             8.4038706668
            79.5523608364,             0.8191038001,             0.9997168519,             1.0920117636,             0.5690946923
            82.0666376649,            -1.1946900183,            -0.6535377214,             2.6136121532,            -2.7789452554
            85.1830416670,             1.2807432923,            -5.5929819449,            11.1497350601,             0.6947782514
            89.9548454055,             3.8977132859,            -1.3781635060,            -2.4268870835,             0.0604511799
            89.1341822795,            -4.7580291317,            -3.7585259460,             9.1759994431,             4.1360082289
            92.2199010601,             3.2764397608,             0.4450852856,             6.0696748958,           -11.5297234273
            88.7367182774,            -5.0527062878,             5.6128059765,           -20.1449896875,           -14.5492859860
            80.9402967345,            -1.5059192590,             1.9504861729,            -4.1175521649,            -1.8170237400
            86.9978934784,            -0.7942014469,             0.2886767312,            -0.6823652743,             5.4436462370
            91.4505143161,            -0.3869444094,             0.2288490894,             5.5175798237,             0.2111719566
            92.1256161307,            -1.4608709484,             5.4696091623,            -4.4064636757,            -7.7155677952
            86.0766031228,            -4.5041315970,             2.9972740381,            -2.1311363890,            -2.7215572728
            90.4885662126,             1.8816342222,            -0.8655362573,            17.1942012202,             3.0909988037
            92.3605402123,             3.3489357037,             4.0928784564,            -0.2700473623,            -9.0371254639
            85.8712845383,             0.3966645078,             3.5889108837,            -7.2211716143,            -5.2564185974
            83.4993223897,            -1.1421546294,            -1.3449221781,            -2.2123049807,            -6.1477872627
            88.4106730808,             1.1486316244,             1.4359170636,             7.9247402687,            -2.0370211954
            89.8443832485,            -2.8295814744,             0.6774511487,             1.6785487490,             1.6366447995
            89.1134374447,            -0.4693429206,            -3.0028183024,            -3.8568880327,            -1.8629921269
            86.6903890210,             3.1652618261,             1.7150108579,             1.4240990427,            -2.0990460643
            84.8627332543,            -2.9113504145,             2.3537006364,           -11.6473960757,            -7.5216475638
            81.3931259924,            -0.4835502804,             0.7779645460,            -0.6593505053,            -7.8767672826
            85.2282311978,             1.3571436936,             1.7270887295,             8.8944487027,            -9.0576519330
            87.4591305576,             3.9640769070,             0.9408546911,            15.3384616977,           -12.8054921173
            89.7158953935,             1.3635142893,             2.2445685188,           -14.4767465261,            -9.6945463017
            82.0721128449,             0.4414765950,            -2.9951998777,            -3.3815010391,            -3.8715306255
            86.8515438652,             2.8174908360,            -2.1994751971,            15.3171277037,            -6.9200798584
            88.6026130268,            -8.7202189326,            -2.0668175881,            -5.1204424334,             2.0750579439
            88.8673558853,             3.4351127472,            -8.3326861128,             6.8130674148,             4.2760854323
            95.1356294075,             4.3447745105,             7.9081475570,             6.9556985988,           -19.6764828730
            93.6152146980,            -8.6366788496,             1.2314207744,            -4.9046217032,            -6.1776495671
            88.2314375550,             1.7563589527,            -6.9788363965,           -10.6161492787,             2.2464242045
            83.7534219496,            -1.8893455801,             8.2340863848,            -2.8797355861,            -7.1304176235
            85.4639637625,            -1.4621372484,            -1.9158753080,            12.3614201563,            -2.9071155273
            88.5973985935,             3.5870097579,            -1.5196826416,             0.3611903632,             0.4254285449
            84.7722888219,             3.9725588873,            -0.6852814541,            -3.0699775527,            -3.2335257461
            84.2145782432,            -0.1790823964,            -5.9022613105,             7.1010067210,             1.6886108274
            88.9832958223,            -1.8148525193,            -2.4668297295,             2.0302169449,             3.8813681325
            87.9489341947,            -5.1566024563,            -2.2240339400,             1.9020514427,             6.0163637035
            90.8097405670,            -1.4646096263,            -1.6507588152,             7.3800456554,             7.5783720504
            91.7256233973,             0.6981715838,             4.2095729331,            -4.5471420089,             4.1353380606
            83.1531836614,             0.4362262867,             2.6913128546,           -15.5946128774,            -2.1116323825
            84.6341613951,             1.9460080853,             4.6260627486,             9.8919518798,            -2.8231737327
            86.9259876143,            -1.8972278698,             2.9624231368,             5.3032887623,            -4.8277075301
            85.2937754456,             2.1472027894,            -0.4451946703,            -3.4435728690,            -1.9389177769
            88.2922377407,             3.1612501979,             3.0972580836,             5.0822140934,            -4.1945411999
            87.2600327667,             1.3178781348,            -2.3181344647,           -14.6826781443,            -4.1838730810
            83.0805136242,            -1.4663037967,             1.0975693585,            -1.4000553018,            -6.2521174530
            83.2899550693,            -3.1522192382,            -1.3802402757,             6.7415105986,            -0.9558760130
            85.5100027055,            -1.1147586316,            -3.6565160077,             0.6296067177,             5.4372453725
            86.4988852850,             2.2553865341,             1.2700712835,            -4.9935571671,             5.8535068512
            86.5830152670,             0.7347042929,            -3.1086500828,             0.5909653130,             3.9188287643
            90.3991672836,             5.5754296335,            -5.4327001809,            11.4485439779,             7.6803638997
            96.6508212126,            -2.3440219752,            -1.8285571575,             1.0905541397,             3.1842849130
            88.6743312180,            -8.7776037899,            -0.8949038493,           -15.6687425450,             2.1170540336
            81.8075030806,            -1.4150160723,            -4.1578260349,             3.5667899402,            12.6781398460
            87.4384724343,             7.6171155057,            -2.2963998340,             8.2031738553,            15.1369317194
            85.2485092688,             2.1604603663,             0.8879589445,             4.3544683859,             8.0994981379
            93.0940035013,            -3.9851331830,            -3.8328276557,             3.8480661835,             9.1234610108
            92.8744711955,             6.3183327660,           -11.9787811800,            -2.1315054164,            15.3568005428
            93.7891617382,             8.0279748363,            -2.1583342914,             5.3514278293,            -0.3933813492
            90.8655968259,            -8.3494459988,            -1.2575407838,           -16.7303279713,            -6.1027746265
            84.2043590388,            -3.8008628632,            -9.0796306946,             1.9598787187,             9.1314932507
            87.7524515394,             2.2416362696,            -1.1552583400,             5.1944065674,             3.6076331017
            84.3179055382,            -4.1155257844,             5.6191746645,           -12.3785433020,            -7.8624248870
            83.5420539462,             1.5648141590,            -3.1752173986,            12.7470672252,            -0.6340018168
            85.6561870547,             7.0458694513,            -0.0996031236,             3.1861966166,            -1.9748406713
            81.5818650909,            -2.0966447356,             0.6865009837,            -1.4622745600,             2.7326211359
            88.7742822745,             0.2262434757,            -6.5216787561,            10.4957527969,             6.9680221998
            90.1737365882,             5.3173129481,            -1.4834997876,            -9.7872445088,             0.4240473081
            87.0687496419,            -3.8990842552,             4.3351151905,            -0.5195592208,            -7.6344499917
            88.4686875006,            -7.3999638751,            -2.5630780700,            -4.8060361602,            -3.0027340646
            86.8145108681,             0.4385525994,            -2.7682219073,            -4.7458946813,             7.7419567359
            85.8572771288,             1.9042870042,             3.1004572413,             5.8155722750,             3.1786897157
            88.8414783060,            -2.7347379043,             1.5695062175,             0.5317942452,             1.3233993777
            83.7581238071,            -2.2680766458,             3.5692453452,             0.0430753472,            -4.3314773457
            90.4641176625,             0.4099955014,             4.2159531170,            10.6924623477,            -3.2927836217
            88.2774736659,             1.5224515502,             2.2770037744,            -8.3268301136,            -1.5929192858
            85.8994538160,             0.5770966133,             2.3786449590,             0.8272838222,             3.5129241663
            83.3245618107,            -1.9181460782,             1.5456189437,           -10.7727309618,             8.6215394094
            83.9547634844,            -1.4203705675,             1.2606938803,            16.3342332440,             0.8136840880
            90.1367054341,             3.7844276595,            -0.2700821290,            10.6596476498,            -4.3462668833
            87.3722794905,             5.3237343430,             5.6099376981,           -16.5627314214,            -5.4730304420
            83.3635494321,            -5.6150333736,             7.1174937722,             2.3359298596,            -3.9771601972
            84.2142477599,            -1.7061731265,            -3.8954469083,             5.8326136963,            -0.2361393451
            86.9887914651,             6.7142560429,             2.7353061622,            -1.9482399768,            -5.7452494390
            86.0738683023,            -0.1739138953,             0.7602290693,             1.3971468300,             4.1860314695
            84.8619097023,             0.0587335402,            -4.5336724859,            -3.2848212683,            12.5729765495
            86.1150400313,            -1.8712220553,            -3.0453819967,            -2.7813841678,             8.4346752909
            83.9472828539,             1.7238172394,            -1.7752871635,            -3.3375117098,             4.0707979219
            84.3130795424,             4.5755998909,            -5.4145032151,             5.5721640600,             3.8257642177
            86.6303772183,            -1.1241392869,            -2.4543262855,             2.9677772071,             3.7255684661
            85.4475495551,            -2.4572646903,            -6.6271431678,            -2.2169469221,             5.3241470136
            86.1209537738,            -2.0849778688,            -5.4045799705,             3.0689610875,             9.7218035850
            84.8365171418,             0.5107580087,            -4.9942092961,            -8.1355609437,             7.2619588763
            83.8330762493,             0.3735745490,             1.8763875247,             6.5917722356,            -1.6466920002
            87.5696733433,            -4.6979194256,             1.3647166054,             1.3860159924,            -1.2942612109
            88.6314643310,            -1.0664884190,            -3.2769921810,            -4.0204188410,             6.1798069788
            86.7257678703,             4.1286040765,            -0.4911077531,            -1.2757854204,            -4.6005107459
            89.4898181078,            -2.1871930661,             2.4693114667,             3.0894421430,            -6.6232800638
            88.4181431167,            -1.7520334807,            -2.9933815826,             1.7489921958,            -2.4196044531
            90.7260044500,            -0.5091710811,             1.9874049335,             6.8970016467,            -8.6106607824
            94.5886005161,            -0.4755477795,            -0.6191893104,             4.1890955110,            -9.3672094083
            89.2357062017,             0.9088934986,            -5.2144427635,           -10.9786511303,             4.7043618404
            86.2049118674,            -0.6456394825,             0.8705680837,             3.6151240155,             0.8816336101
            87.3167104333,            -3.4012270574,            -1.6482852352,             1.1014568966,             4.0731328033
            84.0461857012,            -0.2876963598,             1.9581148695,            -8.1257701629,             3.0292467899
            81.2653924730,            -0.0033193327,             1.9132436476,             2.6721813702,             4.7834999321
            82.9148158391,             6.5049574616,            -1.0561704746,             0.5611072634,             4.0202522503
            84.5758828056,             2.4732830708,            -0.0634083932,             5.3430601351,             3.1215513280
            84.4980906126,             1.1377882233,            -5.4586932257,            -1.2718358168,             5.2461844029
            86.6489530074,            -3.1572730831,            -2.7979001155,             1.8025962631,            -3.6685563571
            87.0683526514,             1.9549428136,            -2.4011653307,             4.5633604038,            -7.5748514643
            84.4126521923,            -3.5332621429,            -1.8262059684,            -1.0694674084,            -2.8917337540
            84.4673396323,            -1.3456426408,            -2.7784230525,             3.7973435619,             8.5827562097
            84.9521088007,            -3.2180867130,            -1.0443069243,            -0.2347199621,            10.7898671871
            84.6537875867,             4.5150922172,            -2.8995596738,            -3.2767464973,             4.9483404885
            85.8209011882,            -1.1765973542,             9.7762154477,             6.7390848658,           -15.1107058629
            87.7729139897,            -1.9770647002,            -0.9386390162,            -1.0594016464,            -3.8159258940
            87.1920761490,             5.3279520782,             2.0008891799,            -8.7572645040,             3.0293101173
            90.3687323985,             3.0630996659,             1.5500603276,            15.0580984655,            -2.7273180415
            93.6618573091,             1.4355928146,            -2.5785896511,             2.2766003387,            -3.2968290526
            90.1198042734,            -1.6603378402,             0.1063785078,            -6.4165993315,            -2.8118440793
            85.3269813490,             1.2954669712,            -5.7077604252,            -8.6846011000,             2.8573598658
            89.1529601272,            -1.0133751797,             2.4196487779,             4.4199640111,            -5.6284732619
            87.1409071299,            -4.0571213330,            -4.6012652908,            -2.7585952773,             0.6218272675
            86.3733713063,             0.0226755855,            -2.0623087934,             5.5868665942,             5.5461382006
            86.2969458460,            -0.2555930189,             1.1488286858,            -3.6155409608,             1.5732840785
            85.3046723993,            -0.1129450913,             2.7521775438,            -4.5759194041,            -0.8317680740
            87.9604869310,            -0.0213269759,             1.0856320850,             2.9803933636,             2.2168052700
            86.2021133536,             1.7660583697,             0.9874241941,           -11.6546656326,             4.2199942491
            79.9030913827,             1.5773012649,             1.9787453070,            -5.2584017653,             6.6544506452
            81.9758360765,            -3.2103667009,             4.2270488873,            12.9787524467,             6.5908483826
            87.9735462980,            -4.8514987509,             2.0184211044,             7.0351567730,             5.5921918869
            85.8077698257,             1.8953112968,             1.5040405400,            -4.8765573015,             5.9712490390
            86.2983319319,            -3.0942966786,             4.6744920164,             7.4347135217,             7.6193675565
            94.8413356039,             2.6993277083,            -1.0854264674,             9.8768466205,             4.1075130202
            93.3757234225,             2.8489101725,             5.3757381341,           -11.1115804066,            -3.8830821511
            86.7197590099,            -1.1593879679,             2.9707238355,             0.3794676693,            -7.2138726876
            85.9565549608,            -0.5894526442,             2.5866140233,            -0.9339072055,            -8.6271019745
            86.1246767415,            -1.9425675035,             6.8058349227,            -8.8979068700,           -10.7648830027
            85.7132892854,            -1.7358125158,             3.4971817920,            13.0360607514,            -6.4692384507
            88.0476370371,            -0.3973175873,             0.0865461356,            -8.7719870694,            -6.2474891152
            84.4717740642,             5.7474566538,             5.2123789103,            -9.9243640496,            -8.6423189944
            82.8797042945,            -0.4569988799,             3.2707750680,             2.7953805836,            -7.2596709682
            87.8952101314,            -1.3163463192,            -4.5916024446,            12.1776077315,            11.6666480582
            92.0647682456,            -2.7267914394,             1.0177957038,            -1.8836819761,            14.0379308433
            87.3418244561,            -3.2773624552,            -0.6883415526,             0.4626962930,             9.2254021333
            91.5155785600,             1.7079132032,             4.8931108633,            12.5581307059,            -0.0795723091
            90.4903599078,             4.8795949487,             3.2649304151,           -11.9930013598,            -3.1098657043
            84.7878075483,             1.9557756017,             4.8602866998,            -0.7919610067,            -7.4269595624
            86.6217174556,             2.0826885184,            -5.8618897330,             9.9792416163,            -5.8438684065
            95.2660929861,            -0.4765832753,             6.0152989577,             2.4620650508,           -15.0749344111
            89.3599159178,            -6.5229327559,            -1.2868942778,           -21.6033025235,            -5.2685178094
            82.4412800087,             1.1191438139,            -2.1623876425,             6.3975857659,             2.5510321916
            93.9907616976,             1.4422991971,            -2.3415657489,            18.5195313439,             2.3709665273
            91.8415677253,            -0.0178204001,            -4.6178511665,           -15.0185286020,             0.2064240508
            86.7782408192,            -0.7568958247,            -0.8327657919,            -5.3813925004,             5.3976936352
            87.4180965536,            -0.4736467541,            -3.0819405387,            -1.1845268124,            -0.7784360513
            87.6890032394,             1.1020231048,             0.9867931844,             1.0800343504,            -9.3666067553
            85.0218322868,            -0.6319552345,            -1.3751679287,            -3.0376688402,            -6.5390117245
            90.3049556226,             3.0665742872,             1.5682184868,            14.6662546378,            -5.5469249203
            94.2148033864,            -0.1082990046,             0.9984364850,            -6.3852135770,            -0.2152538231
            84.9616611793,            -1.5518846992,            -4.2782443835,            -9.5306759562,             1.9132067183
            87.6966034676,            -0.1608624571,             0.7549918358,             7.0596196125,            -3.7137737911
            92.2626776446,            -0.6522552272,            -4.3452759914,             3.6012904588,             7.5067656207
            87.3553209292,            -1.5290642371,             4.2968645407,           -12.8281587497,             5.2536433688
            85.8612495933,            -5.7750837515,             0.2618514508,             8.0067030881,             2.5255270168
            91.1499701565,            12.0043311376,             3.0231634026,            -4.5063507535,            -4.6080451532
            87.2992490912,             3.6304773825,            10.7502683562,            -3.0117924868,           -15.4426074054
            87.4532062807,            -1.1402664047,             3.6891800895,             3.8927298669,            -4.0219500906
            86.9599606542,            -1.7961069006,             2.2192349471,             0.7545379089,            -6.5112042523
            88.9304494769,             3.6581291988,            -0.2587584548,             5.1062673785,           -10.1043472160
            87.7826806844,             1.5685005789,            10.2605052550,           -18.0225649911,           -15.5797608579
            84.7283647988,            -5.6789219022,             3.7912530835,             3.4663070704,           -10.3046728725
            87.9995709454,             0.6205927840,             1.1630167962,             1.4156248418,            -0.8980205232
            86.7812343826,             3.8804898679,             5.1351295843,            -6.8388430774,            -1.3467861106
            84.4179633599,             0.1987578362,             1.7496084806,            -2.2603635288,            -0.1275757392
            87.0339500449,            -1.0058766733,            -2.0222730440,            14.8880465234,             7.3472695748
            90.2539427475,             2.8193709150,            -3.1302285455,            -1.9473150748,             3.0260698136
            83.5897900798,            -0.8001501562,             2.5779288200,           -11.5433275097,            -0.4367209518
            81.9072674733,            -2.7985413819,            -4.6613419407,             7.4397726999,            10.9198515196
            85.8904746088,             7.0947957065,            -5.4177028198,             7.3230367090,             3.2884529408
            87.9421532258,            -1.0779962281,             1.5546016503,             0.5877434830,            -5.9634076097
            87.8184419334,            -6.2562973248,             2.1440701164,            -5.0842138606,            -7.6220908729
            87.5660556487,            -3.2437694597,            -0.4043940972,             1.9313409988,             1.7917866552
            93.9651708265,             7.3426045964,             4.2464582158,             3.0018528383,             2.1483524500
            92.1507442267,            -2.1172037431,            10.6263481469,           -13.4264514497,            -4.9324970403
            91.1556401173,             0.0613033902,            -6.0030490314,             8.0231644417,             6.1288108781
            90.9181654117,             7.8785967026,             5.7558748767,           -13.3678030263,            -1.2856294622
            87.4464441810,            -4.3224508943,             8.4537333721,             1.8857833083,           -10.4165055106
           100.2294899907,            -1.9705353987,            -0.5368066195,            22.7744218432,             3.9835488250
            94.9876981477,             4.7767331840,             4.4693153514,           -28.7117432804,            -1.8387861906
            81.7518607508,            -0.8698472734,             2.7082319798,            -8.6638230886,            -1.1154449573
            82.9969486718,             2.6678773275,            -0.1866392109,            -4.9506440763,             7.7856238864
            81.3743663091,            -0.7659091480,             4.1439623509,            -3.4510799446,            -3.8441422319
            89.3358586887,             2.6625468066,             0.9778537374,            20.3748380470,            -3.0500354523
            94.4263875100,             5.1127471086,             1.6032547314,             2.0092622020,            -5.3176970398
            91.9995959859,            -1.3558564467,             2.1197418473,            -0.3111584117,             2.5259122821
            92.2816707033,            -4.0310140787,            -5.6759706598,            -9.8842242342,            10.5174309388
            82.4214233463,             1.4351563620,            -2.8052727535,           -10.7827393533,             7.0470898585
            80.8440378899,            -0.5033994964,             0.4192185295,             9.5634430642,             5.2290693144
            85.6828829618,             0.7022999637,            -3.9088421185,            -6.3649541674,             2.2588314213
            83.3529846061,            -0.3561040719,             2.1757131789,            -6.9062658174,            -6.0674814253
            81.8291662709,            -1.4042586335,            -2.0399288305,             2.2954555286,            -2.6237272558
            82.4529689853,             1.9304892102,             0.8474738634,            -0.5554573044,            -6.2146236001
            80.9586458453,            -3.2112915438,             0.2049727837,             1.5058253444,             1.0294100642
            84.8835442436,             0.1539175439,            -2.0693181785,            14.9757932071,             0.2421497390
            94.0267292845,             1.7219192687,             0.5470593664,             2.5823723536,            -1.5069971382
            89.5763960934,             0.1450352372,             1.6882055313,            -8.1862726002,             0.6680195211
            85.0093447475,            -0.1974256696,            -4.6318590322,           -10.6569126047,            13.0826121945
            83.7813144866,            -1.6698847383,             2.7983166419,            -5.1828341182,             2.6780876747
            82.9196540969,            -1.8143637271,            -0.0899240015,            -3.7396764922,            -0.4071773309
            82.9399790822,             0.9253924682,            -0.5140860678,             6.4509394425,             2.0505354495
            90.8618122093,            -3.0847029970,             3.4675443214,            13.6862355434,            12.4609894376
            93.5349429076,            -2.9991235678,            -2.3800046731,            -1.2795092077,            13.5472265685
            85.4181021978,             9.1259607229,            -4.9040370753,            -4.1469218994,             4.0845511620
            86.7666038248,             7.4379869150,             1.0260712459,             9.5932352157,            -0.9084826575
            83.7946216191,            -5.8386440066,            -1.7280318792,            -4.9301415688,             2.0016423156
            86.3912274427,            -1.5620699121,            -8.6343773034,             6.5919921949,            11.7301765099
            88.1927741789,             2.9857256781,            -4.7972071188,             0.1805425531,             9.7382008264
            81.2966124568,            -2.6383779781,            -0.2517972023,            -4.4084427149,            12.1204550669
            88.5488925982,            -8.4492965144,            -4.9342089367,            19.7220930028,            22.0487277845
            92.4636786759,             9.8619708204,            -5.7470289540,            -6.7004092229,            11.1990666938
            92.0118524946,             5.3469823957,            10.5318085935,             4.5519078242,           -15.4687284081
            91.2179749522,            -7.1666326589,             0.5018049796,            -9.8111995523,           -14.8636753630
            87.0570119891,             2.6820435115,            -0.9506100516,            -5.4253577911,            -6.6367778037
            87.4364901774,            -0.7993624290,             6.2705653848,             6.9454929793,           -10.8211924997
            90.5228895001,             2.0511313558,            -9.6765148112,            14.1647342099,             3.7922922019
            96.7299997697,             6.8163823684,            -0.1142960903,             3.9531814922,            -0.2654050854
            93.9254642549,            -3.4548038897,             0.3820865505,            -5.9621009484,            -5.1850258672
            90.9217062017,            -4.9629043945,            -0.7306566894,            -1.0661322883,             2.1528610841
            86.1084026086,            -0.8537477916,            -3.6468018078,            -9.6739569076,            11.3153413936
            81.2086760383,             6.3199649045,            -2.3175226655,            -2.1334916220,             7.8342950288
            84.2978804905,            -3.4531804140,             0.6703985177,             9.9645132124,            -5.9584002850
            85.1671906635,            -3.8335523144,             0.3389521596,             2.2690114875,            -3.8524843618
            83.1956861979,            -0.1607318058,            -2.0223720740,            -6.2008951326,             4.0078016285
            81.2408724273,            -1.1156932622,             4.0554656371,             5.6305768782,            -0.5706364436
            88.9105722859,             1.5421776835,            -1.5273543375,            11.6867407412,            -6.5061781221
            88.3669353005,             3.9524819270,             0.9143112497,            -1.0505264789,           -11.8427339794
            84.7268765385,             0.2349889114,            -1.4525921335,            -1.8694849556,            -2.2659839789
            81.6803625501,             2.8359739876,            -6.8344176809,            -3.6522771668,             1.2285348548
            79.5860965242,             0.5649219020,             0.7206989090,             4.7912353399,            -4.7640185431
            81.3986569774,            -7.6778214135,            -3.5950287129,            -3.1802011105,             1.3436563895
            82.7292357450,             1.7333560142,            -4.6473274042,             7.5106115130,             7.5961206200
            91.0001261723,             6.2569861599,             3.2497990763,            12.2189796672,            -7.7471065361
            93.0297285844,            -5.3621573847,             3.0954512614,           -15.7894600691,           -12.8990300565
            87.9509776349,            -1.3803803905,            -5.2814471582,             3.7408768162,             0.6517831311
            94.1473000001,             2.7980164761,            -4.3145977429,             4.1879054728,             8.8757222040
            92.6630177261,             3.7275384609,            -5.5310968795,           -14.1385397369,            13.7740987366
            82.7002847298,             1.7755111144,            -2.7795191840,             4.6513964813,             0.0144919031
            88.7826212370,             2.7482273925,            -0.0374743237,            11.3758687659,            -6.9686605710
            88.6770404355,            -3.2109164102,            -3.2975667666,            -4.2725909656,             2.8159307634
            89.1999771680,            -0.7369863207,            -8.3236032508,             0.0743198815,            14.1115749735
            85.2901674281,             0.5810138879,            -0.9130679344,            -8.0715816398,             5.2284395224
            84.4713594235,            -2.0913796324,            -6.9713498306,             0.4967469699,             8.7633440818
            88.0555826558,             0.0812156012,            -4.3563148606,            -3.9234535967,            10.6554942836
            86.6143031517,            -2.0746458964,            -1.2410539278,            10.3816420165,             3.9882238438
            86.5418888216,            -2.6833390852,            -1.0037240222,           -12.6226846280,            -2.3093972724
            82.3903978346,            -1.4697372220,             0.8637054309,            -1.2978706027,             5.6308244031
            83.6880069853,            -1.9292300444,             2.4686470057,            12.8590407957,             6.8082195280
            89.4408437282,             0.1107836574,             4.3353635291,             2.5920295265,            -2.4099321826
            89.0855871159,            -2.2066394943,             5.2187213074,            -3.0114036670,             3.2311096794
            86.8607720689,            -1.2236114788,             2.3322713410,             1.8110068796,             7.3527792873
            91.7341121481,             5.8413663511,             0.9536813346,             6.7429365870,             3.3761091478
            93.1622367910,             3.6717739725,             5.5549755684,            -7.2425698698,            -4.9283812685
            89.8954317995,            -2.4466224864,            -4.7534915193,            -3.8533487074,             9.3425246983
            85.0693043891,             2.2302565039,            -5.9327522528,            -2.1511199804,             8.6056402811
            83.7641690982,            -1.2177674935,            -1.2389854874,            -1.9384650034,             0.2741319457
            85.8075853730,             1.0617646407,           -12.2007516205,             4.8313985383,             8.5691381116
            85.5978550832,             1.0051608967,            -1.5737374124,            -0.2690116856,             3.1851568405
            83.6007234555,            -3.2747735702,            -4.4184558851,            -0.1472726539,             6.9178889549
            89.3972910317,            -3.2324087559,            -4.8515867553,             2.5398357827,            16.8440144748
            86.7311938132,             0.4643866131,             1.7181577531,             3.8461772163,             7.4236151931
            89.7257941440,            -2.6129136101,            -2.3803047721,             1.0289396280,            -2.1069275666
            89.0090587750,             5.3283416279,             2.7317317628,            -5.5437952629,            -3.6575415183
            86.0931531412,             0.5330774559,            -1.2976557667,             0.5280633443,            -0.8660692605
            88.7467621241,             7.3745849976,            -7.1695606205,             7.4264059389,             1.6400893681
            90.1550132823,            -3.5680636062,             5.5531427825,            -2.1879796715,            -6.0931734285
            85.4216946552,            -4.7109471420,            -8.5956821360,            -3.0376281950,             1.6476570456
            90.5922537460,             3.4098415727,             5.7035805328,             3.9449309308,           -12.4271418885
            89.4938777538,            -3.1144272763,             8.9241589027,           -13.6894958711,           -12.1174271104
            86.7444746265,            -4.9986492621,             1.0850514602,             6.2546264150,            -0.0477128617
            93.4743941850,             3.3173529984,             2.3807845950,            12.7815217601,            -0.2592548247
            92.1586315996,             1.9972064593,             4.6829606197,           -11.8750644194,            -4.0765463114
            85.5210497214,            -0.5787685008,             3.7893735049,             0.0601907462,            -2.5125932408
            90.2537905262,            -2.4185673434,             1.7693861622,             8.8857153950,            -1.1450651371
            88.6314881816,             0.7406475439,             0.5591622657,            -6.3551622110,             0.3007882312
            88.5310724759,             5.2082445327,            -0.5041218420,            15.9438976416,            -2.8955326317
            91.8910547215,            -0.0624467949,             1.0578214081,            -9.3756942009,            -3.6430780907
            81.6895058301,            -2.5403415507,            -0.3155429891,            -8.5627021194,             2.4096051741
            81.3896520057,            -0.5225867925,            -3.2028220847,             4.1135564510,            -1.7953634453
            90.3002851838,             8.9877949666,             1.7580154909,            19.2998422254,           -17.3987277477
            91.4199424980,            -2.4001229716,             5.2850997551,           -12.6999023973,           -15.4091384205
            84.9936007000,            -2.1880655031,            -2.8540983846,            -5.6635295203,            -2.3350557996
            83.1686092315,             2.0378605144,            -4.6143496620,             3.4236022963,            -3.1604639338
            89.8135867766,             0.2205840891,            -0.6644806081,            10.0053651517,            -3.2631405418
            90.2000632567,            -0.1531279870,            -1.9054100465,           -15.2952981551,            -6.3504033372
            84.0084415931,            -0.9408362639,             5.0850581126,             0.3619069838,           -16.4148947133
            88.3973100350,            -2.8128846419,             3.3161985424,             0.6333058924,           -11.2550644758
            86.3594905236,             0.5169585768,             5.0682306457,             4.9904724373,           -10.9266176812
            92.6371466550,             1.2144164654,             8.9262196919,            -3.8394019076,           -11.5188780338
            87.4960878331,            -1.6241762919,             4.9638094104,           -19.1473282691,            -3.6998280749
            86.7973969878,             1.9914629521,             0.3933328789,            16.9203202991,             1.2973491252
            90.1570304126,             7.0380216722,            -0.0559920685,             1.1374253530,             1.3330503750
            83.8936659603,            -0.1126319994,             0.8263565270,           -10.5622021475,             1.3181612404
            85.0229002091,            -1.0032724852,            -5.8037105522,             6.1517606305,             6.8838637911
            86.1500963415,             1.1856002746,            -3.9639698436,            -2.8693184971,             4.6106339719
            78.7383028405,            -0.4782041234,            -2.6499391924,           -10.0196788221,             6.1032042666
            79.8625467404,             1.9664138523,            -3.6047678304,             0.5579462801,             3.1429398250
            80.2176348241,            -1.5951360075,             1.2816410216,             5.8886087399,            -0.4793209236
            83.6280239337,            -2.1579552608,            -3.2548032496,             6.5741126825,             2.9368889088
            89.8338190762,             0.7629397102,             3.6479320488,            11.5844463470,             0.4707231601
            93.5269235118,            -8.0070659399,             5.9765340974,            -3.0419261010,            -2.1587681533
            91.2349649845,            -1.8732601813,            -2.9188964010,             1.5618473088,             1.1307462901
            89.8019936651,            11.6269422746,             6.1732300702,            -8.4516842342,            -7.0509336279
            87.0037300803,            -3.1004452565,             7.6593667618,             3.7586051244,            -6.3252391799
            92.8441104747,            -5.2756948324,            -2.8963565227,            -0.2059690769,             1.9953220628
            89.1597796555,             1.9255262523,            -0.5155063193,           -11.8641293958,             5.2021485628
            85.1114998820,             6.1211498906,            -0.9797881708,             4.3672431062,             8.1531261707
            92.0670533756,            -3.3124731521,             4.2716097790,             1.2832124430,            -4.7861171488
            90.8471871329,            -6.8847147789,            -2.1761185767,           -13.3763444561,            -4.6013981652
            85.3625448833,             0.6485526289,             4.5965974429,            -7.5613572413,            -3.2798213949
            88.7183707267,            -0.5662606998,             2.8421209869,            17.9716715546,            -3.9463565651
            92.4127726401,             4.2399101540,             5.5194132538,           -11.0269270077,             1.4393933029
            87.3344727807,            -0.6280824647,             1.0618104236,           -11.1393837897,             2.1929763308
            86.3345144447,             6.6649195402,            -1.7310966472,            11.0402612549,            -2.1678166582
            88.5656607846,            -2.9284105569,             2.7004712830,             2.8386613659,            -2.6366424611
            89.2416779768,             2.1969610988,            -7.6145705758,            -3.9281592360,             0.8039764319
            86.0230964278,             0.2765731044,             5.3396498480,           -14.5558158197,           -12.2236346838
            84.3575214472,            -9.5319593430,             2.9759494981,            11.4961337089,            -7.7874868147
            89.9919082481,            -0.3056092849,            -0.3684359788,             7.0047032403,            -2.0771104227
            85.6275271712,             0.9766629123,             3.6749555467,            11.1507011602,            -0.7170646847
            85.0140363902,            -6.0256441070,             7.3311218799,            -5.3907137416,            -3.1518427823
            83.8476802971,            -3.0571293922,             1.2829632887,             6.9923016256,             0.7022649754
            88.7465060731,             4.0748667912,             3.6578300422,             3.8946690188,            -2.5913869564
            90.3026691346,             3.7747861111,             7.9457545667,             5.6108079290,           -19.1760119157
            87.1210193790,            -3.2275214757,             6.5331296443,            -9.5003584567,           -16.3682269208
            85.6355419395,             3.7916702513,            -3.4667247453,            13.5412815331,            -1.7768084162
            90.6783341800,            -0.9537532095,             3.7871713567,            -4.8119177504,            -6.9955605058
            89.7977872315,            -4.2713499988,            -0.3404264819,             0.7888046589,            -3.2804486802
            94.9635303066,             4.4424906877,            -4.1601998914,             4.9577026872,            -1.0121834597
            94.3500137178,             3.4783723804,             2.3536743860,           -12.9850351638,            -3.9231802942
            85.2212005459,            -4.1070084625,            -0.2317809129,           -16.3705904029,             3.8874310622
            86.7792389997,            -3.8979425784,            -3.9012421679,            21.1760132666,             8.5385716900
            91.8722563556,             2.2566465944,            -4.9428610971,            -0.5893153490,            10.1478820527
            91.2390467038,             3.6911183421,             3.7287692203,             0.4408472069,            -6.5779021471
            87.6712756821,            -4.4853819230,             3.0288598913,            -4.7412085053,            -8.7400709806
            84.7054723794,            -4.1745491968,            -0.0779024642,             1.8401588359,            -1.4461734926
            86.1973647510,             1.2979822860,            -1.9308523435,            -2.1025165877,             2.9804744624
            80.9091753250,             1.8418156171,             7.3437034604,            -0.6724504956,           -10.7296821764
            85.8388633937,            -0.2769016902,             2.7632817543,            11.4873006283,           -11.7912462762
            86.2441269592,            -1.1163553277,            10.3767571774,            -8.1694969877,            -9.8566719815
            90.6389470793,             0.1503953061,             1.9047375467,            11.9949956627,            -7.2661109769
            93.3637475934,             7.8472675730,             0.5453615492,             2.7609786356,            -5.1198617289
            93.4006454334,             2.0599432672,             4.2608722252,            -4.6661227375,            -5.7593327473
            88.5942768904,            -0.9590837471,            -3.9421866412,           -15.2103086988,             0.0352742845
            84.4159936425,            -2.0760009573,            -0.0039045325,             1.9406472042,            -7.2959840797
            86.4623692551,            -5.6895976294,             5.3830374254,            -1.6423588975,           -13.2595524271
            82.7494336725,            -3.8138960933,            -1.9623724579,             3.5016546305,             3.2248153052
            88.8509165187,             8.2008573637,            -2.7509778460,             4.4249155507,             9.2904190852
            90.3312757682,             7.1697984533,            -0.0598070357,            -1.6878497497,             1.8770332364
            85.5433431400,            -2.4414046422,            -0.5585143318,            -5.2135718036,            -0.1509032025
            83.8003187818,            -4.8348988701,            -8.3605884101,             6.2570893472,             9.3386466265
            87.8447543123,             0.6513278785,            -5.2088313365,             5.7432421829,            12.9128507013
            87.2063212659,            -1.5738717696,            -3.7347334815,            -9.0561241955,             9.5021166194
            83.4519498407,             0.9584494988,            -3.2792458288,             0.8530697541,             4.6392704002
            86.6376195904,             0.7909546852,            -4.5467021664,             9.7032987289,             7.3222212492
            84.9134101799,             2.8861169193,            -1.7374270124,            -6.2008679064,             3.6560559404
            86.1343371319,             0.0488150959,            -0.0763535057,             6.4962050170,            -2.0513189746
            86.3772724056,            -3.6721470455,            -0.6315337273,             0.9552894450,             3.1128342721
            85.6586583175,             2.7631292790,            -1.4590237008,            -6.5882071689,             0.2388638297
            84.2735244765,             4.9275112621,            -0.6559014040,             2.8399953565,             3.7176200156
            87.4642438189,             4.7935256228,            -2.2605637348,             1.2152976022,            -0.2749128813
            81.3329458654,            -3.3186036547,            -2.3028565410,            -9.4461883401,            -6.1929056181
            83.6260288825,             0.1230720857,             1.6524548705,            16.4696862477,            -9.5643312587
            84.2120377131,            -4.3651110059,             1.6585699173,           -12.2251033756,            -4.5079633488
            78.2582213074,             3.7073376759,            -4.8196022346,             0.8838518658,             2.1245781426
            84.3261448155,            -1.3882984971,             2.7567017385,            11.6552237054,            -3.7216580066
            90.1326506082,            -3.4691499972,            -6.8304056083,             7.7476511654,             4.6141445202
            86.1970271075,             6.2572326447,            -6.0027348196,            -8.6028672792,            12.5924619782
            91.4683210898,             1.1962860343,            -2.9572073108,             8.8040775351,             3.6005237162
            91.2859431289,            -3.7091399091,            -7.5153814665,            -3.9734403403,             8.4630575139
            89.0520163638,             0.2246935625,            -5.2652426900,            -3.4631115891,             3.1926725615
            89.6835184475,             2.2430690670,            -1.7642548526,             5.2875876058,            -4.3123290425
            86.3375834701,            -8.1901741178,             1.5787407507,            -4.9255134122,             0.5947709005
            91.8088082480,            -6.7058093682,             0.0731245236,            19.1746164060,             6.7378800606
            92.4729532925,             5.5733212269,             5.1806939208,           -11.8664443626,            -2.8842289124
            86.9841273632,             2.2765586452,            10.3592213617,             2.5458013993,            -9.3921796560
            87.3544736812,             0.3401333265,             2.4942953435,            -2.5687265104,            -4.9449845559
            88.6040357199,             0.4639029418,             8.3922590070,             4.8004111268,            -7.3218439954
            94.9493182616,            -4.4374200669,             4.0208761229,            10.8764977650,             0.6735260798
            91.7042952129,             2.1094818589,             0.3909225118,            -7.2258049574,             3.1086794636
            89.6962510237,             6.3534201599,             0.1266616067,           -13.3048829999,             5.9742099793
            87.1287765993,             1.2562631031,            -0.2550336735,             1.9585684816,             2.9032738118
            96.0769443288,            -1.2570569343,            -5.6501585734,            20.5055829414,             4.3426600896
            93.5592119999,            -2.1387127281,            -2.5400182822,           -26.6935990086,             3.1930307742
            81.6293872699,             5.4846553878,            -6.8671633237,            13.6414285974,             2.6493633676
            94.2172767994,             0.5521269614,             3.2005967794,             7.6344933944,            -4.5923263303
            89.7138665232,            -7.7986441449,            -0.7629382877,            -9.5861604826,            -1.5342702234
            86.5208051514,            -5.3040778469,            -2.2274743002,             2.4389681992,             3.5700959969
            88.4795592171,             3.6565142586,            -1.0022514766,             8.1003575276,             1.9880532774
            92.5206009821,             1.8168600334,             0.8951086151,             3.2739592620,             0.0266082702
            92.7235272791,             2.7099993431,            -2.0747184573,             7.8695633870,             0.9730922648
            96.5109536689,            -2.6599031346,            -1.2721488245,            -8.2742608399,            -1.1059283025
            82.5943196123,            -0.1424406649,            -6.7904748206,           -25.1351621422,             7.1886787269
            81.7745430100,            -5.3542953553,             1.7242374978,            16.4786625963,             3.8855250680
            90.0245625652,            -7.1017985869,             1.3248124073,            20.4043904567,             4.7867081598
            89.2275761474,             2.9191573921,            -1.7348626443,           -17.9470435498,             7.3773612568
            84.2824737460,             4.3639131169,             2.8136701686,            -1.4912617579,            -1.2471301881
            85.5014634842,             1.1496380669,            -1.7225259207,             6.2262427378,            -1.1653457838
            91.7639516708,             1.6992740233,            -0.6311941125,             6.8461382430,             0.9556575909
            92.1524323152,            -3.2651302979,            -3.3622228104,           -11.0764622811,            12.5920076863
            88.7796095721,            -2.0827446401,            -1.1177032692,             5.0308517676,             4.1997399868
            89.4999209831,             2.9184594695,            -1.2647786377,             2.7596224681,             0.2362592535
            94.9983224682,             1.8900623845,             1.1294450036,            12.6893503629,            -4.6218414280
            93.4246494149,             1.2475821456,            -6.8212513171,           -10.4782595841,             2.8633134146
            90.7235977099,             3.1488348254,            -0.8003260308,             4.0427403832,             0.4378864553
            88.5145212231,            -7.2331881675,            -5.2502773736,           -13.0834730316,             4.9537782449
            83.7607153484,            -5.1043355388,            -5.4021355314,             0.7013785999,             7.3541700314
            81.7617080595,             2.3586863933,            -2.0062531891,            -7.1694512712,             1.2473358539
            84.4736011042,             2.2566977131,            -3.6053201125,            17.5715557558,             0.0613695869
            89.1589689426,             1.8352632524,            -4.1256945749,             8.8057644746,            -1.7541410554
            85.6833606175,            -6.4450359305,            -2.2343556042,           -16.8257125608,            -7.3534322603
            80.9300614348,             1.4357161304,            -3.3614464664,             3.1092351118,            -9.0399242966
            85.8344404435,             2.5286206385,             6.7687753837,            15.6099727832,           -13.1774067583
            87.0293389684,            -5.9295655024,             1.3772937648,            -4.7766739505,             0.7195323041
            85.0016812037,            -0.5615921624,            -6.8851166090,            -1.1680497795,            11.8294447391
            82.5817268867,             5.4337769970,             4.1643945421,            -6.8570359725,             3.7656666122
            86.3866685885,            -4.0064055222,            -1.1167398821,             7.3324271278,             0.3888244232
            90.9993636753,             4.4068106882,            -2.7553487003,            -9.3786135288,             3.9250187709
            89.7267805330,             0.0582762925,             3.3741180389,             2.4765480563,            -2.5603987992
            93.3536601778,            -0.7953332670,            -4.8488116288,            -0.8808589251,             3.3501210123
            87.9630835957,             2.0751653934,            -5.1105687675,            -6.7573939050,            10.9660652866
            87.1642818683,             1.3686581979,            -5.8480555182,             4.5154218182,            14.4253802509
            85.1111042496,            -3.1851408058,            -5.1564565016,            -7.1703595250,            12.7837087973
            82.8363412855,             0.8529616810,            -0.0900463368,             1.5882093081,            -4.4742838965
            84.6591908369,            -3.8193295055,            -3.7940797071,             5.6068223662,             1.5756283250
            85.8173382628,             6.5616640546,            -2.4178595898,             9.5751706748,            -3.3723730354
            92.6814171370,            -6.6599856186,             3.7957360169,             4.1900028122,            -2.8925577856
            91.2246290497,             1.4313340756,            -8.9370222934,           -13.2494470762,            14.2249946193
            85.5394604966,             2.8357059321,             3.1469432141,            -4.1932171309,             2.4514938761
            83.7564221073,            -5.2792699209,             4.2683082020,            -0.7910205142,            -0.2055959516
            82.4836443703,             5.3140393944,            -1.9270309152,             3.8484948921,            -1.8406905383
            86.6692235945,            -0.0407611897,            11.4485575256,            -3.0509382616,           -14.0242997845
            84.7788848793,            -2.4362883203,             2.3524774688,             3.7686839458,            -6.7809010455
            87.3700983935,             1.9919607144,             3.8239651532,            -1.3568946967,            -0.1842542090
            86.0955943738,             0.0567900685,             4.3512265860,            -4.4051163551,            -2.5598065265
            89.5805511246,             1.8056339840,             1.8780101543,             6.5886598245,            -9.2664484916
            87.8739278201,            -0.5035218890,             8.7200053063,            -7.5594430268,           -16.3722594200
            90.0043058308,            -4.5840047044,             1.5541587433,             9.4642096383,            -4.7144472416
            94.4959726616,             7.0868263057,             0.0153183996,            -1.8316332174,             1.9631279041
            91.3084591367,             3.3815721118,             4.8625006734,           -15.0234898151,            -4.4258098692
            80.7300530421,            -4.2495466579,             4.3698658573,            -6.8763614655,            -4.2435888080
            84.3839162664,            -6.7521835024,             0.8413736737,            13.5492915927,             6.2120428331
            87.9541306011,             7.0372440884,            -3.6855370340,             0.5256962969,             8.1409503919
            90.4516727180,             9.8558367752,             6.9988429046,            15.2431177448,           -10.4075064114
            89.2843793296,           -10.4250781601,             3.7103386253,           -11.3962105060,            -7.5424946970
            90.0789871728,            -3.5555953184,            -3.6131812852,             7.5820878814,             3.2177990405
            86.8482526078,             3.6021594964,             6.3913287375,            -0.0002408753,            -3.6884560401
            90.7176598852,            -0.5723966245,             3.3837212720,             2.1951300532,             0.2741513256
            88.0034873232,             0.4864170846,             4.7363268262,            -8.8002169986,            -5.1766835438
            83.0650524358,            -1.3173047075,             7.2221262394,             3.6681774308,            -7.4147587666
            85.9122951968,             2.8377382732,            -0.5668537170,             0.4483875364,            -3.0461848468
            83.3984525078,             8.0037185800,            -0.2201078915,            -0.7184622153,           -11.7442868960
            83.3580256201,            -0.0276148518,             7.7250496105,             2.5576384410,           -15.1708080638
            88.7110970119,             0.7567238503,            -6.3308634968,            10.2111508103,            -1.6648358686
            96.0713184739,             4.4016015000,            -1.4832078556,             6.8996016466,             5.2933774515
            95.6697298377,             2.0941143541,            -1.8556783477,            -9.5188577631,             7.5134554839
            88.6343296755,            -1.2737525845,            -6.9377696419,            -4.5971867530,             7.2458136757
            84.5879461098,             2.6514670112,            -6.6968897922,            -2.2336785361,             8.9817785727
            88.2190775532,             0.0031200583,            -1.9812492343,             7.6303031634,             0.7634159172
            90.3753676606,            -2.8847148886,            -6.3465887724,            -6.3027796709,             7.6808571377
            87.2259856937,            -2.7965732300,            -3.9945826217,            -9.4465367937,            12.0496253900
            86.2080868919,            -3.5231098738,            -2.6498203692,            -0.3376414632,            11.5548719479
            78.7902730662,             4.0736611955,            -0.1629200026,           -11.4024492292,            -1.2195092810
            79.6395899494,             3.8430341350,             5.9713389252,            12.5469485875,            -9.2668928677
            90.4695425877,            -6.7082825326,             0.7464103342,            14.6912969049,            -7.4780022571
            93.8924559166,             1.6480336027,            -1.4820842720,            -0.9737938008,            -1.7621110211
            86.8503922609,             4.8997747123,             4.6155838400,           -14.9459555865,            -6.5698284281
            79.3980907594,            -1.2422792055,            -2.2156990729,            -2.4928780554,             0.5705854905
            85.2040137148,            -4.2860753481,            -3.4730548444,            19.1248122610,            12.0828772919
            89.9428113403,            -0.8582495663,            -4.0108193955,            12.6517015183,             8.5695333126
            86.4754620062,             0.8967423132,             0.2748947466,           -18.6407660498,             0.4372655323
            78.2709473052,             0.6541771627,            -2.8032619800,            -8.4578794544,             2.6635615533
            88.0213624587,            -1.9422419653,             4.6919772379,            23.5158522994,           -10.4299149398
            90.4173755768,            -0.9120828260,             1.4805865102,           -14.2239333741,            -9.4811331847
            85.0335548116,             2.2335080067,             1.6697530992,            -7.3985689379,           -10.3841579198
            93.0081129496,            -1.0262578422,             3.7509493629,            22.8216689149,            -4.6859107849
            93.9486415396,            -1.3809414815,            -0.0462000021,           -18.4184969979,             6.0000255080
            86.9699252038,            -2.1759672158,             1.3269748589,            -2.1533340774,             2.1553008931
            90.2426935603,             4.9079957441,            -1.5442332089,            -2.0994578982,            10.4242598752
            85.6148200795,             3.8820989370,             4.2509831433,           -16.1633705802,            -5.3920467175
            82.4708668927,            -2.2354789644,             1.5214119151,             3.7986396473,            -5.5941270041
            88.8951215670,            -5.5631321484,            -1.3968316767,            -5.8117168276,            -1.2095460091
            82.4095129319,             5.4725039818,           -10.5901924291,           -10.7823356936,             8.9091923521
            81.3095193302,             3.2607289123,             2.3638307166,             7.7613621021,            -3.2842181980
            84.8671811492,            -7.9303361879,             3.1779599209,             7.4108016328,            -0.7537994903
            83.5896084705,            -4.0503392396,            -1.3124313271,            -3.0080180188,            -0.9585272879
            83.0379286811,             3.7528553092,             4.1211165985,            -1.0202151449,            -3.8288317897
            90.4918499654,             2.8156570811,             8.0925910253,            13.6157645538,            -5.9919996545
            92.3153319447,            -4.1499853400,             5.0105255014,           -17.6604003547,            -8.3730287156
            84.2720553343,            -0.8114194960,             1.1915042362,           -11.9083113896,            -1.8985517836
            81.3793312817,            -1.3646503018,             7.3062161426,             4.0395319070,            -0.6215012596
            84.9539922559,             4.4976715964,            -3.9645178121,            -3.7341402715,            11.5619485340
            84.4290675709,             8.5552316410,            -1.6959212024,             1.2498424511,             3.3113723897
            88.5890752547,             2.3197242179,             3.7004041095,             6.5067079456,           -11.1909426053
            91.4314549662,            -9.6220096137,             0.6808762021,             2.4964811902,            -5.8565801293
            93.2977220116,            -4.8820150129,             0.9986529967,            -3.6647016034,             0.5659147218
            85.2614313309,             4.3728213451,             1.7127585379,           -15.2100592816,             0.4037630581
            84.9825370964,             4.2598581984,             1.3476835075,            11.0984110504,            -0.4953418126
            88.5578330349,             1.6569095008,             1.1730540817,            -1.8170387838,            -5.0394595180
            91.0485344970,             0.9665000057,             0.3604342047,            12.2845679022,           -11.8322412823
            92.6483728733,            -3.3019580162,             5.1602241893,           -10.3685422746,           -16.1156478855
            83.0535894166,            -2.7690739897,            -1.1535998769,           -16.1988050171,            -0.8915383171
            82.4818989220,             4.7648720519,             6.3127922606,            12.0840561804,           -12.2283623713
            90.5767364218,            -3.9018750585,             5.6011312644,             8.9898869440,            -5.7619262858
            93.6297694939,             0.8521793771,            -0.6003577180,             1.1631928746,             5.6978538643
            88.4542037242,             0.9064464253,             4.9847049688,            -1.1089158771,             0.9227668415
            87.4744566261,            -1.2823336116,            -0.5744137028,             5.7743209630,             3.2575288077
            88.0297701366,             1.0087109358,             1.7215256397,             1.4732540213,            -3.6379526710
            83.4595101921,             2.1805188579,             0.0612247013,           -11.5551904682,             0.1664256566
            82.8751176195,            -1.9424991620,             1.6260704634,             9.7229796477,            -0.7223775884
            93.5917754309,            -2.1051869307,            -3.3028503231,            11.0612323712,             4.2334003878
            94.8431435498,             5.2981221069,            -5.3474873273,            -4.3808793282,             7.8143491917
            85.1771627633,             1.8321524152,             1.7750970502,            -6.1668523535,             2.4936298440
            84.7713690178,            -3.7609150710,            -4.5091379709,             5.9289670814,             7.4349100434
            87.4559580652,             1.3008623481,            -3.8169627401,            -4.7459459416,             9.5761624133
            84.9409036826,             2.7221948243,            -3.9636960551,             9.0693233787,             3.4853730648
            93.6551174223,             2.7442436417,            -2.1329105265,            10.1527094547,             1.4336830984
            85.6773709236,            -2.8322603761,            -4.8899770913,            -9.9720379682,            10.0394500320
            90.5222121291,            -1.5903342324,            -6.4498332646,            11.2006549035,            11.3144964318
            89.8687817048,             2.0768844214,            -5.8501193930,           -11.6062142567,             9.0357401590
            84.7666194855,            -1.9106865460,             1.3228053839,            -3.0340053402,            -5.2914322119
            84.7598108877,            -5.0029585570,            -2.6969572019,             1.1219291517,            -1.5327301488
            90.6069795825,            -1.4949693330,            -2.4270576428,             9.9347386950,             5.6820837494
            90.3426320318,             1.9700755212,            -1.7894568278,            -9.0304995896,             7.4795037744
            89.5841021900,            -0.3548302781,            -1.4895391914,            -1.2355000291,             7.8415843693
            87.1794681560,             1.4540313271,            -2.5394245456,            -8.6932466574,             1.7598526500
            88.8646394991,            -1.1135070717,            -0.7480708018,            12.4411370350,             2.9157540322
            92.1955761686,            -1.4641072686,            -5.9334218757,             5.5515053949,             6.0177833219
            94.1013327520,             2.0413398470,            -0.3851620643,            -2.1297574031,            -0.3976964747
            87.9435135543,            -2.9919371850,            -0.9678214516,            -7.2408429579,             4.4045145665
            87.9415518849,            -2.6913934402,            -4.0480482617,             0.9684664004,            11.0991773785
            88.0597273926,             3.3218596194,            -4.6587952509,             5.8225592182,            11.5766859158
            89.6027507465,             0.5655617086,             6.0593060806,            -3.8962373837,            -3.7820222153
            89.5616183085,             0.0694716995,            -7.8439551110,             7.0995382940,             6.4905235553
            94.2365074382,             7.9766690858,             2.7676964776,             3.8925506103,            -7.3594013650
            85.9301870784,            -2.5755845392,             2.9446697486,           -15.3815939524,            -5.2263062609
            80.6359256489,            -3.7629704309,             1.2360237368,             2.2890726959,            -8.3132820546
            82.5191512133,            -4.4508082107,             0.3260246572,            -0.9973923670,             2.4715532571
            81.2993618392,             4.8426452221,             2.1950754900,            10.1510454990,            -4.6956889825
            84.8120167030,            -0.1291197279,             6.9253063655,            11.0907000135,            -9.4112746362
            84.8016326470,            -3.1599207977,             0.1923331684,            -9.1871481037,            -5.8607695119
            81.2045937567,            -0.0185374059,             3.3294549547,             0.6901622262,            -6.1847136816
            90.0096796787,             1.3084967807,             1.9649462159,            16.9573594397,            -4.4928423327
            92.9300641886,            -1.2754175010,             5.3707495575,            -1.9277156438,            -8.6853157507
            91.1876334301,             0.7464871894,            -2.3413259433,             3.5145018686,            -3.4201816352
            90.0121402234,             7.5675452341,            -5.4817945294,            -6.6111696620,             3.6767239274
            88.5549293090,            -1.1987652724,             5.2212133503,             2.1181315617,            -1.2466879462
            95.2795413371,            -5.4920456613,            -3.7612672900,            13.2216303793,            -4.6647519390
            91.1279355055,             3.5421366628,             2.3297132636,           -13.2986590824,            -6.9332105059
            84.9364521300,             1.2570848131,             4.3689410166,            -4.0975179770,            -7.8711073264
            88.9857501382,            -1.0258462759,             4.2061461137,            11.9575260734,            -8.4054985888
            87.6296579720,            -4.8083314037,             2.0168666742,           -13.0614369654,            -3.7476595008
            90.6872406362,             2.1185348304,             1.0870342388,            14.8076968110,             0.2367547838
            95.3928827294,             5.9539801066,            -0.7415151568,             5.5768884147,             1.6932684842
            86.7514047171,             1.9817937470,             0.5208048830,           -17.8213892220,             6.4509406497
            78.6668114391,            -3.6219728535,            -9.0972177573,            -0.4201637633,             9.6918772687
            84.1844303575,             1.9146846041,            -6.5032978785,            13.4941025650,             4.9522552094
            84.7309948537,             2.6235686219,             0.8121934915,            -3.0312806976,             0.4175319973
            85.8553520126,            -6.1937647306,            -2.9465869739,            -3.0716295249,             3.5195664595
            87.1197036912,            -2.5092298999,            -2.7536552400,             2.3262197220,            11.7574651120
            89.7404389645,             0.6600616567,             0.9437519104,            13.1822754581,             0.6477610743
            90.9700406503,             1.4956017066,             0.0010831164,            -8.4160454772,            -1.2606705413
            91.5355542528,            -3.2146484800,             5.0815273645,            10.2988600348,           -13.6300139358
            91.9454123022,            -4.0799972971,             5.0857545187,            -8.3956373911,            -5.1897584551
            87.3688016386,            -1.8770616011,             2.6313844971,            -6.7903670724,            -7.3015269414
            93.2361225127,             6.2743638420,             3.7980287631,            10.2596471193,            -3.2195514762
            98.1668199341,             0.0569767449,             0.2797090573,             9.9297216231,             1.5073733839
            96.4108067842,             4.9035654506,            -2.0237296326,           -15.6523793506,             0.1278325522
            89.0128096797,             0.8646240376,            -0.0121273472,           -10.0355363454,            -2.4528282587
            87.1001371816,            -2.2957412523,            -4.1625185088,            -0.1664925535,             5.5464078785
            90.8561210360,            -4.8276358909,             2.5481891070,             9.4056677282,            -0.8226027130
            95.6535091476,            -3.4526080253,            -3.3354760267,             9.1447470178,             5.8487354287
            94.2660963821,             6.1165024845,             4.7007431320,           -10.0949797323,            -3.5302134831
            88.2612628816,            -0.0468896413,             8.4753370400,           -13.4842558506,            -8.5691900608
            85.5239848993,            -2.1234822419,            -2.4881742134,             7.9554143288,             2.9370781297
            86.1000302838,             7.0464594242,            -0.1578899756,            -6.7378332610,             4.9661732362
            87.4301033391,            -4.6225697375,            -1.7302966397,             6.5544745066,             6.5504633830
            86.8065498307,            -2.8544102014,            -7.0451010587,            -6.0448027885,             9.7480924709
            85.5565595836,             2.6624597589,            -1.8817133152,             9.1302426543,            -1.3634906199
            88.2843246627,            -1.8841388338,             2.2408716261,            -3.1995590006,            -4.7234019089
            86.7823902246,             0.3862891419,            -1.5613717238,             4.0908857096,             6.2146452064
            86.5821969559,            -1.3015150614,            -3.6554601406,            -0.4936173783,            11.4749748457
            88.8073711971,             4.1085126781,            -5.0969436508,             5.5443028103,             7.8190614299
            93.6965599873,             3.0091161417,            -0.7947702705,             8.4572884160,            -0.7880029191
            93.1617666484,            -2.0917357054,            -1.5469434902,            -8.8894849727,             3.4217387936
            91.1849111923,            -1.4640880095,            -7.3486637228,             0.4264379636,             4.4842962119
            88.4817243122,             0.1678344782,             3.0837552605,            -8.9037701805,            -0.8619562039
            87.6005932774,            -6.1672847059,            -1.6927472136,             7.9517315213,             5.4878983215
            91.3082337853,             3.0771642822,            -0.7370714199,           -12.7386031535,             8.3943401092
            81.7944118673,             1.0276131085,             2.8885000165,           -14.9327764049,            -0.6817018173
            81.7004824908,             2.5914770356,            -6.2087108472,            18.0965096911,             1.8070428281
            89.8893792432,             4.1929333444,             1.0960468912,             2.7887463983,            -5.2830290343
            87.8859757504,            -5.0557366338,             3.8280727361,            -4.0336014785,            -8.8426039696
            85.1049900520,            -1.2718410246,            -4.1651031497,             1.3465677976,            -7.7159481074
            85.0332917107,             1.6394373608,             5.7273755046,             0.4621696503,            -4.9755621536
            85.3217906753,             1.1587692326,            -0.1710412646,            -3.6640785979,             2.1743003074
            83.6116555978,             0.2136506375,             3.3983379533,             1.5971792104,            -8.7771274954
            86.0709626665,            -4.5704447349,             5.0886521984,            -1.2084440232,            -4.6498400164
            82.2125583553,             0.6037622760,             3.5892303529,            -9.5524302551,             2.9684592970
            79.2326743443,             3.5065118252,             3.2702006587,            -2.1122807754,             3.1503678312
            83.4673586816,             0.1781188601,             4.7974839268,            12.8701972561,             2.1922140281
            85.6414042000,             0.4421329094,            -1.2518292488,            -3.7585665972,             1.2703797924
            85.0258506839,             6.0139884997,            -1.2599311448,            -3.7334796636,             1.5224276643
            87.5905114796,             3.3236820050,             2.0234691933,             5.4808249119,           -10.0615286235
            83.9497037750,            -7.0022865450,             3.5106008553,           -11.2967645537,            -6.8114828930
            86.6690883729,            -6.4168788242,            -5.6919818128,            17.4671289444,            13.6776465774
            87.8898120779,             9.1444711417,             0.9470771273,           -11.6865199890,             6.2408698797
            82.8856155922,             1.6597769646,             7.9227225605,            -3.3190998635,           -10.6161614396
            84.2192799771,            -1.1572080669,            -3.7073143270,             3.4127209789,             2.0334124049
            85.1949591076,             3.1944834777,            -0.3959724453,             3.2804775626,            -0.9440189753
            89.2998373248,            -0.3982827810,             3.7652619897,             1.9469393704,           -11.5796276777
            88.0578408210,            -2.2828845362,             1.3006955482,            -4.4606910350,            -9.2454842961
            84.3508792399,             1.7315856238,            -0.7547392895,             0.9259382202,            -0.7620208487
            88.5617667907,            -0.2343564582,             1.0497633878,            11.2225064295,             3.1975981720
            93.0552338713,            -2.0285307215,            -2.2220102557,           -15.8928714672,             1.1082120721
            83.2139935882,            -1.2802970954,             1.3322302352,           -15.5743844340,             2.7605980219
            87.2560790705,             0.4110628796,            -3.0817678458,            19.9658900076,             8.6541544380
            90.8152776221,             1.7792306286,             3.7379245365,            -4.3046460134,             0.2504975345
            87.5893357512,             0.6949651903,            -3.4212675610,            -1.6592617395,             6.8445597321
            90.6562832182,             2.2325664837,             1.4770134132,            12.0574233983,             1.2606467217
            91.2856861492,            -4.4666204581,             0.8564454612,            -7.4130081030,            -1.7188563496
            89.9900390822,             3.6955698675,            -1.0397395173,             3.7360209369,             0.1844666865
            89.3077645864,             2.3886185937,            -0.0811336179,            -6.4747641455,            -3.8885465243
            89.0987274243,             4.0653341506,            -4.6633030591,             5.0223943586,            -3.3675756002
            91.3220555139,            -3.7687540428,            -1.5340503286,            -8.0397463600,            -6.0630912664
            89.4639008098,            -8.8376313271,            -3.0185565085,             6.2018053931,             8.2456731620
            83.7482432293,            -1.2648774564,            -2.9279971589,           -14.4551664106,             6.6291798924
            83.4163436186,             4.2846138742,            -2.1308376978,            13.1079653936,             3.6079870833
            90.5768787178,             4.6642645150,             0.7976679508,             0.2304039822,             6.1752754366
            88.7248593203,            -1.3428844134,            -4.4209501807,           -19.5769232340,             7.3225132819
            81.3637310310,            -0.2910770387,            -5.7269379688,             1.4213158379,             3.2054343253
            87.2536981271,            -1.7813299606,            -2.5848354096,             9.3085202626,             6.1634520744
            86.8329164291,             1.7850554470,            -8.2935892139,           -13.4453855768,            11.1210375056
            83.6632257017,             0.6482763802,            -2.4285053939,            -1.3091443435,            10.3135601836
            89.3607241114,            -4.3878479286,             0.4529809127,             8.9567828554,             3.9402391514
            89.1725969230,            -2.8159748157,             3.1802217199,            -6.0977164916,           -13.2390080735
            88.1321468906,            -1.7511380497,            10.1815641330,            -0.0880324263,           -13.8408890381
            88.5251812739,             0.2229316818,             2.3490888578,             3.4219584164,            -2.0395303349
            86.7962000713,             4.2745413801,             1.4171048406,           -17.4341135746,            -0.0205746671
            79.7965531160,            -2.6064541728,             2.4682898511,             0.8427040423,            -4.5264489783
            83.9375199138,            -0.2751889469,            -3.9500191721,             7.9947991297,             5.5505906777
            89.8192677932,             4.1852754582,            -0.5009386116,            12.5840233995,             1.0076500342
            87.6788349021,            -0.0331978971,             1.1621221375,            -7.6768410632,            -4.0847124574
            88.3074935107,             2.5883762872,            -4.4708514562,            -6.8880115881,             1.1289239835
            88.9914368749,            -3.7248531905,            -0.0649711344,             4.5951674571,             2.7635851331
            90.0207728301,            -4.0735835431,            -8.2142825011,             9.9147883892,            14.1007509856
            90.2134491231,             4.3505153730,            -7.0094354756,           -13.3754282592,            13.7680449227
            87.1412932739,            -0.0704922260,            -3.0636535042,            -7.6234214231,             1.3261852738
            84.1907554173,            -1.5822683907,            -1.9902231414,            -5.0292539446,            -4.6733819844
            87.7738716389,            -4.4239101426,             1.6786358198,            10.3299848209,           -12.0206352623
            85.8661617871,             3.3475615914,            -2.8597296995,            -6.9305856676,            -5.8761935715
            86.7374501981,             3.4774260697,             3.8175325594,             3.6955104286,           -10.7344526176
            88.3482493867,             0.4307595299,            -5.2478273676,            -7.3381325483,             4.7662096098
            87.7240519843,             1.1121151591,            -4.9360170800,           -12.2224284801,             5.0801340034
            84.2172631668,            -7.2438080202,             2.3211896755,            17.5771540144,             5.2650778701
            93.7510370998,            -4.9264160886,            -1.6037572954,            10.3409850951,             9.0392834085
            90.6108629642,             5.2747901227,             3.6736523274,           -10.9216118901,            -3.4997903790
            85.6948867075,             2.3630501209,             8.4851303880,           -13.6991765895,           -12.5932581659
            82.8557835347,             1.1869250228,            -1.6565221613,             6.7939601387,            -1.9833604025
            87.6947003625,             2.1569668623,             0.6627249809,            18.4295178268,            -1.1395590662
            90.7241075699,            -4.6563371248,             3.4783494680,            -5.2557222366,             3.6272645570
            89.2392572014,            -6.5539062061,             1.0986765361,            -3.8416940696,             7.1006466530
            84.7643017457,             5.9646079134,            -1.5416156420,           -14.1099724534,            13.3609733482
            78.7341869468,            11.1734096720,             3.6997350144,            -1.7687516401,            -1.1004292374
            85.3377247325,            -0.8493730996,             4.8598449237,            18.9333073696,           -11.2896332906
            88.2835022087,            -3.2716110220,            -0.0692665957,            -8.7302132049,           -12.4053825677
            87.0158520856,            -1.4708351840,             1.1780738435,             5.6451146244,            -4.2078209793
            83.4490898216,            -1.3893732815,             1.7312887971,           -13.6585074417,            -0.8621749977
            84.2730110583,             0.0218848469,            -2.6155131753,            13.9504860881,             5.3214269272
            90.0828107673,             1.3915624013,            -0.8679593018,             2.8215300035,             1.4142221990
            90.7275241654,             0.4341030773,             1.7712508366,            -0.1041116651,            -8.1125540404
            88.2296073685,            -0.3474545517,             4.1283247465,             2.6740856371,           -12.3058296030
            87.2973992357,            -0.8407226968,             0.7859785888,           -14.5119710874,            -9.5579414300
            86.8379339592,             2.3487431972,            -0.7054318255,            14.4296215594,             1.5735170807
            93.7917692999,             3.6447228035,            -0.5272280536,            -5.1743057233,             8.3745668252
            89.8344420433,            -2.7032021252,             1.0994436770,           -25.3756667945,            -0.6915509491
            80.1237022013,             1.2596296540,            -5.6711336184,             3.3475036415,             6.1234685681
            87.0663644276,            -1.4284880096,             2.3174460232,            15.0976352276,             6.2291069371
            91.5857003596,            -3.1264179534,            -7.3609716888,             2.5012632111,            10.6676052754
            91.8344930317,             1.8478125143,             1.8875269530,            -3.8430067232,             2.8382888696
            92.7207984122,            -1.0759901320,             0.7413560240,             3.8199066223,            -6.0316211947
            96.7139612173,            -0.2931298360,             2.1607557682,            11.7494272135,            -5.9071711227
            94.9519106646,            -0.9935189406,             0.9100558129,           -10.5730379218,            -4.5716228309
            86.1659196714,             3.3131279705,            -1.5918855633,            -7.0972885284,            -0.6055820249
            82.4502889525,             0.5684691261,             0.9539263421,             0.1434712754,            -0.1004137198
            85.1169691165,            -3.9916162155,             2.9207155907,             5.3014530708,            -5.0772085416
            88.9244182448,            -3.6485876979,            -1.6659972186,             8.6495420328,             2.4744819449
            89.7778500666,             3.5028992348,            -0.0938905562,            -5.2754793108,             1.5351286007
            88.6090944346,            -2.5987662998,             5.5891979797,            -0.1794978319,            -5.5731902076
            88.6619304850,            -3.8192962349,            -1.0262855022,            -1.1086754138,             2.5693837856
            89.2503626204,             4.3554659287,            -3.1307456277,            12.0357075517,             1.9172769827
            89.9990190048,             3.0469033169,            -0.6364345271,            -8.1941507436,             5.8654891512
            84.5384208080,            -1.4355888020,            -1.0410967564,            -4.2950616574,             2.0959294412
            85.7776187652,            -4.3720010873,            -0.4520467070,             3.7659395037,            -1.3716171680
            85.5120468813,             2.2033240437,            -1.9778468291,            -4.6672395568,             3.9819755005
            83.7392699500,            -1.4305450599,             6.1467785194,             1.4689206124,             2.9141989547
            85.9410706442,            -4.3746799508,            -6.6632040565,             3.9026336038,            13.8598588501
            88.4946116738,             5.3258281310,            -2.2688415275,             3.3562856302,            11.6087169646
            90.5731030440,             4.1367212800,             3.8517695683,             2.8547175578,            -4.8293064316
            83.3059684800,             1.9271472455,            -5.1683754771,            -9.6738025168,            -0.9401968933
            80.5119850029,             0.1079694122,             2.0145069978,             5.9805956040,             0.1766427166
            89.0124683085,            -2.6133885578,            -6.1218524533,             8.9086974388,            13.7134280038
            87.6590948209,             3.7533266895,            -3.8993926090,           -10.8969513271,             4.6076380018
            87.5947849856,            -1.1393692399,             3.4118375935,             2.8328478337,           -10.8777108129
            87.8399927260,            -1.6976354364,             1.6598683838,             2.9070453463,           -13.2879755326
            85.5652673055,            -1.7625867509,             1.8554971889,            -9.9052493052,            -3.5810123470
            85.5968059972,             1.7262748703,             1.3895970072,             5.7909713994,             0.6703830257
            90.1586963723,            -1.1148892810,             4.8679695888,             4.3140695312,            -0.4348964877
            90.9264042900,            -4.6404549688,             3.0543914710,            -8.8125881804,             2.5369803442
            87.3216971617,             1.9484352367,             2.7670316579,             4.3598553084,             1.3460208905
            88.3421219467,             0.5949492417,             4.9196585118,            -7.4890633668,            -3.5868193409
            83.1988997894,            -0.7991676727,             5.5884363480,            -3.4687364154,            -4.4856817005
            84.1262594335,            -2.3571220582,             3.1222943132,             4.7752174856,             3.1557048604
            81.2768925704,             3.6710754155,             4.3413952756,           -10.2459139485,            -0.5811450649
            77.8863839169,            -2.6376876712,             6.8343063441,             6.1455576117,            -5.4306359964
            90.0672178994,             3.9252513171,            -5.6132595324,            24.5904522415,             8.1040867154
            93.3013854385,             9.1153914778,             0.3681082203,            -8.0942183300,             7.6149322531
            90.3566248755,            -3.0142580849,            -1.0389102803,           -17.8451134675,             1.9763797082
            85.6433011815,            -6.1660188534,            -5.6715060580,             4.0775145235,            11.8088585638
            88.8006804338,             1.3239253834,            -2.8335394466,            -3.8454943780,            11.9417873567
            85.4542006796,             2.0026022486,            -0.3150066073,            -1.1826414690,            -1.2408896398
            85.0263933160,            -2.2016448597,             2.3956392863,            -2.9990542999,            -4.5171096409
            88.9294175654,            -0.7239500551,            -1.2987512102,            10.0525544956,            -8.4112853292
            90.1275024819,             0.5506797376,             1.3020180018,            -1.2262749171,            -4.7769399039
            86.5541209549,             0.4692360538,             0.1867426704,           -11.2341324957,             8.0657710567
            82.7001908061,             3.0939259429,             1.3106127459,            -8.4357082740,             3.5027247743
            82.0218647061,             1.3023009768,             5.1346271939,             7.9817510773,            -8.1809160639
            86.7364904691,            -4.7464672595,             4.7373127874,             8.7219832936,            -4.4406809897
            89.6721613258,             0.6370727165,             1.1154998100,             4.5641260484,             1.0581645965
            87.8660965616,             3.1519855610,             3.2424877929,             0.0232096829,             0.7923208784
            91.3535035084,             0.6785514483,             1.1609378956,             4.1078986700,             2.4958535604
            90.0595727824,            -2.0093462332,            -2.2465804661,           -13.6482879936,             3.4322366349
            84.2625281564,             1.2149505584,            -2.0925472986,             1.0008861823,            -0.5216249262
            85.8068022140,            -3.4030830147,             5.8793178682,             3.4122172790,            -3.6229741123
            85.0891850851,            -0.4420855389,             0.5823270073,             2.5923971737,            -3.6304832672
            84.3001691824,             4.1046054389,             2.8636982806,             6.1579374028,            -4.3456421312
            88.0172922472,             2.9914662912,             0.1414754843,             6.3082781025,             1.4790582708
            90.5245875522,            -1.6089001524,            -2.3070555980,             1.6355298194,            10.6256794522
            86.3118220266,            -1.6299957124,            -6.6137049935,             2.1099435257,            15.7452443878
            84.9806874265,             2.1239150243,             1.0500875788,            -0.1214244157,            -0.9420429468
            82.5522305007,            -3.5483631396,            -2.6448320317,             3.8706933107,             2.0123058856
            92.0312924939,             6.3843930040,             0.5209079844,            10.2961919107,            -0.5062315212
            95.1407240901,            -1.9040400528,             3.9693385569,            -6.7053458937,            -3.3015712720
            88.0724860695,            -1.9757886959,            -3.7890200244,           -18.5339501240,             4.6890776017
            82.9884349245,             1.2881369472,            -0.3008785382,             3.5607644823,             0.4196260993
            91.2261975202,            -0.3437000037,             1.3239191011,            15.9239479722,             1.7682785267
            90.9467222928,             0.1931761931,            -1.0467361414,           -20.9896860013,             7.9351721142
            84.0688366912,            -2.5283345010,             0.0182014262,            -0.1063625737,             7.3123529456
            84.8715857837,             1.9295812090,            -5.3406567635,             5.0322461768,             7.6506331673
            87.8935447384,             4.8303196864,             2.3613685077,            11.7722576496,            -4.3815933882
            89.9443735924,            -0.3868563467,            -0.1790616322,            -9.3549262357,            -4.6668603050
            84.7367849431,             2.9849185689,            -2.1349616593,            -4.1741009848,             0.4665214812
            87.1589354505,            -4.1349251173,            -1.6579990614,            14.0026268214,             2.3646642782
            91.1689030109,            -3.9010691461,            -3.1647940515,             7.6483645152,             6.2864585293
            88.0353106888,             1.4457454339,            -1.8132467047,           -10.7331133497,             6.9093872087
            84.7812299521,             2.4146298214,             2.9535054647,             1.6249972967,            -4.5238270065
            86.3477504016,            -4.7267630652,             1.0265511679,            -1.6453195726,            -7.5408098546
            84.5828493829,            -0.5859805350,            -0.7684210053,            -5.4496406992,            -2.9684130133
            83.2485787959,            -0.2888964669,             2.5314962475,            -0.5621725622,            -0.5503055890
            82.4162614671,             3.1628852027,            -2.7254430832,            -8.3491697676,             4.0667698670
            79.1566048145,             6.7702504743,            -4.4096987305,            -0.7879604784,             0.7371310260
            83.1381858958,             1.3222640554,            -9.1228998873,            23.3335455061,             2.9308504299
            88.9598684817,            -0.1972565279,            -8.2605928685,             8.0605412096,             4.8590031695
            87.9125748931,            -3.4270366158,            -5.8058925424,            -6.1358124212,             1.4867520598
            88.6539036014,            -5.9378709116,             3.5224666553,             0.4272148503,            -7.5530937310
            92.1306874724,            -4.3000452236,            -3.1564167965,            -2.6389186627,             0.6340898239
            87.3344256664,             8.5459460585,             1.1334634444,           -10.2912993836,            -2.4132027567
            85.2597633101,            -0.0645998038,             2.8925287267,             0.9537194728,            -2.5432458802
            84.0515851795,            -2.3670036977,            -4.3902678179,             2.9450957391,             2.8545431089
            84.6453408452,             0.2585670267,            -4.3942762199,             6.7286255108,             7.2159653150
            89.8313362046,            -1.1711994733,             1.4753918639,            -6.1577980415,            -2.8569363717
            87.7355692769,            -4.6367986077,             0.3175922921,            -0.2524123224,             4.6122464214
            87.3578857274,            -0.1712177568,             0.1714907260,             0.3661845746,             4.9797507364
            83.6801154154,             3.8341789675,             3.5232956500,            -9.3048913880,            -0.7015253722
            83.6288202726,            -0.4907443080,             2.8515476021,            10.2387838275,            -0.5442018648
            87.2273647252,            -2.4172462204,             1.3720705353,             3.1003982393,             2.9795926680
            87.1468365069,             1.9244819491,             1.5050851345,            -6.4675083005,            -2.2125920272
            83.9820597166,             1.5711417172,            -1.1254796916,             1.4182490898,            -1.2110186155
            86.8251773293,             1.6972334667,             0.6127151977,            10.6114722432,            -1.0421393734
            87.8323658690,            -0.6588194983,            -1.8802666325,             0.2635044434,            -2.0738419001
            82.7358922147,            -2.9663732795,             2.5167972876,           -11.4353251806,            -1.5404847899
            83.9150892441,            -5.3713609638,             2.2071715527,             9.5265948618,            -1.7058696433
            82.3932283628,             2.2215651507,             2.4760753634,            -7.9129990608,             4.2594011916
            85.1420976242,             0.5880817915,             0.1157834748,            18.2211827363,             7.3748314478
            88.9908937404,             1.0238680902,             1.5096122498,            -3.0194262393,            -0.0548930941
            88.1279714899,            -5.4368337793,            -1.0644325480,             1.8252009556,             9.5568813195
            90.1978155409,             2.1872337428,            -3.4750683813,             2.2132255625,            16.5330001980
            87.2491561010,             3.3002433710,            -2.2342245060,            -9.5801333583,             8.8171288039
            85.9519113471,             4.2018283665,             0.4185959280,            -0.0245659182,             0.0412949567
            90.0148896798,            -7.4172896301,            -2.1407985611,             5.4532623669,            -0.9452131623
            92.2610162702,            -4.1854046852,            -7.5597062017,             1.3275946730,            10.3992141810
            89.6796790983,             3.7869461994,            -0.3300116695,            -9.6128652968,             4.6672332331
            89.5190410477,            -1.0325611192,             0.6672320982,             9.8142273365,            -4.1085071000
            91.0238717022,            -2.7087708884,            -4.7458006414,            -2.9159219690,             3.4100587329
            87.2019224428,             1.0437794745,            -0.3400177783,           -20.6185516344,             1.9265599840
            84.2799066579,            -0.7074843959,             0.6460438843,            12.2559977502,             5.0616217105
            89.1996011890,            -3.0385927775,             2.5077885188,             5.5700638983,             2.1989138879
            85.1952845631,            -1.2981365939,            -0.2330765578,           -13.6454096752,            -0.2817088102
            80.6529095369,             0.8497550691,             5.0774850321,            10.8179789824,            -9.7339751492
            87.6804237913,             0.7116755782,             4.1668749028,             6.7651559242,           -11.2168647313
            89.1807896040,             1.9364640083,             3.1670059635,             5.3562226490,            -9.8028937239
            86.7102888839,             1.3252087055,             0.5075955115,            -8.6121172876,            -8.0132935673
            80.7667584441,             1.4330841506,            -1.0037980764,             6.5196224973,            -1.6390676962
            92.8870538191,             1.4548943084,            -2.0411914758,            24.1435534229,            -2.0985430723
            94.8023032136,            -0.8296930860,            -2.8869476547,           -20.9799183159,             5.5290953740
            91.0669837609,            -1.6261223391,            -0.5735325000,            -1.3318253275,             2.7431903580
            90.5481931392,             4.2946465559,             1.6823651143,            -0.6198310309,             1.4508333313
            91.1496229696,             3.8724791888,            -0.3300473063,            -4.1346394619,            -1.0097763407
            92.4721577593,            -2.9263167467,             1.9116950857,             3.0509801091,            -0.2908297411
            90.0845143585,            -1.7282892091,            -4.4953824229,            -1.0683764941,             8.9787546690
            87.3152750319,            -2.6618945404,            -1.4267646573,            -8.4200303207,             7.3329409258
            83.4217639869,             1.1283198689,            -1.6387935422,            -6.3906510421,            11.4277471965
            82.3812728040,             0.7585184381,             1.5207794379,             6.0736585017,             8.6245405330
            85.6529063116,            -1.2983774685,             1.4023850420,             9.0888701024,             6.9837457306
            87.7035394683,             0.8615318750,            -3.2220237598,            -1.7991250342,            16.1067450135
            86.6439505246,             4.3845978274,             0.0505723069,             2.6588727414,             9.1317434946
            86.4415044104,            -1.2023691650,            -0.0257443706,            -7.1397993987,             4.5688564758
            84.6079443525,            -0.7938200837,             0.6115088428,            -0.2629458913,            -5.0728066563
            87.6614782674,            -2.6242374059,             6.7577223872,             1.6288039911,            -7.7524917830
            84.5156285804,            -0.4294905093,            -0.6148560829,           -14.4832230106,             0.2547796519
            79.5573319747,             2.3967578804,             6.4831251367,             3.9222430778,            -2.6096311042
            89.3983594825,            -1.8953070309,            -0.2255941274,            19.2273871104,             0.7272151299
            91.2919235151,             6.7291350333,            -3.1761387722,            -8.4863521202,             1.4792993934
            86.0065311148,             0.9807137412,            -0.9818170505,            -7.9248457342,            -7.0723010122
            81.4569313647,            -3.1733390198,            -0.6732738986,            -3.7201813789,            -7.3721570931
            81.7871831250,            -6.2190181130,            -0.3873123918,             4.5065532510,            -3.2996801351
            86.2599949148,            -4.9926270161,            -3.9046049208,            11.3960875784,            14.0224713442
            89.6266062748,             2.2277743140,             3.3012034544,             4.4976464201,             2.4384400360
            92.3399378643,             1.9662422314,             1.4436833946,             1.8762266746,            -7.1467659239
            89.8838762671,             3.2398958126,            -1.8002145167,           -10.2678476612,            -6.2859985628
            90.2323200997,             2.6450278447,             5.0135692502,             2.7230972269,           -10.5870349197
            90.2664261363,            -7.4804603098,            -1.6233993927,            -2.6663819940,            -2.5791806787
            87.3680309607,            -0.8775388500,             2.8458969963,            -4.4429784633,            -3.6840318718
            88.9797607557,             1.4306690071,             5.4058800779,            -6.0521902400,            -6.5031871126
            85.1020809770,             2.0049899806,             2.5994654042,           -10.8742581563,             1.2935635329
            88.4580611937,             2.7842863410,             1.8582710591,            21.3089050616,            -1.8262140540
            95.9302438732,             0.0759831542,            -1.6413515659,             8.8998030742,            -0.3120164465
            89.0860952313,             3.3076642951,             0.0705282223,           -13.6294951329,            -0.7516018767
            87.8188950615,            -2.2948214644,             1.7362700599,             1.6506634320,            -6.9173556611
            89.8347947758,            -2.9116994754,            -1.7671533899,             4.2432563588,            -6.2511734352
            89.2894671757,             0.1261691661,             6.0955712849,             1.5468636395,            -5.8414002004
            87.7593497708,            -5.4392559789,             7.1857266360,           -14.6731705768,           -14.6338893913
            86.4163831193,            -3.5803272306,             7.7904128266,             4.2454628546,           -10.6062510584
            90.2931088046,            -0.7455217857,             7.8796519697,             3.5188630053,            -7.8247717890
            89.7626683367,             7.8850135375,             3.3321352383,            -8.2589537150,             0.3249974444
            85.7170485207,             2.8318761896,             3.8776118984,            -3.9662370820,             3.0729507405
            89.5333061911,            -3.4393870134,            -8.5103915928,             2.2056801384,            15.8555459616
            84.7196833863,             0.4777014853,            -4.3494999953,            -9.7130743096,             7.2802093025
            84.5640521943,            -1.6020281662,             2.8793330011,             1.2217586823,            -5.6567653415
            85.3966944182,            -5.1433880281,             3.1941395827,            -3.2298879113,            -3.1185792336
            85.8324389003,             4.2597460186,            -3.2998945976,            -1.4883965316,             7.5832846258
            90.1104655412,             4.5490022023,             8.4234108544,            16.0230593577,           -15.7889314098
            94.7506573085,            -5.4624694869,             2.9105879233,             1.3910140353,           -14.9652466493
            95.7990759022,            -0.9507005021,            -3.2548639844,            -4.7932896801,            -1.7567334407
            91.0807091581,            -0.0053066283,             2.8521511587,           -13.0267997427,            -1.5692288899
            83.9404400670,             0.4601481321,            -0.9775056248,            -9.5344417557,            -1.2402458356
            85.3929305596,             2.2420781436,            -2.4744129732,            16.6900806032,             3.4993891114
            93.0891803555,             2.7206704729,            -0.7928966437,             0.6187165721,           -11.4793251373
            86.7398486893,            -1.5988174808,            -0.5088060178,           -17.3429112705,            -8.5624356129
            83.6224349032,            -1.1712951190,             0.1894161847,             6.3778241610,            -5.0831397011
            89.3660925570,            -1.3581813032,            -0.9955228665,             1.8860431749,            -2.3216740823
            86.6608092083,             0.5475115158,             0.3386308248,           -12.5774780420,            -4.6542415738
            91.1048920662,            -1.7230802673,             0.6523785456,            13.0317909856,             1.3646733477
            91.9204300850,            -1.5740037070,             0.0182062315,           -12.5172897290,            -2.7954147538
            87.1715557956,            -1.9161353298,            -0.9324943040,             3.1071128096,             1.0782126460
            91.4334876040,            -1.4549458094,             2.3125661931,             4.2435423919,             4.9310485679
            91.0099011957,            -2.1429591209,            -1.8452797852,            -4.6790230277,            -0.9044475742
            90.0862849651,             5.5482179904,             1.8071201555,           -10.8815317791,            -2.8581329860
            85.2650077717,            -0.7182629816,             5.1410333683,             1.7155752808,            -7.3105358895
            83.4816695573,             0.0232044277,            -3.7055452860,            -7.4747686132,            -3.7695890009
            81.7657997204,            -0.0619260726,             1.6555564478,            -6.9893073467,            -5.4360809181
            84.8072954822,            -0.9563909695,             0.0712035712,            11.0136563301,            -0.7819375823
            87.4661360329,             3.7860090073,            -4.1182150749,             3.0166175610,            -5.8969350720
            87.7117577894,             1.2139240785,             2.2976227246,            -0.0543950457,           -12.6631476864
            86.3115806673,            -2.8292849623,            -1.1146755528,            -9.8788025153,            -6.8939841015
            82.0035552477,            -4.0976887015,            -1.0578005392,           -12.8659881818,            -8.5529124364
            77.2790400211,             0.9826018774,            -3.6382691128,            -0.5365111934,            -2.0890111572
            83.1996285244,            -1.8045947120,             3.9722571216,            18.9654215475,             2.0735496762
            93.0569499591,            -5.0061400528,            -3.6178760955,             5.6658105576,            12.3712791527
            89.8347668279,             6.8680506811,            -5.2567696722,            -4.3672381351,             5.9983222004
            90.7768042907,             3.9657480262,             0.6509931353,             7.3077461845,            -4.8526054377
            90.3673690477,            -2.4405148623,            -2.7924626008,            -3.2866994358,            -4.9970554132
            87.9883124648,            -5.6713392888,            -0.3084941360,            -4.9866684462,            -3.1152959309
            85.9614606864,            -2.1339277829,            -3.9831443545,            -3.3650926333,             0.6944001019
            85.9100157712,             2.6250765033,             2.9141664805,             6.4525902022,            -4.2745160849
            88.1528121591,            -0.5925035169,             0.3053819245,            -3.6853575557,             0.5529817713
            88.2040754075,            -1.3020665555,            -2.8320385219,            -7.4785588566,            -0.2210203979
            82.3610110435,            -2.2047195095,            -3.9203141519,            -5.6280490550,             3.6716335827
            83.2930214634,            -0.6523291249,            -0.4736314584,             4.4731465318,            -0.3487776439
            80.0920744890,            -0.8552425628,            -3.5686887055,             0.8386768848,             3.9018164617
            82.4698223359,             0.0735482443,             2.1941460112,             5.4981704784,            -0.9203127502
            85.3066577506,            -4.5866718718,             3.6460639639,            -1.5385916066,             0.9561098717
            88.6064780169,            -2.7750432876,            -2.0102030872,             6.0198657061,             7.1013150472
            92.2182718449,             5.0369860764,             3.0914931538,             5.3418122405,            -6.0064268823
            93.7398038199,            -0.9470255392,             6.0004966221,            -4.2359864882,           -12.7866273961
            87.7833980587,            -1.6878598643,            -2.9482148731,           -10.8923529842,            -2.5202676145
            83.6078958147,             3.8695578102,             4.3724168497,            -2.1808352924,            -7.9917281447
            85.1560732732,            -3.1259964324,             0.6933699882,             7.1444455969,             0.3471631179
            86.9419979615,             1.6652711891,            -2.7685049427,             7.0234930100,             1.0240940992
            88.9896115969,             3.1467370487,            -2.1692427029,             6.4302668721,             1.9670398288
            90.9093260832,            -1.7366420116,             1.4517616525,            -2.6910470744,            -2.6543060121
            85.5187098373,            -1.0824568820,            -4.9318009710,            -5.5293529055,            -0.6717875202
            84.7835336039,             2.3472953810,             0.5100669741,             8.8149395078,             1.5338767087
            90.0535266141,            -4.3369948541,             2.3235827996,             5.7103115120,            -1.7777941982
            88.1050451265,            -0.8330427574,            -4.6523587284,           -11.7031768319,            -1.1829585303
            78.4823066300,             1.9979385560,             4.1370917387,           -15.4338827398,            -3.9262245468
            82.5992693263,            -1.7598417519,             6.0994229358,            18.4178764014,            -4.6983881206
            88.0946479545,            -1.8849706222,            -2.6982318476,             7.1199962028,             2.4892701114
            87.5901567163,             8.5071324429,            -5.1512870639,            -3.6028294511,             5.8136701739
            87.6915484900,             3.8436929511,            -1.5417529113,             2.8245041787,             1.9732907674
            84.7894353675,            -3.4715773177,            -3.8965005125,           -13.9847804253,             3.0809722329
            82.6018055732,            -3.4995784756,            -2.2006335621,            10.6260638668,            -1.1723410772
            89.0511633999,             2.8386014901,            -1.2548246872,             1.8513581397,             1.8175736598
            90.9467823883,             1.3154423260,            -2.5768823040,             5.4138085629,             5.2810640966
            92.2513108323,            -0.2440752314,            -2.5430383728,            -0.6409130938,             4.0475023959
            87.7997194703,            -2.7442967651,            -4.3029146623,            -8.6881270548,             2.0575218121
            84.1237976867,             0.9830575280,            -4.8952741279,            -3.7207088745,             1.8476526702
            89.4175415546,            -3.8109676852,             2.1461498299,             3.1100550015,             0.4672975431
            87.5369434447,            -1.3557160085,            -6.4447519991,           -11.7194182478,            -1.5557935622
            87.6213017179,             5.0946925879,             5.4053347321,             9.6825793793,           -14.4004249318
            87.2783660005,            -3.8947374639,            -3.5597875321,           -11.3928736373,            -4.5193980903
            83.8948683116,             1.0444186291,            -5.8487600665,            -1.7067512781,             3.1149489866
            89.0341462652,            -0.3330390931,            -5.4410752498,            10.9514051051,             4.4794970843
            97.6774935804,            -1.1049185542,            -4.6761352344,            13.0640740549,             6.0139748159
           101.2034621061,            -5.1039754851,            -7.5871866736,            -8.1134276700,             9.0543173788
            95.1619332340,            -1.6507102127,            -0.0596983046,           -16.3114577887,             6.4966445569
            87.6776307407,            -0.8476501262,            -1.9690328803,            -0.1238947736,             3.9076572819
            85.5088419156,             2.7338675565,             6.7197269093,            -5.7026824335,            -7.0166822208
            84.9183960474,            -0.0878424761,             4.7429484514,             3.3942848663,            -7.6341354503
            87.8739422501,             2.5042962011,            -0.7865423300,             1.9414836336,             7.0383534881
            87.1329797967,            -1.5574933233,             0.6849140911,            -4.0143089317,             4.7666828299
            87.9067592994,            -1.0676354121,            -3.7418738383,             2.1628591381,             8.0064833916
            86.7117149533,             1.9342298934,            -2.8884996983,            -6.2205099823,             2.5761682157
            84.7129028469,             3.4687163287,            -3.8656693713,             9.2739002621,             3.4127597716
            88.4146528918,             0.8670760297,            -4.6251281334,             0.3777640627,            -1.9566537574
            89.3150901997,            -3.3340242906,            -0.5532442728,            -2.1059811815,            -6.4591080849
            87.8920886419,            -3.9561979511,            -0.3313494471,            -3.6034158314,            -4.4646619768
            83.4572048595,            -2.0959425262,            -4.1661906798,            -8.7089376886,             1.3629883353
            84.8353762426,             5.1244700211,             0.5301179610,            10.2237799656,            -4.1213305595
            84.1479873556,            -4.6411107435,             1.8325041469,            -4.8634352781,           -10.0550284879
            85.9317338483,            -2.2292395726,             0.2512886832,            11.7196519812,            -3.7521286461
            91.3948154852,             2.7441195195,            -0.2163361334,             6.4561054197,             0.7255973662
            89.2203107255,            -0.0205255008,            -0.5631923302,           -14.6291878060,            -5.5335715606
            84.6473504701,             3.0960842416,            -5.6622875964,            -3.9710338058,            -5.3674656226
            83.0203006354,            -3.0475173592,            -0.1993440332,            -1.9578988211,            -0.3693826646
            82.7630993733,            -5.0162350221,            -3.2979167940,             4.5616579801,            -0.3406494252
            88.7164369287,             3.6879339187,            -5.5940642267,             5.1453615407,             1.9571145716
            93.9483586454,             2.9532331119,             1.1557074520,            -2.4825293232,            -3.6019596468
            88.6487319233,            -1.7286999549,            -3.9873231547,            -8.6490749236,            -1.1347993903
            83.3157605642,            -3.0499836446,            -1.1477502029,            -1.2886486877,             1.3039125310
            88.4532914398,            -3.6084701039,            -0.2746038518,            16.1678990699,             1.8202046075
            94.3271750336,             2.5756625110,             1.9057227352,            -4.7269273284,            -8.4841395550
            90.5570421401,             0.1194122641,             4.7598225155,           -10.1871389289,            -7.5245898447
            86.7393870942,            -0.2221362009,            -2.2657274527,            -5.4083798799,             1.9236840082
            85.0150422533,             0.0915011152,            -0.3189245294,             2.9149498404,             0.3888248001
            83.6289909897,             1.7018216038,            -1.7551367936,            -5.9327227930,             2.2795607227
            82.0887724848,             0.7928976107,             2.4860928572,            -0.9575099704,            -2.3125356458
            84.9702967598,            -2.5967248311,             3.5543929196,             7.2522620092,            -9.7398017074
            87.8029872116,             3.2609462018,            -1.2089583287,            12.0533564642,           -12.4678038974
            92.6886763835,             1.1590125111,             3.3549480357,             7.1689903161,           -11.0812654244
            93.7257040633,            -0.4348891496,             3.7202730506,            -5.6501981797,           -16.2607196259
            88.1577200355,            -5.8104615820,             1.8070249183,           -10.4582238491,            -4.4112711349
            83.6037905351,            -2.9709154779,            -0.4990358614,            -8.9831179875,             0.3798304367
            82.2174960732,             4.8939997414,             0.0220244868,            -5.8002225655,             6.9343822318
            84.5137213747,             0.9733437252,             0.1297622047,            14.9422888767,             3.6962427393
            95.1759103814,            -0.6336303801,             0.3179641296,            17.6823328234,            -3.2350914120
            93.5646867457,             1.0873417409,            -2.4485851298,           -24.9554641607,             8.1197013763
            88.6025671481,             1.3855227609,             5.9210300855,             9.2237586866,           -15.8967724836
            88.9823436038,            -2.8876203481,             5.8647749104,            -1.3016086354,           -11.2189426332
            89.2818938387,            -2.3430871471,             3.3508154211,             1.3468981139,            -2.8680618673
            86.4640374040,             2.7843950360,             3.1185071958,            -6.8034976019,             2.8622714605
            87.3188621922,             3.8375418670,             2.5560139736,             8.5793273967,            -1.6100410389
            89.3858689989,             0.7093962815,             0.7916935336,           -11.6596096180,            -9.9732991599
            87.6643108347,             2.7442977137,            -4.9765183901,             7.5442570456,            -0.8745399063
            88.4454257204,             3.5210781723,            -2.6165197884,             2.7531011746,            -1.4998161627
            88.6176449874,            -4.0735663038,            -3.4335398008,            -9.3665324539,            -2.6611086680
            86.8062626108,             0.8471523281,            -5.2443321354,             4.0019531267,             1.9771780783
            89.2304478177,            -0.4018370595,            -0.0039123878,             6.0304607206,            -5.9285656217
            89.4182940285,            -3.9568465534,            -2.6163021558,            -7.6005703025,            -4.2534841085
            86.0384982088,            -1.5997683979,             0.1098536329,            -2.1563405910,            -0.0610800800
            85.6366181741,             2.5353593720,            -3.6192191415,            -4.5597978503,             5.2092844707
            84.1944763676,             2.7917728250,             4.9612629989,             2.9104779668,            -9.5473779149
            84.0784516936,            -4.2389908480,             0.4154024519,             1.7234356342,            -6.7424699669
            82.2760386233,            -4.0918158846,            -0.6144105591,            -7.7052256998,            -0.1280024171
            84.7774568756,            -0.0368578460,            -0.9216006832,            16.2573500721,             7.9191120001
            93.9614640405,            -1.6091122841,             2.3252193436,            -6.9939402888,             5.9172192044
            89.9486717182,             3.6784174837,            -3.7818506566,             4.0404762736,            -1.1617147083
            90.7242780340,             6.3935767340,             3.5611946571,           -13.5938724178,            -2.6765201811
            83.6150743231,            -3.2893272811,            -1.4332213045,            -8.0644786928,             7.8471562053
            81.9302988303,            -1.4439877570,            -1.0408078484,             6.1850573611,             2.9630408434
            84.9282739263,            -2.4627610043,             5.6491133551,             0.1349703842,            -9.9054310001
            85.5564414815,             0.6477585950,             3.4462560186,            -4.7466110652,            -1.4054648432
            88.6022692037,             0.2115519191,             0.6930478772,            10.1652454320,             9.7324800037
            88.7940166017,             3.2766599206,            -0.1702358251,            -9.1889798224,            10.4543401840
            85.2654972744,             1.3579678019,             0.7571600623,             1.3090399944,            -1.3513566413
            87.8937139267,             0.3488988395,             1.3808563496,            -6.8331683399,           -10.9547423693
            80.6484701423,            -1.0473966595,             2.7233640120,            -8.2693073693,            -1.7063715153
            80.9535645733,            -4.0087182050,             2.6299558848,             5.9388259754,             3.1426923953
            85.7672296901,             1.0099129826,            -3.2749695215,             5.4864477368,            12.5233169480
            88.1627552360,             7.0933857435,            -2.5378066080,             7.0334982865,             8.5839861565
            91.0981736893,             3.4149288873,             2.3761480995,             2.6159667844,            -1.4881525589
            86.3469204281,            -5.3493054945,             0.7802369816,           -12.4303073360,            -0.5699419740
            83.3798668754,            -4.1461261457,            -0.0409646432,            -1.1649614918,             3.7927149303
            82.0869669935,             6.2983957024,            -2.0144121735,             5.0843827621,            -1.9921344125
            83.3808265082,             5.1833111984,             3.2267531815,             0.7226134707,           -11.3541615474
            88.8293247738,            -4.1854367444,             1.4653196662,            -0.1870770858,           -15.3653427129
            86.6343828399,            -5.0445681156,            -2.1864532733,            -6.0267677364,            -4.0799160174
            87.7052236481,             2.0324494885,            -5.2461111923,            -2.3770804416,             7.5362520468
            88.7381923761,             4.8823913123,            -2.0644181121,             6.4012437604,             3.8918677397
            92.8736631570,            -3.4561606301,            -0.1191425261,             5.4366172750,            -2.0895045113
            92.8510853546,            -6.1651216421,            -1.8736846828,           -21.9737484656,            -7.3479439845
            84.4367166746,             5.3580651156,            -1.1679036197,             0.8144980407,           -10.0513984461
            87.8697704044,             1.5404702623,            10.0629212340,            11.2285400399,           -16.6760473571
            93.2270101955,           -10.4897883940,             2.3229185512,             4.0609072803,            -2.5366954549
            89.0365771787,            -1.2122657642,            -0.5451783385,           -10.3175125764,             6.4508406771
            85.4638014256,             2.1165941774,             5.0569312608,             0.3993318747,             2.9254456647
            84.6275643420,             0.5346939434,             1.7296305039,            -5.6725343099,             0.0771205055
            83.9574279700,             1.5555104671,             4.6738537140,             8.8204082125,            -5.8025605033
            91.2648050381,            -5.2061655181,             4.7638126543,            16.3531209175,            -2.1154904724
            97.4949543518,             0.0156103582,            -2.2700369625,            15.3146248966,            -3.7348394810
            95.4395435953,             1.3985345582,             4.9307583141,           -14.3120700095,           -10.4935764110
            88.6137893095,            -1.1749077807,            -0.3615022328,            -2.2208610018,             2.8408658795
            86.9159760033,            -1.1557853712,            -2.6955409689,            -8.5709297311,             8.1485446091
            82.4201788116,             1.3037088509,             2.0028862962,             1.4527488223,             1.9118061109
            84.1224539701,            -4.4952709222,             3.9086310049,            -2.7799430364,             0.4482666763
            81.8442977181,             2.7407180906,            -1.9327061224,            -9.6605897170,             1.8317578500
            85.1628834319,             5.8063848246,             5.5973751963,            15.8061817241,            -3.8330818557
            88.5193558181,            -0.5121273808,             1.9390652577,            -2.5960588947,            -1.4870588425
            81.0746461144,            -1.9507614869,            -2.0322993029,           -11.6075081470,             2.3656478793
            83.1737745565,            -2.8684639443,             2.1582647076,            15.4898991169,             2.9251559350
            84.2680228175,             1.3914281261,            -2.1217054435,             2.9887663005,            -2.3223979591
            89.9521216362,             6.1079273578,            -1.0591083802,             3.3498441262,            -0.1456196139
            90.7382627224,             1.8914632751,             0.3768507178,            -3.3503797788,             0.5914868573
            88.6817882426,            -2.3832336026,            -0.5709721391,            10.8378687573,            -1.7271159184
            90.4632851251,            -6.5130080236,             3.0064445334,            -7.5056907438,            -5.5582802141
            92.8083745216,            -0.2420594923,            -3.7545166064,             5.4704775888,             7.0280686971
            92.1356108739,             4.0294147785,             6.1212395430,            -8.7084177204,            -0.1767799153
            85.9539404972,             2.2374222715,            -2.2804530304,           -19.2271492464,             0.9982749201
            83.7562858577,             0.4535450530,             0.9733896213,            10.9814497370,            -0.4142579225
            89.4324421512,             0.5338046520,            -7.4032836308,            12.0358509129,             5.9661957989
            89.9764151693,             1.7382378011,            -4.8814968201,           -15.7250356010,            -1.1652118873
            81.9394394505,            -5.6328203016,            -0.0335239642,             3.5993707894,             6.5730584946
            91.7743948937,             1.2686613232,            -2.3704672967,            19.6516817163,             6.4015139432
           100.2018377071,            -0.5464828470,             3.8512747889,            10.0247905636,             0.0351966147
            97.1355062146,             0.9410736593,             1.1096415789,           -23.9710720032,             1.4502270456
            83.2742190492,             3.0002459967,            -0.8512621096,            -1.1778054482,            -1.9154583767
            87.2851985646,             1.2037669737,            -0.8607479761,            14.6860318255,             2.9694239903
            86.6617088420,            -0.0299905179,            -0.7633073199,            -8.1506421036,             3.4182202347
            88.9087598016,             3.8938585306,            -5.4967970777,            -8.7320240516,            15.6419917333
            89.7764486630,             1.9937345303,            -0.6400104664,             7.4263766340,             2.0843127217
            91.4615952892,            -1.5825321582,            -5.2040461336,            -3.4032600797,             0.6692923448
            87.7816061596,            -1.3514845156,            -3.2823442123,           -12.3972285282,            -1.3840448785
            89.1651611990,             1.9156158391,            -2.9311518431,            15.3814852836,            -0.0740046154
            88.7307187248,            -0.6593952922,            -0.6828046500,           -21.2324556003,            -4.2872256093
            79.7059361683,            -2.3419172124,             1.1986383467,             0.6868951529,            -6.7332295938
            83.5853942584,            -4.0406388976,             3.7928316621,             6.4777742296,            -8.3137742761
            88.2762556056,             1.7429263242,             0.2615616145,            10.3217753809,            -9.0090925791
            92.8308278501,             4.4125361938,             8.4987650928,            -6.3429763615,           -14.6358063167
            85.7422677927,            -2.3554025573,             1.2905734952,            -7.6111428593,            -8.2391314950
            87.9104537322,             2.1011043935,            -0.2403797757,             6.0142992428,            -2.5587631678
            91.4882235002,            -2.6860789518,             4.1990804478,            -0.2762234165,            -9.0589767456
            88.3127343735,            -3.5274719239,            -2.4770971878,            -6.9166039425,             3.5839835012
            85.9329989360,             5.1880372250,            -0.8560632140,            -1.6418136381,            -0.6364113564
            88.0550579459,            -1.5058069881,             6.0698081287,             2.6426784000,            -9.6996090833
            91.1474839506,            -4.1162711028,             0.0355897175,             4.1946705576,             0.2808674975
            91.6148270651,            -0.4034321676,             0.0177388240,           -10.0963563944,             0.5772690861
            87.0091792388,             3.9703374610,            -0.8140077186,             0.1152238847,             1.5489843734
            87.4447966500,             4.1271559678,            -1.2814561621,             3.8182879470,             2.5209283939
            82.7978138640,            -2.2569042935,             1.7881445137,            -8.9547194376,            -1.2841577376
            81.3784308712,             1.3735131335,            -3.0424172035,             3.4668027941,             0.9259727566
            86.0445847306,             3.4271880149,             2.3978065837,            19.9965983433,            -3.1387094845
            96.7329340194,            -0.1479182344,             1.1635380663,             2.4781623719,            -1.8022004404
            91.7783128947,            -0.3472297699,            -3.4756350639,           -24.4947611666,            10.8653824698
            83.2560601688,            -2.3138722786,            -0.9235177453,            -2.0808968452,             7.9155107565
            84.1999116732,             0.2030484663,             0.7076538923,            -3.0302978771,             2.2275069045
            84.2973787789,             0.7428556174,             1.1206003733,             6.9927961245,             4.1542869960
            92.7782242526,             0.7722372544,             2.8318096429,            13.8718205074,            -1.8158894081
            92.6075241097,             0.9195852139,             3.6358721488,            -9.8315971830,            -8.6551782895
            89.5778646448,            -3.3839552464,             4.8080616772,            -4.9508463181,            -5.4836996863
            87.2671267713,            -3.4019753095,            -0.3591602228,            -5.1429385071,             9.1199977478
            80.4994332265,             0.0694512141,             1.3003884877,            -9.2373515422,             7.2519828651
            84.1628101789,            -2.7332336496,             0.0053948815,            20.1349720727,            10.5466213527
            90.8864565990,             5.4869830579,             3.3743423247,            -0.3038393692,            -1.0803397902
            90.1572956063,            -3.0210600342,             2.3844787127,            -2.8605200778,             0.0650317100
            86.6700235830,            -1.2779800604,             0.2736371903,           -10.0280528105,             5.6437369757
            86.6489151665,            -0.3857208451,            -3.5461142767,            12.3068412381,            12.1885802376
            94.0318766706,             7.1008596091,             2.4969948830,             0.3955020521,             5.0811781829
            89.8266756832,            -2.7641472063,             1.3889801286,           -19.5139132630,            -2.9060763570
            82.8114435411,            -1.3975063463,             0.7144975118,            -0.6769839519,            -2.0501967670
            81.5758007484,            -2.5029084417,             4.1208742064,            -1.2891389840,            -5.5949799843
            80.6070884863,             2.5879845204,             0.5923409427,             4.5356441120,            -3.9093727513
            88.0263721489,             1.9122034280,            -4.7198847198,            14.3254464097,             3.3994473388
            90.3569687288,             5.3542269539,            -5.8647191737,             2.3362407402,            -0.0115237324
            89.2399111454,             0.2786096768,            -1.1253727801,             0.0138160236,            -5.8788844963
            91.4579161191,            -5.3673703620,            -3.5104907814,            -3.9337746503,             1.2526575912
            89.0603278094,            -4.0161966615,            -1.3096049717,             2.2005397514,             4.9446409947
            89.7660674269,            -3.6236676600,            -3.5167879823,            -2.6096294667,            10.6165878126
            90.6367371531,             2.9203980870,            -1.2038158021,             4.0719974525,             8.4682546020
            91.4690398155,             7.0682830222,            -0.9861644102,             3.3252611551,            -3.2805723437
            85.7777681759,             0.5458160760,            -0.4931948891,            -5.4729962331,            -3.2530058052
            95.6212832197,            -0.3579741150,            -5.8795619513,            20.2453053728,             5.8180656118
            94.0323789906,            -4.3101325977,            -1.1483741748,           -25.5665068260,            -1.5073293950
            83.9174117416,            -3.0922609388,            -1.2683680821,            -1.6381298697,             3.3768808812
            88.7714717431,            -0.7533418586,             2.8788432582,             8.8761880348,             3.6801976345
            92.6095346058,             4.6456238285,             2.5613475990,             2.5984772553,            -5.3651118517
            93.3360008461,            -1.1993615614,             5.6493210905,             4.0929220343,            -5.2167383319
            93.9257133893,             3.0188461668,            -3.5482793657,           -11.1374200426,             7.5304475404
            90.3371590247,             2.3308682049,             2.8249897936,            -1.9698460324,            -7.3302430116
            84.5531021273,            -4.9202746862,             1.0103567095,            -2.7002595986,             4.3471137621
            87.5420044726,             1.1382014872,            -0.4754866642,             7.6670475942,            10.0654229084
            89.2023269160,             5.7638632312,             0.5741583445,            -3.1760397967,             5.8770775800
            89.3064063352,             4.5107418702,             0.7122552772,             1.4735132105,             0.7940296960
            86.0236688186,            -4.7170298425,             3.5984997425,            -1.7796763988,            -0.1095848396
            86.6729737930,            -0.3505929323,            -2.3368779953,             4.9577976953,             1.4389510913
            87.6330427232,             3.7562558946,             0.9116421642,            -2.8054453227,             2.3958903090
            87.1850595025,             0.7227052519,             1.3702687433,             3.7652516977,             4.4195589137
            89.7584952656,             1.5844434298,            -5.0354729038,            11.7112737786,             6.2315663584
            92.4644192227,             0.5865499768,             1.6261206196,           -10.4612804721,            -3.5605635148
            85.7993401932,            -6.1799549421,            -0.5704016807,           -11.5745393343,            -0.9428109086
            82.1031686987,            -1.5744088915,            -2.1284565777,            -8.7615838896,             5.3715317652
            86.3708441831,             0.2492217939,             6.6438143225,            19.8647339533,            -4.1119654306
            91.3887311832,            -5.9313397768,             7.6914957059,            -0.9967205473,            -3.1707822675
            91.1860596291,             4.8531327518,            -0.4219655967,             2.8557902950,             3.0766336944
            91.6132799925,            10.4274668582,             0.7548656694,           -13.9989839710,             7.4818879849
            89.4534461631,             4.6379368633,             0.3662102125,            -2.9439238918,            -1.9531518667
            90.0518396742,            -4.5791778873,            -3.3309904807,            -2.0463187443,            -4.3167492470
            86.4018469151,            -7.8940937308,            -1.6520809518,            -7.7402069443,            -1.6675215192
            86.2142825736,            -4.2368288708,            -3.9093245550,             6.0838754449,             6.0014943748
            89.6330795137,             6.5314134077,             3.3636227532,            -5.6849438247,            -0.9887093806
            89.3138735873,            -1.2668631747,             2.9758301028,             8.3399722592,            -2.7502842895
            87.6526986916,             2.9067349198,             2.6830414536,            -2.9320068728,            -4.6941319860
            86.3098168810,             4.3963685098,             2.5458083942,             1.9816255029,            -9.4165082454
            82.4696249416,            -4.2359349816,             0.0517482579,            -9.9745757412,            -6.4877657315
            81.5796680542,            -4.7089193987,             0.9997915198,             7.2491509744,             1.9225465635
            85.4041355730,             1.8532347725,            -1.5385593333,            -2.3281894925,             7.7538350660
            85.8737100848,             2.4988982131,             0.9011909527,             6.1558543379,             0.1310415167
            90.8542847594,            -0.5705388569,            -3.0099500211,            -1.3177246420,            12.2501363979
            91.5677310214,             5.0645493927,            -8.5448097153,            -5.2366572909,            16.2461511358
            87.3991165343,            -1.6806726483,             3.6827133555,             6.0301730701,             5.0359518324
            92.3436650172,            -3.3094272269,            -4.6452700089,            -2.3782194165,             8.7638719650
            88.8261308104,             4.8891316241,            -3.3912827078,            -6.4237193729,             3.1235315192
            87.0137185223,            -0.1375341459,             3.9915302747,            -2.9531244472,            -4.8444738275
            88.7813187349,            -4.1672376829,            -4.6067900671,             9.2716593220,             4.3743893138
            92.5236776113,             1.5173386825,            -0.3164906806,            12.2452298084,            -3.5106518809
            88.7402486925,             0.9807398900,            -2.1644144452,           -15.4826741914,             0.8476521363
            81.6075941431,             1.0102633449,            -1.5408577951,            -2.5210692417,             2.7832263738
            83.6201855481,            -3.7836912323,            -3.7013731780,            12.4266296695,            12.0709298639
            84.4767235248,            -1.4942865723,            -2.9881891666,            -1.9833414032,             2.3733356892
            82.0923035060,            -1.6241128664,             4.6050088615,            -5.8186609062,            -5.9225459856
            88.0782203089,             3.2993244697,            -2.2617032112,             5.7993985287,            -0.5094884983
            86.5603409344,             7.8345108458,             5.1274652806,           -15.6156843335,             2.0509674793
            82.5178865593,             0.6928222870,            -2.4077071097,             3.4472104667,             2.8003234400
            88.8234534095,            -0.1604716536,            -1.3450018118,            -0.0307610630,            -5.0580262857
            82.2809621297,            -3.1524206084,            -1.0201788397,           -10.7812504914,            -4.3412277542
            83.0132317023,            -0.6518481875,            -1.4349404344,            11.4568265935,            -1.4651714032
            91.7562734371,             0.9729095898,             2.4894740403,             9.2280849461,            -7.3656233418
            93.8695701446,            -5.7882439386,             2.2167747848,             0.9587555697,            -3.2467541420
            88.4975437524,            -0.9466091163,            -5.3782673630,            -8.4076481660,             8.2999924795
            84.8762343276,             6.7392470267,            -1.5838033614,             2.9736722257,             3.3539888630
            86.8659998408,            -3.3667779890,            -2.6032151134,            -4.7134133761,            -4.7528102136
            86.1504220547,            -4.1966899940,            -0.7500821122,            -4.4179722038,            -5.8206705342
            85.5348894765,            -4.9098758568,             3.8241896085,             4.7285013808,            -3.5255812926
            94.8853908753,             0.2706878242,            -4.4491170424,            17.5169750769,             4.7920694272
            96.2540931180,            10.2759563904,             0.2763755739,            -9.1509236967,            -3.3821703195
            90.0468479705,            -3.1290503488,             5.1680402910,             3.1001819659,           -14.3089531962
            90.2768451132,            -8.1362752424,             0.9848605771,            -5.9136349621,           -12.8231241025
            91.7411113498,            -2.4723057093,            -0.4415467198,             7.3362751132,             2.3844907550
            95.9450556967,             2.4431869630,             0.5365978944,             8.4879265418,             4.5052073757
            92.2809911558,            -0.3949190512,             0.0368248353,           -13.5958785847,            -9.9356920345
            86.6984776425,            -0.6169831476,             1.7517383793,            -4.1960851008,            -6.0738895288
            86.2470130852,            -6.5036251461,             0.7795653375,            -1.4964108843,             3.4569387706
            90.5474596149,             0.5748539167,            -4.3475163145,             6.3109520842,            12.4960768422
            90.0742940802,             4.5063420768,             3.7800687940,           -17.1678560536,             5.7417244116
            80.8966660602,            -4.5985479842,             3.6270276669,            -0.7998517269,             1.3182594147
            90.1810525231,             2.1110427413,             2.4534478746,            18.1461215251,             1.7841403911
            87.6087335315,             3.2959009952,             1.7122706835,           -13.9060794487,            -7.0936729840
            82.5860299611,            -0.1962296337,             2.8036413364,             3.5494914742,            -2.8882848469
            84.4259376364,            -2.7337218679,            -4.4119436324,             4.8121501418,             1.7206931788
            84.7792730624,             1.4207913133,            -4.1252434749,            -0.4966491541,             1.6532751621
            85.1606748490,            -2.5998970921,             5.4449983334,             8.0801968878,             0.0225270662
            85.4962753208,            -4.5880271650,            -0.6210229198,            -5.5805813995,            -2.4600438028
            90.1373179166,            -0.7593079623,             2.4479677049,            14.7258125620,             1.3098468752
            88.9253609687,             3.4644099388,             2.3935471790,           -13.5713422082,             7.5562768540
            84.5834948934,             0.8780282743,            -0.0202068226,            -1.7912024475,             6.4181960425
            84.6179747158,             2.9753953543,            -2.9967321682,             1.3563821734,             7.1057545072
            88.4727283545,             2.5667383794,            -1.4222275080,             7.1122993867,             4.9189154197
            83.9921644377,             0.1099182604,            -8.5132320789,            -6.4995242999,             8.6881899814
            79.3826151591,             2.8095170733,            -3.1646873002,             2.6518243015,             2.2666163665
            83.6791955053,            -6.1105325505,            -2.7155981138,            12.1784396608,             4.2488045473
            86.6393578473,            -0.9799549937,            -7.3578233059,            -7.5601977271,             8.7935608662
            87.5975969165,             5.0995117071,             0.6674055640,             7.2792289295,            -1.1560612260
            89.3194617019,            -0.9234785565,             1.2254231147,            -8.4558016418,            -5.9660129498
            87.5250227856,             0.6463157799,             0.9137668695,             8.3230839871,            -9.0755728170
            90.0336692079,            -3.2804380125,            -1.0960098996,             9.6387609358,            -3.2650794381
            94.7093128479,             2.7419378708,            -0.2599633208,            -2.4188412253,             3.6717805187
            94.8368695850,            -3.4697465446,             4.2333613834,            -2.1474841053,            -3.1024676435
            87.7124003236,             1.6932017671,            -2.9883892355,            -9.1623046971,            -5.8321284924
            84.3979577993,             2.7253271312,             6.9977286938,            -3.8120557044,            -7.7099301512
            86.5670827435,             1.2963596425,            -1.8696558379,             7.8224122620,            -2.9872947243
            88.8363463563,             0.3361514953,             3.5024320576,            -1.4775055925,           -10.1655089907
            86.8966710551,            -3.4729444034,            -3.1405502613,            -5.6216338200,             1.6076774936
            86.9692753182,            -1.2213884804,            -2.3848347079,             0.4875440869,            10.6418626415
            93.3774455345,             4.2191002101,            -5.3401217335,             1.1174868421,            18.4943620034
            93.5908652388,             3.2729909592,            -3.3204343190,            -3.8308879858,             7.8069745999
            85.1048875663,            -7.2064834921,             2.7732169612,            -6.5487327374,             0.7391110172
            85.4005574146,             0.5607403644,            -1.9181970174,            13.8827452913,            -0.4905009771
            86.7826500732,             2.0927776093,             5.7847097043,            -6.0983049675,            -3.4108381680
            79.8109158232,            -3.0397972139,            -1.0854969076,            -6.2881863983,             2.0829394075
            87.2546209464,             0.9316621283,            -5.6313567490,             7.9810916790,            14.5934734386
            86.4789701182,             3.8032230955,            -0.0537556284,            -4.4155093664,             4.4941049110
            86.6142118226,            -1.4609575880,            -1.9495309056,            -1.5446059596,             6.1051978764
            85.4850881437,            -2.6263270922,            -4.4360813236,             0.1759425745,            12.3795198276
            90.3773362466,             2.3796848988,            -2.5754178573,             7.9197677613,             4.3951688024
            90.0905595550,            -1.3838483491,             8.4086281201,            -4.5904866786,           -10.5462877918
            91.1401712353,            -5.6839938348,             1.7694591255,             4.3874737812,            -0.5873601055
            88.5725065297,             5.8320017004,            -0.5220999754,            -8.9162042629,             5.1408822747
            88.9458689134,             4.3451755778,             5.0897507239,            10.2191732619,            -6.6732059903
            88.0575682538,            -3.9156891250,             2.6609253199,            -1.0178685720,            -2.4383236951
            88.6746694987,            -2.8462801250,             5.9084409305,             5.3849532770,            -3.8732192729
            89.8561518097,            -3.7216247972,             1.3436919632,            -7.9362934267,             1.6932142893
            84.8941728837,             7.6829364006,             0.3813063827,            -2.9411198513,             8.6327472573
            89.6457712824,            -1.3267952735,             4.0427921140,             8.1140495420,             1.9499207056
            92.1932925966,            -0.2720532765,            -3.0944230411,            -4.9728407318,            -0.1796104333
            85.4019213380,             1.8225481663,             3.0098375749,           -18.3010586771,            -2.3030215033
            82.2251738351,            -1.6372631291,             0.8972941284,             6.9960341852,             4.8834203092
            87.3279152396,            -3.4364566298,             0.7379217443,            -1.2085849919,             4.1637185871
            85.2331167343,            -3.1871838574,             3.2932597381,            -7.9642672595,            -0.8054021498
            85.2422310923,             3.7431029521,             1.8416579442,            13.1421527545,            -4.3213652678
            89.7991456567,             3.8634646693,             4.1174559464,            12.1449724512,           -10.4617414673
            96.2251266396,             2.3960466185,            -2.0031382428,             8.8834672292,            -0.5890025486
            96.4670103349,             1.9519714071,            -1.5243781019,            -9.5847866695,            -5.0846907705
            81.8257041642,            -4.0580464115,             3.1255752211,           -10.6289774291,            -7.8907128408
            87.0624411618,            -3.9965878977,             0.4558681211,            18.4296757595,            -3.6329330315
            93.6105740688,             2.1627807084,             1.6743001485,             7.3242534255,            -0.3011678525
            87.3917086957,             0.3030776746,             2.4373983791,           -20.0349075603,            -6.0163916610
            81.6831137833,             2.8981742132,            -3.3864143401,             3.1155387056,            -1.8306578502
            85.5162371946,             4.2538246727,            -2.6257147843,             5.6689224927,            -5.2711763064
            83.4088865356,            -7.9853450519,            -0.9918219802,            -3.8158900386,             3.6493683852
            86.6730339578,            -4.1492610737,            -3.5588034117,            13.3053317017,             8.0876542026
            88.6128743984,             3.4097848024,             0.7112766935,            -3.5777606729,             3.5026789815
            83.4445424646,             4.8510261204,             0.6556423107,            -1.4424400879,            -4.1147294615
            83.7681991101,             4.6504374156,            -0.1349505377,             2.5415523134,           -11.1034354519
            85.3140302003,            -0.7251342493,            -2.7643009172,             7.9271461619,            -7.6778222874
            90.0659560613,            -0.0206389214,            -2.2161770317,            16.0143398225,            -4.8881652971
            90.7160576148,            -6.2550396403,            -0.3657046513,           -17.5896159436,            -6.9251502081
            80.6073165876,             5.0291385676,            -5.0422842935,            -6.5043939313,             3.5631828913
            87.8942767979,             2.2379344001,             0.3755455787,            13.0166192221,            -3.6630544473
            88.2003267632,            -4.2063594350,            -4.2787879868,            -6.1672219514,             1.8356324362
            88.3471858552,            -2.7244439705,            -8.6451843394,            15.8091322046,             9.1232856904
            91.3386817526,             2.0931842971,            -0.6484672642,           -17.2079354183,             1.4245734906
            83.3743683670,            -3.5021760569,            -1.7154728679,            -8.6220931621,            -0.5550593741
            87.7325994990,             1.9905898140,             0.0547443913,             5.3963078327,            -3.6294826874
            89.0338487159,            -0.9242800407,             2.1907179214,            -5.0869133074,            -4.9012250295
            85.3113736002,            -1.6077859075,             0.5735563859,             0.1557198877,             7.7204665270
            90.3939982260,            -1.3459324515,            -1.1138490331,            14.7389947686,             5.4389584020
            95.5548450603,             3.4788518523,            -0.8560686211,             3.5189611062,             7.6952155883
            90.6393627012,            -0.2233428483,             1.6751727143,           -18.6352371752,             3.4389718174
            83.2921349694,            -0.9800353007,            -1.7756028973,           -13.8199753708,             2.1282350065
            83.1921025390,             4.1604927455,             1.4068353945,             9.8303575098,            -3.9206462837
            83.2139863421,            -4.0942757265,             7.5186625348,            -3.2919189020,            -3.2105271520
            84.7373547986,            -1.4336143593,            -6.6815358499,             5.7626505719,            11.6878754733
            89.4437011296,             6.2574536655,             3.6912040177,            -0.3443682285,             8.9175519314
            92.1935850917,            -6.5540768353,             2.2556422271,             9.9898466026,            11.3714465329
            87.7318156104,             4.1655483283,            -3.9707132815,           -13.6105022273,            10.5308860602
            87.3811587646,             5.5880816747,             6.4124301142,             7.3193227907,            -6.5761152383
            87.6338518459,            -4.0550322712,             6.8517373471,           -11.2423755923,           -16.2859992928
            84.7949803557,            -3.6726357264,             2.2840645927,             5.8477852383,            -4.3613658157
            93.1004488681,             4.0776339184,             6.0160147080,             9.3572068918,            -7.9063131356
            89.5946123801,             2.2093746619,            11.7844634408,            -6.0421448041,           -19.1368484734
            94.2481132662,             0.2128166248,             1.2245960982,             3.1020362640,           -11.3248151219
            85.7402515904,             6.0070896817,             3.2665698046,           -13.9446835186,            -5.4587273608
            84.4408191595,             4.1969129688,             1.7238994970,             5.9145833535,            -9.7329311013
            86.9148834708,            -2.4941447331,            -1.5220946827,             9.8317980807,            -6.4698323839
            91.1203519211,            -0.4636868668,            -1.2930489414,             5.4558667790,            -4.0140701424
            89.1430333377,            -1.0487520632,            -4.1425780789,           -10.0170369941,             4.7577829667
            83.8357596953,             3.0078326963,            -5.1629640280,            -0.9199906333,             4.5919673021
            85.4541841514,            -0.7621669865,            -4.4092549508,             5.8357799072,             8.9013739172
            87.3931993624,            -2.3273963806,            -4.1342409700,           -18.3319467079,            10.9380565763
            82.9036681258,            -4.4287967676,            -4.5606838745,            17.1174406489,            10.4306984083
            92.3081260933,             5.0956785339,            -1.6737803963,            12.9346485765,             2.5154808777
            91.0699951549,             2.8338544922,             2.2619609910,           -18.9921738438,            -6.1359099156
            82.4572084877,            -5.0739274395,             3.2234302344,            -3.5760144056,            -6.1390378482
            85.6080919774,            -6.8307066370,            -1.3497906117,            12.1361632239,             1.8678886525
            82.2732367300,             4.3020292808,            -1.4109381913,            -2.0027133701,            -3.8150621416
            81.5262744606,             4.4445883591,             4.7268256549,             6.3951362314,           -10.1375097728
            87.5167331002,            -2.3998972552,            -0.4331398508,            20.3652388689,             0.8089464334
            96.6461332127,            -1.6930882173,             0.9476119448,             9.3434661760,             2.8662640318
            93.8337716985,            -1.7608203251,             0.5118176665,           -16.6082901086,             7.3269217677
            86.0276875746,             5.4293932852,             0.1058462237,            -6.0184991405,             2.4352443481
            85.6303628167,             2.8322471472,             6.9187940376,             6.2600571507,            -8.5680830747
            90.9699859341,            -2.6167885321,             2.3537296948,             8.3085886906,            -8.2045524992
            84.9043313763,            -2.6283838530,             2.6962720254,             0.9611422577,            -7.4312656517
            87.7216883945,             1.9162024757,             1.9893527702,             6.4808762295,            -2.0334599460
            87.9641061065,            -0.1864409812,             2.0033791126,            -6.9211210834,             9.3311327566
            81.5824768466,             4.5200318664,            -4.2480492396,            -7.2354682971,             9.4335360823
            89.1526076163,            -0.2197027713,            -1.9290096368,            13.4738887988,             2.7535800895
            89.3671684519,            -0.7700053245,            -3.5332582831,           -12.1655990582,            -0.5486504983
            84.3790908788,            -2.4444561470,            -2.8591754837,             3.1708046106,             0.2901718652
            85.3462075258,             0.3411479046,            -3.6144195918,            -3.6052559472,             2.1854028563
            86.1612274602,            -0.3570342615,            -2.7365338584,             6.6097190825,             4.5205559950
            90.8768970092,            -3.7206672588,            -1.8592785230,            -2.6301899234,            11.8625406923
            84.6275616379,            -1.4763711474,            -4.7696509540,           -15.5125291362,             6.8323633704
            81.7733858143,            -1.7829916031,             1.1252179441,            16.9775986093,            10.8351727969
            88.7267983062,            -0.9315696613,            -2.5300847819,            12.7523897775,            20.8023923143
            85.0979619065,            -1.1435367424,             3.1556946046,            -3.0526241912,             1.7608194780
            83.5497802278,            -2.0073426722,            -1.6245936273,             1.1068311270,             3.4064669897
            86.3920283550,             4.6663219822,            -2.0175058084,             3.6965099772,             6.5865408397
            91.6049076378,             5.1213136570,            -0.2660118612,             9.8682958431,            -1.6411038421
            95.4363232989,             2.6811559462,            -0.3859065844,            -2.4691573520,            -5.5028680238
            86.2329324554,            -1.9052275211,            -3.0541351284,           -11.9326520705,             1.8076942460
            81.2630539930,             2.4021615756,            -4.6457897845,             1.6752148271,             4.3751706580
            83.6232380564,            -4.0031888169,            -0.9708641527,            -8.6156278999,            -1.7512260509
            82.8361045003,             1.4828928495,            -6.7442702271,             7.9464613820,             2.8415766644
            87.9676510197,            -1.2678223486,             3.6061685466,             6.6803635004,            -0.0222948000
            91.5940932272,            -2.5971202455,            -6.8263445112,            -3.2361757909,             7.5740029030
            87.5582962565,             0.0853517983,             0.5294956051,           -13.8176637127,            -2.3713070598
            84.7059393266,            -3.0231984029,             4.8099035206,             5.2304997532,            -4.8991653743
            85.4393950408,            -3.5892319733,             2.5776196617,            -6.2800332373,            -4.8276484723
            87.6961128840,             5.6763872245,            -0.5821589514,             4.4215725560,            -4.6261003786
            91.7999392502,             5.9218873045,             7.7685392570,             3.6374984475,            -8.8240722083
            93.9626514763,            -4.0706729100,             5.2155491861,            -2.0831644982,            -2.4744565702
            91.4756045444,             1.6451295731,            -4.3380305007,            -0.4128284965,             2.9895433339
            85.7392782776,             2.7219037218,             4.6776234901,            -9.3189468601,            -7.2409742372
            79.8036085526,            -1.3206502397,            -0.5264004112,            -4.3635181150,            -2.3867139824
            79.7915897240,            -1.1271460837,            -0.3105669015,             5.0538111569,             0.4967925472
            89.5695693108,            -3.8579676044,             2.6844895788,             9.3406684690,             8.2005769381
            93.3440254713,            -5.0086526599,             2.3078672470,            -1.0805775928,             8.6299042926
            87.2568464214,             4.2988933247,             1.8835999070,            -8.9614187943,            -0.5966041639
            83.6654560632,             0.4736935786,             9.2620774213,             0.2903751740,            -7.2352378675
            89.5908924843,            -4.0918021490,             3.1335167476,            16.3780923787,            -0.6334896074
            90.8601144964,             1.2101860734,             6.2560456580,           -12.2066787429,            -2.6643092336
            87.2040711853,             5.6327049556,            -4.5296537025,             0.8979762480,            -0.0033629360
            91.4682140190,             9.9908482421,             6.2199195174,            10.4396082048,           -12.2975656476
            87.1635505119,           -10.0370210634,             2.6218308426,           -18.2202242399,            -8.5526333438
            81.9042240292,             0.6778118937,           -12.5493329017,             1.1752713702,             7.1161324547
            84.0810489200,             5.1578615044,             5.1820725499,             3.7448091832,            -0.8157194987
            90.2192873288,            -3.6856624888,             0.5846304572,             5.7183358478,            -1.6661433218
            90.3518881240,            -1.2997187896,            -2.5734228387,            -3.4536678271,            -2.2135476812
            88.7136166765,             0.1699761373,             1.7931665575,            -5.5618793143,             0.8231733611
            84.4720906776,            -0.5021801874,            -0.2465459342,           -12.5914516063,             2.9931267804
            80.5098725341,            -4.2101831826,             1.5392937235,             5.4574043003,             2.4276013964
            86.8534272705,            -0.7502645566,            -3.7263159297,            11.4891711416,             8.1344045752
            86.4206282566,             3.4468447581,             3.5034526472,            -7.8028759579,            -1.7831640274
            83.8370421168,            -4.8343596715,             0.8031723926,             5.0340816743,             3.8546249350
            84.5311031608,             3.5252126052,            -8.5602884832,            -6.5587692237,             9.8333189163
            81.8568748610,             5.2691391280,            -1.5781021802,             0.9382924349,             2.2185379416
            88.7640105270,            -2.9703029940,            -1.3070168491,             7.5297725475,             0.3684296308
            91.8825017515,            -1.4220090642,            -9.8998227048,             4.9854840041,             5.1615202330
            93.0068476006,             5.8850029054,            -7.5936960424,             0.4151986170,             5.2261361205
            91.3128800633,            -1.6146667164,            -4.1537812658,            -2.4817310303,             5.4246355401
            92.0929447382,            -4.3758543856,            -8.4960053834,           -10.3922683985,            10.9951375533
            81.9675622594,            -0.3231529357,            -6.1920383695,           -16.0740166816,             8.2098328595
            78.5796192270,            -1.5503503749,            -0.4174907039,            11.2168986638,            -0.1395238609
            87.7035371129,             3.7069565601,            -0.6324921847,            11.9628954252,            -0.2931811138
            91.2211634013,            -1.6079985995,             5.8527465151,            -5.9315897243,            -7.7453991320
            84.6178219245,            -3.2281931807,            -2.7429919902,            -9.0969573801,             3.0758363405
            84.7412446769,            -0.1002899977,             4.6603201330,             9.9977595761,             0.1062250239
            90.7611534588,            -0.4072879567,             4.6224688956,             4.2687705535,            -2.9354795087
            85.7305194339,             0.3859324896,             5.2142644488,            -8.8002079153,            -7.4077818312
            85.7642839222,             2.9248549303,             1.2724394237,             6.9006147642,             1.5118766119
            88.3806468195,             0.4338249186,             5.9023562401,             0.3782442272,             4.2887154484
            85.0750835294,             0.0978004908,            -3.7234824356,            -2.9830388776,             5.8789149415
            82.9888607019,             3.8753172160,            -0.5375082491,            -3.6992560434,            -0.5672876240
            87.1769122048,            -1.6900650169,            -1.1973781509,             8.7459697181,            -0.9219099574
            88.5471226229,            -2.9219031204,            -0.0812686871,            -7.0655457808,             0.5175807780
            87.5117079950,            -2.2698953113,            -2.0855966323,             1.0706907365,            -2.0215227950
            85.3530957670,             6.8829824681,            -2.3711775805,            -4.2227270635,             2.8580684863
            90.5257033116,            -1.2784498255,             2.8532417897,            11.5500343784,            -3.9019418861
            91.8740049755,            -2.1916959552,            -7.8324438642,            -2.9570904292,            10.7193540024
            85.5341451222,             2.8749717706,            -2.8066634689,           -17.3326286204,             2.0162514605
            78.1744517776,            -0.2048086620,            -3.9255628008,             3.6412650441,             5.2183656797
            88.2434447716,             0.3344553030,            -3.6340535061,            19.0952890151,             5.9133219501
            84.9078052686,             2.3707386507,            -5.2015957898,            -0.1858355260,             9.4577923289
            84.3719555179,            -1.9081564480,            -0.3890674233,            -9.0345464739,             4.4119115472
            84.5578473914,            -5.5051960194,            -2.0632357131,            14.1232856555,             5.6526128177
            89.9799173723,             3.0671180591,             1.6294141459,             5.5983306113,            -3.3457800387
            88.2982005598,             2.2387715143,             4.8864605902,           -15.7778519285,            -5.8728730388
            80.5478382191,            -0.9582161381,             3.6568828669,             4.1789200311,            -4.4772225674
            84.2039258154,            -4.8549029816,            -0.0633959416,             6.9255068464,             2.9127350458
            85.0588205434,             2.9184780720,             3.7221180151,            -1.0894685472,             0.9180494013
            84.5862923588,             2.4071385514,             0.7197348708,            -0.2926232614,            -5.9882292476
            82.0040411232,             2.3466199707,             1.2652043506,            -5.6953664621,            -2.7052769033
            87.5720666460,            -2.6374916294,             7.6292803393,            13.1199018893,           -10.8938762738
            92.4606641818,            -7.4114246879,             5.5878308946,             3.3760276941,           -11.8796812534
            89.5651657328,             1.6346753123,             1.1664927731,            -5.4520670193,            -6.9257156593
            87.5304955680,             2.6301027049,             4.6074053655,            -4.6036006802,            -6.7060368360
            87.1194655355,            -1.3180191341,             1.1281446448,             3.8717266090,             0.2362119998
            85.6694077492,             0.1360862509,            -5.1125990631,            -6.7026939507,             7.7636679787
            81.8776285223,             5.7913847083,            -1.0447557334,            -3.1111445202,            -3.8812495461
            80.8964554671,            -5.4664330631,             1.0955792318,             3.6112774322,            -5.6001952238
            89.8050171406,            -3.4408874386,             4.6419674424,            15.7616870622,            -1.9305716215
            92.4172384329,            -3.6654490241,             4.8674730213,             4.3715200823,             2.2221378233
            90.0746541394,             2.3519853254,             2.1832731726,            -3.9655859449,             1.4449539893
            90.7525173064,             6.9366447685,             3.9260240568,            -9.8066517894,            -4.1132675060
            84.1355358156,            -4.4511842935,             6.2376750051,            -7.8660810457,            -7.4152451501
            85.8869858755,            -3.0033523963,            -3.0314870877,             8.4876312757,             9.2972462334
            84.0989888183,             5.5201992198,             1.1594899333,            -8.8876745690,             3.3721230807
            85.6414179219,            -0.1961271562,             2.0642241961,            15.8038935911,             0.5791992002
            91.8219720968,            -2.0488549811,            -4.7195253108,             8.0932870221,            10.3139898016
            93.6669027274,             8.1403327228,            -8.8217209917,            -3.8855175949,             9.5098001975
            88.2342139923,             3.4133009158,             3.0722691776,           -11.9008948801,            -8.2617762313
            83.3548669251,            -3.7644962885,            -8.6849700403,             6.3088717002,             0.7243553212
            90.4490655058,             3.3683948249,            -3.1558596477,            14.9664275767,             2.7576887872
            93.7147455345,            -5.6511265989,             1.6051806874,           -11.4537767765,            -4.7779880023
            92.0622097275,            -2.0601487534,             2.9155677605,             0.7566544215,             1.1952078862
            91.6388661111,            -4.2329823040,             2.2497139389,            -4.1983624165,             4.0919928020
            87.5035382522,             7.5783369447,            -1.8772575275,           -12.1872323950,             8.3041462661
            85.5661552469,            -1.2221402082,             1.6004747874,            10.0981940400,            11.3997495971
            89.5532725686,            -3.5671013861,            -6.2656708805,             7.6172431099,            15.8308363650
            86.6213676465,             3.5037105966,            -5.5231165585,           -10.3501318729,            13.9023550661
            87.2693063528,            -1.3301304990,             1.3846863943,            10.8861470070,             5.2282186913
            92.9663873035,             1.7634348022,            -6.8896508576,             4.6911346334,            10.2900649519
            90.9103553491,             2.3003917793,            -1.8690049125,            -7.1183330741,             5.0793383283
            84.6265087377,            -5.4541222385,            -1.4147836185,            -9.1668170307,             4.0565865316
            83.0681028163,            -0.0596361478,            -2.5850172872,             8.5588080998,             0.7054681231
            87.8976578447,             5.8092628702,             3.1104902819,             2.2407835560,            -1.3077301014
            85.2048299641,             0.4438731631,             4.6745489829,            -7.1740456870,           -12.0836537821
            89.0951997627,            -0.8075835116,            -3.2520359094,            11.8052954534,             0.9842682278
            91.7115991824,             1.5583895677,            -2.2443850845,           -12.8122772371,             1.1682098194
            83.5607140241,             1.3214147215,             1.7899256414,            -0.5448779980,            -2.1418869531
            88.6636044689,            -3.9459877930,             0.9428503579,             5.5944774507,           -11.1680999041
            85.5156183974,             0.5223997406,            -5.6804439100,           -13.8814030145,            -2.5149662117
            84.2162478981,             4.8301551557,             2.9440122945,             9.0393243507,            -3.5389827175
            87.1634229931,            -3.4627441834,             3.9345076468,             8.1275767184,            -5.8721774713
            87.6522326591,            -3.7777343671,            -2.6178051632,           -11.9254162427,            -4.8881534128
            84.5294256693,             1.4067251695,             5.7806644445,             0.1802023899,            -7.4626436438
            85.2353219614,            -5.3002735295,             6.2781256114,             7.6668739611,            -6.6044847255
            87.3402361165,             2.8199762052,            -2.1569801666,             2.2303862927,             0.6353882556
            83.1141657778,             0.5496351337,             8.8928980499,            -3.8422095505,            -7.0788191598
            81.1720673841,            -8.2222984499,             2.6479772652,             0.5423237959,             3.9800839049
            84.4603597202,             2.4267489132,             2.9534335989,            17.6140947519,            -3.2408493496
            96.2792334137,             5.9248762186,            12.4249555682,             7.3844903546,           -20.9185465509
            91.5564737649,            -0.6989466505,             6.6817019936,           -13.0346536202,           -15.1866457870
            88.4280175737,             0.5113143926,             3.1191083939,             6.9117236057,            -1.5940565321
            92.1067522992,             1.0256374321,            -0.1441735586,           -10.3953228514,             8.4169360260
            90.9731132491,            -1.4039420587,            -0.4123283174,             8.6683118462,             7.4676327127
            90.5571875118,             1.3824238254,            -1.8783752424,            -9.2286413428,             1.6277083279
            87.6616289863,            -1.2942999911,             0.5093323057,             1.0810635296,             2.8965119984
            92.9625823658,             2.9689919881,            -4.4112417470,            11.2752790240,             8.0348236718
            92.5199073826,             0.5241656783,            -1.5620746198,           -14.0474488483,             0.3549660324
            84.3876952991,            -2.8861183980,            -0.7904320491,           -11.8189610434,             0.2209942621
            87.4868673141,            -5.8492909538,            -0.5847938388,            15.6615928631,             2.6172997394
            90.1364420235,            -0.2929194489,            -0.2253608647,            -3.9965648869,             7.6953291918
            85.2612139163,             3.8957471950,             0.3797110465,            -3.1676582918,             2.9358249171
            86.3302124535,             3.6575524297,             2.6535262134,             5.5826070152,           -10.3617881283
            84.3444561844,            -0.9544783502,            -1.2573663651,            -2.9253362329,            -5.2675256617
            87.2793375092,            -1.8895199071,            -2.4889642078,             9.2574240617,             2.5485804074
            87.4066291940,            -4.9913780720,             5.2826301387,            -6.5164992325,            -1.4897702068
            84.2475170379,            -4.5586121836,            -1.9845451391,            -0.5379556052,             4.6590905823
            84.2740580622,             6.8948596882,             5.0573774274,            -3.1083987708,             0.2633666889
            80.9780326579,            -1.9607415751,             8.3681085731,            -8.0271709091,            -5.9466640760
            81.6053953768,            -3.1114238915,             0.4088743750,             8.4504074438,            -2.2432935142
            90.6874517275,             3.0217750798,             3.0666180053,             3.1321196834,            -3.6981205037
            88.5943971929,             2.7055669292,             1.5225636433,             6.0550702192,            -5.4236381696
            87.6542920818,             0.9524573389,             8.8858212620,             3.3575308266,           -16.2431356887
            89.7357399748,             2.9117404897,            -6.0842497061,             2.8817770198,            -4.9033430596
            92.3084056485,             3.3510805313,             3.8548434835,            -2.3269173759,            -3.2096583513
            90.3001874547,            -7.4498337699,            -6.2681997228,             7.6690794067,            10.5356954986
            89.5094947199,             3.4989684423,             2.0073447324,            -0.8061832368,             0.2096358749
            89.1208793839,            -1.1672127824,             0.8104858512,            -4.8578830641,             1.9694432902
            86.1899990398,             4.8195780276,            -1.0441927641,            -3.1488431742,             3.5931117370
            88.0758993996,            -1.6079554580,             3.0895500082,             5.1494542252,             2.0692413598
            83.5511767105,             0.2302972832,            -5.5374266391,           -17.7627798556,             1.5239300252
            78.7238677705,             3.8013784303,            -4.3808868396,             4.1517086437,             2.5204265483
            89.6816403459,            -0.0216232198,            -3.1628733612,            15.6044020475,             2.8185634953
            93.8693239528,            -4.3928128952,            -7.3452650932,            -5.4800364763,             1.4257664416
            90.1130025147,            -0.3004122296,            -4.5852439401,            -5.1046163662,            -9.0336469034
            86.5937879701,            -1.8861849714,             2.5259825357,            -6.6625322507,           -14.7766352155
            82.4941054302,            -6.0111802252,             3.3641139035,            -1.7371621923,            -1.8829046234
            85.9567353693,            -3.7839536217,            -0.6635450736,            12.3325465782,             7.7659818522
            90.0192210480,             2.5014107273,            -1.4028599258,             9.6409756618,             7.7349311999
            89.8598298987,             7.1684219274,             0.9377451013,           -16.5053633760,             6.6529215475
            88.8904919272,            -2.9537274225,            -2.3858516527,             7.9186746905,             4.9209527662
            91.2759567225,             6.1121947866,            -7.0695456573,             7.7668763299,             5.7043518981
            92.5809592708,            -0.5503252187,             5.2713463204,             2.1288430605,            -4.9237707564
            89.3594475893,            -5.4551653548,            -6.1290414780,            -7.5811779042,             1.5505444827
            92.2185137135,             2.0645072625,             1.1260546050,             9.3181218405,             3.4700744470
            89.8582758293,            -1.7341146422,             4.0239320040,           -19.1746875173,            -3.9028568175
            84.7349868957,            -0.4802584466,            -1.0073668248,             3.8010566041,             1.4970424839
            85.9521647782,             0.5884642652,             1.0933672677,            -6.9534560971,            -4.2790337078
            82.9610555494,            -0.5247458235,             2.5885993158,            -5.1116727891,             0.1531339326
            83.3111413184,            -2.8575026724,             1.4737186519,             5.3316948746,             1.6115431991
            84.5121535753,             4.1294049583,             1.4827451482,            -7.7104837778,             7.4895637438
            83.3702156954,             0.1551228521,             2.1801629945,            -1.9306509299,             1.8212293616
            86.5345013662,             0.5435542081,            -3.4005012971,             5.3970516773,             4.0488035884
            88.4223619839,             5.8120592888,            -0.3568467392,             5.4382176344,             1.1585280498
            96.1861086902,            -4.8048197420,            -1.2151342615,             4.5346497477,            -3.3946435383
            93.9218668190,            -3.1358250174,            -2.9403616193,           -22.9700631378,            -5.1238874277
            81.1273070539,            -3.3882573014,             2.4706179637,           -20.4156278615,            -9.5091972733
            81.5479299209,             0.1865038471,             2.4659980554,             7.1197701834,            -2.2142325088
            85.5183443155,             3.3779382119,            -0.8526380162,             5.1474111807,            -4.2028277096
            87.8517793908,             1.3685226192,             3.3855704303,             8.7344270638,            -6.4275177368
            87.5999742628,            -3.0180549633,             0.1718689981,            -8.2521368474,             2.2602513604
            78.5418230162,            -2.5449686969,             4.4214179913,             0.6213017526,             1.0329403173
            92.9859954562,            -1.6232054074,            -4.8646721045,            27.7831205767,            10.5358543552
            91.4698020304,             9.2118085367,            -0.6933093366,           -23.5258389893,             5.7373564581
            82.2605594735,             3.8889000573,             7.5097006896,            -8.3800844203,            -3.1267376958
            86.0721971947,            -4.8124672507,            -3.6811616593,             7.4150937309,             2.1923044392
            90.2294965136,             0.0230708972,             0.0794917427,             3.8994070727,             0.4621260414
            88.3067007327,            -0.4113286145,             1.0563453378,            -4.9156213571,            -1.4166172387
            85.6427848901,             5.5302636106,            -3.7041729671,             0.1446276646,            -0.8378125274
            90.3717842114,             1.0292150247,             0.6637309993,            10.0080012100,            -2.2822686990
            85.1051330413,            -4.5523661347,            -3.6624171219,           -16.4313191300,            -0.2159415444
            80.1047654665,            -3.6560685592,            -1.8996013288,           -10.7517001193,            -4.4124542277
            81.3044157707,             1.9961082514,            -4.8030016210,            12.2923162283,             3.7265424031
            85.8734014098,             4.7601524968,            -0.2593175662,             1.0665760547,            -0.2245691755
            86.0043375509,             0.2971499155,             0.3512751888,            -4.9208550391,            -5.9297434284
            87.7775356388,            -2.9310848529,            -3.8029214418,            17.8236325000,             4.2703641458
            93.7781279419,            -0.0442250111,            -2.6079790142,             1.5738061350,             4.8249724789
            89.5092360711,            -3.1032553809,             3.1980361038,            -6.1705628552,             0.6264371106
            88.0392750477,            -2.7946483983,            -2.5849335884,             1.7411120001,            11.1594285745
            90.5024516305,             7.5879698882,           -12.0210525222,             4.6541107800,            26.3974891691
            95.5822225069,             8.7275191831,            -1.7432324740,            10.0210117403,            13.3078863061
            93.4097004991,            -5.1669854465,            -6.5287330411,           -26.2870387831,             1.7150455924
            84.4643053320,            -3.8396922822,            -4.2797014213,             0.0102102880,             1.6842254402
            86.3156811905,            -5.8855058099,             0.2911257020,             9.0250673439,             5.2189524048
            88.4256541620,             4.7591504402,            -5.1923601521,            -1.2485628712,             6.5453699096
            86.1861242711,             4.9729597321,             5.8798674933,            -9.2583207264,            -4.5315321765
            80.5587663450,            -5.0719251920,             0.0401420554,             3.9274778936,            -0.2278255690
            83.4302564727,             0.4800563476,            -1.7106779628,             5.3366888039,             1.2002689068
            81.4324408976,             1.1427528722,             0.8104960529,            -7.3780752344,            -6.6787139300
            80.4688872746,            -1.0922779724,             0.8907399677,             8.3188948649,            -6.9380573279
            85.8660184484,            -1.5648636471,            -3.3085533674,             2.3156114986,             6.4503112330
            87.1766682980,             0.9672236927,            -0.2113483103,            -4.6166855380,             5.2773607752
            86.1434797109,            -2.3945813595,            -2.5440284590,             2.2032594467,             3.4627358144
            85.8624013545,            -0.2675946495,             2.2141865484,             1.0576507217,             3.9889918596
            85.1777029854,            -0.9077588584,            -1.1105598762,            -0.1600895783,            -0.2494239097
            81.5285839876,             2.3618171204,            -1.2514911291,            -2.0364894632,            -1.1735826317
            87.7555899665,            -0.6198804121,             2.2046719075,            16.8646563470,             0.8363137970
            92.1445815272,            -3.7812199402,            -5.6788227540,             2.6749671492,             8.8880409071
            90.5816044528,             3.3325449641,            -2.7219459087,            -9.0516962698,             7.9677366153
            84.6836998550,            -1.3053021010,             2.1217550694,           -10.3838507069,            -3.8776206261
            86.8940170845,             4.5784864565,            -4.9483751443,            14.9044020104,             2.2404542299
            92.3730361850,            -0.7590508329,            -0.0111444032,            10.0332971882,             3.6032535115
            88.8672468465,             2.6432323480,            -2.6743026803,             6.2004927986,             1.9963498989
            88.2082281133,             1.2483515892,            -8.0460411719,             0.9032328675,             5.1948083302
            88.5998614143,             2.3074171528,            -1.0545514775,             3.4913865999,            -6.9625957980
            85.0960835415,            -4.2594658786,             1.7544312703,            -3.2629098524,           -10.4722665316
            85.3903747657,            -0.7631891302,            -5.1023872782,             5.7302039185,             2.9070056810
            86.1237150220,             3.3672209319,            -0.1533234468,            -0.3658203836,             3.2507773351
            87.1652807350,            -4.0946381026,             0.9968450878,            -8.9539164139,            -3.5159438812
            82.6191610492,            -3.0076934488,            -2.4178824375,            -1.9283904776,             0.8277275623
            84.4653517973,            -0.3012550447,             1.4045086960,             9.5164011094,            -2.7430458968
            89.0613488962,            -2.8968719859,             7.0097874074,            -3.5242194857,            -9.2231071836
            87.6607273889,            -5.8845739726,             5.4148423287,            -0.3891194043,            -7.5983765685
            84.9382775454,             2.0430867577,             2.4003176588,            -2.4102501072,           -10.1058062476
            81.9634198755,             1.3908329237,             2.9553949472,             2.7242739186,            -7.7218762464
            86.0959674550,             1.5754221142,            -3.3676244819,             5.2527088635,             0.7172860801
            86.6727984413,            -1.6216805518,            -0.2413226956,            -9.8833009991,            -5.2261032947
            85.5102652964,            -2.8713026140,            -1.0896996716,             3.1213952240,            -4.8896546033
            89.4985324437,            -2.8876079799,            -1.3061521060,             7.1395177503,             5.8137080389
            89.4750865418,             2.1206447756,            -2.0769154764,            -5.5849098143,             9.1116942425
            86.9924267397,             1.9298959570,             0.7164618408,            -3.9127946946,            -2.0943618566
            86.1462097209,            -1.8040247059,             0.0575969486,             2.1787148522,            -7.0788521340
            84.1140126265,             1.2106475260,             0.0963800226,            -9.4861132027,            -4.9459682248
            83.6733575930,            -2.9828137955,            -0.4682116058,            10.9754811438,             2.4806978429
            86.3007372537,             1.9223406793,            -4.9963343779,            -8.2386327732,             3.9505076930
            85.6011035513,             3.8970257444,            -0.0030889937,             3.2961977243,            -0.9820033154
            88.5175476465,            -3.7363486834,            -1.7044072726,             2.2060520616,            -6.4332989907
            91.7054819985,             0.0264304255,            -2.2507072380,             6.3451133350,            -3.5978824183
            92.0142829579,            -2.8646023723,             3.2778941516,           -16.5813391048,            -7.5414714213
            89.7848122493,            -4.2633111552,             0.0655645102,            10.5055225943,             3.4527701414
            92.4674794230,             0.0147950441,            -0.4665559500,            -8.1465938504,             5.7940541817
            84.9433107637,             3.4000999561,             3.6873696664,           -13.0999103088,             4.3367680063
            88.9281217214,            -4.0216629754,            -0.7385400862,            18.8782405311,            10.1031957639
            90.4061270620,             4.5716608136,            -0.5754447407,            -9.5015126713,             5.7766336872
            87.1468981548,             3.7750812142,             2.1884689426,            -0.8942503812,            -5.7809079774
            83.3703989365,             0.8732915986,             0.6247837719,            -7.0176234908,            -8.7341483051
            83.9065189289,            -4.3331731421,            -3.6596391586,             5.4362180605,            -3.1382251951
            87.0606389652,            -1.5523660261,            -4.0120909279,             2.8429429446,            -2.3337450939
            87.9374145714,             1.9367932140,            -1.2689796832,             2.5019211530,            -2.1396008484
            85.3872427188,            -1.6911188118,            -2.8977117548,            -7.5989522702,             4.8358818589
            84.7587499103,            -2.3013226573,            -2.0243929318,             2.9753213739,             3.4351981369
            89.0065247871,            -4.0184418595,            -0.0672990149,             1.4029381200,             1.9071650982
            89.5256850888,             2.9689959404,            -0.3809154261,            -1.8336119861,            -2.0623789665
            90.3286774622,             3.0803202172,             0.4265428128,             1.0420637509,             0.6184208580
            86.0962048719,            -3.0279786444,             2.8391878374,           -20.4281979243,            -3.2402799219
            85.3592217694,            -3.9586010427,            -1.9145360635,            17.4749037480,             2.5246067272
            87.8243473640,             3.4908890020,            -1.0622454277,             6.0633073277,            -0.4163172817
            92.8443597576,             2.2712683948,             0.6926024545,            12.3189687059,             2.5560887320
            93.2032482414,            -0.3132515118,             1.0276385351,            -3.7207361465,             0.7311822445
            89.0481346183,            -3.1070062681,            -1.5744799424,           -10.1872459737,             6.8136315796
            84.2344476086,             0.5534374046,            -0.1335656805,           -11.9909529633,            -4.6186771232
            82.4481499557,             1.3785625994,             1.4028740353,             7.5145726952,            -1.4749634171
            86.9468782464,            -4.2782292695,             4.9165268064,            11.0135895993,            -6.2668592284
            92.3333055793,            -1.7113488442,            -1.5852838303,            -6.8528724338,             1.6751210710
            87.2897897681,             6.5701979277,             3.6960652044,             3.3155540396,            -8.0606445879
            86.5954045739,            -2.6035387247,             3.5551153173,            -5.4770022182,            -9.3418923816
            83.8824816527,             1.1691437978,            -0.4629640698,            -2.6693753437,            -2.8720178893
            84.1933490132,            -1.0948688350,             0.9677568639,             3.1959515665,             3.6430604997
            88.1800217385,             0.4861723788,            -5.0916539812,             5.1242500726,             4.5376746422
            88.1137371651,             1.3555404668,             4.0882905450,            -9.6626526439,            -4.2730003115
            83.5296076818,            -3.9743160758,             5.2758141480,           -13.8197295114,            -7.4002244350
            84.7011183804,            -0.4979349902,            -1.4500033036,            10.3347806543,            -7.0061859830
            84.7879849581,             0.9752106481,             7.8316961061,            -5.2770512414,           -10.5263662457
            84.2865075991,            -0.3435455228,             3.1332970014,             0.0996764990,            -5.7326561625
            87.5774688407,             0.4228145885,            -0.1471518939,             1.0948264904,             4.2945543494
            88.8506984043,             2.0099536505,            -1.3330585386,             3.9751472269,             1.8441637669
            85.8906758848,            -1.4272121358,             0.3521420659,           -14.7137780456,             2.7052227338
            82.7592060805,             1.2649525482,            -1.3643112251,             8.6450911622,             1.8120380643
            89.4768912293,            -1.2623418936,             2.4016462336,            12.9747913895,             2.4499687613
            91.1832193080,             1.4605065553,            -1.6672341433,            -3.3742755359,             4.9327348737
            87.3395065717,             2.3253945881,             4.4550904429,             2.2561175062,            -3.3827932620
            86.3536273713,            -3.2006476923,            -0.4030023543,           -13.7413188105,            -6.5540562973
            82.5495106566,             4.2415397350,             1.8608677213,            -0.6670307439,            -5.6737343843
            86.7049195566,            -5.4321823227,             6.6696528081,            -0.1979707579,           -10.5892439590
            90.0593234273,            -4.2690348141,            -3.4668739061,             5.8879847883,             3.8215734043
            87.2963557893,             3.9779123268,             2.3792723800,            -6.3930452810,             4.2013526788
            87.4109566634,             1.4885367722,             0.1946302072,             8.5469147390,             1.6141016747
            90.8035997836,             3.3200718211,            -1.0604915147,             4.2473618931,            -3.8492979426
            87.5620338678,            -2.1542821912,             2.8262000851,           -11.7769151267,            -5.6921019048
            84.8677698743,            -2.5983928406,            -5.5109262204,             0.9575194022,             0.5481021710
            86.2874049303,            -0.2056147068,            -1.2385648303,            -4.8780180251,            -7.9105486091
            84.7981614834,             4.7458271814,             2.8622911054,             1.1087791327,           -13.3555836875
            85.5175804686,            -3.1343978135,             1.6470743834,             4.2208206609,            -6.8060718965
            84.4085185130,            -5.1618804146,             6.7426655386,             8.8515761882,            -6.1635203795
            88.9866538791,             0.3605502740,             1.2679414547,            -5.5042536849,             1.6266348726
            86.0090307260,             2.1984142376,             5.3984793866,            -2.2220864883,            -3.3944967097
            89.0163170257,             0.2766344621,             0.7710728369,             4.1677743360,             2.7200556779
            88.0451477502,             3.6322684630,             1.7268756576,           -15.9150359457,             3.1926231623
            84.8014981332,            -2.4825749139,             1.6101905716,             5.5635324412,            -1.0640974858
            83.8304768818,             0.8870281913,            -0.2607640715,            -3.4026678824,            -2.9678788398
            84.9931785644,            -0.8483268370,             3.1171122379,             7.7483882955,            -1.5640461622
            90.2513986370,             0.2762565797,            -3.6157089207,             9.2051131727,             6.3076723706
            88.6561507477,             4.6589698649,            -0.7940677036,            -5.3233210970,            -2.0645362717
            86.7280936416,            -1.8435633597,            -2.2716091914,            12.8434112603,             5.6947865466
            93.8762812613,            -4.5536793669,            -1.9899635853,             5.5491471761,             7.9251851435
            92.7233185939,            -1.9403745313,            -3.5560679983,            -3.8597939705,            11.8429876291
            89.3037032986,            -0.4491484584,             3.7906022048,            -1.9340894262,             2.9772129890
            88.7134979584,             4.6209824372,            -1.5912718145,            -6.4080422862,             4.5805274854
            86.6158936903,             4.2262383913,             1.8771844818,            -5.9447764550,            -5.2468420094
            85.3076820360,            -3.4495542588,             0.6506546237,            -3.8323925766,            -6.6930514596
            84.2159641752,            -2.6640443661,            -1.5754678270,             4.4200076113,            -1.6186849856
            86.8705687722,             1.1490918037,            -3.6096500111,             5.1297782020,             1.7314903949
            88.0190677944,            -0.5912192381,             0.3472773300,            -9.4751644618,            -2.6627543987
            87.0281636910,            -3.8559156946,             2.2342745278,             3.9904741614,             2.5313141094
            91.5831115483,             0.1406508385,            -2.3949460254,            -4.0901558233,             9.1903755090
            85.7345853668,             3.7298884501,             4.5664075045,           -10.6864657024,            -1.3460930446
            84.1238075836,            -0.0796500674,             2.7042501784,             8.1568960587,            -4.3489265886
            86.9588361595,             2.4304625610,            -0.4087091332,            -4.9980306845,            -7.2875922174
            86.2193638848,             0.9851777216,             1.8635116792,             2.0853467556,            -6.4198857103
            85.4855477961,            -2.1061343885,            -4.6431798421,            -0.9739597279,            -0.1585713947
            87.7715197923,             2.1771928211,            -3.0852636812,            -1.7676114180,             5.9654971790
            88.9194501615,            -0.7855325730,            -1.9608845555,            -3.6723915430,             2.6612463244
            86.2134216813,            -0.0898834314,            -1.0457819441,            -0.4349344872,            -5.7928029135
            84.8101917307,            -2.0865715744,            -1.8376533245,             6.6705323719,             1.1194038668
            86.2628718708,             0.6154099689,            -1.6495290641,             0.1085602337,             3.8440603090
            88.4601732701,            -5.3349743887,             4.7406293409,             7.1936793648,             2.5283256754
            90.3145434736,            -0.8591636004,            -1.4532398118,            -0.3886962246,             4.8046394907
            86.7845401027,             6.0275331726,             3.8809471127,            -5.4536240576,            -1.7841812288
            85.4273048987,             3.0343853694,             2.1432564656,           -10.4246202257,            -8.3954725769
            82.1251761335,            -0.9079713642,             2.1975296763,             1.1141272232,           -10.4666525683
            83.2489632701,            -3.4166683600,             2.4099569177,             8.8518627479,            -3.4553933964
            86.4819039328,             1.4983071587,            -0.9637325153,             4.0530591042,             0.5888763903
            88.5861758332,             4.2370564239,            -0.2864369673,            -5.0938249894,            -2.9677640323
            84.5217635660,             1.4577307865,             1.1800968519,            -1.9674333102,            -0.8802417666
            85.1244887288,            -3.8342095325,            -0.3788898455,            -6.9187341267,            -7.1438656978
            84.1233576052,            -2.3122082643,            -3.7503685351,             2.5939271196,            -2.6364525140
            88.1879463679,             1.0007101952,            -1.3127539600,             6.6271733838,             5.3776074828
            89.4828291979,             1.7397040722,            -0.1040457098,            -9.4110645162,             7.7391414180
            86.2099031981,            -0.3577706511,            -3.9896969614,             1.8119786905,             2.3397996848
            85.4920100288,             1.2776284598,             0.9194214053,            -5.4918467795,            -0.1542020554
            88.0258903532,            -3.8802751969,             1.7581528633,            12.5504180400,             2.9305141602
            90.6532588739,            -1.6070636218,            -0.7395993887,             1.2562049270,             6.6910198716
            89.3253141116,             5.2375430687,            -3.5668394033,           -12.0894758984,             7.6850605505
            86.9500619391,             5.4461897616,             1.3236342800,             4.8210261933,            -3.6444147845
            90.2626547288,            -4.3487890149,            -2.6048070533,             1.3360689296,             1.9039598446
            88.9341962900,            -2.6418234151,            -4.9974715966,             1.4595997153,             5.0567485563
            89.2113584313,            -1.0385832499,            -1.9884866628,            -4.6112798239,             3.1339870536
            86.7564453369,            -1.5130050035,             0.5918494920,            -6.0220785732,             4.2348971352
            87.1305050152,            -0.7470371394,            -0.6548096628,             0.4313150215,             3.3675158041
            85.5418186943,             5.0493871702,            -2.6662283234,            -7.9044315873,             1.5571904462
            82.2391266784,             3.7733875598,             2.0527993458,            -5.8111283021,            -9.9200442669
            86.8295938059,            -7.6232349041,             1.6387011845,            17.4498391357,            -4.1317491571
            95.0032158114,            -8.2157222721,            -6.5734755417,            13.9872184367,            12.4637927304
            90.7777460200,             4.1103009011,            -4.6176466758,           -13.5959225588,             9.9999275907
            87.7752751356,             0.6609126123,             3.4920197513,            -4.1630951315,            -2.5596322806
            85.6119489119,             1.4515025059,            -2.7421064913,            -7.1153045096,             2.2439851873
            84.3662072017,             0.0062305685,             1.7787550013,             4.3742601285,            -1.8758725360
            86.4114666904,             0.1132411521,            -1.7944186128,            -2.4186673119,             4.0541862527
            84.5519437219,             3.3611525990,            -0.1890373262,            -6.9188033429,             2.1889128052
            88.1335586970,            -1.4729166429,             0.7279429547,             4.4524770326,            -0.6531023192
            88.1636201588,             1.9015725383,            -2.4519370773,            -6.0683288402,             6.4472866549
            87.5748549147,             1.0940610663,             0.0747946989,            -4.3380659474,            -4.3862799559
            86.9549991203,            -1.9921533520,            -1.1976192335,            -0.5242340715,            -0.4876725068
            85.5705835514,             0.1600275129,            -3.7955095506,            -0.1392254122,             0.0900672994
            86.7668062594,             1.4165240637,            -0.7650846018,            -1.0756997683,             2.5834524249
            90.8017320403,             0.1796658327,            -2.7277233753,             9.0654320201,             0.9591671745
            87.5950849478,             0.4154576513,            -0.5210322398,            -7.6612409302,            -1.3334087463
            82.9562931416,            -0.7812044745,            -1.6697259278,             1.8611712889,            -1.0140527908
            86.9799018216,             2.9460718959,            -0.5128739264,             7.4670908955,            -2.6498262869
            84.5080737919,            -2.1112819672,             1.4318479481,            -3.2043132364,            -6.0589164506
            86.6485377574,            -2.2080539957,            -1.7329709363,             6.9039343096,             1.1400638278
            87.5312585883,             3.5195562412,            -1.3917704766,             0.6854475848,            -4.5697505450
            86.0520650872,            -1.8123061340,             3.9677219763,             5.1129523928,            -6.3263478812
            89.9736070383,            -0.8269222216,            -4.0483190088,            -1.5498290806,             7.9573756706
