      0.000000000000,      3.275101292071,     -0.710346760135,     -0.590101920530,     -3.657651053756,      2.113087094398,      1.578065665526,     -1.874293023176,     -1.536066582735,      1.145445289707,      0.030473512557,      0.297230826641,      0.464780801559,     -0.006294850667,     -0.466211391543,      0.355574427065,     -0.133205602399,      0.123583033300,     -0.177459880491,     -0.067868628457,      0.000000000000,      0.000000000000,      0.000000000000,      0.000000000000,      0.000000000000,      0.000000000000,      0.000000000000,      0.000000000000,      0.000000000000,      0.000000000000,      0.000000000000,      0.000000000000,      0.000000000000,      0.000000000000,      0.000000000000,      0.000000000000
      0.000000000000,      0.618565216314,     -3.855552692464,      4.130585500728,     -0.063804119514,      2.117344223457,      1.800884177094,     -1.779427688574,     -1.779672630360,     -0.018726086346,     -0.707786069173,     -0.022478391177,      0.552734282782,     -0.179152548931,      0.400168337252,      0.281074028403,     -0.275324953593,      0.115774018516,     -0.238889080816,     -0.121171106124,      0.000000000000,      0.000000000000,      0.000000000000,      0.000000000000,      0.000000000000,      0.000000000000,      0.000000000000,      0.000000000000,      0.000000000000,      0.000000000000,      0.000000000000,      0.000000000000,      0.000000000000,      0.000000000000,      0.000000000000,      0.000000000000
      0.000000000000,     -3.501449020469,      0.327526010012,      0.237352742125,      3.213423539576,     -1.780978573035,     -2.080553385685,      1.997191080631,      1.638457760258,     -1.183375432570,      0.006908842577,      0.561542009138,     -0.224240419958,     -0.409561801480,      0.024975892511,      0.173511740583,     -0.239293493087,     -0.116508035066,      0.246267245020,      0.083831764451,      0.000000000000,      0.000000000000,      0.000000000000,      0.000000000000,      0.000000000000,      0.000000000000,      0.000000000000,      0.000000000000,      0.000000000000,      0.000000000000,      0.000000000000,      0.000000000000,      0.000000000000,      0.000000000000,      0.000000000000,      0.000000000000
      0.000000000000,     -0.671986325248,      3.498976857489,     -0.424813921235,     -3.274878772675,      1.878769784748,      1.621945084074,     -1.742798151293,     -1.495789694828,      0.959801219514,     -0.034630048934,      0.635426635862,     -0.535198978813,     -0.011802558326,      0.230598721021,      0.337802476737,     -0.334733298820,     -0.121271279216,      0.113802527950,     -0.070267012793,      0.000000000000,      0.000000000000,      0.000000000000,      0.000000000000,      0.000000000000,      0.000000000000,      0.000000000000,      0.000000000000,      0.000000000000,      0.000000000000,      0.000000000000,      0.000000000000,      0.000000000000,      0.000000000000,      0.000000000000,      0.000000000000
      0.000000000000,     -4.452259456870,     -0.052112334687,      2.987313414399,     -0.401315752107,      1.946874497008,     -2.169337153628,      1.550114052285,     -1.892091400076,      0.102505939159,      0.798389570259,      0.022926539545,      0.486330188397,     -0.588206901009,      0.203903361260,     -0.145189495600,     -0.247447978234,      0.239379712745,     -0.252309095363,      0.124512712744,      0.000000000000,      0.000000000000,      0.000000000000,      0.000000000000,      0.000000000000,      0.000000000000,      0.000000000000,      0.000000000000,      0.000000000000,      0.000000000000,      0.000000000000,      0.000000000000,      0.000000000000,      0.000000000000,      0.000000000000,      0.000000000000
      0.000000000000,      0.227389487386,      0.227363429049,      3.764771204572,     -3.318198788170,      1.990821520439,     -1.982670363260,      2.058253367709,     -1.403290576811,     -0.986489011212,      0.004875445871,      0.880189443152,     -0.006815089858,     -0.206163850248,      0.193952059736,     -0.339014477128,      0.303967472499,     -0.111186601256,     -0.232882263761,      0.138509788786,      0.000000000000,      0.000000000000,      0.000000000000,      0.000000000000,      0.000000000000,      0.000000000000,      0.000000000000,      0.000000000000,      0.000000000000,      0.000000000000,      0.000000000000,      0.000000000000,      0.000000000000,      0.000000000000,      0.000000000000,      0.000000000000
      0.000000000000,      0.470403595785,     -3.133820418740,      3.915937778892,      0.222417902508,     -2.218278844307,     -1.447856172240,      2.301660592192,      1.372430032654,     -0.818940680409,      0.787315431713,     -0.549382986890,      0.012801096307,     -0.040008021607,      0.218176440919,     -0.205702320728,     -0.256634529583,     -0.103115690087,      0.150198768859,      0.051271086558,      0.000000000000,      0.000000000000,      0.000000000000,      0.000000000000,      0.000000000000,      0.000000000000,      0.000000000000,      0.000000000000,      0.000000000000,      0.000000000000,      0.000000000000,      0.000000000000,      0.000000000000,      0.000000000000,      0.000000000000,      0.000000000000
      0.000000000000,      0.296587608182,      3.847141319905,     -3.271140236826,      0.658401506225,     -2.018542224894,      1.955460850827,     -1.737899499557,      1.629741455954,     -0.045100873762,     -0.810028897565,     -0.246298737529,     -0.404596686462,     -0.038596468902,      0.414811739546,     -0.315872463701,      0.155637286672,      0.241592708002,      0.086892784476,      0.114597091792,      0.000000000000,      0.000000000000,      0.000000000000,      0.000000000000,      0.000000000000,      0.000000000000,      0.000000000000,      0.000000000000,      0.000000000000,      0.000000000000,      0.000000000000,      0.000000000000,      0.000000000000,      0.000000000000,      0.000000000000,      0.000000000000
      0.000000000000,      0.238027985708,     -3.866114358084,      0.709081357642,      2.965731644988,     -2.057718258252,     -1.959592523855,      1.754939204889,      1.523591420302,      0.083845715300,     -0.799084124226,      0.052932822997,     -0.175949488277,     -0.437863615739,      0.430173075272,      0.173491121072,      0.280971316607,     -0.280252861982,      0.204359790337,     -0.080582932318,      0.000000000000,      0.000000000000,      0.000000000000,      0.000000000000,      0.000000000000,      0.000000000000,      0.000000000000,      0.000000000000,      0.000000000000,      0.000000000000,      0.000000000000,      0.000000000000,      0.000000000000,      0.000000000000,      0.000000000000,      0.000000000000
      0.000000000000,     -0.325418520252,      3.492606942987,      0.035401650999,     -3.197898568672,      2.047706555589,      1.630370489784,     -1.892921980997,     -1.908208995506,      1.092459463027,     -0.011811156945,      0.233749353680,      0.429914272193,      0.393783107001,     -0.177816208425,     -0.380782487301,      0.001958868079,     -0.266297581149,     -0.235699719611,     -0.096112741121,      0.000000000000,      0.000000000000,      0.000000000000,      0.000000000000,      0.000000000000,      0.000000000000,      0.000000000000,      0.000000000000,      0.000000000000,      0.000000000000,      0.000000000000,      0.000000000000,      0.000000000000,      0.000000000000,      0.000000000000,      0.000000000000
      0.000000000000,      3.975683070082,     -0.094763396482,     -3.639402089284,     -0.626353843607,      2.036852142759,     -1.994131096559,      1.855075257377,     -1.899952002661,     -0.036447233533,      0.668071816122,     -0.462360904404,     -0.447748186352,      0.176698403667,      0.359185914178,     -0.177259101359,      0.346599098424,      0.145958283541,     -0.021584858946,     -0.265988844274,      0.000000000000,      0.000000000000,      0.000000000000,      0.000000000000,      0.000000000000,      0.000000000000,      0.000000000000,      0.000000000000,      0.000000000000,      0.000000000000,      0.000000000000,      0.000000000000,      0.000000000000,      0.000000000000,      0.000000000000,      0.000000000000
      0.000000000000,     -2.962004836851,      0.450403150940,      0.552971999866,      4.102353872965,     -1.591319045799,     -1.873757275692,      2.024174987512,      1.779009435140,     -1.011640994124,     -0.061643775539,     -0.090734344403,     -0.626215527437,     -0.326454721438,     -0.180075807544,      0.396374925655,      0.072212077668,      0.194407479876,     -0.112778838770,      0.070285000911,      0.000000000000,      0.000000000000,      0.000000000000,      0.000000000000,      0.000000000000,      0.000000000000,      0.000000000000,      0.000000000000,      0.000000000000,      0.000000000000,      0.000000000000,      0.000000000000,      0.000000000000,      0.000000000000,      0.000000000000,      0.000000000000
      0.000000000000,     -0.358305477476,      3.084553507579,     -3.443082459235,     -0.525543731559,      1.826619412948,     -1.889233857387,      1.399298311001,     -1.536646873948,      0.969775793192,      0.028531771108,     -0.660463269237,      0.445022631717,      0.202658515060,      0.353871494180,      0.020755947795,     -0.139642443787,     -0.235350514424,     -0.096539298909,      0.092087819421,      0.000000000000,      0.000000000000,      0.000000000000,      0.000000000000,      0.000000000000,      0.000000000000,      0.000000000000,      0.000000000000,      0.000000000000,      0.000000000000,      0.000000000000,      0.000000000000,      0.000000000000,      0.000000000000,      0.000000000000,      0.000000000000
      0.000000000000,      3.813713484827,     -0.471282193973,     -0.490087627001,     -4.118416514777,      2.784286497156,      1.628811167885,     -1.469892248599,     -1.939533000831,      0.938950189244,     -0.031013493541,     -0.014432981626,      0.248753316663,      0.368984969472,     -0.366271795335,      0.104445812336,      0.341203355290,     -0.063858748263,     -0.132839311864,     -0.130323446492,      0.000000000000,      0.000000000000,      0.000000000000,      0.000000000000,      0.000000000000,      0.000000000000,      0.000000000000,      0.000000000000,      0.000000000000,      0.000000000000,      0.000000000000,      0.000000000000,      0.000000000000,      0.000000000000,      0.000000000000,      0.000000000000
      0.000000000000,     -4.101718479161,      0.304359656775,      0.469895926069,      3.394048177867,     -2.263437347113,      1.854014104695,     -1.507386362160,      1.451668514135,     -1.281320624292,      0.076884669665,     -0.205868684901,     -0.499413453739,      0.447284082424,      0.181224203883,      0.076512967832,      0.217382994908,     -0.075135167157,     -0.154021164414,      0.100982795023,      0.000000000000,      0.000000000000,      0.000000000000,      0.000000000000,      0.000000000000,      0.000000000000,      0.000000000000,      0.000000000000,      0.000000000000,      0.000000000000,      0.000000000000,      0.000000000000,      0.000000000000,      0.000000000000,      0.000000000000,      0.000000000000
      0.000000000000,     -0.304699699370,      3.388121057139,     -0.264671446125,     -3.052501316416,      1.934197405834,     -1.692482680735,      1.563385201297,     -1.820024276666,     -0.034183208785,      0.866587786591,     -0.726864911904,      0.400170580800,      0.183071827259,      0.398215272230,      0.094487907040,     -0.146636236723,     -0.046179788439,     -0.221011028626,     -0.197366166991,      0.000000000000,      0.000000000000,      0.000000000000,      0.000000000000,      0.000000000000,      0.000000000000,      0.000000000000,      0.000000000000,      0.000000000000,      0.000000000000,      0.000000000000,      0.000000000000,      0.000000000000,      0.000000000000,      0.000000000000,      0.000000000000
      0.000000000000,     -0.078483684843,      3.717646530683,     -0.257245536309,     -4.171116501305,      2.012335410048,      1.788697232156,     -2.255627075394,     -1.733668423478,      0.015092122757,     -0.104083078894,      0.788969181501,     -0.478060097324,      0.228457667245,      0.327206921194,      0.146553200181,     -0.105034506681,     -0.219319512697,     -0.255613651024,      0.167422468064,      0.000000000000,      0.000000000000,      0.000000000000,      0.000000000000,      0.000000000000,      0.000000000000,      0.000000000000,      0.000000000000,      0.000000000000,      0.000000000000,      0.000000000000,      0.000000000000,      0.000000000000,      0.000000000000,      0.000000000000,      0.000000000000
      0.000000000000,     -3.335898565756,      0.197494513116,      0.004000599936,      4.081113951614,     -2.082267429537,      1.645570476206,     -1.645007526749,      1.878112464674,      0.119484908598,     -0.847993846529,     -0.091924784198,      0.678828072695,     -0.449318019015,     -0.188520857173,      0.072291253335,     -0.140627621852,      0.245049851153,     -0.245216013617,      0.134687037713,      0.000000000000,      0.000000000000,      0.000000000000,      0.000000000000,      0.000000000000,      0.000000000000,      0.000000000000,      0.000000000000,      0.000000000000,      0.000000000000,      0.000000000000,      0.000000000000,      0.000000000000,      0.000000000000,      0.000000000000,      0.000000000000
      0.000000000000,     -0.077542867882,      3.484068286836,     -3.311995313559,      0.226803579113,      2.209486729251,     -2.102329513302,     -1.264361917704,      1.014455110439,     -0.029056897485,      0.769084169368,     -0.700528361382,      0.244776003951,      0.385590020927,     -0.240282412020,      0.390885958211,     -0.318970202504,     -0.000535674418,     -0.125075234994,     -0.312047665517,      0.000000000000,      0.000000000000,      0.000000000000,      0.000000000000,      0.000000000000,      0.000000000000,      0.000000000000,      0.000000000000,      0.000000000000,      0.000000000000,      0.000000000000,      0.000000000000,      0.000000000000,      0.000000000000,      0.000000000000,      0.000000000000
      0.000000000000,      3.586077536536,     -0.102402195539,     -4.168577679787,     -0.152887599058,      2.202943221774,      1.698352937531,     -2.205191574635,     -1.599292032760,     -0.008841229701,      0.839516600591,      0.080234174663,     -0.709493028049,      0.292070659231,      0.368332482728,      0.144867665720,     -0.065977195796,      0.136257448156,     -0.155197609941,     -0.204973391802,      0.000000000000,      0.000000000000,      0.000000000000,      0.000000000000,      0.000000000000,      0.000000000000,      0.000000000000,      0.000000000000,      0.000000000000,      0.000000000000,      0.000000000000,      0.000000000000,      0.000000000000,      0.000000000000,      0.000000000000,      0.000000000000
      0.000000000000,     -0.123015527354,     -3.783569149717,      3.739305627825,      0.335616195659,      1.951157682766,     -1.764654345938,     -1.498397554147,      1.815063884110,     -0.886190943129,      0.646065160583,      0.058886616289,      0.023663611392,     -0.161053161263,     -0.386506324627,      0.164540632741,     -0.298692545725,      0.250284138715,     -0.116999360196,      0.231253930696,      0.000000000000,      0.000000000000,      0.000000000000,      0.000000000000,      0.000000000000,      0.000000000000,      0.000000000000,      0.000000000000,      0.000000000000,      0.000000000000,      0.000000000000,      0.000000000000,      0.000000000000,      0.000000000000,      0.000000000000,      0.000000000000
      0.000000000000,      0.593039579239,      0.317818331605,     -3.523693610414,      3.586293329361,      2.577058291074,     -2.036468860730,     -1.557896564436,      1.516178151180,     -0.010748943741,      0.816820972866,     -0.689167832487,     -0.063634999138,     -0.198471013954,     -0.312022056623,      0.232358503784,     -0.214163491855,     -0.106553557303,      0.065181615593,      0.147714300991,      0.000000000000,      0.000000000000,      0.000000000000,      0.000000000000,      0.000000000000,      0.000000000000,      0.000000000000,      0.000000000000,      0.000000000000,      0.000000000000,      0.000000000000,      0.000000000000,      0.000000000000,      0.000000000000,      0.000000000000,      0.000000000000
      0.000000000000,     -0.155665917772,      3.947079790265,     -0.282967129653,     -3.439893741803,     -2.570305162715,      2.136666428722,     -1.390137901779,      1.341256212855,     -0.053707402874,      0.938874539626,     -0.572078107595,      0.257721895747,      0.025697239588,     -0.233194876158,      0.352799081814,      0.284140268664,     -0.279407572243,     -0.082614179173,     -0.135893433284,      0.000000000000,      0.000000000000,      0.000000000000,      0.000000000000,      0.000000000000,      0.000000000000,      0.000000000000,      0.000000000000,      0.000000000000,      0.000000000000,      0.000000000000,      0.000000000000,      0.000000000000,      0.000000000000,      0.000000000000,      0.000000000000
      0.000000000000,     -3.087995688352,      4.077372152988,      0.500011747634,      0.132190119216,     -1.438520612166,      2.178236319354,     -2.074166636866,      1.797352028909,     -0.696698207606,     -0.015723816848,     -0.421570520367,     -0.071092670347,     -0.472519897045,      0.505955671258,      0.185462329295,     -0.196287981076,      0.248886877501,     -0.101674234939,      0.084239926197,      0.000000000000,      0.000000000000,      0.000000000000,      0.000000000000,      0.000000000000,      0.000000000000,      0.000000000000,      0.000000000000,      0.000000000000,      0.000000000000,      0.000000000000,      0.000000000000,      0.000000000000,      0.000000000000,      0.000000000000,      0.000000000000
      0.000000000000,      0.177070302121,     -3.871806031152,     -0.106834832190,      3.040355144054,      1.768686176480,     -1.583638379086,     -1.661669949114,      1.608710027033,     -0.947794233697,      0.016784204046,      0.722692060505,      0.021554419669,      0.380473782845,     -0.355655643209,     -0.147334911048,      0.155058809603,      0.214539308359,     -0.196569173228,      0.096225196141,      0.000000000000,      0.000000000000,      0.000000000000,      0.000000000000,      0.000000000000,      0.000000000000,      0.000000000000,      0.000000000000,      0.000000000000,      0.000000000000,      0.000000000000,      0.000000000000,      0.000000000000,      0.000000000000,      0.000000000000,      0.000000000000
      0.000000000000,      3.551436801690,     -0.097559168660,     -0.610300273112,     -3.598534004207,      1.962902199113,     -2.038430283489,      1.426132976563,     -1.941911803866,      1.276736950197,     -0.045168687622,      0.515288876569,     -0.056538787742,     -0.473572225358,      0.387030741002,      0.172163308525,      0.127006291820,     -0.239058588461,     -0.146703615613,     -0.102662968805,      0.000000000000,      0.000000000000,      0.000000000000,      0.000000000000,      0.000000000000,      0.000000000000,      0.000000000000,      0.000000000000,      0.000000000000,      0.000000000000,      0.000000000000,      0.000000000000,      0.000000000000,      0.000000000000,      0.000000000000,      0.000000000000
      0.000000000000,     -3.489560071070,      4.352217472804,      0.094302408796,     -0.055651854959,     -2.120043093993,      2.308954438908,     -1.760919723844,      1.454309587544,     -0.095950167100,     -0.772400279002,     -0.620360559971,     -0.241224960170,      0.139060717729,     -0.010164774874,      0.460466191752,      0.316863881200,     -0.262036784111,      0.270122225487,      0.094899829794,      0.000000000000,      0.000000000000,      0.000000000000,      0.000000000000,      0.000000000000,      0.000000000000,      0.000000000000,      0.000000000000,      0.000000000000,      0.000000000000,      0.000000000000,      0.000000000000,      0.000000000000,      0.000000000000,      0.000000000000,      0.000000000000
      0.000000000000,      0.695553564255,     -3.028666628502,      3.717390783528,      0.330550362058,     -1.710951200390,      1.887797566188,     -1.430395114989,      1.699826586679,     -1.143628323387,     -0.055075622666,     -0.508254403841,     -0.493160627752,     -0.276848192623,     -0.011016681531,      0.146734740440,      0.266215686749,      0.304118423436,     -0.099059106913,      0.144968962521,      0.000000000000,      0.000000000000,      0.000000000000,      0.000000000000,      0.000000000000,      0.000000000000,      0.000000000000,      0.000000000000,      0.000000000000,      0.000000000000,      0.000000000000,      0.000000000000,      0.000000000000,      0.000000000000,      0.000000000000,      0.000000000000
      0.000000000000,      3.927695810094,     -0.494412764317,     -0.773414238303,     -3.342510333758,      1.742066138010,      2.243894439504,     -1.824693282026,     -1.378040963367,     -0.015320428219,      0.789764348580,      0.178029432232,     -0.442852961967,     -0.003834857944,     -0.121309051700,      0.243531533924,      0.283113359164,      0.124367198372,     -0.113952656967,     -0.137164250719,      0.000000000000,      0.000000000000,      0.000000000000,      0.000000000000,      0.000000000000,      0.000000000000,      0.000000000000,      0.000000000000,      0.000000000000,      0.000000000000,      0.000000000000,      0.000000000000,      0.000000000000,      0.000000000000,      0.000000000000,      0.000000000000
      0.000000000000,      3.175665565733,     -1.058062663152,     -4.545217471737,     -0.733553333454,      1.588626026156,      1.493187534119,     -1.606093421233,     -1.488994520510,      1.380923864666,      0.056172314228,      0.284305070327,      0.389158064297,      0.027004071143,     -0.133538802069,      0.289711632894,     -0.324509529483,     -0.176214739954,     -0.037844948173,      0.051104895289,      0.000000000000,      0.000000000000,      0.000000000000,      0.000000000000,      0.000000000000,      0.000000000000,      0.000000000000,      0.000000000000,      0.000000000000,      0.000000000000,      0.000000000000,      0.000000000000,      0.000000000000,      0.000000000000,      0.000000000000,      0.000000000000
      0.000000000000,      3.366104275432,     -4.284166628520,     -0.407868555829,     -0.391915156007,      1.675506581088,     -1.973173942794,      1.364785415697,     -1.531142529289,      1.285143091592,     -0.054474549337,     -0.780348198151,      0.581709136209,      0.204060521810,      0.510375782596,     -0.156263909951,     -0.001998841271,      0.094564115316,     -0.084011891989,     -0.100294729592,      0.000000000000,      0.000000000000,      0.000000000000,      0.000000000000,      0.000000000000,      0.000000000000,      0.000000000000,      0.000000000000,      0.000000000000,      0.000000000000,      0.000000000000,      0.000000000000,      0.000000000000,      0.000000000000,      0.000000000000,      0.000000000000
      0.000000000000,     -4.062529018468,      0.553612159462,      3.628155220630,      0.305703965374,     -1.673732254686,     -1.711654849954,      1.846163146555,      1.848196998495,     -1.579280215300,      0.072296229890,      0.699757702199,     -0.527660436515,      0.082500413315,     -0.184529361559,     -0.279189628923,      0.146028450811,     -0.065871338639,      0.098812059332,      0.097256012763,      0.000000000000,      0.000000000000,      0.000000000000,      0.000000000000,      0.000000000000,      0.000000000000,      0.000000000000,      0.000000000000,      0.000000000000,      0.000000000000,      0.000000000000,      0.000000000000,      0.000000000000,      0.000000000000,      0.000000000000,      0.000000000000
      0.000000000000,      0.646420763590,      5.131154415467,      0.803502267236,     -2.900838098538,     -1.487899391162,     -1.470934671185,      1.899474732903,      1.613268588686,     -1.160387080973,     -0.014054442421,     -0.386524138691,     -0.419218600772,     -0.210623028123,     -0.040175537880,     -0.201696123297,      0.423198889053,      0.132957348763,      0.061893145858,      0.138796735637,      0.000000000000,      0.000000000000,      0.000000000000,      0.000000000000,      0.000000000000,      0.000000000000,      0.000000000000,      0.000000000000,      0.000000000000,      0.000000000000,      0.000000000000,      0.000000000000,      0.000000000000,      0.000000000000,      0.000000000000,      0.000000000000
      0.000000000000,     -3.983269150792,      0.251241893872,      0.526754285655,      2.932935015381,     -2.430411273722,     -1.587959742673,      1.536073792578,      1.353531370052,      0.014203931019,     -0.712752403730,      0.546084753564,      0.064294267221,      0.262154632967,     -0.368008416962,     -0.325203342217,     -0.131008480594,     -0.092433849390,      0.234076694567,      0.083877100405,      0.000000000000,      0.000000000000,      0.000000000000,      0.000000000000,      0.000000000000,      0.000000000000,      0.000000000000,      0.000000000000,      0.000000000000,      0.000000000000,      0.000000000000,      0.000000000000,      0.000000000000,      0.000000000000,      0.000000000000,      0.000000000000
      0.000000000000,      4.701122260879,      0.093459701509,     -0.209692316465,     -3.443962368228,      2.323793147244,      1.607797357263,     -1.863522219978,     -1.720472749720,     -0.167178549897,      0.865652553339,     -0.139125683702,      0.233626058839,     -0.364338262450,      0.124082544890,      0.308054810820,      0.310949010720,     -0.143391796330,     -0.165828028963,     -0.095436840019,      0.000000000000,      0.000000000000,      0.000000000000,      0.000000000000,      0.000000000000,      0.000000000000,      0.000000000000,      0.000000000000,      0.000000000000,      0.000000000000,      0.000000000000,      0.000000000000,      0.000000000000,      0.000000000000,      0.000000000000,      0.000000000000
      0.000000000000,     -4.672647428719,     -0.078128285486,      0.185607757874,     -2.762550872641,      3.129059663528,     -1.652787873737,      1.867980328553,      1.183121983197,      0.162491096595,      0.165293549633,     -0.719396054412,     -0.229755797730,     -0.589588605957,      0.270765522287,      0.346936176358,     -0.124354383537,      0.234288225851,      0.209283035284,     -0.228868755980,      0.000000000000,      0.000000000000,      0.000000000000,      0.000000000000,      0.000000000000,      0.000000000000,      0.000000000000,      0.000000000000,      0.000000000000,      0.000000000000,      0.000000000000,      0.000000000000,      0.000000000000,      0.000000000000,      0.000000000000,      0.000000000000
      0.000000000000,      3.445251531313,     -0.390513084164,     -0.262608353886,     -3.034941990350,      2.055320320619,      1.489041476541,     -1.619276284666,     -1.080351586064,      1.301410803856,      0.286210987300,     -0.071267488547,     -0.614476015134,     -0.021555487737,      0.383164992680,     -0.230729615857,      0.410818546965,      0.110172127892,     -0.283360733819,     -0.231757718684,      0.000000000000,      0.000000000000,      0.000000000000,      0.000000000000,      0.000000000000,      0.000000000000,      0.000000000000,      0.000000000000,      0.000000000000,      0.000000000000,      0.000000000000,      0.000000000000,      0.000000000000,      0.000000000000,      0.000000000000,      0.000000000000
      0.000000000000,      3.897917311933,     -0.440787354164,     -4.465395859181,     -0.621364528891,      2.287642856278,      2.106472235430,     -2.147646817575,     -1.320761449472,      0.002242636182,      0.003165472893,      0.724469581875,      0.286420945223,      0.372049201981,     -0.449876088417,     -0.183802302121,      0.266151938130,      0.079246505227,     -0.108217318077,     -0.103839779721,      0.000000000000,      0.000000000000,      0.000000000000,      0.000000000000,      0.000000000000,      0.000000000000,      0.000000000000,      0.000000000000,      0.000000000000,      0.000000000000,      0.000000000000,      0.000000000000,      0.000000000000,      0.000000000000,      0.000000000000,      0.000000000000
      0.000000000000,     -3.595412986743,      0.829989572922,      0.701944394662,      3.439169443097,     -1.858911185656,     -1.847901553364,      1.676451415355,      1.405020250290,     -1.324831186827,      0.055791782652,     -0.445655674483,     -0.216528198840,     -0.029423829057,     -0.188751164840,     -0.328156980908,      0.383300940626,      0.164016319465,      0.179046146087,      0.150619290508,      0.000000000000,      0.000000000000,      0.000000000000,      0.000000000000,      0.000000000000,      0.000000000000,      0.000000000000,      0.000000000000,      0.000000000000,      0.000000000000,      0.000000000000,      0.000000000000,      0.000000000000,      0.000000000000,      0.000000000000,      0.000000000000
      0.000000000000,     -0.659359842392,      3.135986133253,     -3.110287350201,     -0.331796871619,      1.939792155424,     -2.481298144008,      1.364458427077,     -1.328265525194,      1.289253519051,     -0.022554590891,     -0.658397082334,      0.578242281279,     -0.017446898887,      0.137779345523,      0.329173334679,      0.092425734658,     -0.089237927413,     -0.151040231582,     -0.121455767902,      0.000000000000,      0.000000000000,      0.000000000000,      0.000000000000,      0.000000000000,      0.000000000000,      0.000000000000,      0.000000000000,      0.000000000000,      0.000000000000,      0.000000000000,      0.000000000000,      0.000000000000,      0.000000000000,      0.000000000000,      0.000000000000
      0.000000000000,      3.986144701461,     -0.077604477893,     -4.109918068799,     -0.542562730954,      2.085601851586,     -1.923693741421,      1.675511501646,     -1.446223302886,      1.073907210317,     -0.050539121219,      0.284748054239,     -0.212661254633,      0.519463601352,     -0.080043289021,     -0.442836493892,     -0.390090529324,      0.337169549087,      0.086575301222,     -0.154658052661,      0.000000000000,      0.000000000000,      0.000000000000,      0.000000000000,      0.000000000000,      0.000000000000,      0.000000000000,      0.000000000000,      0.000000000000,      0.000000000000,      0.000000000000,      0.000000000000,      0.000000000000,      0.000000000000,      0.000000000000,      0.000000000000
      0.000000000000,     -3.832321093758,      0.394498484276,      3.332538146026,      0.183745531395,     -2.339933420609,     -1.662662446141,      1.850977658588,      1.466337156907,     -1.484600405330,      0.060754134832,      0.128635160072,     -0.239419013480,     -0.479763254957,     -0.391637800832,      0.426542048764,      0.162277541775,      0.172691021119,      0.078361384914,      0.111857807280,      0.000000000000,      0.000000000000,      0.000000000000,      0.000000000000,      0.000000000000,      0.000000000000,      0.000000000000,      0.000000000000,      0.000000000000,      0.000000000000,      0.000000000000,      0.000000000000,      0.000000000000,      0.000000000000,      0.000000000000,      0.000000000000
      0.000000000000,      4.081271911177,     -0.556532064938,     -0.546940804937,     -3.679208890651,      1.840139833398,     -1.798661742415,      1.550450781903,     -1.841840691178,     -0.028457675762,      0.798664977754,     -0.531347538147,      0.471844802200,     -0.045404480202,      0.159652751463,      0.155443977892,      0.385236513764,     -0.132952553531,     -0.128728493522,     -0.183150907502,      0.000000000000,      0.000000000000,      0.000000000000,      0.000000000000,      0.000000000000,      0.000000000000,      0.000000000000,      0.000000000000,      0.000000000000,      0.000000000000,      0.000000000000,      0.000000000000,      0.000000000000,      0.000000000000,      0.000000000000,      0.000000000000
      0.000000000000,     -4.075432985965,      0.449277963706,      0.250796015783,      3.095242526771,     -2.249618768837,     -2.020144829899,      1.967159207047,      1.212200090169,      0.054821948686,     -0.949776304245,     -0.290747502538,     -0.030735098975,      0.535660364065,     -0.433659228213,     -0.321402216399,      0.129208719294,      0.203844477556,      0.198408425411,      0.075578661788,      0.000000000000,      0.000000000000,      0.000000000000,      0.000000000000,      0.000000000000,      0.000000000000,      0.000000000000,      0.000000000000,      0.000000000000,      0.000000000000,      0.000000000000,      0.000000000000,      0.000000000000,      0.000000000000,      0.000000000000,      0.000000000000
      0.000000000000,      4.246665240844,     -0.311017930054,     -0.425810883955,     -3.189318307163,      2.346501796849,     -1.849297732135,      1.692333671581,     -1.366812147657,     -0.074498797291,     -0.730092208499,      0.692720931068,      0.248200293086,      0.473381922234,     -0.046197230180,      0.150648271502,     -0.247465874630,      0.243310167976,     -0.137221139135,     -0.114798333147,      0.000000000000,      0.000000000000,      0.000000000000,      0.000000000000,      0.000000000000,      0.000000000000,      0.000000000000,      0.000000000000,      0.000000000000,      0.000000000000,      0.000000000000,      0.000000000000,      0.000000000000,      0.000000000000,      0.000000000000,      0.000000000000
      0.000000000000,     -4.463604758227,     -0.193006978276,     -0.269218583967,      2.937809011253,     -2.106021033520,      1.697949661418,      1.513828636575,     -1.504622245633,      0.925934116697,      0.122681939312,      0.185390585309,     -0.594868886429,      0.188428795415,     -0.338224436001,      0.302550042956,     -0.312489227691,      0.202879059508,     -0.096227438528,     -0.076202166206,      0.000000000000,      0.000000000000,      0.000000000000,      0.000000000000,      0.000000000000,      0.000000000000,      0.000000000000,      0.000000000000,      0.000000000000,      0.000000000000,      0.000000000000,      0.000000000000,      0.000000000000,      0.000000000000,      0.000000000000,      0.000000000000
      0.000000000000,      4.249445325045,     -0.008480960070,     -0.509564200039,     -3.266556396495,      1.759361295498,      1.796032111366,     -1.679901479617,     -1.501959475832,      1.312557567312,     -0.114871264811,     -0.620603708662,      0.567144727983,     -0.276100504177,      0.452607302116,     -0.038718661435,      0.126247676674,     -0.161748313165,      0.086654139403,     -0.170631383510,      0.000000000000,      0.000000000000,      0.000000000000,      0.000000000000,      0.000000000000,      0.000000000000,      0.000000000000,      0.000000000000,      0.000000000000,      0.000000000000,      0.000000000000,      0.000000000000,      0.000000000000,      0.000000000000,      0.000000000000,      0.000000000000
      0.000000000000,     -4.061999112735,      0.128783741772,      3.849278684519,      0.459369512170,     -2.045835654698,     -1.827145036408,      1.738090850814,      1.812926113231,     -1.126240768678,      0.683414536470,     -0.032941637424,      0.054243755090,     -0.223024012441,     -0.419848545741,     -0.398513374615,      0.226052228149,      0.094654884307,     -0.082676336601,      0.080316739817,      0.000000000000,      0.000000000000,      0.000000000000,      0.000000000000,      0.000000000000,      0.000000000000,      0.000000000000,      0.000000000000,      0.000000000000,      0.000000000000,      0.000000000000,      0.000000000000,      0.000000000000,      0.000000000000,      0.000000000000,      0.000000000000
      0.000000000000,      0.625817926549,      4.686332998617,     -2.910852693052,      0.234004395874,     -2.093336932098,      1.866702624963,     -1.002646001839,      1.280930553678,     -1.113512601820,     -0.036473966934,     -0.019140424694,      0.571231517967,     -0.335357049208,      0.161154296969,     -0.255601812085,     -0.354546018388,      0.215922797385,     -0.048513033104,      0.032411621340,      0.000000000000,      0.000000000000,      0.000000000000,      0.000000000000,      0.000000000000,      0.000000000000,      0.000000000000,      0.000000000000,      0.000000000000,      0.000000000000,      0.000000000000,      0.000000000000,      0.000000000000,      0.000000000000,      0.000000000000,      0.000000000000
      0.000000000000,     -3.752150649983,      0.693238414848,      0.778067138280,      4.000464990962,     -1.846441765380,      1.730247164480,     -1.734779481040,      1.398340165432,      0.004318870400,     -0.649060235179,     -0.181395025739,     -0.036989491190,      0.474911581684,     -0.245621829853,     -0.296767633453,      0.153321653418,     -0.254042932010,      0.085478008539,      0.090746551574,      0.000000000000,      0.000000000000,      0.000000000000,      0.000000000000,      0.000000000000,      0.000000000000,      0.000000000000,      0.000000000000,      0.000000000000,      0.000000000000,      0.000000000000,      0.000000000000,      0.000000000000,      0.000000000000,      0.000000000000,      0.000000000000
      0.000000000000,      3.126203371401,     -0.039781084637,     -0.191414991915,     -4.488399353794,     -2.524322615468,     -1.533173674184,      1.726260993189,      1.167040239185,      0.808726393894,      0.103927583416,     -0.010124592537,      0.540880298009,     -0.584623573912,      0.146180802746,      0.130156139628,     -0.188667342325,     -0.110295833554,      0.145153282349,     -0.048461850506,      0.000000000000,      0.000000000000,      0.000000000000,      0.000000000000,      0.000000000000,      0.000000000000,      0.000000000000,      0.000000000000,      0.000000000000,      0.000000000000,      0.000000000000,      0.000000000000,      0.000000000000,      0.000000000000,      0.000000000000,      0.000000000000
      0.000000000000,      3.649123327477,     -4.089193654841,     -0.026385653932,     -0.024944874754,      1.651691709137,     -1.969425658711,      1.824024451629,     -1.583199760010,      1.091597146699,      0.034865844825,     -0.222435271493,      0.430481173349,     -0.457457050863,      0.013475171024,     -0.295008326585,      0.116168617224,      0.236740859947,     -0.268438317418,      0.092264345179,      0.000000000000,      0.000000000000,      0.000000000000,      0.000000000000,      0.000000000000,      0.000000000000,      0.000000000000,      0.000000000000,      0.000000000000,      0.000000000000,      0.000000000000,      0.000000000000,      0.000000000000,      0.000000000000,      0.000000000000,      0.000000000000
      0.000000000000,      0.381841691046,     -4.262148743467,      3.484487056692,     -0.388336451722,     -1.902760005840,      1.634702278314,      1.508391179570,     -1.408073228307,     -0.893560392133,      0.002051341469,      0.329413383790,      0.661141493967,     -0.278213188673,     -0.472122824986,      0.405634732946,      0.373443550835,      0.028544687050,     -0.280496791622,      0.091103784019,      0.000000000000,      0.000000000000,      0.000000000000,      0.000000000000,      0.000000000000,      0.000000000000,      0.000000000000,      0.000000000000,      0.000000000000,      0.000000000000,      0.000000000000,      0.000000000000,      0.000000000000,      0.000000000000,      0.000000000000,      0.000000000000
      0.000000000000,      0.223679110615,     -3.292937722973,      4.063226264088,      0.380297465803,      2.727287850234,     -1.588528745478,     -1.774051547248,      1.495143781596,     -1.028623277411,     -0.047323485435,     -0.069092857459,     -0.471017474131,     -0.177507106818,     -0.274811374709,      0.366609238658,      0.221301246116,      0.118466864696,      0.186509178948,      0.046784326251,      0.000000000000,      0.000000000000,      0.000000000000,      0.000000000000,      0.000000000000,      0.000000000000,      0.000000000000,      0.000000000000,      0.000000000000,      0.000000000000,      0.000000000000,      0.000000000000,      0.000000000000,      0.000000000000,      0.000000000000,      0.000000000000
      0.000000000000,     -0.147113119501,     -0.305328365212,     -3.784221495488,      2.992590797515,      2.269890490811,     -1.696210471229,      1.510949341303,     -1.412383600262,      0.721654106045,      0.136153328802,     -0.765722708960,     -0.215309057231,     -0.524394497272,      0.226287689820,      0.068695036657,      0.198787467216,      0.174994697448,      0.098380764011,     -0.054934580517,      0.000000000000,      0.000000000000,      0.000000000000,      0.000000000000,      0.000000000000,      0.000000000000,      0.000000000000,      0.000000000000,      0.000000000000,      0.000000000000,      0.000000000000,      0.000000000000,      0.000000000000,      0.000000000000,      0.000000000000,      0.000000000000
      0.000000000000,      4.334960154476,     -0.656856113888,     -0.467758627025,     -3.586410047516,      2.065537756845,      1.852018806751,     -2.048824236458,     -1.200264271619,      1.047240911174,     -0.093211450036,     -0.065675770682,      0.115959148535,     -0.340652737675,      0.388551326899,      0.262731612555,      0.099883705630,     -0.134572190831,     -0.124759842882,     -0.067196158608,      0.000000000000,      0.000000000000,      0.000000000000,      0.000000000000,      0.000000000000,      0.000000000000,      0.000000000000,      0.000000000000,      0.000000000000,      0.000000000000,      0.000000000000,      0.000000000000,      0.000000000000,      0.000000000000,      0.000000000000,      0.000000000000
      0.000000000000,     -4.504992866294,      0.273469982718,      3.059950508759,      0.212857147202,     -2.376313167118,     -2.262082998770,      1.915860009821,      1.043464215850,     -0.971067822635,      0.068212125896,      0.721585180470,     -0.167364274482,      0.069680270057,     -0.130069093630,      0.307991586847,      0.091732664520,     -0.290538213866,     -0.174634038703,      0.125371638921,      0.000000000000,      0.000000000000,      0.000000000000,      0.000000000000,      0.000000000000,      0.000000000000,      0.000000000000,      0.000000000000,      0.000000000000,      0.000000000000,      0.000000000000,      0.000000000000,      0.000000000000,      0.000000000000,      0.000000000000,      0.000000000000
      0.000000000000,      4.206990244842,      0.127249092239,     -0.066693632903,      2.939454709805,     -2.942987099709,     -2.202447133228,      1.106969169132,     -1.065613317926,     -0.762075238767,     -0.176731281916,      0.276577718286,      0.693018698023,     -0.307001832151,      0.499895134703,      0.343362863246,     -0.313178263913,     -0.074625479763,     -0.226858388803,      0.035585898723,      0.000000000000,      0.000000000000,      0.000000000000,      0.000000000000,      0.000000000000,      0.000000000000,      0.000000000000,      0.000000000000,      0.000000000000,      0.000000000000,      0.000000000000,      0.000000000000,      0.000000000000,      0.000000000000,      0.000000000000,      0.000000000000
      0.000000000000,     -4.116898019693,      0.368596152818,      0.324920306752,      3.646682479513,     -2.624608567557,      1.897928680501,     -1.337167083244,      1.683642142810,     -0.039458899921,     -0.844585437947,      0.101915964129,     -0.607930681299,      0.526457802090,     -0.197991843569,      0.143219952808,     -0.267005740856,      0.116130581568,      0.173240029361,     -0.064502834696,      0.000000000000,      0.000000000000,      0.000000000000,      0.000000000000,      0.000000000000,      0.000000000000,      0.000000000000,      0.000000000000,      0.000000000000,      0.000000000000,      0.000000000000,      0.000000000000,      0.000000000000,      0.000000000000,      0.000000000000,      0.000000000000
      0.000000000000,     -0.383574091030,      3.433032448715,     -3.199515685685,     -0.425698428509,      2.526581912912,     -1.741462729286,      1.264363868505,     -1.527104908239,      0.067675562872,      0.775582468800,     -0.616109400738,      0.001005995315,      0.429869035830,     -0.406193224309,      0.289758943436,      0.130297464770,     -0.160470763330,      0.188245583520,     -0.070701907402,      0.000000000000,      0.000000000000,      0.000000000000,      0.000000000000,      0.000000000000,      0.000000000000,      0.000000000000,      0.000000000000,      0.000000000000,      0.000000000000,      0.000000000000,      0.000000000000,      0.000000000000,      0.000000000000,      0.000000000000,      0.000000000000
      0.000000000000,     -0.030676221932,     -0.078894008677,     -4.321459573306,      3.148110495391,      1.788694195087,      1.612946918805,     -1.876848304075,     -1.374777440793,      1.191586370630,     -0.039353607013,      0.348211161411,     -0.242896335438,     -0.511714043568,      0.035269308057,      0.200416021611,      0.293034254155,     -0.224870354685,      0.102259962560,     -0.267183137846,      0.000000000000,      0.000000000000,      0.000000000000,      0.000000000000,      0.000000000000,      0.000000000000,      0.000000000000,      0.000000000000,      0.000000000000,      0.000000000000,      0.000000000000,      0.000000000000,      0.000000000000,      0.000000000000,      0.000000000000,      0.000000000000
      0.000000000000,      3.770830396956,     -0.033115491838,     -3.831441693018,     -0.524416622100,     -2.622009742684,      1.940402355404,     -1.668223165822,      1.682379743313,     -0.887712988051,     -0.046621111095,      0.888949325290,      0.021904464305,      0.212600883318,      0.409109736462,     -0.148612627237,      0.127870183906,      0.279099851170,     -0.117380824464,     -0.171047555618,      0.000000000000,      0.000000000000,      0.000000000000,      0.000000000000,      0.000000000000,      0.000000000000,      0.000000000000,      0.000000000000,      0.000000000000,      0.000000000000,      0.000000000000,      0.000000000000,      0.000000000000,      0.000000000000,      0.000000000000,      0.000000000000
      0.000000000000,     -3.098949794667,      1.155596028165,      3.688033660399,      0.429311243406,     -1.592628193961,     -1.657675709791,      1.769461638708,      1.637200987482,     -1.167373925128,     -0.010600148912,     -0.755176819204,     -0.597710911677,     -0.273649458837,      0.055325337604,      0.442221604270,      0.114713096590,     -0.100725471826,      0.163357871175,      0.073107102999,      0.000000000000,      0.000000000000,      0.000000000000,      0.000000000000,      0.000000000000,      0.000000000000,      0.000000000000,      0.000000000000,      0.000000000000,      0.000000000000,      0.000000000000,      0.000000000000,      0.000000000000,      0.000000000000,      0.000000000000,      0.000000000000
      0.000000000000,      0.489212382474,     -3.582094498494,      3.664080181640,     -0.017410739267,      2.041234006427,     -2.124736276627,      1.596201331004,     -1.496514897164,     -0.020690785987,      0.829650784066,     -0.715488146585,      0.012382183033,     -0.221804253806,     -0.338715793840,      0.263250469660,      0.221190087366,     -0.209119740194,      0.110125823484,     -0.085807739494,      0.000000000000,      0.000000000000,      0.000000000000,      0.000000000000,      0.000000000000,      0.000000000000,      0.000000000000,      0.000000000000,      0.000000000000,      0.000000000000,      0.000000000000,      0.000000000000,      0.000000000000,      0.000000000000,      0.000000000000,      0.000000000000
      0.000000000000,      3.465274953699,     -0.883441791403,     -3.938052794155,     -0.363262027120,      1.854652166153,      1.891248698803,     -1.685038591209,     -1.640633311799,      0.944264638129,      0.044258937890,      0.317196582471,     -0.645700521098,      0.062531447711,      0.298809750858,     -0.134403857809,      0.181586752858,      0.276207238749,     -0.097380755149,     -0.244462692380,      0.000000000000,      0.000000000000,      0.000000000000,      0.000000000000,      0.000000000000,      0.000000000000,      0.000000000000,      0.000000000000,      0.000000000000,      0.000000000000,      0.000000000000,      0.000000000000,      0.000000000000,      0.000000000000,      0.000000000000,      0.000000000000
      0.000000000000,     -3.763777615626,      0.453259880233,      3.812504284313,      0.494858835885,     -1.957084247967,      2.265122229203,      1.424125712505,     -1.354069316518,      0.050305473902,     -0.824965530035,      0.723298627356,     -0.232488003964,     -0.012115131400,     -0.352631267982,     -0.298743233244,      0.141946534233,      0.192110196896,     -0.054350350746,      0.050279094807,      0.000000000000,      0.000000000000,      0.000000000000,      0.000000000000,      0.000000000000,      0.000000000000,      0.000000000000,      0.000000000000,      0.000000000000,      0.000000000000,      0.000000000000,      0.000000000000,      0.000000000000,      0.000000000000,      0.000000000000,      0.000000000000
      0.000000000000,      0.567005504390,      0.133364176478,     -3.710892373925,      3.493551626889,     -2.346656023439,     -1.627569750924,      1.598581666960,      1.178021554050,     -1.046119292495,      0.703686389057,      0.029351777515,      0.027052123880,      0.385681009257,     -0.201695034596,     -0.160071312165,      0.263693424686,      0.144874915956,     -0.215431435289,     -0.176627224572,      0.000000000000,      0.000000000000,      0.000000000000,      0.000000000000,      0.000000000000,      0.000000000000,      0.000000000000,      0.000000000000,      0.000000000000,      0.000000000000,      0.000000000000,      0.000000000000,      0.000000000000,      0.000000000000,      0.000000000000,      0.000000000000
      0.000000000000,      3.865766682156,     -3.497597268214,      0.228594976679,      0.357333143097,     -2.361872872411,      2.115437049684,      1.492332760103,     -1.532979627099,     -0.672666123804,      0.742578607916,     -0.010831599859,     -0.051162782605,     -0.410638054479,      0.342854726466,     -0.341927308920,     -0.147358771338,      0.127550078085,      0.219027840601,     -0.081561999033,      0.000000000000,      0.000000000000,      0.000000000000,      0.000000000000,      0.000000000000,      0.000000000000,      0.000000000000,      0.000000000000,      0.000000000000,      0.000000000000,      0.000000000000,      0.000000000000,      0.000000000000,      0.000000000000,      0.000000000000,      0.000000000000
      0.000000000000,     -3.759700339913,      3.707628310965,     -0.099951477428,     -0.036831568455,      2.361049566230,     -1.749284159680,     -1.382737164249,      1.708285657971,     -0.778312457212,     -0.569889765142,      0.052722431497,      0.207639332458,      0.029191150970,     -0.152305744884,      0.360128241856,      0.313870691904,     -0.334811782490,      0.206527805473,      0.097229185800,      0.000000000000,      0.000000000000,      0.000000000000,      0.000000000000,      0.000000000000,      0.000000000000,      0.000000000000,      0.000000000000,      0.000000000000,      0.000000000000,      0.000000000000,      0.000000000000,      0.000000000000,      0.000000000000,      0.000000000000,      0.000000000000
      0.000000000000,      0.259542490064,      0.479752459141,     -3.474706024369,      3.646308914236,      2.204393676872,      1.670161476727,     -1.647064604366,     -1.606039527458,     -0.057577829385,     -0.694430553826,      0.546250045844,     -0.019222903283,     -0.438160075876,     -0.226249232647,     -0.112729718620,      0.195157175294,      0.179192270790,     -0.077362558222,      0.088117266171,      0.000000000000,      0.000000000000,      0.000000000000,      0.000000000000,      0.000000000000,      0.000000000000,      0.000000000000,      0.000000000000,      0.000000000000,      0.000000000000,      0.000000000000,      0.000000000000,      0.000000000000,      0.000000000000,      0.000000000000,      0.000000000000
      0.000000000000,      3.496214316775,     -0.666626285225,     -0.673753451943,     -3.541499660486,      2.078710276373,     -2.082696535261,      1.538844946430,     -1.836929167854,      0.755756036277,      0.027401822237,      0.414105436130,     -0.218813835196,      0.204499006731,      0.028509704157,     -0.403701824210,      0.303237871087,     -0.097626405891,      0.047207802663,      0.043539996108,      0.000000000000,      0.000000000000,      0.000000000000,      0.000000000000,      0.000000000000,      0.000000000000,      0.000000000000,      0.000000000000,      0.000000000000,      0.000000000000,      0.000000000000,      0.000000000000,      0.000000000000,      0.000000000000,      0.000000000000,      0.000000000000
      0.000000000000,     -0.202552416359,     -4.046455081535,      3.300570185209,     -0.167372188828,      1.687388732779,      2.069846477153,     -1.571012028747,     -1.836899522168,      0.009477073686,      0.197659596875,      0.590270550590,     -0.529431274112,      0.502543296888,      0.300490471249,      0.044360924723,     -0.295014450419,     -0.077286287404,     -0.103642038659,     -0.218580343143,      0.000000000000,      0.000000000000,      0.000000000000,      0.000000000000,      0.000000000000,      0.000000000000,      0.000000000000,      0.000000000000,      0.000000000000,      0.000000000000,      0.000000000000,      0.000000000000,      0.000000000000,      0.000000000000,      0.000000000000,      0.000000000000
      0.000000000000,     -0.284716623977,     -3.858763138967,      3.277469431215,     -0.393505025691,     -2.377161085964,      1.752965826161,      1.688683198764,     -1.393008398714,     -0.098630726108,     -0.815494616770,      0.746191813389,      0.637933993651,     -0.206218523669,      0.239206813667,      0.287011058337,     -0.005755787004,     -0.186514403490,      0.062645669844,     -0.092640769506,      0.000000000000,      0.000000000000,      0.000000000000,      0.000000000000,      0.000000000000,      0.000000000000,      0.000000000000,      0.000000000000,      0.000000000000,      0.000000000000,      0.000000000000,      0.000000000000,      0.000000000000,      0.000000000000,      0.000000000000,      0.000000000000
      0.000000000000,     -0.824150329474,      3.256323193908,     -3.628757955597,     -0.454484563626,      1.696049624935,      1.874889484966,     -1.615702342337,     -2.207530091152,      1.236192621002,      0.048862853008,     -0.624364808213,      0.531564571705,     -0.061734208071,      0.157494352872,      0.281479279553,      0.189575943007,     -0.265866033946,     -0.082548951302,     -0.093630228274,      0.000000000000,      0.000000000000,      0.000000000000,      0.000000000000,      0.000000000000,      0.000000000000,      0.000000000000,      0.000000000000,      0.000000000000,      0.000000000000,      0.000000000000,      0.000000000000,      0.000000000000,      0.000000000000,      0.000000000000,      0.000000000000
      0.000000000000,     -0.168788173591,      4.509684877278,     -3.238800147808,     -0.275840950827,      2.152059079276,      1.996555133271,     -1.666235087418,     -1.478428742653,     -0.105913789624,      0.857048406462,     -0.716597728780,      0.229329920853,     -0.259682948160,     -0.066230047897,     -0.346769597419,      0.118491813117,      0.334889756390,     -0.236524094066,      0.154789726067,      0.000000000000,      0.000000000000,      0.000000000000,      0.000000000000,      0.000000000000,      0.000000000000,      0.000000000000,      0.000000000000,      0.000000000000,      0.000000000000,      0.000000000000,      0.000000000000,      0.000000000000,      0.000000000000,      0.000000000000,      0.000000000000
      0.000000000000,     -3.452952871377,      0.413003886550,      0.803484350302,      3.620080239321,     -2.270099234490,     -1.431345148372,      2.096889116948,      1.244119043407,     -1.315193955065,      0.099558151790,     -0.088875002274,     -0.308062999338,     -0.397018987470,     -0.277241685677,      0.183995767554,      0.294717716799,      0.169421748963,     -0.093276318796,      0.055007666712,      0.000000000000,      0.000000000000,      0.000000000000,      0.000000000000,      0.000000000000,      0.000000000000,      0.000000000000,      0.000000000000,      0.000000000000,      0.000000000000,      0.000000000000,      0.000000000000,      0.000000000000,      0.000000000000,      0.000000000000,      0.000000000000
      0.000000000000,      0.259221862437,      3.408485800923,      0.193022570116,     -3.139434599192,      2.208179300553,     -2.599313302928,      1.334062882082,     -1.111743655789,     -0.030730428893,     -0.721762082233,      0.582420181703,      0.028061594292,     -0.312195541478,      0.381907101966,      0.300791450230,      0.142513935886,     -0.219117893914,     -0.072288253709,     -0.152561473616,      0.000000000000,      0.000000000000,      0.000000000000,      0.000000000000,      0.000000000000,      0.000000000000,      0.000000000000,      0.000000000000,      0.000000000000,      0.000000000000,      0.000000000000,      0.000000000000,      0.000000000000,      0.000000000000,      0.000000000000,      0.000000000000
      0.000000000000,     -0.654593052136,      2.949357986723,     -0.446285303819,     -4.129772348951,      2.166110526036,     -1.974938563920,      1.336918656779,     -2.032345142843,      1.099844096855,      0.499007423166,      0.099573031291,     -0.108905933773,      0.398900146387,      0.259737164815,     -0.017843973266,      0.180382748655,     -0.322089667674,     -0.136924145477,     -0.239677921349,      0.000000000000,      0.000000000000,      0.000000000000,      0.000000000000,      0.000000000000,      0.000000000000,      0.000000000000,      0.000000000000,      0.000000000000,      0.000000000000,      0.000000000000,      0.000000000000,      0.000000000000,      0.000000000000,      0.000000000000,      0.000000000000
      0.000000000000,      3.883946434496,     -0.601068192120,     -3.533105902371,     -0.022800378925,      2.759320442613,     -2.286737068969,      1.304652311920,     -1.348093171878,      0.004026234792,      1.118549344678,     -0.586829348681,     -0.016803565639,      0.250384692468,     -0.412674894441,      0.331486672192,     -0.265608495342,     -0.149422562099,      0.104145625749,      0.026593083167,      0.000000000000,      0.000000000000,      0.000000000000,      0.000000000000,      0.000000000000,      0.000000000000,      0.000000000000,      0.000000000000,      0.000000000000,      0.000000000000,      0.000000000000,      0.000000000000,      0.000000000000,      0.000000000000,      0.000000000000,      0.000000000000
      0.000000000000,     -3.187457706963,      0.290732395999,      3.842057283102,      0.260786762283,     -2.683285934098,      1.952043301504,     -1.086193617575,      1.213105847635,     -1.224585561979,      0.068811443631,     -0.380006297045,     -0.388796194869,      0.252073113714,     -0.007145474529,     -0.414879577843,      0.347149398236,     -0.107808191340,      0.219455879367,      0.267797055705,      0.000000000000,      0.000000000000,      0.000000000000,      0.000000000000,      0.000000000000,      0.000000000000,      0.000000000000,      0.000000000000,      0.000000000000,      0.000000000000,      0.000000000000,      0.000000000000,      0.000000000000,      0.000000000000,      0.000000000000,      0.000000000000
      0.000000000000,      0.596703933397,     -3.248644076167,      2.985677778646,     -2.460669482389,      2.386999069147,      0.417232380994,     -1.113610414781,      1.341600508345,      0.045110881139,     -0.997757131563,      0.878391559110,     -0.285959289362,     -0.368815141194,      0.007245471636,      0.146934260745,     -0.224496499657,      0.075800218760,     -0.036734876440,      0.143139545559,      0.000000000000,      0.000000000000,      0.000000000000,      0.000000000000,      0.000000000000,      0.000000000000,      0.000000000000,      0.000000000000,      0.000000000000,      0.000000000000,      0.000000000000,      0.000000000000,      0.000000000000,      0.000000000000,      0.000000000000,      0.000000000000
      0.000000000000,      3.318670979159,     -0.723779299228,     -0.951058646704,     -3.795164584877,      1.778042177336,     -1.817585695991,      1.773719823393,     -1.971300794455,     -0.015903942789,      0.844584484837,      0.777771430588,      0.291061436644,      0.406185679090,      0.034591354627,     -0.094372219422,     -0.386281877076,      0.161874462699,     -0.107477201345,     -0.153243147470,      0.000000000000,      0.000000000000,      0.000000000000,      0.000000000000,      0.000000000000,      0.000000000000,      0.000000000000,      0.000000000000,      0.000000000000,      0.000000000000,      0.000000000000,      0.000000000000,      0.000000000000,      0.000000000000,      0.000000000000,      0.000000000000
      0.000000000000,     -3.917883086183,      0.766923814574,     -2.574935651039,      0.427079347180,      2.946984202500,     -1.802701159353,      1.808347731403,      1.844820287023,      0.050894257341,     -0.880885508422,     -0.762168915791,      0.080303189533,      0.443787892963,     -0.358360753527,     -0.160899452584,      0.157235826199,     -0.127067459567,      0.178929961955,      0.057370391078,      0.000000000000,      0.000000000000,      0.000000000000,      0.000000000000,      0.000000000000,      0.000000000000,      0.000000000000,      0.000000000000,      0.000000000000,      0.000000000000,      0.000000000000,      0.000000000000,      0.000000000000,      0.000000000000,      0.000000000000,      0.000000000000
      0.000000000000,     -0.651304595294,      3.899077895356,     -0.117859620326,     -2.954507090114,      2.089959229310,      1.744735711952,     -1.701895308186,     -1.550441958035,      0.942360595636,     -0.807461216825,     -0.029485003876,     -0.054610528746,     -0.214141039571,      0.413517434779,      0.195985529709,      0.336671037189,     -0.259941764462,      0.117184349857,     -0.101203171823,      0.000000000000,      0.000000000000,      0.000000000000,      0.000000000000,      0.000000000000,      0.000000000000,      0.000000000000,      0.000000000000,      0.000000000000,      0.000000000000,      0.000000000000,      0.000000000000,      0.000000000000,      0.000000000000,      0.000000000000,      0.000000000000
      0.000000000000,      3.419049146039,      0.187221750669,     -3.743940717031,      0.056469232887,     -2.190701930551,      1.872872151493,     -1.461037848018,      1.512357813665,      0.030445275641,     -0.730805324801,      0.679894831716,      0.282268135739,      0.472838382665,     -0.219243038823,      0.045041714298,     -0.350135244975,      0.298289876616,     -0.203840821032,     -0.067075101915,      0.000000000000,      0.000000000000,      0.000000000000,      0.000000000000,      0.000000000000,      0.000000000000,      0.000000000000,      0.000000000000,      0.000000000000,      0.000000000000,      0.000000000000,      0.000000000000,      0.000000000000,      0.000000000000,      0.000000000000,      0.000000000000
      0.000000000000,     -3.650743080843,      0.674310258785,      0.931221499539,      3.688529210298,     -1.704123158749,      2.341034687876,      1.989081447507,     -1.648406550703,     -1.015961783400,      0.054163055649,     -0.026368750303,     -0.186713553369,     -0.413038685771,     -0.403738377080,     -0.156840693211,      0.311888027893,      0.113191074275,      0.179659277499,      0.104080218136,      0.000000000000,      0.000000000000,      0.000000000000,      0.000000000000,      0.000000000000,      0.000000000000,      0.000000000000,      0.000000000000,      0.000000000000,      0.000000000000,      0.000000000000,      0.000000000000,      0.000000000000,      0.000000000000,      0.000000000000,      0.000000000000
      0.000000000000,     -0.164741366447,     -0.500174437502,     -3.504411079018,      3.359595560825,     -2.247222214052,     -1.700330847216,      1.707151784272,      1.461518995103,     -0.004885636602,     -0.689452621408,      0.638863490246,     -0.001175143068,     -0.351849353954,     -0.142758361110,      0.351171206259,      0.296895701169,      0.154161265188,      0.118572394623,     -0.246146310636,      0.000000000000,      0.000000000000,      0.000000000000,      0.000000000000,      0.000000000000,      0.000000000000,      0.000000000000,      0.000000000000,      0.000000000000,      0.000000000000,      0.000000000000,      0.000000000000,      0.000000000000,      0.000000000000,      0.000000000000,      0.000000000000
      0.000000000000,      3.688598596724,     -0.411472092876,     -3.198169946440,     -0.393651007876,      2.341398221403,     -1.910398010213,      1.180327575455,     -1.690729469844,      1.337398903550,     -0.039208773102,     -0.076714381213,      0.563487246637,     -0.227083900134,      0.144685378322,     -0.272903529921,     -0.285880668407,      0.247267035302,     -0.171436131511,      0.061451143215,      0.000000000000,      0.000000000000,      0.000000000000,      0.000000000000,      0.000000000000,      0.000000000000,      0.000000000000,      0.000000000000,      0.000000000000,      0.000000000000,      0.000000000000,      0.000000000000,      0.000000000000,      0.000000000000,      0.000000000000,      0.000000000000
      0.000000000000,      4.056089033066,     -3.862003491592,     -0.445131190344,     -0.181332414210,      2.163822667311,     -1.988390583691,      1.573507880574,     -1.379320427270,      0.044616405036,     -0.693710430423,     -0.296979260905,      0.589426366609,      0.511420847246,      0.222963106231,      0.021357700098,     -0.337578713862,      0.230797310050,     -0.204815712300,      0.075745233163,      0.000000000000,      0.000000000000,      0.000000000000,      0.000000000000,      0.000000000000,      0.000000000000,      0.000000000000,      0.000000000000,      0.000000000000,      0.000000000000,      0.000000000000,      0.000000000000,      0.000000000000,      0.000000000000,      0.000000000000,      0.000000000000
      0.000000000000,     -3.615692913488,      0.245361612587,      0.632300619172,      3.325670987967,     -1.846454526131,      2.203366627454,     -1.500029364923,      1.562064077461,     -1.290526982096,      0.069944092513,     -0.021971135829,      0.554363343641,     -0.387512178194,      0.182001676620,     -0.147491906365,     -0.279580001781,     -0.109484585617,      0.070746633827,      0.098765551750,      0.000000000000,      0.000000000000,      0.000000000000,      0.000000000000,      0.000000000000,      0.000000000000,      0.000000000000,      0.000000000000,      0.000000000000,      0.000000000000,      0.000000000000,      0.000000000000,      0.000000000000,      0.000000000000,      0.000000000000,      0.000000000000
      0.000000000000,      4.071185385944,     -0.278809741587,     -0.340772762830,     -3.349628329860,      2.181901412296,     -1.759394695128,      1.622163366027,     -1.576153919398,     -0.080526127718,      0.686693817272,     -0.608087598315,      0.188121579014,     -0.013760595658,      0.313059735062,      0.127021475101,      0.247310172600,     -0.105536778933,     -0.199826900645,     -0.098413230843,      0.000000000000,      0.000000000000,      0.000000000000,      0.000000000000,      0.000000000000,      0.000000000000,      0.000000000000,      0.000000000000,      0.000000000000,      0.000000000000,      0.000000000000,      0.000000000000,      0.000000000000,      0.000000000000,      0.000000000000,      0.000000000000
      0.000000000000,     -4.399274914355,      0.374731273311,      0.100989386383,      2.856182786424,     -2.462403910593,     -1.728284681352,      1.551411096592,      1.566099290684,      0.057009541623,      0.050489066800,      0.469196794883,     -0.581392462267,      0.482328012011,      0.234649266536,     -0.171305423950,     -0.323637449612,     -0.232270223771,      0.194350071360,     -0.066401624542,      0.000000000000,      0.000000000000,      0.000000000000,      0.000000000000,      0.000000000000,      0.000000000000,      0.000000000000,      0.000000000000,      0.000000000000,      0.000000000000,      0.000000000000,      0.000000000000,      0.000000000000,      0.000000000000,      0.000000000000,      0.000000000000
      0.000000000000,     -0.116494327730,      3.577568980984,      0.063681391801,     -3.339117607145,      1.889349661776,      2.317558730873,     -2.255537741032,     -1.327335327247,      1.113393435605,      0.001778104690,     -0.003753131906,     -0.670510794648,      0.242029678782,      0.287928489171,     -0.146473805081,      0.203820124232,     -0.169698992145,     -0.168073134656,     -0.067787103576,      0.000000000000,      0.000000000000,      0.000000000000,      0.000000000000,      0.000000000000,      0.000000000000,      0.000000000000,      0.000000000000,      0.000000000000,      0.000000000000,      0.000000000000,      0.000000000000,      0.000000000000,      0.000000000000,      0.000000000000,      0.000000000000
      0.000000000000,      0.119040983749,      3.484958214945,     -3.837615401329,     -0.520301599289,     -2.019636582152,     -1.653671584490,      1.753864488985,      1.646991320971,      0.063652808819,      0.895257604001,      0.298070912005,     -0.569947752388,     -0.487859489011,      0.075224854349,      0.318984260749,      0.324176093596,     -0.144491828308,     -0.107982476631,     -0.229156882833,      0.000000000000,      0.000000000000,      0.000000000000,      0.000000000000,      0.000000000000,      0.000000000000,      0.000000000000,      0.000000000000,      0.000000000000,      0.000000000000,      0.000000000000,      0.000000000000,      0.000000000000,      0.000000000000,      0.000000000000,      0.000000000000
      0.000000000000,      0.916425200556,     -3.113331673178,      3.296342371833,      0.522675152077,     -1.496603396811,     -2.284800729849,      2.296886075891,      1.351312994186,     -0.989552849205,     -0.025823023096,     -0.651456238954,     -0.008893365795,     -0.261339442415,      0.533948601059,     -0.276055368678,      0.228465861322,     -0.086793112039,      0.230514061906,      0.126008993813,      0.000000000000,      0.000000000000,      0.000000000000,      0.000000000000,      0.000000000000,      0.000000000000,      0.000000000000,      0.000000000000,      0.000000000000,      0.000000000000,      0.000000000000,      0.000000000000,      0.000000000000,      0.000000000000,      0.000000000000,      0.000000000000
      0.000000000000,      0.900424418578,      0.425632918177,     -3.047477665402,      4.070857082764,     -1.979715311268,      2.477434025794,     -1.569581748091,      1.720000401481,     -0.912589174346,     -0.092189127603,     -0.608237565719,     -0.363781246046,      0.232621811102,      0.471055899999,     -0.004578352823,     -0.183020588844,      0.184275400643,      0.050568578014,     -0.055823022207,      0.000000000000,      0.000000000000,      0.000000000000,      0.000000000000,      0.000000000000,      0.000000000000,      0.000000000000,      0.000000000000,      0.000000000000,      0.000000000000,      0.000000000000,      0.000000000000,      0.000000000000,      0.000000000000,      0.000000000000,      0.000000000000
      0.000000000000,      0.372699370195,      0.114176927353,     -3.140209416636,      3.995416413617,     -2.042173263068,     -1.817243608203,      1.935307898891,      1.567776025543,      0.028601541671,     -0.097620908539,     -0.537365058014,     -0.471554079062,     -0.382868728003,      0.464584184390,      0.108713631287,      0.302415446635,     -0.155621452753,      0.093551283880,     -0.070861845424,      0.000000000000,      0.000000000000,      0.000000000000,      0.000000000000,      0.000000000000,      0.000000000000,      0.000000000000,      0.000000000000,      0.000000000000,      0.000000000000,      0.000000000000,      0.000000000000,      0.000000000000,      0.000000000000,      0.000000000000,      0.000000000000
      0.000000000000,     -0.185264564058,      3.139843103569,     -3.585895596954,     -0.393865875822,      1.460833421240,     -1.946399693168,      1.348409100232,     -1.659979064099,      1.291603919334,      0.024369054100,     -0.060955414956,      0.418542476349,      0.364526309988,      0.150810465430,     -0.399441883085,     -0.164902981946,     -0.286653829104,      0.109086228614,     -0.203380808393,      0.000000000000,      0.000000000000,      0.000000000000,      0.000000000000,      0.000000000000,      0.000000000000,      0.000000000000,      0.000000000000,      0.000000000000,      0.000000000000,      0.000000000000,      0.000000000000,      0.000000000000,      0.000000000000,      0.000000000000,      0.000000000000
      0.000000000000,      3.585373927464,     -4.099957866875,     -0.252779093260,     -0.379363574953,      2.193894619987,      2.189298895351,     -1.922275954018,     -1.646359547105,      1.092833822713,     -0.074234845715,      0.282087935274,      0.443042592154,      0.035002912276,     -0.491098132023,     -0.171937257023,      0.276402207452,     -0.199985639238,      0.105077567871,     -0.052258835698,      0.000000000000,      0.000000000000,      0.000000000000,      0.000000000000,      0.000000000000,      0.000000000000,      0.000000000000,      0.000000000000,      0.000000000000,      0.000000000000,      0.000000000000,      0.000000000000,      0.000000000000,      0.000000000000,      0.000000000000,      0.000000000000
      0.000000000000,     -3.551140054171,      1.219732621172,      0.945161579704,      3.944047892357,     -1.611276218218,     -1.733637485863,      1.846642489297,      1.331787250758,     -1.412332114068,     -0.839090175214,      0.019232497324,      0.043496997366,     -0.346722750783,     -0.155908238767,     -0.152868227342,      0.276805670677,      0.236531970004,      0.094191777070,      0.060364703494,      0.000000000000,      0.000000000000,      0.000000000000,      0.000000000000,      0.000000000000,      0.000000000000,      0.000000000000,      0.000000000000,      0.000000000000,      0.000000000000,      0.000000000000,      0.000000000000,      0.000000000000,      0.000000000000,      0.000000000000,      0.000000000000
      0.000000000000,      0.056503483611,      0.188603769548,     -3.019177303187,      3.185093120019,     -2.006834328350,      2.304342728431,     -1.813659428531,      1.482770550308,     -1.008765227021,      0.729608547852,      0.011940757912,     -0.244971206778,     -0.356143268714,     -0.027758154400,      0.247264541256,      0.107746818710,     -0.147271594757,      0.078104398141,      0.142886464541,      0.000000000000,      0.000000000000,      0.000000000000,      0.000000000000,      0.000000000000,      0.000000000000,      0.000000000000,      0.000000000000,      0.000000000000,      0.000000000000,      0.000000000000,      0.000000000000,      0.000000000000,      0.000000000000,      0.000000000000,      0.000000000000
      0.000000000000,      3.839544679566,     -1.207214232870,     -0.400304118445,     -3.733942700801,      1.839546903387,      1.541980147679,     -2.188592651646,     -1.215840192407,      0.761940675072,     -0.076662606011,      0.800698432084,     -0.041488485625,      0.120501712883,      0.400915712715,      0.206882440575,     -0.266944523246,     -0.256081968242,     -0.214973651148,     -0.067800051108,      0.000000000000,      0.000000000000,      0.000000000000,      0.000000000000,      0.000000000000,      0.000000000000,      0.000000000000,      0.000000000000,      0.000000000000,      0.000000000000,      0.000000000000,      0.000000000000,      0.000000000000,      0.000000000000,      0.000000000000,      0.000000000000
      0.000000000000,     -3.834239699595,      0.572594543443,      2.723763088726,      3.333369296638,     -2.887816058624,     -0.051360976719,     -1.389655770358,      1.259588840663,     -0.021345677086,     -0.776296229019,      0.571419564173,      0.049584844324,     -0.232467859843,     -0.273988601517,      0.195905174403,     -0.079805823015,     -0.275354947076,      0.207024918532,      0.085747420398,      0.000000000000,      0.000000000000,      0.000000000000,      0.000000000000,      0.000000000000,      0.000000000000,      0.000000000000,      0.000000000000,      0.000000000000,      0.000000000000,      0.000000000000,      0.000000000000,      0.000000000000,      0.000000000000,      0.000000000000,      0.000000000000
      0.000000000000,      3.735458474979,     -0.899727563138,     -0.544184417567,     -3.208237082055,      1.802806430853,     -1.511440902386,      1.635156118978,     -1.370915065569,      1.081961391631,     -0.107288377656,      0.259395493439,     -0.696284205073,      0.239056408014,      0.012965001554,      0.418716998003,      0.456642176442,     -0.193952579037,     -0.106143626835,     -0.289771672663,      0.000000000000,      0.000000000000,      0.000000000000,      0.000000000000,      0.000000000000,      0.000000000000,      0.000000000000,      0.000000000000,      0.000000000000,      0.000000000000,      0.000000000000,      0.000000000000,      0.000000000000,      0.000000000000,      0.000000000000,      0.000000000000
      0.000000000000,     -4.087395022945,      3.552260229693,      0.129446474095,     -0.343623188573,      1.792365899550,     -2.033593231348,      1.816441312804,     -1.744500633633,     -0.072754114581,     -0.018302256626,      0.777376249614,     -0.587713003341,     -0.416694701983,      0.170685370973,      0.317730919218,     -0.163626756111,     -0.116634235055,      0.283762898004,      0.135675300118,      0.000000000000,      0.000000000000,      0.000000000000,      0.000000000000,      0.000000000000,      0.000000000000,      0.000000000000,      0.000000000000,      0.000000000000,      0.000000000000,      0.000000000000,      0.000000000000,      0.000000000000,      0.000000000000,      0.000000000000,      0.000000000000
      0.000000000000,     -0.737505642956,     -0.238756979470,      3.512995423555,     -3.674487089466,      2.120270487084,      1.680294554277,     -1.845320000419,     -1.642018194991,      1.154473102105,      0.505186469682,     -0.032218408653,     -0.496980830302,     -0.012912402027,      0.391383753608,      0.153969594318,      0.112634433509,     -0.127974174439,     -0.090561092503,     -0.178245753415,      0.000000000000,      0.000000000000,      0.000000000000,      0.000000000000,      0.000000000000,      0.000000000000,      0.000000000000,      0.000000000000,      0.000000000000,      0.000000000000,      0.000000000000,      0.000000000000,      0.000000000000,      0.000000000000,      0.000000000000,      0.000000000000
      0.000000000000,      4.165902183850,     -3.717971797315,     -0.395710482853,     -0.669529424563,      1.853721420307,     -2.081573337359,     -1.997293461894,      1.895827608009,     -0.057921795371,      0.849644780444,     -0.615453185093,      0.193689610440,     -0.043467820219,      0.353971961215,     -0.221981755739,     -0.222155145879,     -0.097175171015,      0.168864582630,      0.079500622229,      0.000000000000,      0.000000000000,      0.000000000000,      0.000000000000,      0.000000000000,      0.000000000000,      0.000000000000,      0.000000000000,      0.000000000000,      0.000000000000,      0.000000000000,      0.000000000000,      0.000000000000,      0.000000000000,      0.000000000000,      0.000000000000
      0.000000000000,      0.442592542742,     -3.292159204080,      3.246834193450,     -0.097776312158,     -2.000417568479,     -1.439412717853,      1.746596811725,      1.312627878008,      0.019214723504,     -1.062346161790,      0.793342785585,     -0.311480675154,     -0.492111371402,     -0.342430657377,      0.203201770456,      0.319328714332,     -0.007554255114,      0.055871629991,      0.093927551502,      0.000000000000,      0.000000000000,      0.000000000000,      0.000000000000,      0.000000000000,      0.000000000000,      0.000000000000,      0.000000000000,      0.000000000000,      0.000000000000,      0.000000000000,      0.000000000000,      0.000000000000,      0.000000000000,      0.000000000000,      0.000000000000
      0.000000000000,      3.927279577944,     -0.227312213689,     -3.406303105738,      0.177080759390,      1.914062843927,      2.015738104080,     -1.901164466323,     -1.458740013097,     -0.095194682639,     -0.750403793796,      0.766198472611,     -0.025295837286,      0.391979976578,      0.167841958390,      0.107565615574,     -0.120863727428,      0.276537762357,     -0.262120772651,     -0.140758148148,      0.000000000000,      0.000000000000,      0.000000000000,      0.000000000000,      0.000000000000,      0.000000000000,      0.000000000000,      0.000000000000,      0.000000000000,      0.000000000000,      0.000000000000,      0.000000000000,      0.000000000000,      0.000000000000,      0.000000000000,      0.000000000000
      0.000000000000,     -4.457367276879,      0.515332751293,      0.425424557815,     -2.599401339025,      3.304998740074,     -1.534071720669,      1.632319295820,      1.751595901755,      0.082118091339,     -0.945314540597,     -0.264941894059,      0.038506690269,      0.242232025330,      0.461010910775,     -0.352154358583,     -0.361062278738,      0.165742473488,     -0.070995922651,      0.072631171883,      0.000000000000,      0.000000000000,      0.000000000000,      0.000000000000,      0.000000000000,      0.000000000000,      0.000000000000,      0.000000000000,      0.000000000000,      0.000000000000,      0.000000000000,      0.000000000000,      0.000000000000,      0.000000000000,      0.000000000000,      0.000000000000
      0.000000000000,      0.560726486433,      4.367885281302,     -0.226645317319,     -2.861383988546,     -1.770636432533,     -1.743450352347,      1.860447348926,      1.564790836720,     -0.116691374392,     -0.652490044629,     -0.074973495764,      0.628581544061,     -0.346035708258,      0.328725214558,      0.318589070694,     -0.233604237978,      0.129877152391,     -0.152804547280,     -0.127134467784,      0.000000000000,      0.000000000000,      0.000000000000,      0.000000000000,      0.000000000000,      0.000000000000,      0.000000000000,      0.000000000000,      0.000000000000,      0.000000000000,      0.000000000000,      0.000000000000,      0.000000000000,      0.000000000000,      0.000000000000,      0.000000000000
      0.000000000000,      0.422389516671,     -3.613051394139,      3.622000787748,     -0.017227608955,      2.536677701094,     -2.328223615361,     -1.369900111725,      1.403017179870,     -0.067287728789,     -0.531153291071,      0.299142910529,      0.502082696709,     -0.433665167471,     -0.272803853120,      0.008348782721,      0.108926151509,     -0.187838272717,      0.207899039674,     -0.075125877702,      0.000000000000,      0.000000000000,      0.000000000000,      0.000000000000,      0.000000000000,      0.000000000000,      0.000000000000,      0.000000000000,      0.000000000000,      0.000000000000,      0.000000000000,      0.000000000000,      0.000000000000,      0.000000000000,      0.000000000000,      0.000000000000
      0.000000000000,     -0.442624361045,      3.275925222419,     -0.415797617473,     -3.698773094274,      2.383753478304,     -1.403247958264,      1.257243832647,     -1.708429330646,      1.231801019409,      0.081902186665,      0.088805938411,     -0.631589601800,      0.227356075597,     -0.167368422720,      0.275632856639,     -0.315848327687,      0.198862490353,      0.111419724446,     -0.044181784394,      0.000000000000,      0.000000000000,      0.000000000000,      0.000000000000,      0.000000000000,      0.000000000000,      0.000000000000,      0.000000000000,      0.000000000000,      0.000000000000,      0.000000000000,      0.000000000000,      0.000000000000,      0.000000000000,      0.000000000000,      0.000000000000
      0.000000000000,      3.748617881664,     -0.190748074472,     -3.971127445905,     -0.316424795970,      1.535427085186,      1.886748046871,     -1.900526506888,     -1.782320837360,     -0.063554379651,      0.653206752741,      0.739428314067,      0.213990863561,     -0.039577718784,     -0.230966062954,     -0.483582676271,     -0.233579126596,      0.220333558436,      0.404283908300,     -0.232682230348,      0.000000000000,      0.000000000000,      0.000000000000,      0.000000000000,      0.000000000000,      0.000000000000,      0.000000000000,      0.000000000000,      0.000000000000,      0.000000000000,      0.000000000000,      0.000000000000,      0.000000000000,      0.000000000000,      0.000000000000,      0.000000000000
      0.000000000000,     -3.972874499081,      0.505612461230,      0.766176151622,     -2.082795470463,     -1.913581707444,      3.022329771657,      2.310766912312,      1.215887554700,      0.113554521031,     -1.373564038402,     -0.286601890512,     -0.542890256817,      0.028615932283,     -0.374075975466,      0.454464796280,      0.139582263160,      0.191062604894,     -0.051504966716,      0.061727296477,      0.000000000000,      0.000000000000,      0.000000000000,      0.000000000000,      0.000000000000,      0.000000000000,      0.000000000000,      0.000000000000,      0.000000000000,      0.000000000000,      0.000000000000,      0.000000000000,      0.000000000000,      0.000000000000,      0.000000000000,      0.000000000000
      0.000000000000,     -0.715852672907,      3.990409572397,     -0.649986534481,     -2.850978727027,      1.548448035860,     -1.786254285164,      1.655905846230,     -1.409347574152,      0.952783684651,     -0.051547658717,     -0.018179063468,     -0.666167499611,      0.477180397273,      0.198651527774,      0.233512459550,      0.471834502286,     -0.209177295143,     -0.270484877179,     -0.180180140640,      0.000000000000,      0.000000000000,      0.000000000000,      0.000000000000,      0.000000000000,      0.000000000000,      0.000000000000,      0.000000000000,      0.000000000000,      0.000000000000,      0.000000000000,      0.000000000000,      0.000000000000,      0.000000000000,      0.000000000000,      0.000000000000
      0.000000000000,     -3.977150821206,     -0.157007609930,      3.805207411524,      0.295065337818,      2.209003611791,     -2.249812155115,      1.616888800840,     -1.461684534623,      0.049756052630,      0.011560112304,      0.252900825791,     -0.196646197004,     -0.461871705656,      0.453493478139,     -0.334359284525,     -0.347629324780,     -0.160044021588,      0.307189081244,      0.205103810133,      0.000000000000,      0.000000000000,      0.000000000000,      0.000000000000,      0.000000000000,      0.000000000000,      0.000000000000,      0.000000000000,      0.000000000000,      0.000000000000,      0.000000000000,      0.000000000000,      0.000000000000,      0.000000000000,      0.000000000000,      0.000000000000
      0.000000000000,      0.027606442121,     -3.846567964167,      3.351738699181,     -0.325516085535,      1.752798969862,      1.784293892759,     -1.652184976806,     -1.434852399916,      0.035560284212,      0.917250113886,     -1.007970343640,     -0.190479938597,      0.044285719753,     -0.203782666740,      0.283095666758,      0.153862442592,     -0.235057725035,      0.102140945468,      0.165822237705,      0.000000000000,      0.000000000000,      0.000000000000,      0.000000000000,      0.000000000000,      0.000000000000,      0.000000000000,      0.000000000000,      0.000000000000,      0.000000000000,      0.000000000000,      0.000000000000,      0.000000000000,      0.000000000000,      0.000000000000,      0.000000000000
      0.000000000000,      3.501457035997,     -0.478117653297,     -3.812283204478,     -0.888322173592,      1.750133347567,      1.577470921141,     -2.024930372190,     -1.350855575536,      1.092140047162,      0.795995243520,     -0.034442004141,     -0.027881335554,      0.187474136235,     -0.445704907021,      0.337062390133,     -0.146714444259,      0.112784899827,     -0.162691539057,     -0.055136879151,      0.000000000000,      0.000000000000,      0.000000000000,      0.000000000000,      0.000000000000,      0.000000000000,      0.000000000000,      0.000000000000,      0.000000000000,      0.000000000000,      0.000000000000,      0.000000000000,      0.000000000000,      0.000000000000,      0.000000000000,      0.000000000000
      0.000000000000,     -4.081167337814,      0.095452914493,      3.820427349680,      0.218987330539,      1.674919644837,     -1.838782213514,     -2.078384918549,      1.948337123452,     -0.030174500822,     -0.984898709030,     -0.258575355382,      0.458574775359,     -0.022540433401,     -0.317264658372,      0.209029764368,     -0.280399108150,      0.112586404400,      0.216169796006,      0.168070149142,      0.000000000000,      0.000000000000,      0.000000000000,      0.000000000000,      0.000000000000,      0.000000000000,      0.000000000000,      0.000000000000,      0.000000000000,      0.000000000000,      0.000000000000,      0.000000000000,      0.000000000000,      0.000000000000,      0.000000000000,      0.000000000000
      0.000000000000,     -0.204655824192,     -3.228056797800,      3.917369184691,      0.126380037578,     -1.914677186351,      2.194635346177,     -1.326684994773,      1.402700152164,      0.071033946777,     -1.092102276442,      0.010509199468,      0.560189767565,     -0.443318100845,     -0.160104748968,      0.128154751695,     -0.120539522560,      0.221432847043,      0.188264983840,     -0.138685037197,      0.000000000000,      0.000000000000,      0.000000000000,      0.000000000000,      0.000000000000,      0.000000000000,      0.000000000000,      0.000000000000,      0.000000000000,      0.000000000000,      0.000000000000,      0.000000000000,      0.000000000000,      0.000000000000,      0.000000000000,      0.000000000000
      0.000000000000,      3.021787171092,     -0.389345173556,     -0.613282510803,     -3.907745800803,      2.012600765527,      1.401726075303,     -1.443705101770,     -1.705098550076,      1.240535926131,      0.247201233791,      0.306077414943,      0.012768268605,     -0.121495005753,      0.037468898338,     -0.433058396251,      0.271988371685,      0.326127802378,     -0.183640643917,     -0.244518843398,      0.000000000000,      0.000000000000,      0.000000000000,      0.000000000000,      0.000000000000,      0.000000000000,      0.000000000000,      0.000000000000,      0.000000000000,      0.000000000000,      0.000000000000,      0.000000000000,      0.000000000000,      0.000000000000,      0.000000000000,      0.000000000000
      0.000000000000,      3.893835057556,     -0.024038104844,     -0.567883706354,     -4.411027806789,      2.016338817661,      1.737535665120,     -2.091752308055,     -1.538788119524,     -0.140614132670,     -0.092797444102,      0.908015007178,     -0.595164003227,      0.146130939683,      0.351754715541,      0.207782570799,      0.329463089068,     -0.093146482085,     -0.129504507912,     -0.054816292122,      0.000000000000,      0.000000000000,      0.000000000000,      0.000000000000,      0.000000000000,      0.000000000000,      0.000000000000,      0.000000000000,      0.000000000000,      0.000000000000,      0.000000000000,      0.000000000000,      0.000000000000,      0.000000000000,      0.000000000000,      0.000000000000
      0.000000000000,     -4.172594614642,      0.518338017830,     -2.548603000876,      2.706100396922,      0.376112816729,     -1.470570912768,      1.662937537673,      1.213413485311,     -1.497763528939,      0.079462013502,     -0.279861603011,      0.524322934018,     -0.502625780533,      0.242346466204,      0.335578658887,      0.120492652340,     -0.124543998420,     -0.298784689381,      0.178626316242,      0.000000000000,      0.000000000000,      0.000000000000,      0.000000000000,      0.000000000000,      0.000000000000,      0.000000000000,      0.000000000000,      0.000000000000,      0.000000000000,      0.000000000000,      0.000000000000,      0.000000000000,      0.000000000000,      0.000000000000,      0.000000000000
      0.000000000000,      4.385326336001,      0.357336438036,      0.529667414166,      2.398589095770,     -2.745516777279,     -1.687706482434,      1.772323979027,     -1.282957455767,     -0.078987386099,     -0.152781180664,      0.946696728988,     -0.713639540131,      0.346857502097,      0.365444676729,     -0.281790207402,     -0.293654627126,      0.125390018791,     -0.161359333827,     -0.149626107872,      0.000000000000,      0.000000000000,      0.000000000000,      0.000000000000,      0.000000000000,      0.000000000000,      0.000000000000,      0.000000000000,      0.000000000000,      0.000000000000,      0.000000000000,      0.000000000000,      0.000000000000,      0.000000000000,      0.000000000000,      0.000000000000
      0.000000000000,     -4.258484823541,     -0.011819979387,      3.555210126262,      0.381061627555,     -2.058921676084,     -2.248945230964,      1.704823307598,      1.870431092053,      0.165090460812,     -0.533335713780,     -0.673371882899,     -0.172774526309,      0.075827539339,      0.539102003540,     -0.241559396267,      0.127007601032,     -0.274155935171,      0.143572530924,      0.177481884946,      0.000000000000,      0.000000000000,      0.000000000000,      0.000000000000,      0.000000000000,      0.000000000000,      0.000000000000,      0.000000000000,      0.000000000000,      0.000000000000,      0.000000000000,      0.000000000000,      0.000000000000,      0.000000000000,      0.000000000000,      0.000000000000
      0.000000000000,      3.915137025335,     -0.237918790402,     -3.644677652412,     -0.594694907555,      1.758098710953,      1.582894673708,     -1.827547823212,     -1.759973504652,      1.383862267525,     -0.151056601806,      0.001620954405,      0.239066151199,      0.140625110772,     -0.506634313956,      0.398734977401,      0.312695923692,     -0.140720384531,     -0.179858109769,     -0.112546919999,      0.000000000000,      0.000000000000,      0.000000000000,      0.000000000000,      0.000000000000,      0.000000000000,      0.000000000000,      0.000000000000,      0.000000000000,      0.000000000000,      0.000000000000,      0.000000000000,      0.000000000000,      0.000000000000,      0.000000000000,      0.000000000000
      0.000000000000,     -3.659391169249,      0.861048152305,      4.507507061122,     -2.189292618112,      0.109102458641,      1.909335921476,     -1.429715469619,      1.433925132221,     -0.056404967029,     -0.975562072107,     -0.028435020657,     -0.363309554975,     -0.459047850853,      0.549064244814,      0.175700347202,     -0.329091467224,     -0.137570516526,      0.275639576939,      0.121098016389,      0.000000000000,      0.000000000000,      0.000000000000,      0.000000000000,      0.000000000000,      0.000000000000,      0.000000000000,      0.000000000000,      0.000000000000,      0.000000000000,      0.000000000000,      0.000000000000,      0.000000000000,      0.000000000000,      0.000000000000,      0.000000000000
      0.000000000000,     -3.304901270008,      0.583656513520,      3.245330429961,      0.385202821410,     -1.225637379401,      2.120357122478,     -1.724149994887,      1.556502283667,     -1.247654292311,      0.042794102033,     -0.447800212023,     -0.309899370520,      0.061035790616,      0.424231805847,      0.292290537110,     -0.341335219583,      0.211720044017,     -0.059365033938,      0.086436037617,      0.000000000000,      0.000000000000,      0.000000000000,      0.000000000000,      0.000000000000,      0.000000000000,      0.000000000000,      0.000000000000,      0.000000000000,      0.000000000000,      0.000000000000,      0.000000000000,      0.000000000000,      0.000000000000,      0.000000000000,      0.000000000000
      0.000000000000,     -0.352298911181,      3.662867431829,     -0.292326272282,      2.395542701274,     -3.792293513640,      1.596599337585,     -1.683967936698,     -1.426726565853,      0.035526509055,      0.321380093940,      0.652567108544,     -0.521402777067,      0.383523095898,      0.370856624709,      0.020964706076,     -0.169777358312,     -0.326607112861,     -0.103281661564,      0.080527540286,      0.000000000000,      0.000000000000,      0.000000000000,      0.000000000000,      0.000000000000,      0.000000000000,      0.000000000000,      0.000000000000,      0.000000000000,      0.000000000000,      0.000000000000,      0.000000000000,      0.000000000000,      0.000000000000,      0.000000000000,      0.000000000000
      0.000000000000,     -0.783667518602,     -4.228795891621,     -0.533488920530,      3.199902706860,      1.866202287344,     -2.305901008347,     -2.027884732651,      1.826182910361,      0.101268937844,      0.789066927108,      0.035741937157,      0.228822052378,     -0.519981539800,      0.181752139574,     -0.090975750945,      0.204497578228,     -0.219355024440,      0.183404620188,     -0.053980875857,      0.000000000000,      0.000000000000,      0.000000000000,      0.000000000000,      0.000000000000,      0.000000000000,      0.000000000000,      0.000000000000,      0.000000000000,      0.000000000000,      0.000000000000,      0.000000000000,      0.000000000000,      0.000000000000,      0.000000000000,      0.000000000000
      0.000000000000,      4.381349885535,     -0.282373578543,      0.358411464501,     -3.120094374722,      1.702444887451,      1.814265925088,     -1.729768786363,     -1.432316577738,     -0.123134818990,      0.869559155965,     -0.077057125093,     -0.599410524937,      0.157158680810,     -0.227693317222,      0.322696639018,      0.309152778200,     -0.255207229702,     -0.213142481981,     -0.108992106615,      0.000000000000,      0.000000000000,      0.000000000000,      0.000000000000,      0.000000000000,      0.000000000000,      0.000000000000,      0.000000000000,      0.000000000000,      0.000000000000,      0.000000000000,      0.000000000000,      0.000000000000,      0.000000000000,      0.000000000000,      0.000000000000
      0.000000000000,     -3.860728623347,      0.392084363614,      3.294502148317,      0.128473269450,     -2.171225188426,      2.095054169434,     -1.678676255901,      1.561888313645,     -0.037260661513,     -0.861699773202,      0.216478239435,     -0.240779168661,      0.473065172771,      0.385504239142,      0.043937944007,     -0.300948450972,     -0.174147882655,      0.096231035318,     -0.068386859063,      0.000000000000,      0.000000000000,      0.000000000000,      0.000000000000,      0.000000000000,      0.000000000000,      0.000000000000,      0.000000000000,      0.000000000000,      0.000000000000,      0.000000000000,      0.000000000000,      0.000000000000,      0.000000000000,      0.000000000000,      0.000000000000
      0.000000000000,      0.539381273306,      0.124910403574,      3.767523758022,     -3.481571852710,      1.910037361982,     -1.726909082610,      1.602407641681,     -1.497319610385,     -0.815341283637,     -0.080132865887,     -0.043958197053,      0.585980994414,      0.520509922291,      0.381939339237,     -0.294713809894,     -0.157620758473,     -0.126643222107,      0.106030582664,     -0.187909325196,      0.000000000000,      0.000000000000,      0.000000000000,      0.000000000000,      0.000000000000,      0.000000000000,      0.000000000000,      0.000000000000,      0.000000000000,      0.000000000000,      0.000000000000,      0.000000000000,      0.000000000000,      0.000000000000,      0.000000000000,      0.000000000000
      0.000000000000,      0.187499443196,     -3.614071156057,      3.617290716967,     -0.253886878547,     -2.811716776470,      2.146533063670,     -1.619201078249,      1.582617894691,      0.936462059482,     -0.004451653314,     -0.496272059667,     -0.317304919038,      0.205291945497,      0.004236236484,      0.290883178225,     -0.187303789628,     -0.241234185384,      0.146236742565,     -0.033405526747,      0.000000000000,      0.000000000000,      0.000000000000,      0.000000000000,      0.000000000000,      0.000000000000,      0.000000000000,      0.000000000000,      0.000000000000,      0.000000000000,      0.000000000000,      0.000000000000,      0.000000000000,      0.000000000000,      0.000000000000,      0.000000000000
      0.000000000000,      3.917476051161,     -0.959159726053,     -3.301710446092,     -0.473037288792,      1.938908457186,      1.759793742437,     -1.473053679386,     -1.454953564844,      0.755220718024,      0.247913199254,     -0.545136583724,     -0.039705768610,      0.458881184669,      0.009374999505,     -0.371344280496,      0.323576768234,      0.134993528595,     -0.268247190529,     -0.085728181478,      0.000000000000,      0.000000000000,      0.000000000000,      0.000000000000,      0.000000000000,      0.000000000000,      0.000000000000,      0.000000000000,      0.000000000000,      0.000000000000,      0.000000000000,      0.000000000000,      0.000000000000,      0.000000000000,      0.000000000000,      0.000000000000
      0.000000000000,     -4.231952623894,      0.227477671235,      0.431152268162,      3.153504019471,      2.094687933748,     -2.298678518555,      1.322095748512,     -1.180678360634,      0.043185895517,     -0.935083153032,      0.773088842652,      0.014902017717,      0.207724281085,     -0.340653620590,     -0.143664434768,     -0.210365726545,     -0.055405304050,      0.132360013162,      0.126701339930,      0.000000000000,      0.000000000000,      0.000000000000,      0.000000000000,      0.000000000000,      0.000000000000,      0.000000000000,      0.000000000000,      0.000000000000,      0.000000000000,      0.000000000000,      0.000000000000,      0.000000000000,      0.000000000000,      0.000000000000,      0.000000000000
      0.000000000000,     -0.205690437580,      3.864365849346,     -3.475920645420,     -0.336612853535,     -2.042630089369,      1.611769193883,      1.684000598654,     -1.751228080962,      1.216227129840,     -0.009631164365,     -0.791039260444,      0.428784577255,     -0.158562925417,      0.150923236080,     -0.026650041899,      0.165643194602,     -0.148399509975,      0.170146490952,     -0.130044374978,      0.000000000000,      0.000000000000,      0.000000000000,      0.000000000000,      0.000000000000,      0.000000000000,      0.000000000000,      0.000000000000,      0.000000000000,      0.000000000000,      0.000000000000,      0.000000000000,      0.000000000000,      0.000000000000,      0.000000000000,      0.000000000000
      0.000000000000,     -4.044717985336,      3.384296686234,      0.358742872416,      0.155639289157,     -2.268003726733,      1.650433570159,     -1.703594684332,      1.313035899953,      0.042332076966,     -0.758716304948,     -0.561598546487,      0.012371941855,      0.627398136930,     -0.171357005184,     -0.471041933789,      0.169408829388,      0.306320650563,      0.292613015904,      0.079411200123,      0.000000000000,      0.000000000000,      0.000000000000,      0.000000000000,      0.000000000000,      0.000000000000,      0.000000000000,      0.000000000000,      0.000000000000,      0.000000000000,      0.000000000000,      0.000000000000,      0.000000000000,      0.000000000000,      0.000000000000,      0.000000000000
      0.000000000000,      0.468698711873,     -3.378979762695,      3.699241850762,      0.731501703763,     -1.430088436037,      1.983563829423,     -1.728295620532,      2.019707914788,     -1.121327033908,      0.011804586837,     -0.503243401479,      0.597919885117,      0.025857828224,     -0.195763003900,     -0.130567555331,     -0.286882564203,      0.135893883197,      0.140612664104,      0.147156211896,      0.000000000000,      0.000000000000,      0.000000000000,      0.000000000000,      0.000000000000,      0.000000000000,      0.000000000000,      0.000000000000,      0.000000000000,      0.000000000000,      0.000000000000,      0.000000000000,      0.000000000000,      0.000000000000,      0.000000000000,      0.000000000000
      0.000000000000,      0.147743299503,      0.213483435441,      4.238054385097,     -3.503553521276,     -1.783816749250,     -1.778166013485,      1.840646475575,      1.859445268949,      0.017778759704,     -0.662017710554,      0.643161284357,      0.052746964346,     -0.189734068479,     -0.356133836435,      0.198958483643,     -0.343200968586,      0.084921194868,     -0.150381967783,      0.151874703945,      0.000000000000,      0.000000000000,      0.000000000000,      0.000000000000,      0.000000000000,      0.000000000000,      0.000000000000,      0.000000000000,      0.000000000000,      0.000000000000,      0.000000000000,      0.000000000000,      0.000000000000,      0.000000000000,      0.000000000000,      0.000000000000
      0.000000000000,      0.517307485614,     -3.308658890748,      3.894980655466,      0.326368975320,     -2.073104714200,      1.599668126386,     -1.626642910054,      1.643155873031,     -0.088129857133,      0.255865102867,     -0.321672772346,     -0.564158632648,     -0.034126191634,      0.573870000916,     -0.361524856570,      0.365973537630,     -0.327329922372,     -0.084583554691,      0.064177992518,      0.000000000000,      0.000000000000,      0.000000000000,      0.000000000000,      0.000000000000,      0.000000000000,      0.000000000000,      0.000000000000,      0.000000000000,      0.000000000000,      0.000000000000,      0.000000000000,      0.000000000000,      0.000000000000,      0.000000000000,      0.000000000000
      0.000000000000,      0.072343056614,      3.141510798738,     -3.918188048318,     -0.087307159992,      2.248325219231,     -2.178632819256,     -1.480480672649,      1.237137798800,      0.036244753087,      0.553794223636,      0.518401630414,     -0.615900161021,      0.479554825906,     -0.007946209718,      0.211186890997,     -0.105366544679,     -0.257065756378,     -0.187194221432,     -0.085436698255,      0.000000000000,      0.000000000000,      0.000000000000,      0.000000000000,      0.000000000000,      0.000000000000,      0.000000000000,      0.000000000000,      0.000000000000,      0.000000000000,      0.000000000000,      0.000000000000,      0.000000000000,      0.000000000000,      0.000000000000,      0.000000000000
      0.000000000000,     -0.175546708306,     -0.170314543505,     -4.200367727107,      3.347077513713,      2.539635924746,     -2.879587660317,      1.664826386631,     -1.093835091403,      0.077636616263,      0.671607496763,     -0.615592519151,      0.056150996609,      0.292079608712,      0.350362704068,     -0.251275176737,      0.120912693366,     -0.190919420352,      0.178078737297,     -0.070901579275,      0.000000000000,      0.000000000000,      0.000000000000,      0.000000000000,      0.000000000000,      0.000000000000,      0.000000000000,      0.000000000000,      0.000000000000,      0.000000000000,      0.000000000000,      0.000000000000,      0.000000000000,      0.000000000000,      0.000000000000,      0.000000000000
      0.000000000000,     -0.708615931888,     -0.459860397432,      3.224349745554,     -3.601365071513,      2.194309395897,      1.588076223822,     -1.418948322635,     -2.018058583319,      1.079526845883,      0.404196807985,     -0.008109357945,     -0.638656267999,      0.037548045463,     -0.296039796844,     -0.073204183835,      0.126873165274,      0.223017664740,      0.111648153117,     -0.180661781064,      0.000000000000,      0.000000000000,      0.000000000000,      0.000000000000,      0.000000000000,      0.000000000000,      0.000000000000,      0.000000000000,      0.000000000000,      0.000000000000,      0.000000000000,      0.000000000000,      0.000000000000,      0.000000000000,      0.000000000000,      0.000000000000
      0.000000000000,      3.997701935084,     -0.346130224855,     -3.425001410877,     -0.345343138180,      2.072380521467,     -1.968958941219,      1.646502745113,     -1.535432475114,     -0.125848388965,      0.994323554048,     -0.592633573689,      0.454597607079,     -0.043321653486,      0.110327321339,     -0.286883130055,      0.301695105492,      0.082254336788,     -0.181799623151,     -0.115373306694,      0.000000000000,      0.000000000000,      0.000000000000,      0.000000000000,      0.000000000000,      0.000000000000,      0.000000000000,      0.000000000000,      0.000000000000,      0.000000000000,      0.000000000000,      0.000000000000,      0.000000000000,      0.000000000000,      0.000000000000,      0.000000000000
      0.000000000000,     -3.868875227599,      0.226895408163,      0.596788440820,      3.320412374020,     -2.241585818869,     -1.932715986664,      2.054839421523,      1.247556588665,     -1.295088958365,      0.092432242793,     -0.252349618042,     -0.021060962384,      0.454804932648,     -0.401934659799,      0.210019299154,     -0.293672469628,      0.213465397586,     -0.067234002742,      0.100711834958,      0.000000000000,      0.000000000000,      0.000000000000,      0.000000000000,      0.000000000000,      0.000000000000,      0.000000000000,      0.000000000000,      0.000000000000,      0.000000000000,      0.000000000000,      0.000000000000,      0.000000000000,      0.000000000000,      0.000000000000,      0.000000000000
      0.000000000000,      0.460319555238,      3.739227822501,     -3.651836090208,      0.516670037327,      2.160503093526,     -2.070130696294,     -1.616559985983,      1.467172926167,     -0.072067096484,     -0.794728109776,      0.634166146994,      0.048389326397,     -0.219747816322,      0.392775064841,     -0.361753456816,      0.111483505015,      0.345198421253,     -0.260063218316,     -0.099719573874,      0.000000000000,      0.000000000000,      0.000000000000,      0.000000000000,      0.000000000000,      0.000000000000,      0.000000000000,      0.000000000000,      0.000000000000,      0.000000000000,      0.000000000000,      0.000000000000,      0.000000000000,      0.000000000000,      0.000000000000,      0.000000000000
      0.000000000000,      0.449508694988,     -3.630578989136,      3.764621771447,     -1.979824034227,      0.312869996345,      2.362245973497,     -1.431185912076,      1.907412106817,     -1.045175651918,      0.040610705185,     -0.272457487833,     -0.512884282775,      0.476532223911,      0.047379745126,      0.167887363468,     -0.331649577336,     -0.110885501211,      0.097444028361,      0.081227440953,      0.000000000000,      0.000000000000,      0.000000000000,      0.000000000000,      0.000000000000,      0.000000000000,      0.000000000000,      0.000000000000,      0.000000000000,      0.000000000000,      0.000000000000,      0.000000000000,      0.000000000000,      0.000000000000,      0.000000000000,      0.000000000000
      0.000000000000,     -0.179677288193,      3.831190502067,     -0.579497970125,     -3.154331255113,     -1.948634456182,      1.669504974202,      1.314297823471,     -1.326934213179,     -0.026946276259,      0.859907873344,      0.291278228996,     -0.482105594678,     -0.549163640565,     -0.136256556148,     -0.279538509420,      0.252913591803,     -0.048110710390,      0.099024999350,      0.220596933962,      0.000000000000,      0.000000000000,      0.000000000000,      0.000000000000,      0.000000000000,      0.000000000000,      0.000000000000,      0.000000000000,      0.000000000000,      0.000000000000,      0.000000000000,      0.000000000000,      0.000000000000,      0.000000000000,      0.000000000000,      0.000000000000
      0.000000000000,      3.405794678121,     -0.351177430508,     -3.864267489383,      0.109980667300,      2.006863838939,     -2.347575753817,     -1.606751307258,      1.344310723760,     -0.053424484664,      0.024300797631,      0.894705277663,      0.313448944488,     -0.462727636993,      0.327471046580,      0.248596265490,     -0.069996430823,     -0.164975177543,     -0.178555769102,     -0.100240846350,      0.000000000000,      0.000000000000,      0.000000000000,      0.000000000000,      0.000000000000,      0.000000000000,      0.000000000000,      0.000000000000,      0.000000000000,      0.000000000000,      0.000000000000,      0.000000000000,      0.000000000000,      0.000000000000,      0.000000000000,      0.000000000000
      0.000000000000,     -4.496395864795,      3.334230317504,      0.102790524621,      0.154672933230,      1.982071898681,     -1.810614138346,     -1.715080361246,      1.626364472750,      0.036155576861,     -0.935484579665,      0.089250890002,     -0.250538683236,      0.403860749730,      0.410360373833,     -0.149535751771,      0.313203871673,      0.184356210085,     -0.292099183260,      0.160155570689,      0.000000000000,      0.000000000000,      0.000000000000,      0.000000000000,      0.000000000000,      0.000000000000,      0.000000000000,      0.000000000000,      0.000000000000,      0.000000000000,      0.000000000000,      0.000000000000,      0.000000000000,      0.000000000000,      0.000000000000,      0.000000000000
      0.000000000000,      0.709303289359,     -3.626286373732,      0.052197743739,      3.214485572389,     -2.058844401410,      2.295117919608,      1.830715836788,     -1.509791594325,      0.085642938579,     -0.888619874930,      0.080443864576,     -0.238444045912,     -0.367967336865,      0.367148761168,     -0.304919402573,      0.283377511080,      0.140443674671,     -0.078826695874,      0.189120004015,      0.000000000000,      0.000000000000,      0.000000000000,      0.000000000000,      0.000000000000,      0.000000000000,      0.000000000000,      0.000000000000,      0.000000000000,      0.000000000000,      0.000000000000,      0.000000000000,      0.000000000000,      0.000000000000,      0.000000000000,      0.000000000000
      0.000000000000,     -0.754916473071,     -0.868521559659,      3.295097536102,     -3.431520024189,      1.876846905615,      1.667963356450,     -1.804167039873,     -1.815635716612,      1.261399898510,      0.046479321284,      0.283558631392,     -0.177990349465,      0.369908559155,     -0.450901902892,     -0.010839880050,      0.166560411879,     -0.132017897632,      0.202858653858,     -0.192540266525,      0.000000000000,      0.000000000000,      0.000000000000,      0.000000000000,      0.000000000000,      0.000000000000,      0.000000000000,      0.000000000000,      0.000000000000,      0.000000000000,      0.000000000000,      0.000000000000,      0.000000000000,      0.000000000000,      0.000000000000,      0.000000000000
      0.000000000000,      4.189359246238,     -0.345915384350,     -3.476550357224,     -0.587156873528,     -2.423417456209,      1.978943240631,      1.341064571679,     -1.357765205662,     -0.108843221069,      1.427823995829,     -0.048623962739,      0.200205146775,      0.410378455214,     -0.374297102829,     -0.341533130401,     -0.150319837440,     -0.120131837220,      0.073857873137,      0.140952223462,      0.000000000000,      0.000000000000,      0.000000000000,      0.000000000000,      0.000000000000,      0.000000000000,      0.000000000000,      0.000000000000,      0.000000000000,      0.000000000000,      0.000000000000,      0.000000000000,      0.000000000000,      0.000000000000,      0.000000000000,      0.000000000000
      0.000000000000,     -3.024963891041,      4.428709958629,      0.683696520268,      0.581872484436,     -1.533387619311,     -2.004682254616,      1.512547094863,      1.663232555878,     -1.286401540208,     -0.032566185960,     -0.391442337956,      0.276355987759,      0.002677085205,     -0.404636468611,     -0.191316403802,     -0.416851624764,      0.299692920579,      0.216654050107,      0.036105194429,      0.000000000000,      0.000000000000,      0.000000000000,      0.000000000000,      0.000000000000,      0.000000000000,      0.000000000000,      0.000000000000,      0.000000000000,      0.000000000000,      0.000000000000,      0.000000000000,      0.000000000000,      0.000000000000,      0.000000000000,      0.000000000000
      0.000000000000,      0.855396660911,     -3.523159710569,      0.810667801163,      3.150440855440,      1.971661468463,     -1.504233741310,     -1.493380735870,      1.565916695673,     -1.272092527219,      0.035842938594,     -0.020618652419,     -0.464600381056,     -0.149468483175,      0.404597198180,     -0.117836320067,     -0.237438775408,      0.079426638956,      0.163804696515,      0.124239644246,      0.000000000000,      0.000000000000,      0.000000000000,      0.000000000000,      0.000000000000,      0.000000000000,      0.000000000000,      0.000000000000,      0.000000000000,      0.000000000000,      0.000000000000,      0.000000000000,      0.000000000000,      0.000000000000,      0.000000000000,      0.000000000000
      0.000000000000,     -1.037121085628,      3.259310432982,     -0.385323042534,     -3.793575642143,      1.937917291458,      1.906978213583,     -2.080400462490,     -1.723973901177,      0.104364797953,      0.734823434267,      0.578706737036,      0.003873229742,      0.204312104938,      0.325536525539,      0.151324500502,     -0.311482381929,     -0.132568823037,     -0.151769541792,     -0.033970346626,      0.000000000000,      0.000000000000,      0.000000000000,      0.000000000000,      0.000000000000,      0.000000000000,      0.000000000000,      0.000000000000,      0.000000000000,      0.000000000000,      0.000000000000,      0.000000000000,      0.000000000000,      0.000000000000,      0.000000000000,      0.000000000000
      0.000000000000,     -0.130268860022,     -4.219992157193,      2.978212601081,     -0.357014660906,      2.125035018191,     -2.402645511368,     -1.660701046120,      1.271855263372,      0.029260244834,      0.756568028011,      0.532926873938,      0.000402167522,     -0.476332681071,     -0.186174086362,      0.202882396935,     -0.430357204751,      0.285481569382,      0.105322502140,     -0.167607281598,      0.000000000000,      0.000000000000,      0.000000000000,      0.000000000000,      0.000000000000,      0.000000000000,      0.000000000000,      0.000000000000,      0.000000000000,      0.000000000000,      0.000000000000,      0.000000000000,      0.000000000000,      0.000000000000,      0.000000000000,      0.000000000000
      0.000000000000,      3.727174948863,     -0.125844559206,     -0.374160833362,     -3.053192723131,      2.405984371119,      1.557874958753,     -2.088568382888,     -1.460105718046,     -0.062505740317,      1.081336906800,     -0.701822020284,      0.214111141363,      0.355606423564,     -0.008911694760,      0.389743697714,     -0.233659773857,     -0.376046395286,     -0.118275147159,      0.042273840829,      0.000000000000,      0.000000000000,      0.000000000000,      0.000000000000,      0.000000000000,      0.000000000000,      0.000000000000,      0.000000000000,      0.000000000000,      0.000000000000,      0.000000000000,      0.000000000000,      0.000000000000,      0.000000000000,      0.000000000000,      0.000000000000
      0.000000000000,     -3.397603311647,      3.892370613900,     -0.182044296074,      0.479337769504,      1.860389526826,     -1.787032380213,     -1.557925807435,      2.099108438150,     -0.815844031686,      0.020983703007,      0.008787758619,      0.523188616670,     -0.447102724957,      0.165545054933,      0.340321943224,     -0.156432464073,     -0.322207089447,      0.288288717799,     -0.113923344489,      0.000000000000,      0.000000000000,      0.000000000000,      0.000000000000,      0.000000000000,      0.000000000000,      0.000000000000,      0.000000000000,      0.000000000000,      0.000000000000,      0.000000000000,      0.000000000000,      0.000000000000,      0.000000000000,      0.000000000000,      0.000000000000
      0.000000000000,      0.084005795510,     -3.576433333872,      0.311313868745,      3.221130593369,      2.307005641738,     -2.027234426428,     -1.697543111047,      1.213598947457,     -1.033887454415,     -0.013731143344,      0.472458462383,     -0.172540906444,     -0.028460495534,     -0.325876053316,     -0.279999461110,      0.293184669973,      0.118507089204,      0.267026229395,      0.123249236809,      0.000000000000,      0.000000000000,      0.000000000000,      0.000000000000,      0.000000000000,      0.000000000000,      0.000000000000,      0.000000000000,      0.000000000000,      0.000000000000,      0.000000000000,      0.000000000000,      0.000000000000,      0.000000000000,      0.000000000000,      0.000000000000
      0.000000000000,     -0.284410223267,      3.528078756969,     -0.508425948381,     -3.252989802265,      2.025463412365,      2.133799305378,     -1.969371765729,     -1.746604335388,      0.893472121457,     -0.085381719579,      0.007560951028,     -0.543225309688,      0.372055687880,      0.161144128708,     -0.150132960290,      0.254696660367,      0.112185185595,     -0.186009310515,     -0.140283996518,      0.000000000000,      0.000000000000,      0.000000000000,      0.000000000000,      0.000000000000,      0.000000000000,      0.000000000000,      0.000000000000,      0.000000000000,      0.000000000000,      0.000000000000,      0.000000000000,      0.000000000000,      0.000000000000,      0.000000000000,      0.000000000000
      0.000000000000,     -0.633556032760,      3.508362230790,     -3.716693442926,     -0.264324035090,      1.987719107828,     -1.727834772438,     -1.849814894740,      1.252201092396,      1.011489853557,      0.004188540098,      0.623711249853,     -0.266559206622,     -0.006980429507,     -0.443040798088,     -0.471644704757,      0.219730699165,     -0.170481949866,      0.158226208783,      0.049244469437,      0.000000000000,      0.000000000000,      0.000000000000,      0.000000000000,      0.000000000000,      0.000000000000,      0.000000000000,      0.000000000000,      0.000000000000,      0.000000000000,      0.000000000000,      0.000000000000,      0.000000000000,      0.000000000000,      0.000000000000,      0.000000000000
      0.000000000000,      4.598306222918,     -3.059859327508,      0.158280116101,      0.043509221576,     -2.128560868737,      1.969902249372,      1.877202318870,     -1.707257523738,     -0.830622697209,     -0.115130865954,      0.206713357557,      0.804578398669,     -0.295108285477,     -0.001939401737,     -0.338948226965,      0.208968158459,      0.089663930268,     -0.107040422983,     -0.142131583347,      0.000000000000,      0.000000000000,      0.000000000000,      0.000000000000,      0.000000000000,      0.000000000000,      0.000000000000,      0.000000000000,      0.000000000000,      0.000000000000,      0.000000000000,      0.000000000000,      0.000000000000,      0.000000000000,      0.000000000000,      0.000000000000
      0.000000000000,     -3.490885100420,      0.727032910081,      0.266002717861,      3.907425874588,     -1.739057083497,     -1.476494459471,      1.496536460457,      1.556299376559,     -0.104416279908,     -1.038971284275,     -0.533926538362,      0.051232705024,     -0.172165746149,     -0.138383217531,      0.354962845155,      0.269340468648,     -0.328728351308,      0.123175737629,      0.305643050161,      0.000000000000,      0.000000000000,      0.000000000000,      0.000000000000,      0.000000000000,      0.000000000000,      0.000000000000,      0.000000000000,      0.000000000000,      0.000000000000,      0.000000000000,      0.000000000000,      0.000000000000,      0.000000000000,      0.000000000000,      0.000000000000
      0.000000000000,      0.174555566137,     -3.525896330218,      3.602466851413,      0.019554921337,     -1.961762889888,      1.802113415899,      1.635855720961,     -1.491817769592,      0.005774985647,      0.804076801721,     -0.671852065373,      0.226578002609,     -0.063558285144,     -0.254330267121,      0.373361850081,     -0.305346258766,      0.230814928863,     -0.092208787483,     -0.133085624491,      0.000000000000,      0.000000000000,      0.000000000000,      0.000000000000,      0.000000000000,      0.000000000000,      0.000000000000,      0.000000000000,      0.000000000000,      0.000000000000,      0.000000000000,      0.000000000000,      0.000000000000,      0.000000000000,      0.000000000000,      0.000000000000
      0.000000000000,      3.536201965675,     -0.978927351141,     -4.010390301461,     -0.527094790050,      1.939062626438,      1.901080900787,     -1.504510335568,     -1.788980941487,      0.951742833515,      0.064033967936,      0.406168360254,      0.222690376108,      0.396138844992,      0.042008062408,     -0.413878200607,     -0.096869060492,      0.180543977320,     -0.242316715113,     -0.124017839884,      0.000000000000,      0.000000000000,      0.000000000000,      0.000000000000,      0.000000000000,      0.000000000000,      0.000000000000,      0.000000000000,      0.000000000000,      0.000000000000,      0.000000000000,      0.000000000000,      0.000000000000,      0.000000000000,      0.000000000000,      0.000000000000
      0.000000000000,      3.664305610716,     -0.924784603435,     -0.646768729921,      2.094578382357,     -3.549552516496,      1.783735726161,     -1.619175126453,     -1.795595385213,      1.405629472859,     -0.045202061496,     -0.010475730600,      0.554354733016,      0.282058828314,      0.447660684809,     -0.446013245758,      0.098638548895,     -0.098906016721,     -0.118635573511,     -0.137283059967,      0.000000000000,      0.000000000000,      0.000000000000,      0.000000000000,      0.000000000000,      0.000000000000,      0.000000000000,      0.000000000000,      0.000000000000,      0.000000000000,      0.000000000000,      0.000000000000,      0.000000000000,      0.000000000000,      0.000000000000,      0.000000000000
      0.000000000000,     -3.467892397414,      0.270327595296,      4.030149297265,      0.269747784408,     -2.346807659472,      2.376831782083,     -1.701734802377,      1.491418245358,     -1.014261469742,     -0.020420214512,      0.065374845188,      0.252590526865,     -0.500592492602,     -0.222475407018,     -0.165498229936,     -0.333824987191,      0.163926353985,      0.331493869181,      0.182915079938,      0.000000000000,      0.000000000000,      0.000000000000,      0.000000000000,      0.000000000000,      0.000000000000,      0.000000000000,      0.000000000000,      0.000000000000,      0.000000000000,      0.000000000000,      0.000000000000,      0.000000000000,      0.000000000000,      0.000000000000,      0.000000000000
      0.000000000000,      0.897461642877,     -2.866310069375,      0.397955842369,      3.455373302024,     -1.942330864140,      1.857465737544,      1.820255425737,     -1.316751644293,     -1.151970746095,     -0.067957732579,     -0.084955044564,     -0.229619106961,     -0.357215827756,     -0.369832701682,      0.456891451331,      0.277929000682,     -0.126560706795,      0.065951458443,      0.089546651877,      0.000000000000,      0.000000000000,      0.000000000000,      0.000000000000,      0.000000000000,      0.000000000000,      0.000000000000,      0.000000000000,      0.000000000000,      0.000000000000,      0.000000000000,      0.000000000000,      0.000000000000,      0.000000000000,      0.000000000000,      0.000000000000
      0.000000000000,     -0.355577896592,      3.581930577531,     -0.263786922022,     -3.439093524526,      2.152292740907,      1.555576164863,     -2.115339514594,     -1.727272906603,      1.021729053669,     -0.051409392531,     -0.323077425057,      0.224024787821,      0.290787107125,      0.008053202257,      0.318156553120,     -0.336972277453,      0.097810798901,     -0.066099405636,     -0.150003006166,      0.000000000000,      0.000000000000,      0.000000000000,      0.000000000000,      0.000000000000,      0.000000000000,      0.000000000000,      0.000000000000,      0.000000000000,      0.000000000000,      0.000000000000,      0.000000000000,      0.000000000000,      0.000000000000,      0.000000000000,      0.000000000000
      0.000000000000,      3.497211351483,     -4.050823623061,     -0.031693304334,     -0.615341796796,     -2.250161388224,      1.944644475392,      1.548125636407,     -1.693378856559,      1.024169321251,     -0.015819647590,      0.028156127074,     -0.464544112253,      0.178376282837,      0.306482251396,     -0.279055989428,     -0.233434901416,     -0.096097973936,      0.114266094132,      0.194387471347,      0.000000000000,      0.000000000000,      0.000000000000,      0.000000000000,      0.000000000000,      0.000000000000,      0.000000000000,      0.000000000000,      0.000000000000,      0.000000000000,      0.000000000000,      0.000000000000,      0.000000000000,      0.000000000000,      0.000000000000,      0.000000000000
      0.000000000000,     -3.537402809423,      3.602392042067,      0.037260491553,      0.670983691059,     -2.065549388471,     -1.383677444291,      1.827174534116,      1.637946842139,     -1.014489975464,      0.072567403318,      0.832639730607,      0.288236407857,     -0.012809342494,     -0.221462897605,     -0.379064063085,     -0.336784933113,      0.200706832051,     -0.054726614114,      0.043916634855,      0.000000000000,      0.000000000000,      0.000000000000,      0.000000000000,      0.000000000000,      0.000000000000,      0.000000000000,      0.000000000000,      0.000000000000,      0.000000000000,      0.000000000000,      0.000000000000,      0.000000000000,      0.000000000000,      0.000000000000,      0.000000000000
      0.000000000000,      0.565553222022,     -3.804770318087,      3.425174318503,      0.268181011268,     -2.010499312153,     -1.881533215279,      1.663978588193,      1.317419683191,      0.014163904775,     -1.002402126665,      0.587553985992,     -0.215959903079,     -0.388091516845,      0.392949504885,     -0.002080124681,     -0.276497760781,      0.151559096216,      0.223063535383,      0.092214591657,      0.000000000000,      0.000000000000,      0.000000000000,      0.000000000000,      0.000000000000,      0.000000000000,      0.000000000000,      0.000000000000,      0.000000000000,      0.000000000000,      0.000000000000,      0.000000000000,      0.000000000000,      0.000000000000,      0.000000000000,      0.000000000000
      0.000000000000,      0.463093709748,     -3.471787809460,      3.615555047997,      0.718376228878,     -2.108074278759,     -1.930134840799,      2.123353333195,      1.633285589416,      0.003691699477,     -0.804681302903,     -0.633876893081,      0.041058779824,     -0.280592443952,     -0.301648123367,      0.308127635178,      0.324657439544,     -0.114766801324,      0.248341130775,      0.062388853522,      0.000000000000,      0.000000000000,      0.000000000000,      0.000000000000,      0.000000000000,      0.000000000000,      0.000000000000,      0.000000000000,      0.000000000000,      0.000000000000,      0.000000000000,      0.000000000000,      0.000000000000,      0.000000000000,      0.000000000000,      0.000000000000
      0.000000000000,      0.331184079606,      0.325292503451,     -2.976383834673,      4.177649827102,     -2.002645499919,      2.629529583085,      1.990932183586,     -1.242475726083,     -0.051779142243,     -0.298191569454,     -0.560542554463,     -0.571877933035,     -0.419790856361,      0.423128579734,      0.003826003767,     -0.128766675843,      0.168133954171,      0.057920851185,      0.095968224068,      0.000000000000,      0.000000000000,      0.000000000000,      0.000000000000,      0.000000000000,      0.000000000000,      0.000000000000,      0.000000000000,      0.000000000000,      0.000000000000,      0.000000000000,      0.000000000000,      0.000000000000,      0.000000000000,      0.000000000000,      0.000000000000
      0.000000000000,     -1.093130454950,      3.451024550159,     -3.456590697169,     -0.800654443758,      1.749601378734,     -1.776911745451,      1.305410947383,     -1.470184227397,      0.876324198942,      0.005438921142,      0.297934816720,      0.522536593501,     -0.018196175511,     -0.148559973775,      0.136207222583,     -0.298828267932,     -0.303279211404,      0.169736548262,     -0.137977892282,      0.000000000000,      0.000000000000,      0.000000000000,      0.000000000000,      0.000000000000,      0.000000000000,      0.000000000000,      0.000000000000,      0.000000000000,      0.000000000000,      0.000000000000,      0.000000000000,      0.000000000000,      0.000000000000,      0.000000000000,      0.000000000000
      0.000000000000,      3.572380223862,     -0.432908931586,     -4.112179426381,     -0.429179334217,      1.907082414756,      1.522526259780,     -1.760262109156,     -1.668453406248,     -0.135579193928,      0.962906105465,     -0.006043080748,      0.438546128503,      0.222064772705,      0.401547641489,      0.168295292713,     -0.403682234229,     -0.188839555861,     -0.052148266266,     -0.095210060390,      0.000000000000,      0.000000000000,      0.000000000000,      0.000000000000,      0.000000000000,      0.000000000000,      0.000000000000,      0.000000000000,      0.000000000000,      0.000000000000,      0.000000000000,      0.000000000000,      0.000000000000,      0.000000000000,      0.000000000000,      0.000000000000
      0.000000000000,     -5.010770856466,     -0.500155441023,      2.688352429375,     -0.257809970619,     -2.332013816682,      1.918079142360,      1.476025296899,     -1.363393931251,      0.162689568758,     -1.021508959892,      0.705214239921,      0.102597596312,      0.316841043046,      0.344811087961,     -0.231355489870,      0.205862408900,     -0.093746448647,      0.301333317514,     -0.164763636037,      0.000000000000,      0.000000000000,      0.000000000000,      0.000000000000,      0.000000000000,      0.000000000000,      0.000000000000,      0.000000000000,      0.000000000000,      0.000000000000,      0.000000000000,      0.000000000000,      0.000000000000,      0.000000000000,      0.000000000000,      0.000000000000
      0.000000000000,     -0.152690847137,      0.152908498552,      4.104271158309,     -3.561080754404,      2.168802603130,     -2.225883172059,      1.567663538578,     -1.245200216997,     -0.085055547252,     -0.898377037037,     -0.097854847971,      0.676908372677,      0.444539366370,     -0.161418203756,      0.207169082950,      0.100091416143,      0.307371142903,     -0.254741100444,     -0.220530534955,      0.000000000000,      0.000000000000,      0.000000000000,      0.000000000000,      0.000000000000,      0.000000000000,      0.000000000000,      0.000000000000,      0.000000000000,      0.000000000000,      0.000000000000,      0.000000000000,      0.000000000000,      0.000000000000,      0.000000000000,      0.000000000000
      0.000000000000,     -3.701305585482,      0.093284412817,     -0.042763724970,      3.403028891336,     -2.390463467710,     -1.690388431771,      1.736406995319,      1.545735739732,     -0.034392403810,     -0.874214877598,      0.748493514494,      0.091837031921,      0.213721696599,     -0.159765120428,     -0.220969363528,      0.328157909931,     -0.314510959830,     -0.272014973907,      0.171249154907,      0.000000000000,      0.000000000000,      0.000000000000,      0.000000000000,      0.000000000000,      0.000000000000,      0.000000000000,      0.000000000000,      0.000000000000,      0.000000000000,      0.000000000000,      0.000000000000,      0.000000000000,      0.000000000000,      0.000000000000,      0.000000000000
      0.000000000000,      3.916423912604,     -0.215308984009,     -3.081658308892,     -0.370013756557,      2.093068864206,      1.859750833567,     -1.538761014662,     -1.235545467179,      1.138375610881,     -0.028598601574,      0.286094178412,     -0.581255957025,      0.423855097966,     -0.025322301244,     -0.348846792286,      0.286505586261,     -0.132430024073,     -0.203676051178,     -0.111694012739,      0.000000000000,      0.000000000000,      0.000000000000,      0.000000000000,      0.000000000000,      0.000000000000,      0.000000000000,      0.000000000000,      0.000000000000,      0.000000000000,      0.000000000000,      0.000000000000,      0.000000000000,      0.000000000000,      0.000000000000,      0.000000000000
      0.000000000000,     -0.145890837137,     -4.284319521770,      3.507616173257,      0.278461793906,      2.097038238593,      1.682077943722,     -1.990269845391,     -1.433324060299,      0.027716524482,     -0.857717848446,      0.783597855364,      0.099044932739,      0.244070032477,     -0.174197676443,     -0.268902326977,     -0.110804462623,      0.122721946286,     -0.224367323994,      0.184792580288,      0.000000000000,      0.000000000000,      0.000000000000,      0.000000000000,      0.000000000000,      0.000000000000,      0.000000000000,      0.000000000000,      0.000000000000,      0.000000000000,      0.000000000000,      0.000000000000,      0.000000000000,      0.000000000000,      0.000000000000,      0.000000000000
      0.000000000000,      0.561858259728,     -3.530144583312,      3.416916228358,      0.310237239679,     -2.179866572883,     -1.670705300330,      1.783070868245,      1.256712631183,      0.084737338790,     -1.168294690719,      0.853521367173,     -0.376395642126,      0.032580628422,     -0.323732025709,      0.303228992399,      0.141343626248,      0.155448143000,     -0.135744145051,     -0.043223379870,      0.000000000000,      0.000000000000,      0.000000000000,      0.000000000000,      0.000000000000,      0.000000000000,      0.000000000000,      0.000000000000,      0.000000000000,      0.000000000000,      0.000000000000,      0.000000000000,      0.000000000000,      0.000000000000,      0.000000000000,      0.000000000000
      0.000000000000,      4.813708214938,      0.806332418195,     -3.013919885365,      0.572655400418,     -1.803844782079,     -1.929760727585,      1.984704841465,      1.873467396469,     -0.693541189200,     -0.101001222923,     -0.284372629059,     -0.374781787140,     -0.000519775863,     -0.377116942325,     -0.212435188046,      0.505489434513,      0.324769826616,      0.060226265303,      0.074055548269,      0.000000000000,      0.000000000000,      0.000000000000,      0.000000000000,      0.000000000000,      0.000000000000,      0.000000000000,      0.000000000000,      0.000000000000,      0.000000000000,      0.000000000000,      0.000000000000,      0.000000000000,      0.000000000000,      0.000000000000,      0.000000000000
      0.000000000000,     -3.789257144531,      0.348774632679,      0.431351367212,     -2.018204656804,      3.297518948973,     -1.570935907113,      1.827022228975,      1.475630554033,     -0.910991963410,     -0.650381415996,      0.685416785175,      0.092477007148,     -0.508485681652,      0.016641410482,      0.162817874924,     -0.108590004123,     -0.090730655027,      0.061713104943,      0.065213608105,      0.000000000000,      0.000000000000,      0.000000000000,      0.000000000000,      0.000000000000,      0.000000000000,      0.000000000000,      0.000000000000,      0.000000000000,      0.000000000000,      0.000000000000,      0.000000000000,      0.000000000000,      0.000000000000,      0.000000000000,      0.000000000000
      0.000000000000,      4.162860832507,     -0.315580934817,     -0.368988135715,     -3.247450829142,     -1.780010988055,      1.691323059392,      1.602628635429,     -1.462607283526,     -0.033598203312,      1.011170138560,      0.436350463664,     -0.442474418432,     -0.368217092751,      0.159967469290,     -0.031198939626,      0.353277481395,     -0.107024232182,     -0.104296170040,      0.060185888895,      0.000000000000,      0.000000000000,      0.000000000000,      0.000000000000,      0.000000000000,      0.000000000000,      0.000000000000,      0.000000000000,      0.000000000000,      0.000000000000,      0.000000000000,      0.000000000000,      0.000000000000,      0.000000000000,      0.000000000000,      0.000000000000
      0.000000000000,     -4.568367856352,      0.510026215443,      3.405052756150,      0.646018202695,     -2.051789568442,     -1.992553535639,      1.763145477374,      1.679052396756,     -0.729690722517,      0.064669692910,      0.510235776628,     -0.170905580736,     -0.014109966369,     -0.364780484165,     -0.312623993579,     -0.128656249681,      0.140087000403,      0.119639603931,      0.186010928862,      0.000000000000,      0.000000000000,      0.000000000000,      0.000000000000,      0.000000000000,      0.000000000000,      0.000000000000,      0.000000000000,      0.000000000000,      0.000000000000,      0.000000000000,      0.000000000000,      0.000000000000,      0.000000000000,      0.000000000000,      0.000000000000
      0.000000000000,      3.459702213394,     -0.336648646497,      0.124557659213,     -3.762143262337,      1.669672944614,      1.768596742287,     -2.057044210048,     -1.679234394171,     -0.118192969587,      0.806777027346,      0.304763691726,     -0.621510986454,     -0.070198510437,      0.453532638132,      0.455335263841,      0.137096714817,     -0.186919499826,     -0.266508131097,     -0.193262210025,      0.000000000000,      0.000000000000,      0.000000000000,      0.000000000000,      0.000000000000,      0.000000000000,      0.000000000000,      0.000000000000,      0.000000000000,      0.000000000000,      0.000000000000,      0.000000000000,      0.000000000000,      0.000000000000,      0.000000000000,      0.000000000000
      0.000000000000,      0.479987847131,     -3.706163829126,      3.579662842124,     -2.320816779469,      0.189093823988,      2.217303204053,     -1.591483067209,      1.735023261767,     -0.021988449140,     -0.975773775288,      0.052785561979,     -0.217972561893,     -0.427541672894,      0.468641048877,     -0.344932604907,     -0.161953560426,      0.310222686930,      0.188825260658,      0.123593879646,      0.000000000000,      0.000000000000,      0.000000000000,      0.000000000000,      0.000000000000,      0.000000000000,      0.000000000000,      0.000000000000,      0.000000000000,      0.000000000000,      0.000000000000,      0.000000000000,      0.000000000000,      0.000000000000,      0.000000000000,      0.000000000000
      0.000000000000,      0.206818949959,      3.805085546386,     -0.022615967776,     -2.894259174116,     -1.955658666956,      2.049190046375,      1.943151995755,     -1.138632752420,     -0.024162051745,      0.019366928069,     -0.689421774411,      0.676712378950,     -0.427710081962,     -0.365789809428,     -0.226099998012,      0.177502082721,     -0.166716566605,      0.288248265517,      0.222211338831,      0.000000000000,      0.000000000000,      0.000000000000,      0.000000000000,      0.000000000000,      0.000000000000,      0.000000000000,      0.000000000000,      0.000000000000,      0.000000000000,      0.000000000000,      0.000000000000,      0.000000000000,      0.000000000000,      0.000000000000,      0.000000000000
      0.000000000000,      0.028097676086,      3.637340642199,     -3.705511166197,     -0.287068474347,      2.339135469281,     -2.173370784279,     -1.631314279888,      1.304969167846,     -0.068970574666,     -0.423965896710,      0.295378648555,      0.053626492748,      0.483483202972,     -0.472289756593,      0.441225051170,      0.268928664999,     -0.253987634833,     -0.064179268611,      0.075108464999,      0.000000000000,      0.000000000000,      0.000000000000,      0.000000000000,      0.000000000000,      0.000000000000,      0.000000000000,      0.000000000000,      0.000000000000,      0.000000000000,      0.000000000000,      0.000000000000,      0.000000000000,      0.000000000000,      0.000000000000,      0.000000000000
      0.000000000000,      0.051428201679,     -3.673971083673,     -0.224847431647,      3.608341582979,     -2.043824064235,      2.167257145991,      1.495684595648,     -1.880745130124,     -0.035242083924,     -0.707655726544,     -0.045586398000,     -0.285775817578,      0.574094527326,      0.281006856079,     -0.302730269948,      0.169573380463,      0.239052207707,      0.075990853079,     -0.076177879293,      0.000000000000,      0.000000000000,      0.000000000000,      0.000000000000,      0.000000000000,      0.000000000000,      0.000000000000,      0.000000000000,      0.000000000000,      0.000000000000,      0.000000000000,      0.000000000000,      0.000000000000,      0.000000000000,      0.000000000000,      0.000000000000
      0.000000000000,      3.629883266574,     -0.737226463125,     -0.776158467173,     -3.533830910329,      1.527027633572,     -1.870919986600,      1.696422106348,     -1.348841663927,      0.990147758698,      0.602603793067,     -0.057054832316,      0.022633757717,     -0.480025419641,      0.156632181234,      0.187235602827,      0.383973323803,     -0.292037540667,     -0.129901133675,     -0.076069212583,      0.000000000000,      0.000000000000,      0.000000000000,      0.000000000000,      0.000000000000,      0.000000000000,      0.000000000000,      0.000000000000,      0.000000000000,      0.000000000000,      0.000000000000,      0.000000000000,      0.000000000000,      0.000000000000,      0.000000000000,      0.000000000000
      0.000000000000,      3.301662957617,     -4.306855958004,     -0.689615202223,      1.998147383519,     -0.215575945773,      1.677474305897,     -1.765245725643,     -1.366813629314,      1.090406507065,      0.131450237895,      0.545013429165,     -0.605869399247,     -0.023470980299,     -0.325884370942,     -0.109850439843,      0.231886300509,      0.124871494247,      0.110596374430,     -0.079099940797,      0.000000000000,      0.000000000000,      0.000000000000,      0.000000000000,      0.000000000000,      0.000000000000,      0.000000000000,      0.000000000000,      0.000000000000,      0.000000000000,      0.000000000000,      0.000000000000,      0.000000000000,      0.000000000000,      0.000000000000,      0.000000000000
      0.000000000000,     -0.482848998879,      3.683665621042,     -4.088644748699,      0.016364569952,      2.277278755489,     -1.573455977005,      1.509795959965,     -1.610828648811,      1.063839472269,     -1.096849792344,      0.286474649379,      0.079833708632,     -0.166668563734,     -0.045149669998,      0.293521100497,     -0.199924101736,      0.086169252397,     -0.088711051284,      0.111350605557,      0.000000000000,      0.000000000000,      0.000000000000,      0.000000000000,      0.000000000000,      0.000000000000,      0.000000000000,      0.000000000000,      0.000000000000,      0.000000000000,      0.000000000000,      0.000000000000,      0.000000000000,      0.000000000000,      0.000000000000,      0.000000000000
      0.000000000000,     -3.535668163700,      0.440069806211,      4.136919541938,      0.519622380574,     -2.173218643784,     -1.665177829572,      1.967064172820,      1.423713095107,     -1.161746317398,     -0.044343768425,     -0.029408686721,      0.483498123683,     -0.395502702881,      0.196339773326,      0.095958837984,     -0.145751912879,     -0.208425619207,     -0.082777766551,      0.185342985246,      0.000000000000,      0.000000000000,      0.000000000000,      0.000000000000,      0.000000000000,      0.000000000000,      0.000000000000,      0.000000000000,      0.000000000000,      0.000000000000,      0.000000000000,      0.000000000000,      0.000000000000,      0.000000000000,      0.000000000000,      0.000000000000
      0.000000000000,      1.268688696987,     -3.333277023411,      3.313333886038,     -2.248023483616,      0.431455187430,     -1.394937065959,      1.503896321054,      1.767263090158,     -0.994519864936,     -0.016689077222,     -0.019383589957,     -0.465571383801,     -0.261220894388,      0.508644101133,     -0.304488759631,      0.108218021846,      0.064253597723,     -0.076137228690,      0.165875810462,      0.000000000000,      0.000000000000,      0.000000000000,      0.000000000000,      0.000000000000,      0.000000000000,      0.000000000000,      0.000000000000,      0.000000000000,      0.000000000000,      0.000000000000,      0.000000000000,      0.000000000000,      0.000000000000,      0.000000000000,      0.000000000000
      0.000000000000,      0.000600190532,      3.656031136604,      0.289576983769,     -3.382142673196,      2.246815808230,     -1.890156996766,     -1.919772625239,      1.365869354412,     -0.054103575985,      0.705371888493,      0.381952340962,     -0.297251382946,     -0.458974472048,      0.415869629702,      0.024664465187,     -0.310624917127,      0.204667912342,     -0.181275648127,     -0.041433090352,      0.000000000000,      0.000000000000,      0.000000000000,      0.000000000000,      0.000000000000,      0.000000000000,      0.000000000000,      0.000000000000,      0.000000000000,      0.000000000000,      0.000000000000,      0.000000000000,      0.000000000000,      0.000000000000,      0.000000000000,      0.000000000000
      0.000000000000,     -4.105449100298,     -0.161735545210,     -0.020507545401,      2.908312799617,     -2.135568072978,     -1.992504884777,      1.757307109172,      1.676116423983,      0.911794592214,      0.142031339902,     -0.566477441911,      0.057563888419,     -0.530977521281,      0.219392763265,     -0.120202086091,      0.239109492639,     -0.245691044178,      0.126008816309,      0.184984001778,      0.000000000000,      0.000000000000,      0.000000000000,      0.000000000000,      0.000000000000,      0.000000000000,      0.000000000000,      0.000000000000,      0.000000000000,      0.000000000000,      0.000000000000,      0.000000000000,      0.000000000000,      0.000000000000,      0.000000000000,      0.000000000000
      0.000000000000,      4.732917989901,      0.457375759857,      0.227850339837,     -3.028414912118,      2.389533425217,     -1.937088023517,      1.616695674911,     -1.384705925574,     -0.046111033222,      1.148537204847,     -0.600438218560,     -0.101245761045,     -0.448392841765,     -0.203744963503,      0.076599366217,      0.187077543998,     -0.241284284159,      0.216418904744,     -0.150856301237,      0.000000000000,      0.000000000000,      0.000000000000,      0.000000000000,      0.000000000000,      0.000000000000,      0.000000000000,      0.000000000000,      0.000000000000,      0.000000000000,      0.000000000000,      0.000000000000,      0.000000000000,      0.000000000000,      0.000000000000,      0.000000000000
      0.000000000000,     -3.617766280317,      0.846188327695,      3.863098986881,      0.678069930355,     -2.457822232806,     -1.687981763854,      1.669409954800,      1.309104050464,     -1.081877934707,      0.006584000025,      0.059605623811,     -0.551770696103,     -0.186584950869,     -0.257220454583,      0.531637430004,     -0.395712512813,      0.198068653620,      0.071954404078,      0.070365732059,      0.000000000000,      0.000000000000,      0.000000000000,      0.000000000000,      0.000000000000,      0.000000000000,      0.000000000000,      0.000000000000,      0.000000000000,      0.000000000000,      0.000000000000,      0.000000000000,      0.000000000000,      0.000000000000,      0.000000000000,      0.000000000000
      0.000000000000,      0.875558255422,      3.926221582062,     -2.959221457799,      0.299070179561,     -1.932411324933,      1.568476057481,     -1.352270800399,      1.849850405867,     -0.859263626595,      0.007119452914,     -0.586549747338,     -0.327295814396,      0.543633783931,     -0.328713186094,     -0.068519814615,      0.262672404785,      0.129424746264,     -0.102113451939,      0.136272743682,      0.000000000000,      0.000000000000,      0.000000000000,      0.000000000000,      0.000000000000,      0.000000000000,      0.000000000000,      0.000000000000,      0.000000000000,      0.000000000000,      0.000000000000,      0.000000000000,      0.000000000000,      0.000000000000,      0.000000000000,      0.000000000000
      0.000000000000,     -0.484669779746,     -4.005595673423,      3.494020667073,      0.235848059440,     -2.378771778079,      1.888380121177,     -1.519929524046,      1.489328094301,      0.052084550749,      0.333403491068,     -0.531894761896,      0.450509350745,      0.443699133429,     -0.366898873632,      0.023441851137,     -0.320300663074,     -0.186190079270,      0.069453261497,      0.116979651474,      0.000000000000,      0.000000000000,      0.000000000000,      0.000000000000,      0.000000000000,      0.000000000000,      0.000000000000,      0.000000000000,      0.000000000000,      0.000000000000,      0.000000000000,      0.000000000000,      0.000000000000,      0.000000000000,      0.000000000000,      0.000000000000
      0.000000000000,     -0.039747612102,      3.362515577086,     -3.732786331351,     -0.157536818936,      1.793376715270,     -1.895605050065,     -1.721012435176,      1.672133739569,      0.091310520627,      0.852790425900,      0.021927739477,      0.432083200095,     -0.554296007206,     -0.267626514827,     -0.072422614741,     -0.131748201304,      0.259900664865,     -0.266786895161,      0.150351716778,      0.000000000000,      0.000000000000,      0.000000000000,      0.000000000000,      0.000000000000,      0.000000000000,      0.000000000000,      0.000000000000,      0.000000000000,      0.000000000000,      0.000000000000,      0.000000000000,      0.000000000000,      0.000000000000,      0.000000000000,      0.000000000000
      0.000000000000,      3.733899936438,     -0.808884175591,     -3.941153482843,     -0.272749762120,      2.187835426406,      1.467888015037,     -1.737096580267,     -1.567643098325,      1.116886170457,      0.045299339825,      0.475671851722,      0.009080856420,     -0.250729203799,      0.404994667645,     -0.465799614314,      0.185445167863,      0.119368425251,     -0.201826673424,     -0.074854318605,      0.000000000000,      0.000000000000,      0.000000000000,      0.000000000000,      0.000000000000,      0.000000000000,      0.000000000000,      0.000000000000,      0.000000000000,      0.000000000000,      0.000000000000,      0.000000000000,      0.000000000000,      0.000000000000,      0.000000000000,      0.000000000000
      0.000000000000,     -3.951140658500,      3.655189858424,     -0.031100225909,      0.210141927675,      1.964708112351,     -1.868958657325,      2.007539173227,     -1.499649536063,     -0.990154988279,      0.020126573388,      0.069386851077,      0.409939126909,     -0.415014789549,      0.358784501961,     -0.131658994677,      0.152599897913,      0.232368892064,     -0.067022479024,     -0.180340625459,      0.000000000000,      0.000000000000,      0.000000000000,      0.000000000000,      0.000000000000,      0.000000000000,      0.000000000000,      0.000000000000,      0.000000000000,      0.000000000000,      0.000000000000,      0.000000000000,      0.000000000000,      0.000000000000,      0.000000000000,      0.000000000000
      0.000000000000,      0.483108783737,      0.023182506877,     -3.523688234478,      3.501069734327,      2.022454386809,     -1.867552893902,     -1.464239077610,      1.511473049683,     -1.074301693105,      0.004267083040,      0.684611930751,     -0.036239359463,     -0.293847210330,      0.280502489145,     -0.136285772081,     -0.183471148295,      0.204670842712,      0.104241372086,     -0.097566598933,      0.000000000000,      0.000000000000,      0.000000000000,      0.000000000000,      0.000000000000,      0.000000000000,      0.000000000000,      0.000000000000,      0.000000000000,      0.000000000000,      0.000000000000,      0.000000000000,      0.000000000000,      0.000000000000,      0.000000000000,      0.000000000000
      0.000000000000,      3.683256891999,     -0.537708071135,     -3.285966210349,     -0.512962586184,      2.210017043858,     -2.235469926975,      1.515451039826,     -1.585149728263,      0.909842316423,     -0.043493147674,     -0.288525911396,      0.259456427380,      0.470837830505,     -0.458572774189,      0.018478657032,      0.272858867193,     -0.234125335995,      0.082534971209,     -0.023897571355,      0.000000000000,      0.000000000000,      0.000000000000,      0.000000000000,      0.000000000000,      0.000000000000,      0.000000000000,      0.000000000000,      0.000000000000,      0.000000000000,      0.000000000000,      0.000000000000,      0.000000000000,      0.000000000000,      0.000000000000,      0.000000000000
      0.000000000000,      3.676174241353,     -0.232551575018,      0.009403913417,     -3.493518929668,      2.098503390334,      2.095999374644,     -1.911659772948,     -1.474723770824,      1.055721428799,      0.023227017950,     -0.574628279884,      0.400814038234,      0.044701776436,      0.123217190615,     -0.169425372844,     -0.241662342199,      0.233356478129,     -0.160409855723,     -0.071700494782,      0.000000000000,      0.000000000000,      0.000000000000,      0.000000000000,      0.000000000000,      0.000000000000,      0.000000000000,      0.000000000000,      0.000000000000,      0.000000000000,      0.000000000000,      0.000000000000,      0.000000000000,      0.000000000000,      0.000000000000,      0.000000000000
      0.000000000000,     -0.385356163625,      3.659289240090,     -3.878773063659,     -0.235512643002,      2.153419355699,     -1.878813489646,     -1.634170009028,      1.529770977486,      1.035145562988,      0.012475833611,     -0.718204264298,     -0.185069223784,      0.219522840902,     -0.324826121334,      0.022099413460,      0.243130772434,     -0.198509578564,      0.172049716570,      0.096815402070,      0.000000000000,      0.000000000000,      0.000000000000,      0.000000000000,      0.000000000000,      0.000000000000,      0.000000000000,      0.000000000000,      0.000000000000,      0.000000000000,      0.000000000000,      0.000000000000,      0.000000000000,      0.000000000000,      0.000000000000,      0.000000000000
      0.000000000000,      0.213174398670,     -3.552117022133,      3.638096939269,     -0.064893310731,     -2.126661585733,     -1.808121129442,      1.755725713502,      1.318182560121,     -0.941825518540,     -0.082791158073,      0.709776482373,      0.292053183334,     -0.376485534602,     -0.063694629892,      0.093860139051,     -0.258268768747,     -0.149662496436,      0.311219404471,      0.163867380148,      0.000000000000,      0.000000000000,      0.000000000000,      0.000000000000,      0.000000000000,      0.000000000000,      0.000000000000,      0.000000000000,      0.000000000000,      0.000000000000,      0.000000000000,      0.000000000000,      0.000000000000,      0.000000000000,      0.000000000000,      0.000000000000
      0.000000000000,      0.782266700822,     -3.409809425924,      3.711971538920,      0.581376349062,     -2.084550734315,     -1.696639447502,      1.718709105887,      1.828309161000,     -0.115611396221,     -1.025930300922,      0.111708129201,      0.669323648483,     -0.248334021844,     -0.448435110178,     -0.305115958380,     -0.096726134044,      0.119330010936,      0.087130125099,      0.071509438944,      0.000000000000,      0.000000000000,      0.000000000000,      0.000000000000,      0.000000000000,      0.000000000000,      0.000000000000,      0.000000000000,      0.000000000000,      0.000000000000,      0.000000000000,      0.000000000000,      0.000000000000,      0.000000000000,      0.000000000000,      0.000000000000
      0.000000000000,      0.411519319036,      4.325742007246,      0.725671125750,     -3.311334810620,     -2.025971065273,      1.769726486059,     -1.346997022022,      1.421237910625,      0.050576970624,     -0.675527193345,      0.046920586428,     -0.287032968659,     -0.502974025010,      0.495826829236,     -0.207653590859,      0.375964042796,     -0.324333373403,      0.103693337007,      0.074622469907,      0.000000000000,      0.000000000000,      0.000000000000,      0.000000000000,      0.000000000000,      0.000000000000,      0.000000000000,      0.000000000000,      0.000000000000,      0.000000000000,      0.000000000000,      0.000000000000,      0.000000000000,      0.000000000000,      0.000000000000,      0.000000000000
      0.000000000000,     -3.554973440508,      0.633760338106,      0.954828483381,      3.658176591138,     -2.150335349149,      1.760850204113,     -1.714335647672,      1.500544465595,     -0.528347588269,     -0.605928877608,     -0.074854558648,     -0.009519588275,     -0.181178742928,     -0.223717572534,      0.133863091128,      0.409840358637,      0.292061374764,     -0.310632817655,      0.090947952933,      0.000000000000,      0.000000000000,      0.000000000000,      0.000000000000,      0.000000000000,      0.000000000000,      0.000000000000,      0.000000000000,      0.000000000000,      0.000000000000,      0.000000000000,      0.000000000000,      0.000000000000,      0.000000000000,      0.000000000000,      0.000000000000
      0.000000000000,     -0.906185614359,      3.380889260675,     -3.748592128669,     -0.270204644048,      2.106246869538,     -2.232808549328,     -1.718863364801,      1.177540428149,      0.118045333413,      0.815683654518,      0.498146343664,      0.239877238418,     -0.495998540555,      0.374351622137,     -0.045460871459,      0.096239009454,     -0.226351375596,     -0.196484680910,     -0.087233694167,      0.000000000000,      0.000000000000,      0.000000000000,      0.000000000000,      0.000000000000,      0.000000000000,      0.000000000000,      0.000000000000,      0.000000000000,      0.000000000000,      0.000000000000,      0.000000000000,      0.000000000000,      0.000000000000,      0.000000000000,      0.000000000000
      0.000000000000,      3.760277229174,     -3.695747603753,     -0.445361456880,     -0.415164451791,      2.256502072095,      1.531786942598,     -2.092036700714,     -1.268232455420,     -0.151145369207,      0.685606476241,      0.345828168427,      0.568702566942,      0.001570416587,      0.404852740884,     -0.124276741419,     -0.414577888370,     -0.378662903922,     -0.238426224608,      0.100622687984,      0.000000000000,      0.000000000000,      0.000000000000,      0.000000000000,      0.000000000000,      0.000000000000,      0.000000000000,      0.000000000000,      0.000000000000,      0.000000000000,      0.000000000000,      0.000000000000,      0.000000000000,      0.000000000000,      0.000000000000,      0.000000000000
      0.000000000000,     -4.045329373289,     -0.568725183087,     -0.359345716471,      3.430226231837,      2.048751656205,      1.665305370261,     -1.763625138604,     -1.433854656039,      0.001422697645,      0.029235620654,     -0.842644461682,      0.632570278315,      0.391355796162,      0.212439847035,      0.310270069035,     -0.246322429428,     -0.113046393796,      0.085357636461,     -0.183043763419,      0.000000000000,      0.000000000000,      0.000000000000,      0.000000000000,      0.000000000000,      0.000000000000,      0.000000000000,      0.000000000000,      0.000000000000,      0.000000000000,      0.000000000000,      0.000000000000,      0.000000000000,      0.000000000000,      0.000000000000,      0.000000000000
      0.000000000000,     -0.637883330432,      3.374514796335,     -3.670199437841,      2.383196150233,     -0.528661879926,      1.615907124582,     -1.946630719262,     -1.228819430512,      0.830561320159,      0.028213314081,      0.010238763126,     -0.704875469867,      0.331848507920,      0.467555041427,     -0.233088614548,      0.220304843162,     -0.080507195360,      0.054070087368,     -0.135654703064,      0.000000000000,      0.000000000000,      0.000000000000,      0.000000000000,      0.000000000000,      0.000000000000,      0.000000000000,      0.000000000000,      0.000000000000,      0.000000000000,      0.000000000000,      0.000000000000,      0.000000000000,      0.000000000000,      0.000000000000,      0.000000000000
      0.000000000000,     -0.336959474564,      3.686875995449,     -3.732606041213,     -0.272281067516,      1.970833255832,      1.947091986883,     -1.630744272028,     -1.777598412263,      0.021634803845,      0.718025744217,     -0.371264913825,     -0.660865684748,      0.018928718627,      0.179782495729,      0.172189984620,      0.310351856607,      0.199320696973,     -0.182836364288,     -0.100899597253,      0.000000000000,      0.000000000000,      0.000000000000,      0.000000000000,      0.000000000000,      0.000000000000,      0.000000000000,      0.000000000000,      0.000000000000,      0.000000000000,      0.000000000000,      0.000000000000,      0.000000000000,      0.000000000000,      0.000000000000,      0.000000000000
      0.000000000000,      0.043628913137,     -4.004900857288,     -0.332938932562,      3.081950065295,     -2.276683827801,      1.688361510850,      1.443864274081,     -1.731980519899,     -0.011125415744,     -0.896296035105,      0.591729794125,      0.020004780152,      0.462740274878,      0.386613280710,     -0.135229517278,      0.151350621175,     -0.118576311686,     -0.251223326161,      0.088573724063,      0.000000000000,      0.000000000000,      0.000000000000,      0.000000000000,      0.000000000000,      0.000000000000,      0.000000000000,      0.000000000000,      0.000000000000,      0.000000000000,      0.000000000000,      0.000000000000,      0.000000000000,      0.000000000000,      0.000000000000,      0.000000000000
      0.000000000000,     -0.076210205046,      3.641742226801,     -3.325743693760,      0.150943904721,      2.256000489315,      1.756781298742,     -1.740003473874,     -1.870541600104,     -0.036643522189,      0.798688477586,     -0.671854570694,      0.620277160802,      0.174440524714,     -0.380887353152,     -0.185473155438,     -0.019180039652,      0.179321961401,     -0.086282039512,     -0.100199694451,      0.000000000000,      0.000000000000,      0.000000000000,      0.000000000000,      0.000000000000,      0.000000000000,      0.000000000000,      0.000000000000,      0.000000000000,      0.000000000000,      0.000000000000,      0.000000000000,      0.000000000000,      0.000000000000,      0.000000000000,      0.000000000000
      0.000000000000,     -0.366180584405,     -0.353525735703,      4.246604465575,     -3.467087282911,      2.538619358402,     -1.999213294535,     -1.542649298517,      1.579709886654,     -0.008912390138,     -0.654003451424,      0.607881863650,     -0.026964668884,     -0.401755780149,     -0.163917290568,      0.330376049651,      0.143292976003,     -0.197140488403,      0.099317478124,      0.173163555172,      0.000000000000,      0.000000000000,      0.000000000000,      0.000000000000,      0.000000000000,      0.000000000000,      0.000000000000,      0.000000000000,      0.000000000000,      0.000000000000,      0.000000000000,      0.000000000000,      0.000000000000,      0.000000000000,      0.000000000000,      0.000000000000
      0.000000000000,     -0.412735472055,     -3.529519269068,     -0.200638161270,      3.555470102523,     -2.027469870572,      1.574910582057,      1.444364768764,     -1.590790382950,     -0.045821471365,     -0.746623779487,      0.704508771378,     -0.386326047478,     -0.008957527642,      0.146152119437,      0.314101847718,     -0.139696347904,      0.092746934619,     -0.222648225979,      0.240437519162,      0.000000000000,      0.000000000000,      0.000000000000,      0.000000000000,      0.000000000000,      0.000000000000,      0.000000000000,      0.000000000000,      0.000000000000,      0.000000000000,      0.000000000000,      0.000000000000,      0.000000000000,      0.000000000000,      0.000000000000,      0.000000000000
      0.000000000000,      3.941443258068,      0.029042222071,     -3.479460117008,     -0.373552751642,      2.170647638694,      1.740776702875,     -1.628421013690,     -1.617108603417,      1.082794119777,     -0.048309832547,     -0.049704679613,     -0.574168874177,      0.175741238576,     -0.239703197268,      0.321034745026,      0.210655360705,     -0.199788741409,      0.056519186785,     -0.055505323045,      0.000000000000,      0.000000000000,      0.000000000000,      0.000000000000,      0.000000000000,      0.000000000000,      0.000000000000,      0.000000000000,      0.000000000000,      0.000000000000,      0.000000000000,      0.000000000000,      0.000000000000,      0.000000000000,      0.000000000000,      0.000000000000
      0.000000000000,     -4.515675638545,     -0.328027870790,      3.245441180400,     -0.301825024175,     -1.648794679899,      1.780034813536,      1.475367419756,     -1.801936756962,      0.716701320381,     -0.759432235713,      0.010664415021,      0.024480429896,      0.268826006914,      0.397208421376,     -0.197946993225,      0.297775912276,      0.142168326155,     -0.269149731883,     -0.157964329967,      0.000000000000,      0.000000000000,      0.000000000000,      0.000000000000,      0.000000000000,      0.000000000000,      0.000000000000,      0.000000000000,      0.000000000000,      0.000000000000,      0.000000000000,      0.000000000000,      0.000000000000,      0.000000000000,      0.000000000000,      0.000000000000
      0.000000000000,      0.295651282960,     -3.607196591028,      3.614956269950,      0.131056178271,      2.023794678010,     -2.141732542769,     -1.547097672069,      1.414029878516,     -0.034961125755,     -0.973847585349,      0.810490233957,     -0.441543348306,     -0.056146246950,      0.132866320407,     -0.175082733313,      0.305332613596,      0.206819883807,      0.070446935317,     -0.107297653075,      0.000000000000,      0.000000000000,      0.000000000000,      0.000000000000,      0.000000000000,      0.000000000000,      0.000000000000,      0.000000000000,      0.000000000000,      0.000000000000,      0.000000000000,      0.000000000000,      0.000000000000,      0.000000000000,      0.000000000000,      0.000000000000
      0.000000000000,      0.013595016561,      3.474458490382,     -3.782177316041,     -0.315823232335,     -1.830551636160,      2.092698975931,     -1.738726539327,      1.491737720012,      0.884280401361,     -0.814766747388,      0.055512086862,     -0.040375278134,     -0.156993535588,      0.358246494087,     -0.285227365181,      0.158103063758,     -0.271574297606,      0.133944446755,      0.225198884538,      0.000000000000,      0.000000000000,      0.000000000000,      0.000000000000,      0.000000000000,      0.000000000000,      0.000000000000,      0.000000000000,      0.000000000000,      0.000000000000,      0.000000000000,      0.000000000000,      0.000000000000,      0.000000000000,      0.000000000000,      0.000000000000
      0.000000000000,     -0.032104522013,     -3.582247343988,      3.591327445930,      0.197147910766,     -2.044982500451,      2.364813983746,     -1.443983178821,      1.209035260229,      0.068915736452,     -0.720953337483,      0.651424723600,     -0.504334777511,      0.220251582344,      0.002273950160,     -0.346407258245,     -0.186508798306,      0.311361458894,      0.101959720498,      0.169821464396,      0.000000000000,      0.000000000000,      0.000000000000,      0.000000000000,      0.000000000000,      0.000000000000,      0.000000000000,      0.000000000000,      0.000000000000,      0.000000000000,      0.000000000000,      0.000000000000,      0.000000000000,      0.000000000000,      0.000000000000,      0.000000000000
      0.000000000000,      0.779240039051,     -3.521812188898,      0.060753017604,      3.748821316867,     -2.253915499211,      2.014146011646,     -1.460002104998,      1.600364409485,      0.055665950506,     -0.948830001930,      0.598705237702,     -0.023908375968,     -0.204615597627,     -0.159437096842,     -0.329357855335,      0.165259330901,     -0.252840023498,      0.244441043613,      0.085598414610,      0.000000000000,      0.000000000000,      0.000000000000,      0.000000000000,      0.000000000000,      0.000000000000,      0.000000000000,      0.000000000000,      0.000000000000,      0.000000000000,      0.000000000000,      0.000000000000,      0.000000000000,      0.000000000000,      0.000000000000,      0.000000000000
      0.000000000000,      4.323435957154,     -3.506171349848,      0.511820834392,      0.115856023142,     -1.849730879273,     -1.797468791263,      1.495861951289,      1.793953332763,     -0.686536050027,     -0.075816068422,      0.675091715044,      0.157079530364,     -0.034089068193,     -0.174243308670,      0.285883108443,     -0.267500848326,     -0.254534427048,     -0.145613166443,      0.269847209958,      0.000000000000,      0.000000000000,      0.000000000000,      0.000000000000,      0.000000000000,      0.000000000000,      0.000000000000,      0.000000000000,      0.000000000000,      0.000000000000,      0.000000000000,      0.000000000000,      0.000000000000,      0.000000000000,      0.000000000000,      0.000000000000
      0.000000000000,     -4.300159360361,      0.032748190651,      3.081342314592,      0.001777201413,     -2.039225119775,     -1.714897622929,      1.628029801778,      1.417144490519,      0.004462057367,     -0.913392676686,      0.445791294815,     -0.428749050897,      0.236496248043,      0.388149418555,      0.418869334903,     -0.165212079267,      0.029347994995,     -0.273845361342,      0.098813781405,      0.000000000000,      0.000000000000,      0.000000000000,      0.000000000000,      0.000000000000,      0.000000000000,      0.000000000000,      0.000000000000,      0.000000000000,      0.000000000000,      0.000000000000,      0.000000000000,      0.000000000000,      0.000000000000,      0.000000000000,      0.000000000000
      0.000000000000,     -0.205199871087,      3.492306055836,     -3.505240760745,     -0.256566654360,      2.260410500109,      1.872212513766,     -1.756033852497,     -1.284720507589,      0.992083673790,      0.036833361225,     -0.056187928835,     -0.612545726626,      0.483232526539,      0.240367917140,     -0.327004192726,     -0.109223818667,      0.236098393757,     -0.203487815885,      0.083976898829,      0.000000000000,      0.000000000000,      0.000000000000,      0.000000000000,      0.000000000000,      0.000000000000,      0.000000000000,      0.000000000000,      0.000000000000,      0.000000000000,      0.000000000000,      0.000000000000,      0.000000000000,      0.000000000000,      0.000000000000,      0.000000000000
      0.000000000000,      3.907657685550,     -0.775834524043,     -0.571670163565,     -3.870450924259,      2.339635460411,     -1.695614262573,      1.796837278284,     -1.473721737017,      0.087977831308,      0.569449982841,      0.023723809435,      0.556803075672,      0.265731337217,     -0.490323754833,      0.357344003589,     -0.170876831734,     -0.190626152487,     -0.076676839798,     -0.163140412417,      0.000000000000,      0.000000000000,      0.000000000000,      0.000000000000,      0.000000000000,      0.000000000000,      0.000000000000,      0.000000000000,      0.000000000000,      0.000000000000,      0.000000000000,      0.000000000000,      0.000000000000,      0.000000000000,      0.000000000000,      0.000000000000
      0.000000000000,     -3.591803254846,      0.014911784517,      0.359302019724,      3.224616417219,      1.988919947840,     -2.021621153031,      1.422777886111,     -1.679207177477,     -0.959973891727,      0.021456561594,      0.838054376736,     -0.246953382249,      0.006757437147,     -0.399200557325,      0.153547330993,      0.202863357636,     -0.077439881469,     -0.153232196098,      0.154585886556,      0.000000000000,      0.000000000000,      0.000000000000,      0.000000000000,      0.000000000000,      0.000000000000,      0.000000000000,      0.000000000000,      0.000000000000,      0.000000000000,      0.000000000000,      0.000000000000,      0.000000000000,      0.000000000000,      0.000000000000,      0.000000000000
      0.000000000000,      3.495164477737,     -0.707131140577,     -0.560478054983,     -3.184074661684,      2.111599487856,      1.937562536137,     -1.573206955136,     -1.771651733067,      1.274276571196,     -0.049606549347,      0.491933647326,     -0.613849895851,      0.056257821284,      0.224146874333,      0.253600644586,     -0.139195116875,     -0.059331527664,      0.095653410838,     -0.091004878189,      0.000000000000,      0.000000000000,      0.000000000000,      0.000000000000,      0.000000000000,      0.000000000000,      0.000000000000,      0.000000000000,      0.000000000000,      0.000000000000,      0.000000000000,      0.000000000000,      0.000000000000,      0.000000000000,      0.000000000000,      0.000000000000
      0.000000000000,     -3.836679346305,      0.891923551277,      0.802112757333,      3.960371432573,     -2.110472283239,      1.561166062316,     -1.473332004648,      1.667524798096,      0.011854072516,     -0.824348215309,      0.697398258366,     -0.467636029387,      0.055002652567,     -0.408945717427,     -0.159314305664,     -0.155149605697,      0.205556456286,      0.067836184814,      0.133990335266,      0.000000000000,      0.000000000000,      0.000000000000,      0.000000000000,      0.000000000000,      0.000000000000,      0.000000000000,      0.000000000000,      0.000000000000,      0.000000000000,      0.000000000000,      0.000000000000,      0.000000000000,      0.000000000000,      0.000000000000,      0.000000000000
      0.000000000000,     -3.452367233019,      0.099189723565,      3.700566664595,     -2.203494858705,      0.450541947363,     -2.009534344743,      1.580573382042,      1.798823239805,     -1.341618295058,     -0.304739011692,      0.046191574264,      0.550967924289,      0.255142951083,     -0.016186821157,     -0.290790252718,     -0.220392786534,      0.086349797643,     -0.097418662767,      0.125205408838,      0.000000000000,      0.000000000000,      0.000000000000,      0.000000000000,      0.000000000000,      0.000000000000,      0.000000000000,      0.000000000000,      0.000000000000,      0.000000000000,      0.000000000000,      0.000000000000,      0.000000000000,      0.000000000000,      0.000000000000,      0.000000000000
      0.000000000000,      0.739572031163,      0.497799216123,      3.850052711588,     -3.185054354903,     -1.571669402866,     -1.539514407173,      1.948158895892,      1.464431864776,     -0.041247299521,     -0.651640265992,      0.726567436845,     -0.605083254888,     -0.046191211467,     -0.467917017952,     -0.151794814246,      0.158830609834,      0.240936043501,      0.068274002296,     -0.083823120987,      0.000000000000,      0.000000000000,      0.000000000000,      0.000000000000,      0.000000000000,      0.000000000000,      0.000000000000,      0.000000000000,      0.000000000000,      0.000000000000,      0.000000000000,      0.000000000000,      0.000000000000,      0.000000000000,      0.000000000000,      0.000000000000
      0.000000000000,      0.286232780901,      3.561085908118,     -3.981853888204,      0.063325646108,     -2.345525478297,     -1.879150131150,      1.644718486014,      1.639045531073,     -0.020244295411,      0.011231428287,      0.275686782791,     -0.552137431564,     -0.426075031173,      0.489901844750,      0.375112074055,     -0.171897834703,     -0.151007394510,      0.248986653376,      0.095918099081,      0.000000000000,      0.000000000000,      0.000000000000,      0.000000000000,      0.000000000000,      0.000000000000,      0.000000000000,      0.000000000000,      0.000000000000,      0.000000000000,      0.000000000000,      0.000000000000,      0.000000000000,      0.000000000000,      0.000000000000,      0.000000000000
      0.000000000000,     -3.550723498738,      0.383397447848,      0.454711494847,      3.677967784366,     -2.173121763933,      2.400441946401,     -1.592046870186,      1.733984434632,      0.009883449405,     -0.704587951632,     -0.018748072919,     -0.406249759639,     -0.414266004970,     -0.208172211171,      0.436083243662,      0.087172860826,      0.216715129282,     -0.088191688894,      0.072379861984,      0.000000000000,      0.000000000000,      0.000000000000,      0.000000000000,      0.000000000000,      0.000000000000,      0.000000000000,      0.000000000000,      0.000000000000,      0.000000000000,      0.000000000000,      0.000000000000,      0.000000000000,      0.000000000000,      0.000000000000,      0.000000000000
      0.000000000000,     -0.047694609829,      3.928487841831,     -0.535981599173,     -3.280877242748,     -1.760292521002,      1.772177556402,      1.387098513649,     -1.516185600767,      1.073184143250,     -0.043880388406,     -0.314224790039,     -0.436464084812,     -0.482912589712,      0.162282751132,      0.350528001615,      0.129800150423,     -0.006457569254,      0.144798565352,     -0.125347763477,      0.000000000000,      0.000000000000,      0.000000000000,      0.000000000000,      0.000000000000,      0.000000000000,      0.000000000000,      0.000000000000,      0.000000000000,      0.000000000000,      0.000000000000,      0.000000000000,      0.000000000000,      0.000000000000,      0.000000000000,      0.000000000000
      0.000000000000,      3.610769800398,     -3.871920157520,     -0.289150251888,     -0.668778445979,      1.678314849684,     -1.767592527932,      1.588425112966,     -1.907771694916,      0.981939778388,     -0.100201550179,     -0.021364090692,      0.183441231109,      0.237670113018,      0.415176626097,     -0.407300057616,      0.337409457212,     -0.097929710242,     -0.192337915221,     -0.167437561639,      0.000000000000,      0.000000000000,      0.000000000000,      0.000000000000,      0.000000000000,      0.000000000000,      0.000000000000,      0.000000000000,      0.000000000000,      0.000000000000,      0.000000000000,      0.000000000000,      0.000000000000,      0.000000000000,      0.000000000000,      0.000000000000
      0.000000000000,     -3.944620626584,      0.540553162718,      3.741797665743,      0.300945501131,      2.351611499758,     -1.770972501787,      1.619352242064,     -1.343435115030,     -0.046522051595,     -1.058215798070,     -0.079520551728,      0.329438843090,     -0.406490518329,     -0.174347202258,      0.428101769314,      0.114132402617,     -0.217608047337,     -0.121071715235,      0.215142341382,      0.000000000000,      0.000000000000,      0.000000000000,      0.000000000000,      0.000000000000,      0.000000000000,      0.000000000000,      0.000000000000,      0.000000000000,      0.000000000000,      0.000000000000,      0.000000000000,      0.000000000000,      0.000000000000,      0.000000000000,      0.000000000000
      0.000000000000,      0.075249807706,      0.344507248972,     -3.735682758141,      3.160032026719,     -2.159722583535,      1.717807200245,     -1.351415514173,      1.673103904433,      0.039418250778,     -1.040192308128,      0.644283810701,      0.086238208511,      0.267543434509,     -0.281350044441,      0.361769030977,     -0.218445734210,     -0.181771006054,      0.148930732384,     -0.054454717901,      0.000000000000,      0.000000000000,      0.000000000000,      0.000000000000,      0.000000000000,      0.000000000000,      0.000000000000,      0.000000000000,      0.000000000000,      0.000000000000,      0.000000000000,      0.000000000000,      0.000000000000,      0.000000000000,      0.000000000000,      0.000000000000
      0.000000000000,      3.959985237072,     -0.306726226545,     -0.196297430955,     -3.542778006850,      2.049381040240,     -2.008127815092,      1.544689159374,     -1.891376717036,      0.039273902113,      0.761582194286,      0.505141823410,     -0.208272532605,      0.420357948945,     -0.406009695154,     -0.064873377497,      0.126277123217,     -0.244602523942,      0.102060146664,     -0.146792573224,      0.000000000000,      0.000000000000,      0.000000000000,      0.000000000000,      0.000000000000,      0.000000000000,      0.000000000000,      0.000000000000,      0.000000000000,      0.000000000000,      0.000000000000,      0.000000000000,      0.000000000000,      0.000000000000,      0.000000000000,      0.000000000000
      0.000000000000,     -4.206054846987,     -0.104051855152,     -0.164395566452,      2.897091003415,     -2.535244897827,      2.047537337965,      1.559196526962,     -1.388587324094,      0.720086420644,      0.053531717825,     -0.755642622347,     -0.114493358491,      0.072132931659,     -0.368821088925,     -0.365744104760,      0.281841132923,      0.224111884340,      0.142700076088,      0.118289980495,      0.000000000000,      0.000000000000,      0.000000000000,      0.000000000000,      0.000000000000,      0.000000000000,      0.000000000000,      0.000000000000,      0.000000000000,      0.000000000000,      0.000000000000,      0.000000000000,      0.000000000000,      0.000000000000,      0.000000000000,      0.000000000000
      0.000000000000,      4.633861263567,     -0.355809827751,     -0.246679940981,     -3.146310097662,      2.051015660891,      1.928109657175,     -1.346202933129,     -1.670677591037,      0.985501837653,     -0.162972273427,     -0.656106465486,     -0.077502353740,      0.367132962398,      0.075987621573,     -0.264683619027,      0.327752317002,     -0.109090044828,      0.082600452932,     -0.159373401276,      0.000000000000,      0.000000000000,      0.000000000000,      0.000000000000,      0.000000000000,      0.000000000000,      0.000000000000,      0.000000000000,      0.000000000000,      0.000000000000,      0.000000000000,      0.000000000000,      0.000000000000,      0.000000000000,      0.000000000000,      0.000000000000
      0.000000000000,     -4.230560787175,      0.121584135925,      0.194067551793,      3.041338516236,     -2.177725900078,     -2.169195392361,      1.240573894433,      1.748275389872,     -0.942417057339,      0.726174815356,      0.048542348891,      0.103264344027,     -0.157335998775,     -0.323304686233,      0.262432997604,     -0.080329966220,      0.272229473655,     -0.248987419984,      0.086253568659,      0.000000000000,      0.000000000000,      0.000000000000,      0.000000000000,      0.000000000000,      0.000000000000,      0.000000000000,      0.000000000000,      0.000000000000,      0.000000000000,      0.000000000000,      0.000000000000,      0.000000000000,      0.000000000000,      0.000000000000,      0.000000000000
      0.000000000000,      3.767136535857,     -0.347430869187,     -0.211467447629,     -3.094664617167,      2.369345008305,     -1.941208731189,      1.725396833502,     -1.211470086349,      0.977727482807,     -0.721005321771,     -0.077650260216,      0.309063170650,      0.462701691545,      0.297065303560,     -0.075764735982,     -0.253051607909,     -0.154267118754,     -0.223765952513,      0.055013849511,      0.000000000000,      0.000000000000,      0.000000000000,      0.000000000000,      0.000000000000,      0.000000000000,      0.000000000000,      0.000000000000,      0.000000000000,      0.000000000000,      0.000000000000,      0.000000000000,      0.000000000000,      0.000000000000,      0.000000000000,      0.000000000000
      0.000000000000,      0.048814585047,     -4.521395285264,     -0.096154987021,      3.300815647126,     -2.569915482189,      1.990854571721,      1.457982988926,     -1.346959626381,      0.034340612401,      0.139314466007,     -0.927421409359,      0.545796534497,     -0.397328228710,      0.209629505038,     -0.318274522908,     -0.123677985606,      0.245439212041,      0.089609868239,      0.152285394555,      0.000000000000,      0.000000000000,      0.000000000000,      0.000000000000,      0.000000000000,      0.000000000000,      0.000000000000,      0.000000000000,      0.000000000000,      0.000000000000,      0.000000000000,      0.000000000000,      0.000000000000,      0.000000000000,      0.000000000000,      0.000000000000
      0.000000000000,      3.852621077175,     -0.408821462354,     -0.476781499923,     -3.744390424266,      1.828436899061,      1.490990677353,     -1.689971984680,     -1.918933091143,      0.908143670704,     -0.011146016114,      0.502868992815,     -0.536684992684,      0.001382099238,      0.126775054262,      0.339174011687,     -0.106731828101,     -0.131137543214,     -0.169993075442,      0.096424537599,      0.000000000000,      0.000000000000,      0.000000000000,      0.000000000000,      0.000000000000,      0.000000000000,      0.000000000000,      0.000000000000,      0.000000000000,      0.000000000000,      0.000000000000,      0.000000000000,      0.000000000000,      0.000000000000,      0.000000000000,      0.000000000000
      0.000000000000,     -4.173180559111,      0.175619990734,      3.358461249233,     -0.028231177170,      2.084717361339,     -1.762522086496,     -1.500933053090,      1.559813500983,      1.024416033334,      0.033392985395,     -0.757988593225,     -0.171744055043,      0.358606370908,      0.050959920183,     -0.319842698989,      0.151178917711,     -0.221232567589,      0.135599480093,     -0.041168515635,      0.000000000000,      0.000000000000,      0.000000000000,      0.000000000000,      0.000000000000,      0.000000000000,      0.000000000000,      0.000000000000,      0.000000000000,      0.000000000000,      0.000000000000,      0.000000000000,      0.000000000000,      0.000000000000,      0.000000000000,      0.000000000000
      0.000000000000,      4.679095911284,     -0.028734289113,      0.085352236154,     -3.437221813609,      2.777392623567,      1.587213424673,     -1.555422049209,     -1.519079667527,     -0.869956373371,      0.731028250372,      0.046052257310,      0.098652654791,     -0.111390988221,      0.430213111792,     -0.221224829729,     -0.111328155529,     -0.097855543831,      0.090233924492,     -0.155609280022,      0.000000000000,      0.000000000000,      0.000000000000,      0.000000000000,      0.000000000000,      0.000000000000,      0.000000000000,      0.000000000000,      0.000000000000,      0.000000000000,      0.000000000000,      0.000000000000,      0.000000000000,      0.000000000000,      0.000000000000,      0.000000000000
      0.000000000000,     -4.211594016951,      0.678998189314,      0.534559767088,     -2.734399536702,      2.944422816465,      2.208558605858,     -1.404553363391,      0.838938049843,     -0.024118965036,     -1.179178353229,      0.362777263276,      0.582466090740,     -0.458926817055,     -0.292318440711,     -0.180778547611,      0.193289732722,      0.023207190318,     -0.040198081871,      0.046533323704,      0.000000000000,      0.000000000000,      0.000000000000,      0.000000000000,      0.000000000000,      0.000000000000,      0.000000000000,      0.000000000000,      0.000000000000,      0.000000000000,      0.000000000000,      0.000000000000,      0.000000000000,      0.000000000000,      0.000000000000,      0.000000000000
      0.000000000000,      4.339067995517,     -0.264550619163,     -0.295562960389,      2.237354979931,     -2.838701139704,     -2.519091308647,      1.772122853056,     -1.234535735518,     -0.072128307152,     -0.213164101685,     -0.576781695048,      0.699176616636,      0.489594626940,      0.138443790543,      0.166238825460,      0.429363330201,     -0.172824601107,     -0.068648953918,     -0.159418576853,      0.000000000000,      0.000000000000,      0.000000000000,      0.000000000000,      0.000000000000,      0.000000000000,      0.000000000000,      0.000000000000,      0.000000000000,      0.000000000000,      0.000000000000,      0.000000000000,      0.000000000000,      0.000000000000,      0.000000000000,      0.000000000000
      0.000000000000,     -4.565829872245,     -0.094754098560,      0.386493077807,     -2.193930581677,      2.554588315612,      2.424328166488,     -1.593922902111,      1.074179918700,      0.275189280537,      0.669292508583,     -0.767234589076,     -0.676923109653,      0.028235609917,      0.377194709091,     -0.205309737909,     -0.332270596402,     -0.089338781914,      0.172286121924,      0.069583143632,      0.000000000000,      0.000000000000,      0.000000000000,      0.000000000000,      0.000000000000,      0.000000000000,      0.000000000000,      0.000000000000,      0.000000000000,      0.000000000000,      0.000000000000,      0.000000000000,      0.000000000000,      0.000000000000,      0.000000000000,      0.000000000000
      0.000000000000,      3.793148196239,     -0.861704435062,     -0.352084807460,      2.678176229281,     -2.809154005791,     -2.241985012995,      1.197619981425,     -1.162373518508,     -0.040415376285,      0.973172001154,      0.827586999517,      0.568756261363,     -0.574100251806,     -0.086965656645,      0.228962039675,     -0.237088041490,      0.043792081816,     -0.163475325367,     -0.120012325845,      0.000000000000,      0.000000000000,      0.000000000000,      0.000000000000,      0.000000000000,      0.000000000000,      0.000000000000,      0.000000000000,      0.000000000000,      0.000000000000,      0.000000000000,      0.000000000000,      0.000000000000,      0.000000000000,      0.000000000000,      0.000000000000
      0.000000000000,     -3.898729547322,      0.373377602262,      0.311242469055,     -2.766404181148,      3.382286050061,      2.234790623506,     -1.522932290012,      1.907359358940,     -0.046841288353,     -0.804364702229,     -0.571842747542,     -0.135898458141,      0.236933389770,      0.106611486454,      0.393645320283,     -0.213303735073,     -0.335605788122,      0.134382003855,      0.186750532657,      0.000000000000,      0.000000000000,      0.000000000000,      0.000000000000,      0.000000000000,      0.000000000000,      0.000000000000,      0.000000000000,      0.000000000000,      0.000000000000,      0.000000000000,      0.000000000000,      0.000000000000,      0.000000000000,      0.000000000000,      0.000000000000
      0.000000000000,     -0.545158154097,     -0.515345560291,      3.518918157443,     -3.082554787911,      1.776707913172,      1.666980259523,     -1.443250076932,     -1.750922894063,     -0.890554892772,     -0.060918733002,     -0.042781902900,      0.839242736418,      0.236187775640,     -0.355285878935,      0.407133943369,      0.333259850807,      0.084464546921,     -0.125680716546,     -0.074708714714,      0.000000000000,      0.000000000000,      0.000000000000,      0.000000000000,      0.000000000000,      0.000000000000,      0.000000000000,      0.000000000000,      0.000000000000,      0.000000000000,      0.000000000000,      0.000000000000,      0.000000000000,      0.000000000000,      0.000000000000,      0.000000000000
      0.000000000000,     -0.136221275178,      3.948543979236,     -3.584168052527,     -0.297683587144,      2.227947803537,     -2.123639887308,      1.589804858372,     -1.528504931464,      1.142127542042,     -0.069879419145,     -0.016709809389,      0.230849126005,     -0.251340562066,     -0.382604172960,     -0.319909656944,      0.284215567594,     -0.105180576746,      0.118143736584,      0.043367885459,      0.000000000000,      0.000000000000,      0.000000000000,      0.000000000000,      0.000000000000,      0.000000000000,      0.000000000000,      0.000000000000,      0.000000000000,      0.000000000000,      0.000000000000,      0.000000000000,      0.000000000000,      0.000000000000,      0.000000000000,      0.000000000000
      0.000000000000,      4.394992043628,     -3.535226078761,      0.086331599230,      0.178251361856,     -1.751080768722,     -1.741560151844,      1.497997198295,      1.629049133204,     -0.905284795126,      0.865702070368,     -0.031483820481,     -0.326846932230,      0.021787703326,      0.399700458106,      0.153101433612,     -0.280349399867,      0.082225707708,     -0.196038826412,     -0.078871857815,      0.000000000000,      0.000000000000,      0.000000000000,      0.000000000000,      0.000000000000,      0.000000000000,      0.000000000000,      0.000000000000,      0.000000000000,      0.000000000000,      0.000000000000,      0.000000000000,      0.000000000000,      0.000000000000,      0.000000000000,      0.000000000000
      0.000000000000,     -3.549136410247,      0.748489782249,      3.676883454407,      0.218486652406,     -2.231160043115,      1.527834465859,     -1.408803711294,      2.013432014476,     -0.981119265504,      0.027423172896,     -0.223193688470,     -0.315234631083,     -0.368603608948,     -0.045657636519,      0.275463860092,      0.334331638022,      0.246879203607,      0.101640869762,     -0.074339161569,      0.000000000000,      0.000000000000,      0.000000000000,      0.000000000000,      0.000000000000,      0.000000000000,      0.000000000000,      0.000000000000,      0.000000000000,      0.000000000000,      0.000000000000,      0.000000000000,      0.000000000000,      0.000000000000,      0.000000000000,      0.000000000000
      0.000000000000,     -0.394495263643,     -3.842846616953,      0.527739645146,      3.290112446507,      2.484464825468,     -2.150436791069,     -1.226088419117,      1.285962775835,     -0.894460097202,      0.084988550073,      0.286256654335,      0.430528133302,     -0.370386592979,      0.287522880955,     -0.145250137641,      0.031762938619,     -0.205853047543,      0.204107918953,     -0.069474533762,      0.000000000000,      0.000000000000,      0.000000000000,      0.000000000000,      0.000000000000,      0.000000000000,      0.000000000000,      0.000000000000,      0.000000000000,      0.000000000000,      0.000000000000,      0.000000000000,      0.000000000000,      0.000000000000,      0.000000000000,      0.000000000000
      0.000000000000,     -1.025685544077,      3.343604043631,     -3.473857261032,     -0.638199544140,      2.123003983471,      1.898985698541,     -1.746267486635,     -1.734852900417,      0.081514129054,      0.899017887809,      0.333023683996,     -0.008797549011,      0.359844778825,      0.153466279772,     -0.327911096318,      0.255812197516,     -0.065044585276,     -0.185873017457,     -0.146097270638,      0.000000000000,      0.000000000000,      0.000000000000,      0.000000000000,      0.000000000000,      0.000000000000,      0.000000000000,      0.000000000000,      0.000000000000,      0.000000000000,      0.000000000000,      0.000000000000,      0.000000000000,      0.000000000000,      0.000000000000,      0.000000000000
      0.000000000000,     -0.694967659810,      3.038107845785,     -0.392903902889,     -4.263398077541,      1.945228234587,      1.642820123689,     -1.712768499274,     -1.747368260760,      0.964778212533,      0.066218064614,      0.032098821097,      0.286853319148,      0.374556831889,     -0.471721355665,     -0.118136634721,     -0.342501115940,      0.158153412270,     -0.128686584589,      0.200705390359,      0.000000000000,      0.000000000000,      0.000000000000,      0.000000000000,      0.000000000000,      0.000000000000,      0.000000000000,      0.000000000000,      0.000000000000,      0.000000000000,      0.000000000000,      0.000000000000,      0.000000000000,      0.000000000000,      0.000000000000,      0.000000000000
      0.000000000000,      0.219085659592,      4.185544937745,     -3.589724944270,      0.250600400936,     -2.218713356368,     -1.983179479957,      1.642807792055,      1.750007859783,     -0.136943710727,     -0.884869785696,     -0.038737226454,      0.232056055175,      0.688311672333,     -0.296696707042,      0.323026522183,     -0.156444567214,     -0.194750088800,      0.068465621502,      0.169859374431,      0.000000000000,      0.000000000000,      0.000000000000,      0.000000000000,      0.000000000000,      0.000000000000,      0.000000000000,      0.000000000000,      0.000000000000,      0.000000000000,      0.000000000000,      0.000000000000,      0.000000000000,      0.000000000000,      0.000000000000,      0.000000000000
      0.000000000000,     -3.516236873157,      0.266240055978,      0.500083523831,      3.243219128948,     -2.159391230320,     -1.711738280117,      1.970259345297,      1.298336530604,     -0.003298321769,     -1.069226956438,      0.674094389899,     -0.529771526460,     -0.221370809302,      0.013844523684,     -0.170092661490,     -0.371749420052,      0.138460846254,      0.174787520020,      0.191857685877,      0.000000000000,      0.000000000000,      0.000000000000,      0.000000000000,      0.000000000000,      0.000000000000,      0.000000000000,      0.000000000000,      0.000000000000,      0.000000000000,      0.000000000000,      0.000000000000,      0.000000000000,      0.000000000000,      0.000000000000,      0.000000000000
      0.000000000000,      4.768826239048,      0.330963898212,     -0.145677305028,     -2.913469218400,      2.453357501770,     -1.843752150946,      1.422243675973,     -1.332737496740,     -0.234793723888,      0.757963109898,     -0.509980465839,     -0.158285469896,      0.200757387210,      0.103285793566,     -0.370560041898,     -0.295535656678,      0.336880542766,     -0.180963205279,      0.303002747441,      0.000000000000,      0.000000000000,      0.000000000000,      0.000000000000,      0.000000000000,      0.000000000000,      0.000000000000,      0.000000000000,      0.000000000000,      0.000000000000,      0.000000000000,      0.000000000000,      0.000000000000,      0.000000000000,      0.000000000000,      0.000000000000
      0.000000000000,     -4.406496198355,      0.141621171521,      0.247242227833,      3.054538512272,     -2.613610599807,     -1.646985730617,      1.694777025216,      1.284902892487,      0.015137982064,     -0.819557278927,      0.125000559925,      0.488143540616,      0.242802356097,     -0.203413104993,     -0.398587427237,     -0.126681978489,      0.306431163646,     -0.299211917173,      0.269606760989,      0.000000000000,      0.000000000000,      0.000000000000,      0.000000000000,      0.000000000000,      0.000000000000,      0.000000000000,      0.000000000000,      0.000000000000,      0.000000000000,      0.000000000000,      0.000000000000,      0.000000000000,      0.000000000000,      0.000000000000,      0.000000000000
      0.000000000000,      3.877853046888,     -0.283721116036,     -0.396044769717,     -3.196745449461,      1.835719014447,      2.221622870737,     -1.562451509959,     -1.430669213525,      1.096150864902,     -0.029495618625,     -0.604241946601,      0.502209157406,      0.135558325111,      0.382452365328,     -0.058295243233,     -0.142049670981,     -0.247544980021,      0.125673313008,     -0.143582408403,      0.000000000000,      0.000000000000,      0.000000000000,      0.000000000000,      0.000000000000,      0.000000000000,      0.000000000000,      0.000000000000,      0.000000000000,      0.000000000000,      0.000000000000,      0.000000000000,      0.000000000000,      0.000000000000,      0.000000000000,      0.000000000000
      0.000000000000,     -0.842857602950,     -5.026844643846,      3.235401201028,     -0.418576368035,      2.099681670708,     -2.210097025190,      1.558656847433,     -1.344712945706,      0.127035372019,      0.707422319104,     -0.657226966603,      0.295422040232,      0.355086486468,     -0.330414919388,      0.026527741174,     -0.094355359911,      0.224201413942,      0.113837947212,     -0.073094870729,      0.000000000000,      0.000000000000,      0.000000000000,      0.000000000000,      0.000000000000,      0.000000000000,      0.000000000000,      0.000000000000,      0.000000000000,      0.000000000000,      0.000000000000,      0.000000000000,      0.000000000000,      0.000000000000,      0.000000000000,      0.000000000000
      0.000000000000,      0.443230352596,     -3.615757069850,      3.517761926061,      0.411354452225,      2.091762812314,     -2.157244363369,      1.638652413360,     -1.457627397770,      0.009407872182,      0.851773236378,     -0.737550646449,     -0.230167726883,      0.006222669989,     -0.359858321638,      0.131307024247,     -0.209059604972,     -0.074704535441,      0.167980613851,      0.137999042080,      0.000000000000,      0.000000000000,      0.000000000000,      0.000000000000,      0.000000000000,      0.000000000000,      0.000000000000,      0.000000000000,      0.000000000000,      0.000000000000,      0.000000000000,      0.000000000000,      0.000000000000,      0.000000000000,      0.000000000000,      0.000000000000
      0.000000000000,      3.848103637740,     -0.223221145183,     -0.415670433604,     -3.629267184689,     -1.859953067906,     -1.926432676633,      1.934368417528,      1.490024581967,      0.816002850627,      0.010764802102,     -0.611543045652,     -0.217210475052,      0.415177455329,      0.334341078225,     -0.046747722770,      0.165876517593,     -0.238605771627,      0.081418750159,     -0.189612003525,      0.000000000000,      0.000000000000,      0.000000000000,      0.000000000000,      0.000000000000,      0.000000000000,      0.000000000000,      0.000000000000,      0.000000000000,      0.000000000000,      0.000000000000,      0.000000000000,      0.000000000000,      0.000000000000,      0.000000000000,      0.000000000000
      0.000000000000,     -3.548868240274,      0.243401970937,      0.420548200078,      4.297746467504,     -2.301016361781,     -1.740477344258,      1.704985937278,      1.396100032804,     -0.733686951238,     -0.093329178623,     -0.524763105358,     -0.423214967999,     -0.089825431898,      0.140617340010,      0.425217222394,      0.276245821582,     -0.143096504030,      0.075995625609,      0.180331904351,      0.000000000000,      0.000000000000,      0.000000000000,      0.000000000000,      0.000000000000,      0.000000000000,      0.000000000000,      0.000000000000,      0.000000000000,      0.000000000000,      0.000000000000,      0.000000000000,      0.000000000000,      0.000000000000,      0.000000000000,      0.000000000000
      0.000000000000,     -0.452920346665,     -3.692705592560,      2.810866122713,     -0.308543278677,     -1.884248493374,      1.776385832180,     -1.547953877882,      1.392146556575,      0.952559224018,      0.121486264507,     -0.848420412969,      0.005572275441,      0.517640069348,      0.258470115285,     -0.137376105886,     -0.379579724157,      0.212899434181,     -0.143422317881,      0.081078571551,      0.000000000000,      0.000000000000,      0.000000000000,      0.000000000000,      0.000000000000,      0.000000000000,      0.000000000000,      0.000000000000,      0.000000000000,      0.000000000000,      0.000000000000,      0.000000000000,      0.000000000000,      0.000000000000,      0.000000000000,      0.000000000000
      0.000000000000,      4.317257622243,     -0.783034339008,     -0.361007908060,     -3.591550879882,      2.408157110288,      2.168330908255,     -1.380662812081,     -1.121612081610,     -0.031093854889,      0.774158299227,      0.912206634795,      0.301710392690,     -0.118212425318,     -0.228521374252,     -0.287526980507,     -0.338300230817,      0.092487888618,      0.164949209998,     -0.146810139913,      0.000000000000,      0.000000000000,      0.000000000000,      0.000000000000,      0.000000000000,      0.000000000000,      0.000000000000,      0.000000000000,      0.000000000000,      0.000000000000,      0.000000000000,      0.000000000000,      0.000000000000,      0.000000000000,      0.000000000000,      0.000000000000
      0.000000000000,     -5.482888180111,     -0.592553567849,     -0.055864712869,     -2.527578937823,      2.688232631170,     -2.113177558355,      1.601329359461,      1.211320968554,     -1.401247494282,      0.167665165595,      0.231648444262,     -0.151409181216,     -0.128927755248,      0.343745433860,      0.205298869065,      0.284848316121,      0.188843404937,      0.232209825569,     -0.228550611842,      0.000000000000,      0.000000000000,      0.000000000000,      0.000000000000,      0.000000000000,      0.000000000000,      0.000000000000,      0.000000000000,      0.000000000000,      0.000000000000,      0.000000000000,      0.000000000000,      0.000000000000,      0.000000000000,      0.000000000000,      0.000000000000
      0.000000000000,      3.551285416247,      0.098670591189,     -0.475104165594,      2.186581749654,     -2.712390755830,      1.399617996249,     -1.964353756902,     -1.237599954956,      1.317813838616,     -0.146028424838,     -0.664913353961,      0.242229224318,      0.509171799622,     -0.073945980026,     -0.258261321284,      0.399362440087,     -0.316026239110,      0.114472122665,     -0.108364732968,      0.000000000000,      0.000000000000,      0.000000000000,      0.000000000000,      0.000000000000,      0.000000000000,      0.000000000000,      0.000000000000,      0.000000000000,      0.000000000000,      0.000000000000,      0.000000000000,      0.000000000000,      0.000000000000,      0.000000000000,      0.000000000000
      0.000000000000,      3.813624206607,     -4.189650881428,     -0.658713022846,     -0.620142069178,      2.369031585977,      1.802781456373,     -1.515123487515,     -1.926352971470,      0.003736395379,      0.799251678199,     -0.015487751356,      0.277741685196,      0.193825678266,      0.352677835286,      0.328014463958,     -0.413773359673,     -0.165243465119,     -0.275237905089,     -0.186096819599,      0.000000000000,      0.000000000000,      0.000000000000,      0.000000000000,      0.000000000000,      0.000000000000,      0.000000000000,      0.000000000000,      0.000000000000,      0.000000000000,      0.000000000000,      0.000000000000,      0.000000000000,      0.000000000000,      0.000000000000,      0.000000000000
      0.000000000000,     -3.438576974976,      0.855460378221,      0.334401509112,      3.254922732693,     -1.984584972604,      1.947031873100,     -1.434405178867,      1.355224044724,     -1.345417308356,      0.053974209448,     -0.574695044958,      0.095245866254,      0.500894054691,     -0.204979338032,     -0.128802473398,     -0.257545397728,      0.108072570756,      0.207086977174,      0.164316338921,      0.000000000000,      0.000000000000,      0.000000000000,      0.000000000000,      0.000000000000,      0.000000000000,      0.000000000000,      0.000000000000,      0.000000000000,      0.000000000000,      0.000000000000,      0.000000000000,      0.000000000000,      0.000000000000,      0.000000000000,      0.000000000000
      0.000000000000,      0.415220713329,      4.327100315624,     -0.129258069853,     -2.959393501324,      1.886111903155,     -1.791667453954,      1.989050928106,     -1.681646941406,     -0.726451796896,     -0.079729853494,      0.680528978580,      0.379591409207,      0.139233809043,     -0.066640818342,      0.359205120794,     -0.194979346689,     -0.191470102914,     -0.165139817459,     -0.118429954116,      0.000000000000,      0.000000000000,      0.000000000000,      0.000000000000,      0.000000000000,      0.000000000000,      0.000000000000,      0.000000000000,      0.000000000000,      0.000000000000,      0.000000000000,      0.000000000000,      0.000000000000,      0.000000000000,      0.000000000000,      0.000000000000
      0.000000000000,     -4.062585680950,     -0.456895387948,      0.227434691900,      3.596928173564,     -2.110873679021,      1.863898765668,     -1.990485742659,      1.500186356140,      0.845701108265,      0.026229983943,     -0.578548292953,      0.040963438935,     -0.362125173413,      0.330625408348,     -0.283382230506,      0.143170887445,     -0.066926349297,     -0.093603785899,      0.042971588893,      0.000000000000,      0.000000000000,      0.000000000000,      0.000000000000,      0.000000000000,      0.000000000000,      0.000000000000,      0.000000000000,      0.000000000000,      0.000000000000,      0.000000000000,      0.000000000000,      0.000000000000,      0.000000000000,      0.000000000000,      0.000000000000
      0.000000000000,      3.830627407171,     -0.535398276304,     -3.258315916118,     -0.490550731144,      1.835176196498,      1.744754725480,     -1.720947127603,     -1.389583724510,      1.146861657321,     -0.032706263642,      0.346162112156,     -0.585948323012,      0.375033916055,     -0.262262547751,     -0.014444969780,     -0.113063258594,      0.190263148254,     -0.183944990690,      0.053049002099,      0.000000000000,      0.000000000000,      0.000000000000,      0.000000000000,      0.000000000000,      0.000000000000,      0.000000000000,      0.000000000000,      0.000000000000,      0.000000000000,      0.000000000000,      0.000000000000,      0.000000000000,      0.000000000000,      0.000000000000,      0.000000000000
      0.000000000000,      0.003401230900,     -4.298135740348,      3.583537756420,      0.563958106637,     -1.857907514196,      1.899501417688,      1.649744008340,     -1.475930870469,      0.123051323538,     -0.898356723889,      0.124258992140,      0.449591891974,     -0.435203229939,     -0.102428832424,      0.247055645572,      0.119724131801,     -0.082086052006,     -0.200740410480,      0.121550333674,      0.000000000000,      0.000000000000,      0.000000000000,      0.000000000000,      0.000000000000,      0.000000000000,      0.000000000000,      0.000000000000,      0.000000000000,      0.000000000000,      0.000000000000,      0.000000000000,      0.000000000000,      0.000000000000,      0.000000000000,      0.000000000000
      0.000000000000,      0.772842224714,     -3.785437355232,      0.726728555616,      3.303121082600,     -2.401702194668,      1.939513592282,     -1.373297306332,      1.481521517655,     -1.156628824444,      0.000519388203,     -0.187868294393,      0.216916319441,     -0.207169122284,      0.022910897568,      0.326461360167,     -0.260576654071,      0.204453797627,     -0.159168644016,      0.157637795000,      0.000000000000,      0.000000000000,      0.000000000000,      0.000000000000,      0.000000000000,      0.000000000000,      0.000000000000,      0.000000000000,      0.000000000000,      0.000000000000,      0.000000000000,      0.000000000000,      0.000000000000,      0.000000000000,      0.000000000000,      0.000000000000
      0.000000000000,     -0.202491016558,     -0.618595930005,      2.866375883337,     -3.567302990022,     -2.459293788243,      1.894521947314,     -1.870490806296,      1.475231309203,      0.008265411915,      0.658441885894,      0.465476228312,      0.472400504756,      0.227365554441,     -0.448710346372,      0.022387050435,      0.145378620332,     -0.278458944706,     -0.208889231670,     -0.100305337998,      0.000000000000,      0.000000000000,      0.000000000000,      0.000000000000,      0.000000000000,      0.000000000000,      0.000000000000,      0.000000000000,      0.000000000000,      0.000000000000,      0.000000000000,      0.000000000000,      0.000000000000,      0.000000000000,      0.000000000000,      0.000000000000
      0.000000000000,     -0.057653813175,      3.887671236867,     -0.562941154913,     -3.353106066906,      2.547749439902,      1.813136793227,     -1.729132424291,     -1.758363108567,      0.026205019854,      0.906733213621,     -0.114141440302,     -0.259980790466,      0.224461630573,     -0.373752428847,      0.360493550243,      0.354808354011,     -0.303867073196,     -0.247471029944,      0.063706254090,      0.000000000000,      0.000000000000,      0.000000000000,      0.000000000000,      0.000000000000,      0.000000000000,      0.000000000000,      0.000000000000,      0.000000000000,      0.000000000000,      0.000000000000,      0.000000000000,      0.000000000000,      0.000000000000,      0.000000000000,      0.000000000000
      0.000000000000,     -0.715596581140,     -3.567595445286,      3.294985053407,      0.059016164207,      2.022380601102,     -2.285770890408,     -1.500482625393,      1.312679408925,      0.116698794329,     -0.781912253799,      0.613964807343,     -0.311796075978,      0.522355168387,      0.061136447156,      0.212988106259,      0.311345607820,     -0.371457770492,     -0.075959882273,     -0.219724167602,      0.000000000000,      0.000000000000,      0.000000000000,      0.000000000000,      0.000000000000,      0.000000000000,      0.000000000000,      0.000000000000,      0.000000000000,      0.000000000000,      0.000000000000,      0.000000000000,      0.000000000000,      0.000000000000,      0.000000000000,      0.000000000000
      0.000000000000,      4.041472688060,      0.268992887126,     -0.235272697861,     -2.794114956995,      2.758766007278,      1.738442482119,     -1.937086124358,     -1.311371909008,      1.070605644129,     -0.712907498526,     -0.046013895944,     -0.099340067292,      0.202286696647,      0.312046754951,      0.049821286103,     -0.301351502598,     -0.118613130787,     -0.209990072890,     -0.164575298667,      0.000000000000,      0.000000000000,      0.000000000000,      0.000000000000,      0.000000000000,      0.000000000000,      0.000000000000,      0.000000000000,      0.000000000000,      0.000000000000,      0.000000000000,      0.000000000000,      0.000000000000,      0.000000000000,      0.000000000000,      0.000000000000
      0.000000000000,     -0.678788154705,      3.736646580683,     -3.827206806460,      0.084121006036,      1.966516322397,     -2.027166588634,     -1.405761248818,      1.661868575030,     -0.006400805705,      0.877999893218,      0.302212689311,     -0.771515166168,      0.366732312367,      0.057630925125,     -0.175409385293,     -0.227926777258,     -0.075748927032,     -0.169283947769,      0.155256882287,      0.000000000000,      0.000000000000,      0.000000000000,      0.000000000000,      0.000000000000,      0.000000000000,      0.000000000000,      0.000000000000,      0.000000000000,      0.000000000000,      0.000000000000,      0.000000000000,      0.000000000000,      0.000000000000,      0.000000000000,      0.000000000000
      0.000000000000,      0.408964446801,     -3.158420346745,      4.426850182754,      0.545405837562,     -1.992906010194,      1.934084084547,     -1.777676452943,      1.218882726175,     -0.190650312430,     -0.845656848847,      0.702309306614,     -0.294036965058,      0.209121486825,     -0.306568541139,     -0.295789158168,     -0.045750942553,      0.307630359010,      0.083515992750,     -0.123532038554,      0.000000000000,      0.000000000000,      0.000000000000,      0.000000000000,      0.000000000000,      0.000000000000,      0.000000000000,      0.000000000000,      0.000000000000,      0.000000000000,      0.000000000000,      0.000000000000,      0.000000000000,      0.000000000000,      0.000000000000,      0.000000000000
      0.000000000000,     -3.452441708449,      3.887893551446,      0.050298273951,      0.290160187009,     -2.158817829047,     -1.597172302424,      1.716307058297,      1.976448291440,      0.086821742248,     -0.904405822906,     -0.056189746145,      0.618210677353,     -0.166374294237,     -0.369549845699,     -0.236597662880,      0.104020238359,     -0.140738257259,      0.134615707633,      0.197732546452,      0.000000000000,      0.000000000000,      0.000000000000,      0.000000000000,      0.000000000000,      0.000000000000,      0.000000000000,      0.000000000000,      0.000000000000,      0.000000000000,      0.000000000000,      0.000000000000,      0.000000000000,      0.000000000000,      0.000000000000,      0.000000000000
      0.000000000000,      4.533867802786,     -0.023330837286,     -0.388174906684,     -3.323079693453,      2.067760726563,      1.905530990810,     -1.834232582187,     -1.572315856242,     -0.067557261838,      0.761332269733,      0.463971850205,     -0.496391689043,     -0.037102695026,      0.135710414373,      0.364863777431,     -0.152650193392,     -0.115019828434,     -0.187913249836,     -0.156614966648,      0.000000000000,      0.000000000000,      0.000000000000,      0.000000000000,      0.000000000000,      0.000000000000,      0.000000000000,      0.000000000000,      0.000000000000,      0.000000000000,      0.000000000000,      0.000000000000,      0.000000000000,      0.000000000000,      0.000000000000,      0.000000000000
      0.000000000000,     -3.944757302513,      0.469049334425,     -0.114218342429,      3.091257634904,     -2.078852397032,     -2.288081964559,      1.776738568955,      1.396330180503,     -0.902035388133,      0.053804589037,      0.741234348176,      0.037098766644,     -0.176620431490,      0.340234099061,     -0.331041277820,     -0.364193998378,     -0.067324807032,      0.087505613052,      0.103438375301,      0.000000000000,      0.000000000000,      0.000000000000,      0.000000000000,      0.000000000000,      0.000000000000,      0.000000000000,      0.000000000000,      0.000000000000,      0.000000000000,      0.000000000000,      0.000000000000,      0.000000000000,      0.000000000000,      0.000000000000,      0.000000000000
      0.000000000000,      4.274433645765,     -0.462921711818,     -0.275715453097,      2.209822290041,     -3.058800060181,     -1.761502496441,      1.852746824310,     -1.328521251278,      1.378746840574,     -0.120953969206,      0.170748410670,     -0.656807948644,      0.000560421049,      0.352529474447,      0.277453535140,     -0.245603791046,     -0.138376411481,      0.088146548294,     -0.098748091851,      0.000000000000,      0.000000000000,      0.000000000000,      0.000000000000,      0.000000000000,      0.000000000000,      0.000000000000,      0.000000000000,      0.000000000000,      0.000000000000,      0.000000000000,      0.000000000000,      0.000000000000,      0.000000000000,      0.000000000000,      0.000000000000
      0.000000000000,      0.173282535973,     -4.436922909879,      3.394052620186,      0.435103801348,     -2.361329417990,      2.015293866731,     -1.374330720670,      1.323983284809,      0.245371672200,     -0.939287997115,     -0.205554411908,      0.442352317096,     -0.450923489760,     -0.349193383597,      0.208643614557,      0.034180433651,      0.168837570749,      0.204049527589,     -0.036799724415,      0.000000000000,      0.000000000000,      0.000000000000,      0.000000000000,      0.000000000000,      0.000000000000,      0.000000000000,      0.000000000000,      0.000000000000,      0.000000000000,      0.000000000000,      0.000000000000,      0.000000000000,      0.000000000000,      0.000000000000,      0.000000000000
      0.000000000000,      0.372068934505,      0.539337147815,     -3.340641109262,      3.399567161166,     -1.689912357271,      1.658365057988,      1.661039706365,     -1.919114776524,     -1.113001384886,      0.799417123950,     -0.031030519109,      0.006074424131,     -0.142267005488,      0.381256010617,     -0.254615161078,      0.204371568951,     -0.256207697073,      0.066690875202,     -0.076173132899,      0.000000000000,      0.000000000000,      0.000000000000,      0.000000000000,      0.000000000000,      0.000000000000,      0.000000000000,      0.000000000000,      0.000000000000,      0.000000000000,      0.000000000000,      0.000000000000,      0.000000000000,      0.000000000000,      0.000000000000,      0.000000000000
      0.000000000000,      3.690393782724,      0.115213978243,     -0.086518677763,     -3.796603614025,     -2.265450244251,      1.750724328094,     -1.922773047679,      1.717698790832,      0.110818017011,      0.971640813051,      0.006043377645,     -0.561401312467,      0.335109300415,     -0.142780573823,      0.145024067369,     -0.261363172887,      0.253825279895,     -0.239751845267,     -0.085758241940,      0.000000000000,      0.000000000000,      0.000000000000,      0.000000000000,      0.000000000000,      0.000000000000,      0.000000000000,      0.000000000000,      0.000000000000,      0.000000000000,      0.000000000000,      0.000000000000,      0.000000000000,      0.000000000000,      0.000000000000,      0.000000000000
      0.000000000000,     -3.276980505342,      0.053810221902,      3.839256897499,      0.420656498363,     -2.016186426012,      2.208044712833,     -1.431112174767,      1.494773121219,      0.116424984109,      0.820253821780,     -0.597870272648,     -0.680040253474,     -0.572783347409,     -0.207925117963,     -0.005462897368,      0.102248046805,      0.173904083472,      0.212267317583,     -0.132147591393,      0.000000000000,      0.000000000000,      0.000000000000,      0.000000000000,      0.000000000000,      0.000000000000,      0.000000000000,      0.000000000000,      0.000000000000,      0.000000000000,      0.000000000000,      0.000000000000,      0.000000000000,      0.000000000000,      0.000000000000,      0.000000000000
      0.000000000000,      0.574219152378,     -3.305438284489,      4.338158530843,      0.768656296854,     -1.589232351648,     -1.849949411664,      1.907478006021,      1.772615795725,     -0.956046297993,      0.016597980989,     -0.104166050919,     -0.515771284130,     -0.222301895092,      0.607657007541,      0.128593499226,     -0.150187375147,     -0.253503096529,      0.182204147684,      0.108749746112,      0.000000000000,      0.000000000000,      0.000000000000,      0.000000000000,      0.000000000000,      0.000000000000,      0.000000000000,      0.000000000000,      0.000000000000,      0.000000000000,      0.000000000000,      0.000000000000,      0.000000000000,      0.000000000000,      0.000000000000,      0.000000000000
      0.000000000000,     -3.534677680024,      0.549535799286,      0.151395876312,      3.567031664012,     -2.016447611095,     -1.904957834513,      1.758613991595,      1.277103530551,      0.088582660520,     -0.805062175171,      0.750140981733,     -0.022253814487,     -0.521740902723,     -0.216539891121,      0.239382517183,     -0.183191876631,     -0.268353000659,      0.241445896540,      0.072500850925,      0.000000000000,      0.000000000000,      0.000000000000,      0.000000000000,      0.000000000000,      0.000000000000,      0.000000000000,      0.000000000000,      0.000000000000,      0.000000000000,      0.000000000000,      0.000000000000,      0.000000000000,      0.000000000000,      0.000000000000,      0.000000000000
      0.000000000000,      4.206149145176,      0.105776176048,     -3.238711323259,      0.258908918176,     -2.125550898219,      1.691299438695,      1.626113874147,     -1.228943575647,      0.984641955601,      0.010842813246,     -0.007161035059,     -0.538981945040,     -0.223434765583,     -0.340229963267,     -0.341495207070,      0.297418807965,     -0.113335635170,      0.108434704254,      0.181029692585,      0.000000000000,      0.000000000000,      0.000000000000,      0.000000000000,      0.000000000000,      0.000000000000,      0.000000000000,      0.000000000000,      0.000000000000,      0.000000000000,      0.000000000000,      0.000000000000,      0.000000000000,      0.000000000000,      0.000000000000,      0.000000000000
      0.000000000000,     -3.845495358211,      0.656264217122,      4.154588573049,      0.654879463452,     -1.864811594150,     -1.548836023304,      2.145253046680,      1.607007303506,     -0.777076151880,      0.061375990510,     -0.295586820449,     -0.546470285202,     -0.013962973244,     -0.135659566893,      0.129705008216,     -0.230880419959,      0.253774387173,      0.224388269304,      0.094890828265,      0.000000000000,      0.000000000000,      0.000000000000,      0.000000000000,      0.000000000000,      0.000000000000,      0.000000000000,      0.000000000000,      0.000000000000,      0.000000000000,      0.000000000000,      0.000000000000,      0.000000000000,      0.000000000000,      0.000000000000,      0.000000000000
      0.000000000000,      0.132869867783,      0.708604475319,     -3.897833390092,      3.107687234105,     -1.923344538748,     -1.710222575324,      2.073898014364,      1.458352815067,      0.117627586345,     -0.990989386489,     -0.336220839685,      0.011526364138,      0.184754529987,      0.329497756524,     -0.283427504613,      0.154465214397,     -0.127523746475,     -0.089410853975,      0.175143293374,      0.000000000000,      0.000000000000,      0.000000000000,      0.000000000000,      0.000000000000,      0.000000000000,      0.000000000000,      0.000000000000,      0.000000000000,      0.000000000000,      0.000000000000,      0.000000000000,      0.000000000000,      0.000000000000,      0.000000000000,      0.000000000000
      0.000000000000,      0.030752577111,      3.854284613836,     -0.659623125745,      2.198983492768,     -3.104665536711,      1.292936470374,     -1.844229721645,     -1.718661702469,     -0.044582870777,      1.192962919424,     -0.083666036536,     -0.337005835059,      0.540370755542,      0.164756120926,      0.226344985944,     -0.223155278160,      0.105158682540,     -0.241655449671,     -0.078814524731,      0.000000000000,      0.000000000000,      0.000000000000,      0.000000000000,      0.000000000000,      0.000000000000,      0.000000000000,      0.000000000000,      0.000000000000,      0.000000000000,      0.000000000000,      0.000000000000,      0.000000000000,      0.000000000000,      0.000000000000,      0.000000000000
      0.000000000000,      3.839242275511,     -4.019657003937,     -0.769721081624,     -0.151676201330,     -2.096192398511,      1.817203943184,      1.669307007579,     -1.792948383098,      0.062550902719,      0.927474205446,     -0.268810914143,      0.195077013687,     -0.395748812942,      0.350146938678,      0.165455285204,     -0.351873941977,      0.014582212104,      0.241690336185,     -0.093476947395,      0.000000000000,      0.000000000000,      0.000000000000,      0.000000000000,      0.000000000000,      0.000000000000,      0.000000000000,      0.000000000000,      0.000000000000,      0.000000000000,      0.000000000000,      0.000000000000,      0.000000000000,      0.000000000000,      0.000000000000,      0.000000000000
      0.000000000000,     -3.940497395828,      0.116768934302,      3.221069270330,      0.122222782117,     -1.764095936185,      1.598827106055,      1.531534799447,     -1.275031213506,     -1.137077938277,      0.898639157185,      0.065580399813,     -0.298498370168,      0.010179739623,      0.257238654126,     -0.460935006683,      0.316902134021,     -0.240336841985,      0.106864446551,      0.080788995795,      0.000000000000,      0.000000000000,      0.000000000000,      0.000000000000,      0.000000000000,      0.000000000000,      0.000000000000,      0.000000000000,      0.000000000000,      0.000000000000,      0.000000000000,      0.000000000000,      0.000000000000,      0.000000000000,      0.000000000000,      0.000000000000
      0.000000000000,      3.581953276649,      0.017323247641,     -3.932699033320,      0.085858635242,      2.123143303327,     -1.840891787263,     -1.636097910241,      1.597411627933,     -0.009849961181,     -0.978331122998,      0.842843824225,      0.033412932664,      0.215414781801,     -0.142111307431,      0.162680864724,     -0.129523680063,      0.239994185151,      0.228720142127,     -0.189380383421,      0.000000000000,      0.000000000000,      0.000000000000,      0.000000000000,      0.000000000000,      0.000000000000,      0.000000000000,      0.000000000000,      0.000000000000,      0.000000000000,      0.000000000000,      0.000000000000,      0.000000000000,      0.000000000000,      0.000000000000,      0.000000000000
      0.000000000000,      0.818858533653,     -4.127511082259,      3.230070038844,      0.783783188582,     -1.867299295070,     -1.952430102929,      1.760909195591,      1.263210188266,      0.155761674868,     -1.062154268497,     -0.258847366087,      0.605037755595,     -0.536108554366,      0.051056228285,     -0.336201927906,     -0.118971361646,      0.143913575948,      0.207893142284,      0.110615211823,      0.000000000000,      0.000000000000,      0.000000000000,      0.000000000000,      0.000000000000,      0.000000000000,      0.000000000000,      0.000000000000,      0.000000000000,      0.000000000000,      0.000000000000,      0.000000000000,      0.000000000000,      0.000000000000,      0.000000000000,      0.000000000000
      0.000000000000,      3.506914003584,      0.304056798671,      0.267123568482,     -3.131506509990,     -1.955577693107,     -1.762200855960,      1.683031008958,      2.012906268725,     -0.776280296714,      0.630827055309,      0.070410455744,      0.017232093701,     -0.469142878715,      0.440159977809,      0.135416749059,     -0.288103632059,      0.294148925897,     -0.192752506882,     -0.111847149271,      0.000000000000,      0.000000000000,      0.000000000000,      0.000000000000,      0.000000000000,      0.000000000000,      0.000000000000,      0.000000000000,      0.000000000000,      0.000000000000,      0.000000000000,      0.000000000000,      0.000000000000,      0.000000000000,      0.000000000000,      0.000000000000
      0.000000000000,      0.589010742848,     -3.731633711782,      0.325777377084,      3.283252717009,     -1.966727297079,      2.194697318361,      1.790092191557,     -1.538334542523,      0.062433317981,      0.682357315816,     -0.650849406905,     -0.586133018116,     -0.504905195205,      0.071073902705,     -0.162011307499,      0.157055494368,      0.258811345086,     -0.075830797284,      0.134754322835,      0.000000000000,      0.000000000000,      0.000000000000,      0.000000000000,      0.000000000000,      0.000000000000,      0.000000000000,      0.000000000000,      0.000000000000,      0.000000000000,      0.000000000000,      0.000000000000,      0.000000000000,      0.000000000000,      0.000000000000,      0.000000000000
      0.000000000000,      0.498127372967,      0.007366884857,      4.088182679093,     -3.110081496211,     -2.032921638044,      2.265869779871,     -1.618148421803,      1.737728295982,     -0.068651972206,      0.106727509112,     -0.658132874121,      0.661079623452,     -0.224544702152,     -0.356674235264,     -0.135054660500,     -0.256243851354,      0.269113750049,      0.203935281565,      0.089623601102,      0.000000000000,      0.000000000000,      0.000000000000,      0.000000000000,      0.000000000000,      0.000000000000,      0.000000000000,      0.000000000000,      0.000000000000,      0.000000000000,      0.000000000000,      0.000000000000,      0.000000000000,      0.000000000000,      0.000000000000,      0.000000000000
      0.000000000000,      0.976178985470,     -3.267186428095,      0.449575563605,      3.501201588427,     -2.418174615031,     -1.578403968562,      1.885211008317,      1.416196237406,      0.022224937518,     -0.407657040319,     -0.659256031412,     -0.509440373200,     -0.401766406290,      0.464968582055,      0.152854985600,     -0.087683346672,      0.019033735140,      0.200736921631,      0.108438714053,      0.000000000000,      0.000000000000,      0.000000000000,      0.000000000000,      0.000000000000,      0.000000000000,      0.000000000000,      0.000000000000,      0.000000000000,      0.000000000000,      0.000000000000,      0.000000000000,      0.000000000000,      0.000000000000,      0.000000000000,      0.000000000000
      0.000000000000,      0.307375605208,      4.188271535408,     -3.471463442519,     -0.199188358679,      2.492773081076,     -2.120689955749,     -1.555205502340,      1.175225216874,     -0.164454294253,      0.834469856845,     -0.588231571514,      0.278013667748,     -0.247511002307,      0.112842620898,     -0.058150559769,     -0.281313087099,      0.302961620858,      0.199207045163,     -0.168045854032,      0.000000000000,      0.000000000000,      0.000000000000,      0.000000000000,      0.000000000000,      0.000000000000,      0.000000000000,      0.000000000000,      0.000000000000,      0.000000000000,      0.000000000000,      0.000000000000,      0.000000000000,      0.000000000000,      0.000000000000,      0.000000000000
      0.000000000000,     -4.215787614016,      0.345103295584,      0.350597003876,      2.885251532647,     -2.193007762208,     -1.367861026930,      1.663013311133,      1.302146036008,      0.058453507660,     -1.079979195292,      0.578317269865,      0.180713796140,     -0.565303890725,      0.247969352148,     -0.176187057450,      0.344378687172,     -0.068877767169,     -0.283878210544,      0.253372096910,      0.000000000000,      0.000000000000,      0.000000000000,      0.000000000000,      0.000000000000,      0.000000000000,      0.000000000000,      0.000000000000,      0.000000000000,      0.000000000000,      0.000000000000,      0.000000000000,      0.000000000000,      0.000000000000,      0.000000000000,      0.000000000000
      0.000000000000,      4.245673000166,      0.491848081510,      0.293091678362,     -3.008177577154,      2.804075422716,      2.063374596816,     -1.570926083999,     -1.471672627704,     -0.062959852964,     -0.644461554727,     -0.099955217402,      0.301551863662,      0.551121755900,     -0.258841205708,      0.372072119652,     -0.279821118489,     -0.172151690319,     -0.234360253623,      0.261801438800,      0.000000000000,      0.000000000000,      0.000000000000,      0.000000000000,      0.000000000000,      0.000000000000,      0.000000000000,      0.000000000000,      0.000000000000,      0.000000000000,      0.000000000000,      0.000000000000,      0.000000000000,      0.000000000000,      0.000000000000,      0.000000000000
      0.000000000000,     -0.337233088179,     -4.349028476323,      0.178852417649,     -2.749422769289,      3.131907605846,      2.243790719043,     -1.507102047652,      1.294083490387,      0.173819632333,      0.074364027168,     -0.787556913160,     -0.215190649400,      0.272368264891,     -0.439839485478,      0.393429863754,     -0.305945507985,      0.229222244000,      0.129907321480,     -0.065475192852,      0.000000000000,      0.000000000000,      0.000000000000,      0.000000000000,      0.000000000000,      0.000000000000,      0.000000000000,      0.000000000000,      0.000000000000,      0.000000000000,      0.000000000000,      0.000000000000,      0.000000000000,      0.000000000000,      0.000000000000,      0.000000000000
      0.000000000000,      3.582178392928,     -0.775881022069,     -0.157319832895,     -2.724243559966,      1.520138598907,      1.797087831191,     -1.566157985639,     -1.669143446989,      1.444327218326,     -0.066688731769,     -0.117678365913,      0.493823249534,     -0.447777142402,     -0.238377898899,      0.078699171457,      0.143316189072,      0.370878765150,     -0.235606117221,     -0.156746687319,      0.000000000000,      0.000000000000,      0.000000000000,      0.000000000000,      0.000000000000,      0.000000000000,      0.000000000000,      0.000000000000,      0.000000000000,      0.000000000000,      0.000000000000,      0.000000000000,      0.000000000000,      0.000000000000,      0.000000000000,      0.000000000000
      0.000000000000,      3.341342012402,     -0.357143495529,     -4.526118148746,     -0.182423681054,      1.922829707401,     -2.080250863718,      1.920163246476,     -1.598799299702,      0.973378978022,      0.039697000501,      0.556427975519,     -0.230038743721,      0.015592601254,     -0.476254807170,      0.293418626070,      0.134715080426,     -0.232837082426,      0.132774788498,     -0.080662902691,      0.000000000000,      0.000000000000,      0.000000000000,      0.000000000000,      0.000000000000,      0.000000000000,      0.000000000000,      0.000000000000,      0.000000000000,      0.000000000000,      0.000000000000,      0.000000000000,      0.000000000000,      0.000000000000,      0.000000000000,      0.000000000000
      0.000000000000,     -3.854929588184,      0.115458304427,      0.773608726234,      3.334093717695,     -1.948042140901,      1.917227140792,     -1.603207062654,      1.528282585670,     -1.466665542338,      0.076735456960,      0.067649228880,     -0.404633553730,     -0.398779012586,      0.427608914886,     -0.138380872292,      0.153190287035,      0.250887449277,      0.250860428457,     -0.086493571709,      0.000000000000,      0.000000000000,      0.000000000000,      0.000000000000,      0.000000000000,      0.000000000000,      0.000000000000,      0.000000000000,      0.000000000000,      0.000000000000,      0.000000000000,      0.000000000000,      0.000000000000,      0.000000000000,      0.000000000000,      0.000000000000
      0.000000000000,     -0.297097044129,      0.033765239990,      3.369065419805,     -3.517575487609,     -2.234368436159,      1.718728806638,     -1.784025010377,      1.685412029163,     -1.030799959676,      0.069336137245,      0.807009849898,     -0.343792147681,     -0.107178560568,      0.325891842630,     -0.166251170181,      0.142654808179,      0.119357736056,     -0.017311940110,      0.257945208829,      0.000000000000,      0.000000000000,      0.000000000000,      0.000000000000,      0.000000000000,      0.000000000000,      0.000000000000,      0.000000000000,      0.000000000000,      0.000000000000,      0.000000000000,      0.000000000000,      0.000000000000,      0.000000000000,      0.000000000000,      0.000000000000
      0.000000000000,      4.240289991740,     -0.138231198325,     -0.316625835984,     -3.208878094604,      2.548447945233,     -1.823650406092,      1.663337611530,     -1.741642161690,     -0.096869417308,     -0.054403638571,      0.564545514588,      0.531133844493,     -0.224912990639,     -0.449719696165,     -0.425790600056,      0.154193123099,     -0.203695735850,      0.199993131504,      0.049088933146,      0.000000000000,      0.000000000000,      0.000000000000,      0.000000000000,      0.000000000000,      0.000000000000,      0.000000000000,      0.000000000000,      0.000000000000,      0.000000000000,      0.000000000000,      0.000000000000,      0.000000000000,      0.000000000000,      0.000000000000,      0.000000000000
      0.000000000000,     -0.194848086708,     -3.773335549179,      0.049345548538,      3.232116800976,     -2.211599336082,      1.571929873700,      1.569171080405,     -1.387903403820,      0.050609588087,     -0.773849739908,     -0.625493470375,     -0.307317940245,      0.259253961117,      0.589296672527,      0.000521573168,      0.297143479435,     -0.199555021786,      0.162656531422,      0.076765772269,      0.000000000000,      0.000000000000,      0.000000000000,      0.000000000000,      0.000000000000,      0.000000000000,      0.000000000000,      0.000000000000,      0.000000000000,      0.000000000000,      0.000000000000,      0.000000000000,      0.000000000000,      0.000000000000,      0.000000000000,      0.000000000000
      0.000000000000,      3.991591955064,     -0.402858956358,     -0.629964902253,     -3.139861316807,      2.468655312374,      1.902338793651,     -1.700817244703,     -1.538171352208,     -0.039272437194,      0.327560790932,      0.647735135875,      0.446862724039,     -0.511302412208,     -0.178744346823,     -0.033814919231,      0.124544370425,      0.228275488989,     -0.153419780396,     -0.047726569004,      0.000000000000,      0.000000000000,      0.000000000000,      0.000000000000,      0.000000000000,      0.000000000000,      0.000000000000,      0.000000000000,      0.000000000000,      0.000000000000,      0.000000000000,      0.000000000000,      0.000000000000,      0.000000000000,      0.000000000000,      0.000000000000
      0.000000000000,      0.440693227325,     -4.387812427746,     -0.428397304705,      3.122471760049,      1.812816047498,      1.885801146439,     -1.573988596368,     -1.771431128305,      0.142718970172,      0.138001313460,      0.627436989149,     -0.239751079210,     -0.636243061614,      0.220784161828,     -0.323697218968,     -0.108048385226,      0.177406136944,     -0.213353024383,      0.119488350060,      0.000000000000,      0.000000000000,      0.000000000000,      0.000000000000,      0.000000000000,      0.000000000000,      0.000000000000,      0.000000000000,      0.000000000000,      0.000000000000,      0.000000000000,      0.000000000000,      0.000000000000,      0.000000000000,      0.000000000000,      0.000000000000
      0.000000000000,      0.055661871806,      3.754033302422,     -0.197837070531,     -3.161874658032,      2.044641384190,     -1.565144502544,     -2.159040552257,      1.087135474305,      0.992304912973,     -0.166012232676,     -0.599132856719,     -0.386748493245,      0.476057869378,     -0.047145021780,      0.508136746839,      0.179782141738,     -0.100469620409,      0.040002623003,     -0.115836311640,      0.000000000000,      0.000000000000,      0.000000000000,      0.000000000000,      0.000000000000,      0.000000000000,      0.000000000000,      0.000000000000,      0.000000000000,      0.000000000000,      0.000000000000,      0.000000000000,      0.000000000000,      0.000000000000,      0.000000000000,      0.000000000000
      0.000000000000,     -3.685446580979,      3.829968164002,     -0.043384020216,      0.434629526508,      2.222597388200,     -2.090511044293,     -2.113478511960,      1.481627802812,      0.010359093423,     -0.679031594436,     -0.565861844441,      0.626062527572,     -0.218162096704,     -0.012072848867,      0.323697382735,      0.130621455418,      0.202479623095,     -0.178308320126,     -0.064318658451,      0.000000000000,      0.000000000000,      0.000000000000,      0.000000000000,      0.000000000000,      0.000000000000,      0.000000000000,      0.000000000000,      0.000000000000,      0.000000000000,      0.000000000000,      0.000000000000,      0.000000000000,      0.000000000000,      0.000000000000,      0.000000000000
      0.000000000000,     -0.275206316705,     -3.405178492024,      3.698773619874,     -0.154214673047,      2.223913058480,     -1.452262916178,      1.514311419352,     -1.476602157420,     -0.912992864526,      0.052391400520,     -0.497128016122,      0.468178436027,      0.422651858677,     -0.016470995557,     -0.347819332410,      0.307347926761,      0.182763353828,     -0.140088299810,      0.047682153254,      0.000000000000,      0.000000000000,      0.000000000000,      0.000000000000,      0.000000000000,      0.000000000000,      0.000000000000,      0.000000000000,      0.000000000000,      0.000000000000,      0.000000000000,      0.000000000000,      0.000000000000,      0.000000000000,      0.000000000000,      0.000000000000
      0.000000000000,     -0.478934540283,     -0.251099733320,     -3.896749413391,      3.427847492643,      1.731904273469,      1.730693027673,     -1.812655428527,     -1.679972987524,      0.825911590562,      0.003164012665,      0.316570262422,      0.029175819179,     -0.618905247405,      0.462619274348,     -0.342434547291,     -0.146470369360,     -0.093061022431,      0.077197336745,      0.134901268495,      0.000000000000,      0.000000000000,      0.000000000000,      0.000000000000,      0.000000000000,      0.000000000000,      0.000000000000,      0.000000000000,      0.000000000000,      0.000000000000,      0.000000000000,      0.000000000000,      0.000000000000,      0.000000000000,      0.000000000000,      0.000000000000
      0.000000000000,      3.662011203885,     -0.699980041111,     -3.706329931902,     -0.762382160898,      1.916792027199,      1.686872901690,     -1.921178199646,     -1.582908239089,      1.043410499481,     -0.002333445991,      0.502402233357,     -0.003733216937,     -0.502873787236,      0.214503692012,     -0.149471307262,      0.148026993202,      0.270276376639,     -0.072684237199,     -0.111021531098,      0.000000000000,      0.000000000000,      0.000000000000,      0.000000000000,      0.000000000000,      0.000000000000,      0.000000000000,      0.000000000000,      0.000000000000,      0.000000000000,      0.000000000000,      0.000000000000,      0.000000000000,      0.000000000000,      0.000000000000,      0.000000000000
      0.000000000000,     -4.293110063383,      3.190871915585,     -0.493946897842,     -0.135329641175,      1.439266489668,     -2.129287862266,      1.554960780161,     -1.281494787551,      0.928540060924,     -0.016265665070,     -0.778294745803,      0.025680511185,      0.492477125736,     -0.180865753416,      0.206250766906,      0.168398055406,     -0.341377468739,      0.265687842344,     -0.210069899723,      0.000000000000,      0.000000000000,      0.000000000000,      0.000000000000,      0.000000000000,      0.000000000000,      0.000000000000,      0.000000000000,      0.000000000000,      0.000000000000,      0.000000000000,      0.000000000000,      0.000000000000,      0.000000000000,      0.000000000000,      0.000000000000
      0.000000000000,      4.032584616251,     -3.491546188880,      0.792743252424,     -0.259966359402,      2.534054518672,     -1.743004996053,      1.634706695564,     -1.652052188604,     -0.029939707111,     -1.087986004562,     -0.021159810952,      0.497875313556,      0.182723117364,      0.485084832778,     -0.211867218052,     -0.123864311568,     -0.255729671190,      0.177202547009,     -0.105114727234,      0.000000000000,      0.000000000000,      0.000000000000,      0.000000000000,      0.000000000000,      0.000000000000,      0.000000000000,      0.000000000000,      0.000000000000,      0.000000000000,      0.000000000000,      0.000000000000,      0.000000000000,      0.000000000000,      0.000000000000,      0.000000000000
      0.000000000000,      0.446759082148,     -3.661527600349,      0.623216982592,      3.151907041474,      2.336401050305,     -1.363965158138,     -1.815165003248,      1.538579448149,      0.069027117265,     -1.034831581096,     -0.324406992648,      0.462831759896,      0.194974606884,     -0.435701673802,     -0.406888432376,      0.079396524975,      0.188320783152,     -0.075007736617,      0.130358658403,      0.000000000000,      0.000000000000,      0.000000000000,      0.000000000000,      0.000000000000,      0.000000000000,      0.000000000000,      0.000000000000,      0.000000000000,      0.000000000000,      0.000000000000,      0.000000000000,      0.000000000000,      0.000000000000,      0.000000000000,      0.000000000000
      0.000000000000,     -0.901843943168,      3.748409937671,     -0.296362380597,     -3.124002371908,      2.179726032447,      1.491604250223,     -1.631015238689,     -1.746373933620,      1.001709986663,     -0.040436160387,      0.477370742845,      0.222370167947,     -0.455696469539,     -0.213826875632,      0.324036688160,     -0.046280504963,     -0.232553808592,      0.081228646771,     -0.061904904303,      0.000000000000,      0.000000000000,      0.000000000000,      0.000000000000,      0.000000000000,      0.000000000000,      0.000000000000,      0.000000000000,      0.000000000000,      0.000000000000,      0.000000000000,      0.000000000000,      0.000000000000,      0.000000000000,      0.000000000000,      0.000000000000
      0.000000000000,     -0.217707586962,      3.329458944794,     -3.650583793410,      2.228298460853,     -0.091970378872,      1.860490239762,     -2.002389391406,     -1.507750403059,     -0.088861888161,      0.689882790172,      0.280511847556,     -0.598291260043,      0.474178823511,      0.022081018231,     -0.181541102374,     -0.266252073067,      0.246752793915,      0.099002329575,     -0.159698425290,      0.000000000000,      0.000000000000,      0.000000000000,      0.000000000000,      0.000000000000,      0.000000000000,      0.000000000000,      0.000000000000,      0.000000000000,      0.000000000000,      0.000000000000,      0.000000000000,      0.000000000000,      0.000000000000,      0.000000000000,      0.000000000000
      0.000000000000,     -0.860184891205,      3.265285257789,     -0.928110700484,     -4.125096009559,      2.104253105656,      1.642587341962,     -1.806377011904,     -1.355685441938,      0.227617960864,      1.009402964997,      0.318383884080,     -0.598993735075,     -0.202863569850,     -0.002394423784,      0.340338931647,      0.283588297072,     -0.249184333959,      0.106502415648,     -0.074063577055,      0.000000000000,      0.000000000000,      0.000000000000,      0.000000000000,      0.000000000000,      0.000000000000,      0.000000000000,      0.000000000000,      0.000000000000,      0.000000000000,      0.000000000000,      0.000000000000,      0.000000000000,      0.000000000000,      0.000000000000,      0.000000000000
      0.000000000000,      4.326679298518,     -3.242628235747,     -0.199411505049,     -0.259011928808,      2.102536530381,     -1.537683291378,      1.700800464741,     -2.171165826637,     -0.028316345950,     -0.087236354975,     -0.618998599075,      0.753481239295,     -0.200688950910,      0.501282706699,      0.242920588489,      0.163799063728,     -0.157525625116,     -0.165503046496,     -0.210349395307,      0.000000000000,      0.000000000000,      0.000000000000,      0.000000000000,      0.000000000000,      0.000000000000,      0.000000000000,      0.000000000000,      0.000000000000,      0.000000000000,      0.000000000000,      0.000000000000,      0.000000000000,      0.000000000000,      0.000000000000,      0.000000000000
      0.000000000000,     -3.670094840616,      0.498030918692,      0.171623500847,      3.179125494469,     -2.389961900334,      1.379040926481,     -1.446265220150,      1.957847222908,      0.056217859597,     -1.086833945657,      0.014255810020,     -0.292685817701,      0.519174225632,      0.301355803134,     -0.415345906531,     -0.133569284383,     -0.252450298028,      0.196898522298,      0.144051231699,      0.000000000000,      0.000000000000,      0.000000000000,      0.000000000000,      0.000000000000,      0.000000000000,      0.000000000000,      0.000000000000,      0.000000000000,      0.000000000000,      0.000000000000,      0.000000000000,      0.000000000000,      0.000000000000,      0.000000000000,      0.000000000000
      0.000000000000,     -0.571472987975,      4.358747379532,      0.160597781671,     -3.137161658881,     -2.522274562161,      2.466645267535,      1.248677987567,     -1.103485291365,     -0.041351529411,     -0.650229281578,     -0.396978467151,     -0.100732355771,      0.655160237296,      0.294581109406,      0.380027519746,     -0.141419854815,      0.312259898446,     -0.208941302106,      0.061817268267,      0.000000000000,      0.000000000000,      0.000000000000,      0.000000000000,      0.000000000000,      0.000000000000,      0.000000000000,      0.000000000000,      0.000000000000,      0.000000000000,      0.000000000000,      0.000000000000,      0.000000000000,      0.000000000000,      0.000000000000,      0.000000000000
      0.000000000000,     -4.285744285968,     -0.225986073038,      3.279212316562,     -0.130737836414,     -2.209804595672,     -1.844084740645,      1.495047917791,      1.896244907161,      0.144934792619,     -0.556653602426,      0.597746689226,     -0.029483163600,     -0.598860368863,     -0.071703404898,      0.260472194025,      0.124009606708,      0.140343045604,      0.219117466866,     -0.152076046420,      0.000000000000,      0.000000000000,      0.000000000000,      0.000000000000,      0.000000000000,      0.000000000000,      0.000000000000,      0.000000000000,      0.000000000000,      0.000000000000,      0.000000000000,      0.000000000000,      0.000000000000,      0.000000000000,      0.000000000000,      0.000000000000
      0.000000000000,      3.459644302249,     -0.909004869437,     -0.234156791050,     -3.573533034552,      1.894405849860,     -1.698346244550,      1.142993375161,     -1.263562651871,      1.357879196894,     -0.033407150968,      0.290313465319,      0.557395853932,     -0.614484882024,      0.428752835011,     -0.337688007704,     -0.025088317276,     -0.141546592185,      0.085848290299,     -0.092753425507,      0.000000000000,      0.000000000000,      0.000000000000,      0.000000000000,      0.000000000000,      0.000000000000,      0.000000000000,      0.000000000000,      0.000000000000,      0.000000000000,      0.000000000000,      0.000000000000,      0.000000000000,      0.000000000000,      0.000000000000,      0.000000000000
      0.000000000000,      3.765085331055,     -4.146075321855,     -0.265032964623,      0.001690936610,      2.314401572062,      1.621471128919,     -2.066414895376,     -1.453924708475,      1.133877919071,      0.019374144927,      0.580028636988,     -0.696420147210,     -0.002931620828,      0.147941218304,     -0.272398191197,     -0.098641070849,      0.171419247941,     -0.066378913088,     -0.105468617054,      0.000000000000,      0.000000000000,      0.000000000000,      0.000000000000,      0.000000000000,      0.000000000000,      0.000000000000,      0.000000000000,      0.000000000000,      0.000000000000,      0.000000000000,      0.000000000000,      0.000000000000,      0.000000000000,      0.000000000000,      0.000000000000
      0.000000000000,     -3.490452592757,      0.358699388149,      3.970970709233,      0.685340324090,      2.558830937429,     -1.813365528081,     -1.211150235795,      1.224255688807,     -1.406127278196,     -0.574435454431,     -0.018742725455,      0.582900946130,      0.233260219394,     -0.219223071436,      0.020340551894,     -0.267008594792,      0.108897201046,     -0.083623264966,      0.162774427302,      0.000000000000,      0.000000000000,      0.000000000000,      0.000000000000,      0.000000000000,      0.000000000000,      0.000000000000,      0.000000000000,      0.000000000000,      0.000000000000,      0.000000000000,      0.000000000000,      0.000000000000,      0.000000000000,      0.000000000000,      0.000000000000
      0.000000000000,      0.413218280765,     -3.301403625321,      0.620558597015,      3.741142645380,     -2.191372725635,      2.009150909296,     -1.366343042815,      1.972456933916,     -1.087588604454,     -0.085746350939,      0.052179417676,     -0.332604013967,      0.313662743983,      0.130910790393,     -0.228507308902,     -0.115109200550,      0.208474552535,     -0.070332801574,      0.069515201083,      0.000000000000,      0.000000000000,      0.000000000000,      0.000000000000,      0.000000000000,      0.000000000000,      0.000000000000,      0.000000000000,      0.000000000000,      0.000000000000,      0.000000000000,      0.000000000000,      0.000000000000,      0.000000000000,      0.000000000000,      0.000000000000
      0.000000000000,      0.208265549455,      0.326568983653,     -3.731446239158,      2.889177612050,     -2.266978054444,      2.247840548050,     -1.708316208890,      1.338218014958,      0.105758811454,     -0.302715940117,      0.356002374678,     -0.571775794085,      0.464480521445,     -0.014357194419,     -0.386456565097,      0.377546982210,      0.102236944156,     -0.088715122802,     -0.185654832453,      0.000000000000,      0.000000000000,      0.000000000000,      0.000000000000,      0.000000000000,      0.000000000000,      0.000000000000,      0.000000000000,      0.000000000000,      0.000000000000,      0.000000000000,      0.000000000000,      0.000000000000,      0.000000000000,      0.000000000000,      0.000000000000
      0.000000000000,     -0.741501955033,      3.623410340833,     -0.043333155859,     -3.148847190715,     -2.582427681819,      1.676641389460,      1.722891506891,     -1.677389409324,     -0.163742439145,      0.933938845051,     -0.001910470722,      0.348725340281,      0.571151641697,     -0.303162658817,     -0.153602754081,      0.177866974813,     -0.172321220452,     -0.166873130189,     -0.047196806974,      0.000000000000,      0.000000000000,      0.000000000000,      0.000000000000,      0.000000000000,      0.000000000000,      0.000000000000,      0.000000000000,      0.000000000000,      0.000000000000,      0.000000000000,      0.000000000000,      0.000000000000,      0.000000000000,      0.000000000000,      0.000000000000
      0.000000000000,     -3.482122600424,      3.819770736896,     -0.090885271997,      0.245290718288,      2.022382980550,     -1.980081033655,     -1.778334916661,      1.646109699816,      0.035424934153,      1.075573367409,     -0.441933959643,     -0.477131863248,      0.008388128476,      0.328042513017,     -0.191652212689,     -0.169267623249,     -0.293345932304,      0.075349543897,      0.092728511134,      0.000000000000,      0.000000000000,      0.000000000000,      0.000000000000,      0.000000000000,      0.000000000000,      0.000000000000,      0.000000000000,      0.000000000000,      0.000000000000,      0.000000000000,      0.000000000000,      0.000000000000,      0.000000000000,      0.000000000000,      0.000000000000
      0.000000000000,      0.653034279409,      4.071701855095,     -3.252327030161,      0.161598894182,     -2.209348340993,      2.172138315927,      1.572961046557,     -1.079125971852,     -0.903184580821,     -0.035886371977,      0.687016515053,     -0.579578243125,     -0.158505420331,     -0.176935504555,      0.160332318765,     -0.006377596466,      0.266376922801,     -0.178780241234,      0.111530330543,      0.000000000000,      0.000000000000,      0.000000000000,      0.000000000000,      0.000000000000,      0.000000000000,      0.000000000000,      0.000000000000,      0.000000000000,      0.000000000000,      0.000000000000,      0.000000000000,      0.000000000000,      0.000000000000,      0.000000000000,      0.000000000000
      0.000000000000,      0.474269249938,     -3.669199062765,      0.784731912188,      3.448684045248,     -2.341956091595,     -1.470065539621,      1.597416320693,      1.477637010253,     -1.098083678052,      0.624527908006,      0.018860296876,     -0.500291966273,      0.044291318894,     -0.151968089286,     -0.310976980544,      0.133685497836,     -0.068031497594,      0.141131334316,      0.103203634704,      0.000000000000,      0.000000000000,      0.000000000000,      0.000000000000,      0.000000000000,      0.000000000000,      0.000000000000,      0.000000000000,      0.000000000000,      0.000000000000,      0.000000000000,      0.000000000000,      0.000000000000,      0.000000000000,      0.000000000000,      0.000000000000
      0.000000000000,      4.113240010777,      0.124358640074,      0.026301797649,     -3.351367104484,     -2.006616217564,     -1.909354336679,      1.897763188888,      1.593958289366,     -0.057961808886,     -0.617900910603,      0.573983275629,     -0.040630453060,      0.364787668299,     -0.300024522549,      0.100708555508,     -0.278699213579,      0.094894319853,      0.241106306082,     -0.100123487779,      0.000000000000,      0.000000000000,      0.000000000000,      0.000000000000,      0.000000000000,      0.000000000000,      0.000000000000,      0.000000000000,      0.000000000000,      0.000000000000,      0.000000000000,      0.000000000000,      0.000000000000,      0.000000000000,      0.000000000000,      0.000000000000
      0.000000000000,     -4.172850335324,      0.535237544552,     -0.014142848775,      3.037257025611,     -1.994735791724,     -1.832490818790,      1.833666459503,      1.641787923546,     -0.658324060759,      0.017479934126,     -0.004006914235,     -0.489490595335,     -0.432237692017,      0.364348606931,      0.180901896203,     -0.135290639914,      0.270041496068,      0.230073231766,      0.142932151610,      0.000000000000,      0.000000000000,      0.000000000000,      0.000000000000,      0.000000000000,      0.000000000000,      0.000000000000,      0.000000000000,      0.000000000000,      0.000000000000,      0.000000000000,      0.000000000000,      0.000000000000,      0.000000000000,      0.000000000000,      0.000000000000
      0.000000000000,     -0.337993053367,      3.664632950860,     -0.417707323209,     -3.263634515315,      2.157846987519,      1.551221611273,     -1.564037389266,     -1.785125742646,      1.270355076433,     -0.023052895401,     -0.048730118903,     -0.490320728368,      0.355954730363,      0.174916792120,     -0.344712032371,      0.256757192361,      0.075686636797,     -0.139419513527,     -0.115100163581,      0.000000000000,      0.000000000000,      0.000000000000,      0.000000000000,      0.000000000000,      0.000000000000,      0.000000000000,      0.000000000000,      0.000000000000,      0.000000000000,      0.000000000000,      0.000000000000,      0.000000000000,      0.000000000000,      0.000000000000,      0.000000000000
      0.000000000000,      4.896594393765,     -0.289835747075,     -3.619696385278,     -0.365343679486,      1.700670341661,     -1.992438794132,      1.997064940687,     -1.827655767681,      0.834432115394,     -0.056109925922,     -0.110702038377,     -0.252008790903,      0.176537735487,     -0.411816861074,      0.110716858645,      0.338763813285,     -0.307353817035,      0.241134750359,     -0.129855221977,      0.000000000000,      0.000000000000,      0.000000000000,      0.000000000000,      0.000000000000,      0.000000000000,      0.000000000000,      0.000000000000,      0.000000000000,      0.000000000000,      0.000000000000,      0.000000000000,      0.000000000000,      0.000000000000,      0.000000000000,      0.000000000000
      0.000000000000,     -3.675780498915,     -0.067402505764,      3.246485100696,      0.563923624913,     -2.140380527957,     -1.532468186674,      1.629853484597,      1.109661064053,     -1.235739003970,     -0.001200517788,      0.342898668073,     -0.494957928492,      0.524993670094,     -0.418436221870,     -0.000239677241,     -0.170535774095,      0.233948251409,     -0.063054299935,      0.130672979800,      0.000000000000,      0.000000000000,      0.000000000000,      0.000000000000,      0.000000000000,      0.000000000000,      0.000000000000,      0.000000000000,      0.000000000000,      0.000000000000,      0.000000000000,      0.000000000000,      0.000000000000,      0.000000000000,      0.000000000000,      0.000000000000
      0.000000000000,      3.732565643502,     -0.125961398822,     -0.460344197836,     -3.414419472229,      1.879989807246,      1.856699953697,     -1.661717836757,     -1.307847078330,     -0.118699507911,      1.057219521469,     -0.759436553995,      0.436389691737,      0.172957920843,      0.416451318017,     -0.022277016444,      0.147641494429,     -0.096220099481,     -0.148989506510,     -0.078409621276,      0.000000000000,      0.000000000000,      0.000000000000,      0.000000000000,      0.000000000000,      0.000000000000,      0.000000000000,      0.000000000000,      0.000000000000,      0.000000000000,      0.000000000000,      0.000000000000,      0.000000000000,      0.000000000000,      0.000000000000,      0.000000000000
      0.000000000000,     -0.258915681117,      3.341241395097,     -0.268663308675,     -3.677344028458,      2.368825696427,     -1.927278536342,      1.524603931957,     -1.578132391004,      0.884261492136,      0.101972913929,     -0.656763483269,      0.133737474880,     -0.157353345182,     -0.013722480946,     -0.285980844487,      0.170926533110,      0.247673789522,      0.185428728031,     -0.187597251171,      0.000000000000,      0.000000000000,      0.000000000000,      0.000000000000,      0.000000000000,      0.000000000000,      0.000000000000,      0.000000000000,      0.000000000000,      0.000000000000,      0.000000000000,      0.000000000000,      0.000000000000,      0.000000000000,      0.000000000000,      0.000000000000
      0.000000000000,      0.614046121492,     -3.475813178254,      0.722042447320,      3.761355497582,     -2.585880821928,      2.027767196914,     -1.691147357296,      1.484263490669,     -0.160741127841,     -0.806643770950,     -0.414121905651,      0.207612207621,     -0.190083405771,      0.376628443794,     -0.002710565121,     -0.246653713835,      0.294317403124,      0.079771428462,     -0.055300258155,      0.000000000000,      0.000000000000,      0.000000000000,      0.000000000000,      0.000000000000,      0.000000000000,      0.000000000000,      0.000000000000,      0.000000000000,      0.000000000000,      0.000000000000,      0.000000000000,      0.000000000000,      0.000000000000,      0.000000000000,      0.000000000000
      0.000000000000,      0.651841135440,      0.348666539075,     -3.352973841307,     -2.442137390004,      3.136325301513,     -1.863692026625,      2.044965009951,      1.319703173163,     -0.884148651043,      0.042946306943,      0.010104863524,      0.794138238334,     -0.421262261090,     -0.166901993596,     -0.316093291445,      0.119461796702,     -0.136653441114,      0.053644761383,      0.153454773703,      0.000000000000,      0.000000000000,      0.000000000000,      0.000000000000,      0.000000000000,      0.000000000000,      0.000000000000,      0.000000000000,      0.000000000000,      0.000000000000,      0.000000000000,      0.000000000000,      0.000000000000,      0.000000000000,      0.000000000000,      0.000000000000
      0.000000000000,      3.847845872324,     -0.306506656210,      0.247263921628,     -2.978567447543,      2.329177731936,     -1.874997007432,     -1.568630554145,      1.340505181241,      1.256327056883,     -0.017363973674,      0.501438633467,     -0.214926086000,      0.206740966036,     -0.370574371524,      0.320307271380,     -0.020972695770,     -0.347058591335,     -0.279354957268,     -0.112049505585,      0.000000000000,      0.000000000000,      0.000000000000,      0.000000000000,      0.000000000000,      0.000000000000,      0.000000000000,      0.000000000000,      0.000000000000,      0.000000000000,      0.000000000000,      0.000000000000,      0.000000000000,      0.000000000000,      0.000000000000,      0.000000000000
      0.000000000000,     -3.431952677774,      0.942165318667,      4.426573770416,      0.383498575103,     -2.047252911267,      2.269619233406,     -1.750152193780,      1.866357085325,     -0.729246295103,      0.019261227821,     -0.576001651324,     -0.515384430524,     -0.043348515532,      0.347970014402,      0.102058835701,     -0.133549388752,     -0.110571582245,      0.073653172648,      0.130523057036,      0.000000000000,      0.000000000000,      0.000000000000,      0.000000000000,      0.000000000000,      0.000000000000,      0.000000000000,      0.000000000000,      0.000000000000,      0.000000000000,      0.000000000000,      0.000000000000,      0.000000000000,      0.000000000000,      0.000000000000,      0.000000000000
      0.000000000000,      0.480834210136,     -3.422193045356,      0.773669298562,     -1.946249546330,      3.307661717127,     -1.666048730268,      1.429142691501,      1.335893779993,     -1.299963743042,     -0.007942898746,     -0.706537902839,      0.148941136267,      0.495229443504,      0.034484059320,     -0.164234450769,     -0.157172997089,      0.257667348225,     -0.242575265916,      0.090346093878,      0.000000000000,      0.000000000000,      0.000000000000,      0.000000000000,      0.000000000000,      0.000000000000,      0.000000000000,      0.000000000000,      0.000000000000,      0.000000000000,      0.000000000000,      0.000000000000,      0.000000000000,      0.000000000000,      0.000000000000,      0.000000000000
      0.000000000000,      3.871490000594,     -0.165558682347,     -0.442507862905,     -3.031548281059,      1.804023107421,      1.634699829559,     -1.850287331259,     -1.790978825123,      1.483972199235,     -0.136594923147,      0.588911818177,     -0.099294249409,      0.193288023783,      0.105993856585,     -0.166088101587,     -0.290300683381,     -0.246731763106,      0.245482975208,     -0.089347609832,      0.000000000000,      0.000000000000,      0.000000000000,      0.000000000000,      0.000000000000,      0.000000000000,      0.000000000000,      0.000000000000,      0.000000000000,      0.000000000000,      0.000000000000,      0.000000000000,      0.000000000000,      0.000000000000,      0.000000000000,      0.000000000000
      0.000000000000,     -4.666827789806,     -0.532881697026,      3.682062732735,     -0.111961819800,     -2.045456898278,      1.768042471777,      1.434818197776,     -1.635366778478,      0.053612828109,      0.348665168130,      0.545936962721,      0.538988046567,     -0.216601638905,     -0.538092999292,     -0.421838497952,      0.376734134635,     -0.015528403837,     -0.280315771935,      0.053320382644,      0.000000000000,      0.000000000000,      0.000000000000,      0.000000000000,      0.000000000000,      0.000000000000,      0.000000000000,      0.000000000000,      0.000000000000,      0.000000000000,      0.000000000000,      0.000000000000,      0.000000000000,      0.000000000000,      0.000000000000,      0.000000000000
      0.000000000000,     -3.468118197938,     -0.087988683311,      3.085100305033,      0.415226557803,     -1.919730829470,      2.181383811773,      1.597236090961,     -1.374849383217,     -1.369790505075,      0.027542055671,      0.079025170451,      0.327215585828,     -0.568298079744,      0.479064412415,      0.375450244019,     -0.161819340641,     -0.264044085492,     -0.107930577576,      0.038919364745,      0.000000000000,      0.000000000000,      0.000000000000,      0.000000000000,      0.000000000000,      0.000000000000,      0.000000000000,      0.000000000000,      0.000000000000,      0.000000000000,      0.000000000000,      0.000000000000,      0.000000000000,      0.000000000000,      0.000000000000,      0.000000000000
      0.000000000000,     -0.646538414835,      3.819953679794,     -0.685512486301,      2.069273308586,     -3.393894867780,      2.211583326904,     -1.704623664580,     -1.192744443436,     -0.049515176308,      0.086463898725,      0.730062954158,     -0.309061615885,      0.520827551073,     -0.583075631091,      0.190367160415,      0.229526624716,      0.156980244421,     -0.152235959155,     -0.044382706313,      0.000000000000,      0.000000000000,      0.000000000000,      0.000000000000,      0.000000000000,      0.000000000000,      0.000000000000,      0.000000000000,      0.000000000000,      0.000000000000,      0.000000000000,      0.000000000000,      0.000000000000,      0.000000000000,      0.000000000000,      0.000000000000
      0.000000000000,     -0.774929725176,     -4.233437582601,      3.205176357707,      0.177995726891,     -2.136395882008,      1.785229044887,      1.558403138765,     -1.706633892290,      0.122897447133,      0.806802891910,      0.271618185505,     -0.268282290241,     -0.528378338905,      0.063457355911,      0.258836155459,     -0.182219767624,     -0.066519467743,     -0.169157718223,      0.128468341538,      0.000000000000,      0.000000000000,      0.000000000000,      0.000000000000,      0.000000000000,      0.000000000000,      0.000000000000,      0.000000000000,      0.000000000000,      0.000000000000,      0.000000000000,      0.000000000000,      0.000000000000,      0.000000000000,      0.000000000000,      0.000000000000
      0.000000000000,      4.130814156304,     -0.282999186043,      0.101208146941,     -3.452691792511,      1.937546216436,     -2.038429309377,     -1.597535609596,      1.433587435280,     -0.096177519848,     -0.745266385826,     -0.307647239009,      0.767698492559,      0.581381969773,     -0.024774521823,      0.277305089506,      0.102486262750,      0.084921797927,     -0.105393648760,     -0.122703604402,      0.000000000000,      0.000000000000,      0.000000000000,      0.000000000000,      0.000000000000,      0.000000000000,      0.000000000000,      0.000000000000,      0.000000000000,      0.000000000000,      0.000000000000,      0.000000000000,      0.000000000000,      0.000000000000,      0.000000000000,      0.000000000000
      0.000000000000,     -3.885065080296,      0.291246060013,      3.577019947804,      0.314526384678,     -2.201546623247,      2.220542866521,     -1.657718201211,      1.632988828606,     -0.882132564154,     -0.022906807120,      0.022152723938,      0.189146094796,     -0.191992986562,     -0.358484308203,     -0.356612201489,      0.384070782685,      0.298989642784,     -0.104466681428,      0.081448525134,      0.000000000000,      0.000000000000,      0.000000000000,      0.000000000000,      0.000000000000,      0.000000000000,      0.000000000000,      0.000000000000,      0.000000000000,      0.000000000000,      0.000000000000,      0.000000000000,      0.000000000000,      0.000000000000,      0.000000000000,      0.000000000000
      0.000000000000,     -0.257928611315,     -0.146194279820,      4.017949283905,     -3.266401417315,      1.562899372002,      2.015881370776,     -1.627572479334,     -1.483364949785,     -0.068305507002,     -0.702008656936,      0.739072083731,     -0.089934156946,      0.124617187604,     -0.315208177978,      0.272272827231,      0.300433473607,      0.107288246951,     -0.135419844922,     -0.187124894889,      0.000000000000,      0.000000000000,      0.000000000000,      0.000000000000,      0.000000000000,      0.000000000000,      0.000000000000,      0.000000000000,      0.000000000000,      0.000000000000,      0.000000000000,      0.000000000000,      0.000000000000,      0.000000000000,      0.000000000000,      0.000000000000
      0.000000000000,      3.189934428052,     -4.036877936529,     -0.480357934376,     -0.747679104755,      1.565560026802,      1.517794853864,     -1.980728713013,     -1.664471909061,      1.075233396745,      0.031829575452,      0.566623189401,      0.449006494814,     -0.017241694931,     -0.383059056025,     -0.116169512219,      0.108649696313,      0.102259419068,     -0.153631201004,     -0.133342600640,      0.000000000000,      0.000000000000,      0.000000000000,      0.000000000000,      0.000000000000,      0.000000000000,      0.000000000000,      0.000000000000,      0.000000000000,      0.000000000000,      0.000000000000,      0.000000000000,      0.000000000000,      0.000000000000,      0.000000000000,      0.000000000000
      0.000000000000,      4.241067102784,     -3.876612009693,     -0.325703693918,     -0.253054505323,      2.054171663516,      1.832906945230,     -1.716339133050,     -1.491467865803,      0.930989752216,     -0.701136527688,     -0.041661607970,     -0.042630364262,     -0.188133904150,      0.364730975723,      0.160782863834,      0.321013276156,      0.115595558447,     -0.244716440236,     -0.132932864699,      0.000000000000,      0.000000000000,      0.000000000000,      0.000000000000,      0.000000000000,      0.000000000000,      0.000000000000,      0.000000000000,      0.000000000000,      0.000000000000,      0.000000000000,      0.000000000000,      0.000000000000,      0.000000000000,      0.000000000000,      0.000000000000
      0.000000000000,     -4.169045647005,     -0.189435697286,     -0.054799401330,      3.082609333475,     -1.759824780530,      1.868450496865,     -1.578831375644,      1.589733926347,     -1.300267337493,      0.133551520063,      0.734652993305,      0.111467939119,     -0.442528033160,      0.276752968205,      0.171157238351,     -0.084243456163,      0.135363249012,     -0.057583508109,     -0.156582457631,      0.000000000000,      0.000000000000,      0.000000000000,      0.000000000000,      0.000000000000,      0.000000000000,      0.000000000000,      0.000000000000,      0.000000000000,      0.000000000000,      0.000000000000,      0.000000000000,      0.000000000000,      0.000000000000,      0.000000000000,      0.000000000000
      0.000000000000,      4.175228662639,      0.051048875744,     -0.095246652839,     -3.260947548400,      2.041036472297,      1.540983369038,     -1.653644079555,     -1.511596971588,     -0.148007100569,     -0.717329149962,      0.719191688315,     -0.124317874260,      0.473295098061,      0.134337996421,      0.417357853980,     -0.220516731460,      0.138532165035,     -0.197633628534,     -0.183200624568,      0.000000000000,      0.000000000000,      0.000000000000,      0.000000000000,      0.000000000000,      0.000000000000,      0.000000000000,      0.000000000000,      0.000000000000,      0.000000000000,      0.000000000000,      0.000000000000,      0.000000000000,      0.000000000000,      0.000000000000,      0.000000000000
      0.000000000000,     -4.226829451018,      0.800669031786,      0.023452579636,      3.489642075141,     -2.281646280621,     -2.362928974350,      1.769699656773,      1.746127534899,      0.003979481474,     -0.914933049862,      0.023754676061,      0.525954857853,     -0.204598114976,     -0.310818032347,     -0.248703139964,     -0.113337060334,      0.100059737230,      0.117626701665,      0.109693594144,      0.000000000000,      0.000000000000,      0.000000000000,      0.000000000000,      0.000000000000,      0.000000000000,      0.000000000000,      0.000000000000,      0.000000000000,      0.000000000000,      0.000000000000,      0.000000000000,      0.000000000000,      0.000000000000,      0.000000000000,      0.000000000000
      0.000000000000,      4.166615131073,     -0.423325711356,     -2.809652191606,     -0.090692375550,      1.724489714752,     -1.346400305134,     -1.567849664643,      1.639315166363,      0.973656639251,     -0.029681165358,     -0.589974887136,      0.430730412743,      0.161120359192,     -0.409828918279,     -0.241666167402,      0.328750120668,     -0.013736873361,     -0.239372748454,     -0.055697389389,      0.000000000000,      0.000000000000,      0.000000000000,      0.000000000000,      0.000000000000,      0.000000000000,      0.000000000000,      0.000000000000,      0.000000000000,      0.000000000000,      0.000000000000,      0.000000000000,      0.000000000000,      0.000000000000,      0.000000000000,      0.000000000000
      0.000000000000,     -4.538374907579,      3.380062929256,     -0.315905353911,     -0.229551291836,      2.085814206729,     -2.044637669834,      1.404443083981,     -1.305723899289,      0.052094340146,      0.818842130617,      0.248181363788,     -0.504726891163,      0.405137272876,     -0.132512514741,     -0.309504763700,     -0.004762348972,      0.238333624021,     -0.209507102489,      0.077349126351,      0.000000000000,      0.000000000000,      0.000000000000,      0.000000000000,      0.000000000000,      0.000000000000,      0.000000000000,      0.000000000000,      0.000000000000,      0.000000000000,      0.000000000000,      0.000000000000,      0.000000000000,      0.000000000000,      0.000000000000,      0.000000000000
      0.000000000000,      0.436191186997,     -3.685634284617,      3.529930027443,      0.643182749915,     -2.138545238647,      1.628038992131,     -1.660297061937,      1.478280707166,     -0.056646473274,     -0.925646050972,     -0.247914037125,     -0.430983137320,      0.195716178282,      0.019647731782,      0.296728839209,     -0.312672547713,      0.342425291198,     -0.107889080425,      0.105518441979,      0.000000000000,      0.000000000000,      0.000000000000,      0.000000000000,      0.000000000000,      0.000000000000,      0.000000000000,      0.000000000000,      0.000000000000,      0.000000000000,      0.000000000000,      0.000000000000,      0.000000000000,      0.000000000000,      0.000000000000,      0.000000000000
      0.000000000000,      3.677933728769,     -0.546325502211,      2.189582312175,     -0.461414676625,     -3.199476600422,     -2.030396190911,      1.758750116073,     -1.363441338809,      0.047796502927,      0.790638662122,     -0.257942947874,      0.266219306413,      0.412860108431,     -0.444691242616,      0.265874922941,      0.089739841916,     -0.040952389145,     -0.175705530609,     -0.114844384067,      0.000000000000,      0.000000000000,      0.000000000000,      0.000000000000,      0.000000000000,      0.000000000000,      0.000000000000,      0.000000000000,      0.000000000000,      0.000000000000,      0.000000000000,      0.000000000000,      0.000000000000,      0.000000000000,      0.000000000000,      0.000000000000
      0.000000000000,     -0.954444917909,      3.329656162018,     -0.645277934932,     -4.554957034824,      1.659520251285,      1.476182357666,     -1.340876912619,     -1.829611325286,      0.078340318862,      0.965401300545,      0.544606954922,     -0.171571986942,     -0.082050746422,      0.255531878063,      0.158239251361,      0.397619289474,     -0.349034814113,     -0.233084773018,     -0.146866890135,      0.000000000000,      0.000000000000,      0.000000000000,      0.000000000000,      0.000000000000,      0.000000000000,      0.000000000000,      0.000000000000,      0.000000000000,      0.000000000000,      0.000000000000,      0.000000000000,      0.000000000000,      0.000000000000,      0.000000000000,      0.000000000000
      0.000000000000,      3.484254260036,     -3.828555708526,     -0.187262175547,     -0.477829438552,      1.853587392812,     -1.725576560516,     -1.935007803525,      1.458172378498,      0.942975551554,      0.711535889524,     -0.090375471267,     -0.785784220173,     -0.025473126579,      0.270857191637,     -0.244109000622,      0.273767520202,     -0.118596246878,      0.065684562547,     -0.112214743868,      0.000000000000,      0.000000000000,      0.000000000000,      0.000000000000,      0.000000000000,      0.000000000000,      0.000000000000,      0.000000000000,      0.000000000000,      0.000000000000,      0.000000000000,      0.000000000000,      0.000000000000,      0.000000000000,      0.000000000000,      0.000000000000
      0.000000000000,     -3.669766987219,     -0.251708176369,      3.590040832624,     -0.355352606481,      1.887133368870,      1.923711652465,     -1.611640989084,     -1.396864472751,     -0.950361805497,      0.019967989759,      0.744359211237,      0.573913489459,      0.041846903622,     -0.481246977952,      0.195634296006,     -0.217867075906,      0.156896432348,     -0.147356983981,      0.135793247896,      0.000000000000,      0.000000000000,      0.000000000000,      0.000000000000,      0.000000000000,      0.000000000000,      0.000000000000,      0.000000000000,      0.000000000000,      0.000000000000,      0.000000000000,      0.000000000000,      0.000000000000,      0.000000000000,      0.000000000000,      0.000000000000
      0.000000000000,     -0.098291477422,     -3.750936827975,      0.189209262594,      3.289533349905,      1.757308142255,     -1.543231697192,     -1.590639423136,      1.693136241993,      0.904943401746,      0.161267758324,     -1.022016780815,      0.013900102179,     -0.158806481497,      0.343946537376,      0.357111738699,     -0.335394805750,     -0.099303001744,      0.100484005032,     -0.155926211934,      0.000000000000,      0.000000000000,      0.000000000000,      0.000000000000,      0.000000000000,      0.000000000000,      0.000000000000,      0.000000000000,      0.000000000000,      0.000000000000,      0.000000000000,      0.000000000000,      0.000000000000,      0.000000000000,      0.000000000000,      0.000000000000
      0.000000000000,     -0.128401475098,      4.226774919395,     -3.290833030116,      0.333412536258,      2.642651743730,     -2.006894085807,      1.923248705442,     -1.509374543507,     -0.747085792786,      0.637346518408,     -0.014865885793,     -0.225718774610,     -0.019076615582,      0.261556015791,     -0.260086787092,      0.272148686886,     -0.136146519357,      0.121096919300,     -0.117927434863,      0.000000000000,      0.000000000000,      0.000000000000,      0.000000000000,      0.000000000000,      0.000000000000,      0.000000000000,      0.000000000000,      0.000000000000,      0.000000000000,      0.000000000000,      0.000000000000,      0.000000000000,      0.000000000000,      0.000000000000,      0.000000000000
      0.000000000000,     -3.812927131636,      0.497850683024,      0.212474383408,      3.296355357280,     -2.091399346071,     -1.733205287580,      1.672734429372,      1.722870034428,     -1.066168718219,     -0.534256903032,      0.687690326322,      0.047323608683,      0.032091734727,     -0.316162130958,     -0.128644401604,      0.073770358018,      0.110783795182,     -0.044635759213,      0.120271818850,      0.000000000000,      0.000000000000,      0.000000000000,      0.000000000000,      0.000000000000,      0.000000000000,      0.000000000000,      0.000000000000,      0.000000000000,      0.000000000000,      0.000000000000,      0.000000000000,      0.000000000000,      0.000000000000,      0.000000000000,      0.000000000000
      0.000000000000,      0.451900126675,      4.151815241873,     -2.836851454571,     -0.328624327545,      2.283307304982,     -2.191265556952,     -1.428966997026,      1.521944027299,     -0.181082085875,      0.804766090144,     -0.546887351844,      0.204741978418,     -0.246654160994,      0.358135285492,     -0.044520208098,     -0.188714242367,      0.062902640144,      0.164452027535,     -0.167622732431,      0.000000000000,      0.000000000000,      0.000000000000,      0.000000000000,      0.000000000000,      0.000000000000,      0.000000000000,      0.000000000000,      0.000000000000,      0.000000000000,      0.000000000000,      0.000000000000,      0.000000000000,      0.000000000000,      0.000000000000,      0.000000000000
      0.000000000000,     -4.035853846848,      0.402454096399,      0.599163992981,      3.599998246428,     -2.178967014442,     -1.930583423354,      1.577324928445,      1.540792239701,     -0.129433324853,     -0.660274672037,      0.281372058300,     -0.556249813227,      0.021661455088,      0.542890792389,     -0.266423088215,      0.139086233018,     -0.151197794243,     -0.089278980848,      0.119964301065,      0.000000000000,      0.000000000000,      0.000000000000,      0.000000000000,      0.000000000000,      0.000000000000,      0.000000000000,      0.000000000000,      0.000000000000,      0.000000000000,      0.000000000000,      0.000000000000,      0.000000000000,      0.000000000000,      0.000000000000,      0.000000000000
      0.000000000000,      0.012600012547,      3.607145323051,     -3.365440183609,     -0.176617813033,     -1.819329577683,     -1.933942992615,      1.561579775240,      1.465063354966,     -0.087318352824,     -0.067511023605,      0.783739923052,     -0.717224925232,      0.234525122554,      0.502227828302,     -0.455514611239,      0.341106366608,     -0.122999784011,     -0.095280183923,      0.063036894590,      0.000000000000,      0.000000000000,      0.000000000000,      0.000000000000,      0.000000000000,      0.000000000000,      0.000000000000,      0.000000000000,      0.000000000000,      0.000000000000,      0.000000000000,      0.000000000000,      0.000000000000,      0.000000000000,      0.000000000000,      0.000000000000
      0.000000000000,     -3.815644319016,      0.231962896822,      3.633664970824,     -0.042137961498,      2.218891250504,      1.437876422319,     -1.854051422249,     -1.601966602407,      0.816707764182,      0.032016124046,     -0.103512573368,     -0.349085385182,     -0.492841506262,     -0.480726768121,      0.210266158073,      0.300326938407,      0.340856722798,     -0.259445741291,      0.092742434915,      0.000000000000,      0.000000000000,      0.000000000000,      0.000000000000,      0.000000000000,      0.000000000000,      0.000000000000,      0.000000000000,      0.000000000000,      0.000000000000,      0.000000000000,      0.000000000000,      0.000000000000,      0.000000000000,      0.000000000000,      0.000000000000
      0.000000000000,     -0.330854233721,      4.263167309558,     -3.524429969499,     -0.120483167615,      2.140543652638,     -1.929399341421,      1.788965473164,     -1.328775809323,     -0.073118447569,     -0.836135123232,      0.610800426179,      0.229805609591,     -0.436756096464,     -0.259533173579,     -0.007140455016,      0.160966769335,      0.292497754392,     -0.135991798782,      0.131843501622,      0.000000000000,      0.000000000000,      0.000000000000,      0.000000000000,      0.000000000000,      0.000000000000,      0.000000000000,      0.000000000000,      0.000000000000,      0.000000000000,      0.000000000000,      0.000000000000,      0.000000000000,      0.000000000000,      0.000000000000,      0.000000000000
      0.000000000000,     -3.388149732629,      0.527447316477,     -0.118354737243,      4.094913596510,     -1.589854506479,      1.737402091117,     -1.599729758891,      1.724896453862,     -0.013842507907,     -0.069043054009,     -0.783233496905,      0.621208823257,      0.203111982130,     -0.344789339921,     -0.170665070218,     -0.272595322407,      0.183125521536,     -0.115528330259,      0.072605570815,      0.000000000000,      0.000000000000,      0.000000000000,      0.000000000000,      0.000000000000,      0.000000000000,      0.000000000000,      0.000000000000,      0.000000000000,      0.000000000000,      0.000000000000,      0.000000000000,      0.000000000000,      0.000000000000,      0.000000000000,      0.000000000000
      0.000000000000,      3.111966292433,     -0.124269878016,     -0.525816674695,     -4.030551169482,     -2.027841822065,      1.519567782613,      1.467718173826,     -1.406068979134,      1.169537766847,     -0.028356936019,      0.248606783048,     -0.618535721931,      0.422892573776,      0.367605661713,     -0.007838529837,     -0.156489986293,     -0.113552529602,      0.101038976879,     -0.106779833998,      0.000000000000,      0.000000000000,      0.000000000000,      0.000000000000,      0.000000000000,      0.000000000000,      0.000000000000,      0.000000000000,      0.000000000000,      0.000000000000,      0.000000000000,      0.000000000000,      0.000000000000,      0.000000000000,      0.000000000000,      0.000000000000
      0.000000000000,      4.064468631775,     -4.198265157172,     -0.025329600824,      0.009207642817,      2.238999264233,      1.940061521964,     -1.853971519168,     -1.732679090679,     -0.101649055592,      0.669224269881,     -0.622648455870,      0.517076996512,     -0.014909801502,     -0.182697039800,     -0.302723721590,      0.132637617916,      0.100277711717,      0.225342415632,     -0.046845749042,      0.000000000000,      0.000000000000,      0.000000000000,      0.000000000000,      0.000000000000,      0.000000000000,      0.000000000000,      0.000000000000,      0.000000000000,      0.000000000000,      0.000000000000,      0.000000000000,      0.000000000000,      0.000000000000,      0.000000000000,      0.000000000000
      0.000000000000,     -4.205724248143,      0.269172299307,      0.657194113801,      2.864490745418,     -1.691352230853,     -1.683717130392,      1.758553186265,      1.338688734989,     -1.436732573149,     -0.615772374471,      0.586005916232,      0.069411351878,      0.082502060050,     -0.335743888859,     -0.145743854029,      0.287670631952,     -0.079419378345,      0.207270133557,      0.122807975465,      0.000000000000,      0.000000000000,      0.000000000000,      0.000000000000,      0.000000000000,      0.000000000000,      0.000000000000,      0.000000000000,      0.000000000000,      0.000000000000,      0.000000000000,      0.000000000000,      0.000000000000,      0.000000000000,      0.000000000000,      0.000000000000
      0.000000000000,      4.242420617331,     -0.119579716222,     -0.457777254140,      2.298695236848,     -2.757507001799,      1.916001783032,     -1.926708789761,     -1.336545962866,      1.386229220214,     -0.096096713725,     -0.548955091136,      0.204776506440,      0.472143832581,     -0.269641514676,     -0.059327232499,     -0.157829702981,      0.148849543263,     -0.121952866041,      0.034133349509,      0.000000000000,      0.000000000000,      0.000000000000,      0.000000000000,      0.000000000000,      0.000000000000,      0.000000000000,      0.000000000000,      0.000000000000,      0.000000000000,      0.000000000000,      0.000000000000,      0.000000000000,      0.000000000000,      0.000000000000,      0.000000000000
      0.000000000000,     -4.160231533716,      0.138629227511,      3.872716299873,      0.340699060274,     -2.034136029948,     -1.588001424797,      1.933413352802,      1.449568934162,     -0.780737455785,      0.159995218207,      0.059668282869,      0.492540782179,     -0.512532544726,     -0.128047609642,     -0.360432677380,      0.166826654966,      0.215633853997,     -0.083739932390,      0.146016702702,      0.000000000000,      0.000000000000,      0.000000000000,      0.000000000000,      0.000000000000,      0.000000000000,      0.000000000000,      0.000000000000,      0.000000000000,      0.000000000000,      0.000000000000,      0.000000000000,      0.000000000000,      0.000000000000,      0.000000000000,      0.000000000000
      0.000000000000,      0.896072174868,     -3.303092833942,      0.487369496586,      3.345330850983,     -2.049813666339,      1.912709492184,     -1.486743488892,      1.545387887716,     -1.133882857471,     -0.016917720830,      0.526597053947,     -0.333643682738,     -0.008625586924,     -0.137139789826,     -0.278105512782,     -0.101152399195,      0.186057307346,      0.170347437319,      0.055147920902,      0.000000000000,      0.000000000000,      0.000000000000,      0.000000000000,      0.000000000000,      0.000000000000,      0.000000000000,      0.000000000000,      0.000000000000,      0.000000000000,      0.000000000000,      0.000000000000,      0.000000000000,      0.000000000000,      0.000000000000,      0.000000000000
      0.000000000000,     -0.081664801661,      3.499837175832,     -0.246045528427,     -3.761814379554,      2.066901435773,     -2.002296191150,     -2.000481495096,      1.499123038890,      0.787453267295,      0.005460965662,     -0.537407955521,      0.231549322134,     -0.217104067978,      0.382480087348,      0.024365629640,     -0.289948844703,      0.233014820461,      0.085287825279,     -0.113950250777,      0.000000000000,      0.000000000000,      0.000000000000,      0.000000000000,      0.000000000000,      0.000000000000,      0.000000000000,      0.000000000000,      0.000000000000,      0.000000000000,      0.000000000000,      0.000000000000,      0.000000000000,      0.000000000000,      0.000000000000,      0.000000000000
      0.000000000000,     -0.153152211406,      4.543039117199,     -3.338998311031,      0.001778167383,      1.760602668863,     -1.935974792171,     -1.528467546940,      1.571819421620,     -0.126821478950,      0.018726840844,      0.529648826461,     -0.613252903065,      0.596432630883,      0.146769648713,     -0.211471696868,     -0.264948988977,     -0.182130036044,     -0.090261859340,      0.068159045211,      0.000000000000,      0.000000000000,      0.000000000000,      0.000000000000,      0.000000000000,      0.000000000000,      0.000000000000,      0.000000000000,      0.000000000000,      0.000000000000,      0.000000000000,      0.000000000000,      0.000000000000,      0.000000000000,      0.000000000000,      0.000000000000
      0.000000000000,     -3.982470309202,     -0.239566988804,      3.282693631372,      0.041077953544,      2.025208077104,     -1.798084527348,      1.319035632414,     -1.355502163561,      1.035874274801,      0.044492994532,      0.545581487211,     -0.626429806477,      0.213705853455,     -0.137547829915,     -0.024915532547,     -0.149587526499,     -0.244812361890,      0.109447605708,     -0.189098154046,      0.000000000000,      0.000000000000,      0.000000000000,      0.000000000000,      0.000000000000,      0.000000000000,      0.000000000000,      0.000000000000,      0.000000000000,      0.000000000000,      0.000000000000,      0.000000000000,      0.000000000000,      0.000000000000,      0.000000000000,      0.000000000000
      0.000000000000,      3.638769680556,     -0.213817321775,     -4.197782409786,     -0.622012719832,      1.931234723813,      1.982787134569,     -2.308117578171,     -1.030487878289,      1.060680519757,     -0.077922950035,      0.589543596942,     -0.627477518870,      0.042098869096,      0.172692707888,      0.118319237269,      0.192181357730,     -0.110097707407,     -0.042058129082,     -0.089934485430,      0.000000000000,      0.000000000000,      0.000000000000,      0.000000000000,      0.000000000000,      0.000000000000,      0.000000000000,      0.000000000000,      0.000000000000,      0.000000000000,      0.000000000000,      0.000000000000,      0.000000000000,      0.000000000000,      0.000000000000,      0.000000000000
      0.000000000000,     -4.138349087147,      0.119668247700,      3.593974992189,      0.613824032938,     -1.686897017363,     -1.958480076035,      1.894494886975,      1.581808440931,     -1.168641905824,      0.063946225633,     -0.436925951844,      0.410549477386,     -0.153717787878,      0.058374880246,      0.148197576816,     -0.259427187279,      0.256037964094,     -0.116376806424,      0.108035156928,      0.000000000000,      0.000000000000,      0.000000000000,      0.000000000000,      0.000000000000,      0.000000000000,      0.000000000000,      0.000000000000,      0.000000000000,      0.000000000000,      0.000000000000,      0.000000000000,      0.000000000000,      0.000000000000,      0.000000000000,      0.000000000000
      0.000000000000,     -0.173085345848,      0.193721095094,     -3.433909850090,      3.134090026733,      1.923880678756,     -2.151764870554,     -1.351735189204,      1.336556265730,      1.034494314701,     -0.967046111278,     -0.035186428856,     -0.041257852234,     -0.299571603245,      0.316225325511,      0.120035273499,      0.145113306809,     -0.156451352372,      0.253184819875,     -0.181244943793,      0.000000000000,      0.000000000000,      0.000000000000,      0.000000000000,      0.000000000000,      0.000000000000,      0.000000000000,      0.000000000000,      0.000000000000,      0.000000000000,      0.000000000000,      0.000000000000,      0.000000000000,      0.000000000000,      0.000000000000,      0.000000000000
      0.000000000000,      3.983864289569,     -0.390538940197,     -0.232173192349,     -3.697267283684,      2.001553501099,     -2.088044156944,     -1.807133802901,      1.637975504226,      1.228620448326,     -0.120267429531,      0.555912436392,     -0.007356845096,     -0.430971212836,      0.100288209468,     -0.240263527232,      0.139082751499,     -0.097734004178,     -0.192332949866,      0.190224147625,      0.000000000000,      0.000000000000,      0.000000000000,      0.000000000000,      0.000000000000,      0.000000000000,      0.000000000000,      0.000000000000,      0.000000000000,      0.000000000000,      0.000000000000,      0.000000000000,      0.000000000000,      0.000000000000,      0.000000000000,      0.000000000000
      0.000000000000,     -3.129174751793,      0.822033980924,      4.496424507950,      0.544376947853,     -1.857469837008,     -1.728022771134,      2.011408349946,      1.493198022954,     -1.037920906227,     -0.051915259752,     -0.621376139703,     -0.563853669994,      0.051437366691,      0.158363310261,     -0.257716230283,     -0.128108072722,      0.289486810215,      0.175412957540,      0.090924679371,      0.000000000000,      0.000000000000,      0.000000000000,      0.000000000000,      0.000000000000,      0.000000000000,      0.000000000000,      0.000000000000,      0.000000000000,      0.000000000000,      0.000000000000,      0.000000000000,      0.000000000000,      0.000000000000,      0.000000000000,      0.000000000000
      0.000000000000,      0.215853515124,     -3.195880253439,      0.615162678794,      3.411258662926,     -1.810954113470,      2.164885661634,      1.622391325750,     -1.380304770551,      0.031123189757,     -1.083123684982,     -0.019399526786,     -0.151744759468,     -0.327693739739,     -0.394694492487,      0.364602724699,      0.253192023783,      0.079812790230,     -0.143940999682,      0.084989847318,      0.000000000000,      0.000000000000,      0.000000000000,      0.000000000000,      0.000000000000,      0.000000000000,      0.000000000000,      0.000000000000,      0.000000000000,      0.000000000000,      0.000000000000,      0.000000000000,      0.000000000000,      0.000000000000,      0.000000000000,      0.000000000000
      0.000000000000,     -0.457128365655,      3.565338357203,     -0.653373247600,      2.059402249279,     -3.512625962223,      1.458572835806,     -1.868952028443,     -1.431721619538,      0.799755632246,     -0.034031411162,      0.305807454557,      0.516597136607,     -0.277589164190,      0.484865216210,     -0.031120934433,     -0.263350347397,     -0.272573980937,      0.090264540725,     -0.060170671303,      0.000000000000,      0.000000000000,      0.000000000000,      0.000000000000,      0.000000000000,      0.000000000000,      0.000000000000,      0.000000000000,      0.000000000000,      0.000000000000,      0.000000000000,      0.000000000000,      0.000000000000,      0.000000000000,      0.000000000000,      0.000000000000
      0.000000000000,      3.303259006929,     -4.107266745665,     -0.665753152444,     -0.463860212711,      1.784935731473,      1.973058495369,     -2.166454158693,     -1.788868905087,      0.689094987226,      0.118201923698,      0.696961365816,     -0.029317234170,      0.164303302919,     -0.378579245323,      0.262834945572,     -0.248940308937,     -0.122520273557,      0.103528587658,     -0.092234247426,      0.000000000000,      0.000000000000,      0.000000000000,      0.000000000000,      0.000000000000,      0.000000000000,      0.000000000000,      0.000000000000,      0.000000000000,      0.000000000000,      0.000000000000,      0.000000000000,      0.000000000000,      0.000000000000,      0.000000000000,      0.000000000000
      0.000000000000,     -0.882017731474,     -0.122879459804,     -3.933481459091,      3.184801180066,      1.980786436201,      1.421157983489,     -1.733878324942,     -1.352500962104,      1.143684976073,     -0.831355789352,      0.017123895672,      0.536680875280,      0.373529539961,      0.031442870458,      0.171956123701,     -0.122007380204,     -0.322370916978,     -0.107816323665,      0.084502047951,      0.000000000000,      0.000000000000,      0.000000000000,      0.000000000000,      0.000000000000,      0.000000000000,      0.000000000000,      0.000000000000,      0.000000000000,      0.000000000000,      0.000000000000,      0.000000000000,      0.000000000000,      0.000000000000,      0.000000000000,      0.000000000000
      0.000000000000,      3.466621647001,     -0.930660465795,     -3.682577023329,     -0.312754702639,      1.991115316985,      1.915307780056,     -1.870431724307,     -1.661066087973,      1.292348155741,      0.013073253109,     -0.752565332741,      0.416067630494,      0.180029220672,      0.372543231391,     -0.005191392165,     -0.113160721776,     -0.195366878632,      0.091033939028,     -0.046899352731,      0.000000000000,      0.000000000000,      0.000000000000,      0.000000000000,      0.000000000000,      0.000000000000,      0.000000000000,      0.000000000000,      0.000000000000,      0.000000000000,      0.000000000000,      0.000000000000,      0.000000000000,      0.000000000000,      0.000000000000,      0.000000000000
      0.000000000000,     -3.285036524403,      0.981141359886,      0.250102900095,      4.154517477564,     -1.768402870952,     -1.678920614239,      2.154711428572,      1.638542533053,     -1.221736766149,     -0.015528078606,     -0.578804982779,     -0.016907913516,      0.481826211680,     -0.144861085913,     -0.284526330679,      0.240150054661,     -0.132343223596,      0.079167663742,      0.136814842946,      0.000000000000,      0.000000000000,      0.000000000000,      0.000000000000,      0.000000000000,      0.000000000000,      0.000000000000,      0.000000000000,      0.000000000000,      0.000000000000,      0.000000000000,      0.000000000000,      0.000000000000,      0.000000000000,      0.000000000000,      0.000000000000
      0.000000000000,      0.364720017739,     -3.265001216448,      0.814591489070,      3.443609859882,     -1.995592794984,     -1.809780347329,      1.883175994953,      1.544100397496,     -1.249455763183,     -0.041997424350,      0.074657190040,     -0.232326116897,     -0.347144784240,     -0.307596810614,      0.286097964039,      0.107374396883,      0.304812614425,     -0.077910026309,      0.088025638049,      0.000000000000,      0.000000000000,      0.000000000000,      0.000000000000,      0.000000000000,      0.000000000000,      0.000000000000,      0.000000000000,      0.000000000000,      0.000000000000,      0.000000000000,      0.000000000000,      0.000000000000,      0.000000000000,      0.000000000000,      0.000000000000
      0.000000000000,     -0.311034600281,      3.484753162180,      0.239440826726,     -3.250402676234,      2.390037071210,     -2.033442553107,     -1.615587123127,      1.487018977900,      0.013048899842,      0.652866369161,      0.239194219515,     -0.217133066164,     -0.437832701939,      0.015481615727,      0.288873545725,      0.306200306150,     -0.275341160953,     -0.234510667590,     -0.103957214014,      0.000000000000,      0.000000000000,      0.000000000000,      0.000000000000,      0.000000000000,      0.000000000000,      0.000000000000,      0.000000000000,      0.000000000000,      0.000000000000,      0.000000000000,      0.000000000000,      0.000000000000,      0.000000000000,      0.000000000000,      0.000000000000
      0.000000000000,     -0.645001260375,      4.030717151877,     -0.175543064714,     -3.591506489571,      1.882015061601,      1.677048820569,     -2.131898005371,     -1.692959016818,      1.179344726077,     -0.019802329882,      0.499852739491,      0.166226603677,     -0.023056064209,     -0.125122992147,      0.149478944617,     -0.300136126216,     -0.136259848625,     -0.171709200081,     -0.218426456068,      0.000000000000,      0.000000000000,      0.000000000000,      0.000000000000,      0.000000000000,      0.000000000000,      0.000000000000,      0.000000000000,      0.000000000000,      0.000000000000,      0.000000000000,      0.000000000000,      0.000000000000,      0.000000000000,      0.000000000000,      0.000000000000
      0.000000000000,      3.802984655892,     -3.918832052143,     -0.382199291041,     -0.249274699141,     -1.957468466527,      1.589793291368,     -1.898923302997,      1.447041921053,      0.978281176967,      0.014836450210,     -0.022618885035,     -0.701066437790,      0.424331546113,     -0.393035789427,      0.283301494965,      0.139800396264,     -0.095651386873,     -0.137761273064,      0.100465127792,      0.000000000000,      0.000000000000,      0.000000000000,      0.000000000000,      0.000000000000,      0.000000000000,      0.000000000000,      0.000000000000,      0.000000000000,      0.000000000000,      0.000000000000,      0.000000000000,      0.000000000000,      0.000000000000,      0.000000000000,      0.000000000000
      0.000000000000,     -3.112821055000,      4.645656892976,      0.195526451003,      0.310465936534,      1.737140011896,     -1.693002217619,     -1.486511709667,      2.263517632985,     -1.004292566227,     -0.001622973170,     -0.402451725551,     -0.101804832565,      0.479636203145,     -0.231599170872,      0.292400419724,     -0.171959308502,      0.187691278168,     -0.271114377356,      0.028910364870,      0.000000000000,      0.000000000000,      0.000000000000,      0.000000000000,      0.000000000000,      0.000000000000,      0.000000000000,      0.000000000000,      0.000000000000,      0.000000000000,      0.000000000000,      0.000000000000,      0.000000000000,      0.000000000000,      0.000000000000,      0.000000000000
      0.000000000000,      0.090850170640,     -3.914394297988,      3.264971416069,      0.104976635014,     -2.067905718724,      2.471552141444,      1.439293067217,     -1.188835204949,     -1.064089549413,      0.021647394328,      0.027124393911,      0.304544416008,     -0.203773386627,      0.434992735416,     -0.337373435911,      0.307433049320,     -0.191835451257,     -0.076539728148,      0.066600988663,      0.000000000000,      0.000000000000,      0.000000000000,      0.000000000000,      0.000000000000,      0.000000000000,      0.000000000000,      0.000000000000,      0.000000000000,      0.000000000000,      0.000000000000,      0.000000000000,      0.000000000000,      0.000000000000,      0.000000000000,      0.000000000000
      0.000000000000,     -0.928882101896,      3.281761424598,     -0.621074125005,     -3.533024579632,      1.617545127698,      1.964951556871,     -2.048433671184,     -1.297493862749,     -0.042421636708,      0.940688397661,      0.073415153862,      0.323253325742,      0.546505305431,     -0.430522316183,     -0.233065386489,      0.153329896291,      0.272067275314,     -0.133478249411,     -0.024149463275,      0.000000000000,      0.000000000000,      0.000000000000,      0.000000000000,      0.000000000000,      0.000000000000,      0.000000000000,      0.000000000000,      0.000000000000,      0.000000000000,      0.000000000000,      0.000000000000,      0.000000000000,      0.000000000000,      0.000000000000,      0.000000000000
      0.000000000000,     -0.571711182466,      3.392773793177,     -4.401950323183,     -0.277779558075,      1.838996487092,      1.754659866308,     -1.966912581987,     -1.849394433313,      0.025970835930,      0.873055505260,      0.027393325177,     -0.198789030861,     -0.474094991067,      0.359893873616,      0.346040110648,      0.179844569885,      0.165762677997,     -0.113406891750,     -0.166146074480,      0.000000000000,      0.000000000000,      0.000000000000,      0.000000000000,      0.000000000000,      0.000000000000,      0.000000000000,      0.000000000000,      0.000000000000,      0.000000000000,      0.000000000000,      0.000000000000,      0.000000000000,      0.000000000000,      0.000000000000,      0.000000000000
      0.000000000000,      0.768518822076,     -3.554017384951,      0.151515463424,      3.746973512050,     -1.715045320213,     -1.786376609213,      1.652175529894,      2.164091168253,      0.852525610680,     -0.794071865925,     -0.010101943838,      0.009292365025,     -0.292896765011,     -0.134252052886,     -0.307398187848,      0.106324802303,     -0.136458966582,      0.219573922092,      0.060025062244,      0.000000000000,      0.000000000000,      0.000000000000,      0.000000000000,      0.000000000000,      0.000000000000,      0.000000000000,      0.000000000000,      0.000000000000,      0.000000000000,      0.000000000000,      0.000000000000,      0.000000000000,      0.000000000000,      0.000000000000,      0.000000000000
      0.000000000000,      0.160027628119,      3.773130465956,     -3.536602579329,      0.313731990798,     -2.154741722423,      2.144339555426,     -1.759238825960,      1.048641955442,     -0.006637409326,     -0.762234448026,      0.720889209592,     -0.246717680734,      0.215022510482,     -0.385869408670,      0.313809837708,      0.248245371988,      0.011725552077,     -0.215152376894,     -0.033323890322,      0.000000000000,      0.000000000000,      0.000000000000,      0.000000000000,      0.000000000000,      0.000000000000,      0.000000000000,      0.000000000000,      0.000000000000,      0.000000000000,      0.000000000000,      0.000000000000,      0.000000000000,      0.000000000000,      0.000000000000,      0.000000000000
      0.000000000000,     -3.339217686166,      0.553550525526,      3.977110009300,      0.437944095037,     -2.234419288685,     -1.672121838167,      1.877322873848,      1.909861634097,     -0.776842438973,      0.004787826593,     -0.526839379201,     -0.034666751681,     -0.327637039723,     -0.152436434522,      0.347980917599,     -0.138519519208,      0.116699689240,      0.213835895199,      0.211234239557,      0.000000000000,      0.000000000000,      0.000000000000,      0.000000000000,      0.000000000000,      0.000000000000,      0.000000000000,      0.000000000000,      0.000000000000,      0.000000000000,      0.000000000000,      0.000000000000,      0.000000000000,      0.000000000000,      0.000000000000,      0.000000000000
      0.000000000000,     -0.041939995887,     -3.675250340626,      0.253453626794,      3.155447670116,     -2.010201226252,      2.257200028016,     -1.440259066162,      1.414006617963,     -0.741307633796,      0.086569594019,      0.605954537788,     -0.618934387175,      0.292550743203,     -0.184724190084,      0.034302076871,     -0.238241699060,     -0.065139389135,      0.151134406645,      0.165214655515,      0.000000000000,      0.000000000000,      0.000000000000,      0.000000000000,      0.000000000000,      0.000000000000,      0.000000000000,      0.000000000000,      0.000000000000,      0.000000000000,      0.000000000000,      0.000000000000,      0.000000000000,      0.000000000000,      0.000000000000,      0.000000000000
      0.000000000000,      3.480557833248,     -0.647011899509,     -0.766012085027,     -3.338774437510,      1.894000598590,      1.427110855214,     -1.823026384887,     -1.531588164947,      1.382648540320,     -0.024363759514,     -0.055368987346,      0.498471737198,      0.471951536790,      0.181954467261,     -0.310679689300,      0.099793530483,     -0.124966230386,     -0.191545858507,     -0.155375210084,      0.000000000000,      0.000000000000,      0.000000000000,      0.000000000000,      0.000000000000,      0.000000000000,      0.000000000000,      0.000000000000,      0.000000000000,      0.000000000000,      0.000000000000,      0.000000000000,      0.000000000000,      0.000000000000,      0.000000000000,      0.000000000000
      0.000000000000,     -3.893369584611,      4.195425456572,      0.322271743055,     -0.055019691157,     -2.321565327683,      2.096351818455,     -1.668763627923,      1.689894239653,     -0.045977280150,     -0.638717239111,     -0.320479159278,     -0.041479898278,      0.249378342928,      0.553854359372,      0.429953548881,     -0.272380975751,     -0.225869452312,      0.239958205984,     -0.105708646884,      0.000000000000,      0.000000000000,      0.000000000000,      0.000000000000,      0.000000000000,      0.000000000000,      0.000000000000,      0.000000000000,      0.000000000000,      0.000000000000,      0.000000000000,      0.000000000000,      0.000000000000,      0.000000000000,      0.000000000000,      0.000000000000
      0.000000000000,      0.481708574146,     -3.424290076710,      3.392628890661,     -2.166504016454,      0.227926876013,      1.933414124221,     -1.220985636065,      1.480758503245,     -1.398761030186,     -0.023740677915,     -0.271961861733,     -0.504363876378,      0.067517210764,      0.548803558846,      0.155695956590,     -0.340027436484,      0.211949173457,      0.087120227002,     -0.056972390452,      0.000000000000,      0.000000000000,      0.000000000000,      0.000000000000,      0.000000000000,      0.000000000000,      0.000000000000,      0.000000000000,      0.000000000000,      0.000000000000,      0.000000000000,      0.000000000000,      0.000000000000,      0.000000000000,      0.000000000000,      0.000000000000
      0.000000000000,      4.046478241416,     -0.346924409678,     -0.616051718364,     -3.285103643464,      2.051707274949,     -1.807992611513,      1.428028470927,     -1.278342721897,      0.965709459849,     -0.028841914129,     -0.069953568102,      0.446879679000,      0.188071585405,     -0.512551371031,      0.222850365544,     -0.139790746779,      0.256731194942,     -0.133010939777,     -0.196694669974,      0.000000000000,      0.000000000000,      0.000000000000,      0.000000000000,      0.000000000000,      0.000000000000,      0.000000000000,      0.000000000000,      0.000000000000,      0.000000000000,      0.000000000000,      0.000000000000,      0.000000000000,      0.000000000000,      0.000000000000,      0.000000000000
      0.000000000000,     -5.150640559345,     -0.171277175064,      2.951946413030,     -0.028027279244,     -1.943364920663,      1.658127879357,      1.590405351263,     -2.016104789454,      0.057556170396,      0.853684863585,      0.158348089466,     -0.615034070072,     -0.072621530250,     -0.308865177604,      0.181016145091,      0.243758007153,     -0.130580439704,      0.120960427589,      0.158960616937,      0.000000000000,      0.000000000000,      0.000000000000,      0.000000000000,      0.000000000000,      0.000000000000,      0.000000000000,      0.000000000000,      0.000000000000,      0.000000000000,      0.000000000000,      0.000000000000,      0.000000000000,      0.000000000000,      0.000000000000,      0.000000000000
      0.000000000000,      3.501482690362,     -0.006635159082,      0.079264942086,     -3.869312964255,      1.833730170599,     -1.746405978595,     -1.638237807499,      1.635682535342,      1.101279822249,     -0.976688722837,      0.066207500462,     -0.027564802770,     -0.254209139510,      0.296040074340,      0.168535117808,     -0.106513900610,      0.152450035038,     -0.246994046773,      0.216813326475,      0.000000000000,      0.000000000000,      0.000000000000,      0.000000000000,      0.000000000000,      0.000000000000,      0.000000000000,      0.000000000000,      0.000000000000,      0.000000000000,      0.000000000000,      0.000000000000,      0.000000000000,      0.000000000000,      0.000000000000,      0.000000000000
      0.000000000000,     -3.921589028069,      0.519117645482,      3.656762015503,      0.532870734031,     -2.119448159670,     -1.742601828868,      1.669947346730,      1.728934806653,      0.038393660277,     -0.936930796185,      0.725807825583,      0.073212908230,     -0.481114834395,     -0.358640865721,      0.299045577671,     -0.124097386620,     -0.112113353623,      0.109660847712,      0.065747318868,      0.000000000000,      0.000000000000,      0.000000000000,      0.000000000000,      0.000000000000,      0.000000000000,      0.000000000000,      0.000000000000,      0.000000000000,      0.000000000000,      0.000000000000,      0.000000000000,      0.000000000000,      0.000000000000,      0.000000000000,      0.000000000000
      0.000000000000,      0.914100803946,     -3.326807922192,      3.774175070886,      0.615194714678,     -1.906258245440,      1.831412952876,     -1.594155014839,      1.564269682845,     -1.048663863611,     -0.646932732632,     -0.277255912928,     -0.023505502395,      0.024431985684,      0.498820191976,      0.175150282017,      0.374740613827,     -0.357615876350,     -0.115738665340,      0.069979839453,      0.000000000000,      0.000000000000,      0.000000000000,      0.000000000000,      0.000000000000,      0.000000000000,      0.000000000000,      0.000000000000,      0.000000000000,      0.000000000000,      0.000000000000,      0.000000000000,      0.000000000000,      0.000000000000,      0.000000000000,      0.000000000000
      0.000000000000,      0.103064237007,     -3.394035430143,      0.395761359956,      3.641462677215,     -1.908972674278,      2.199077875291,     -1.816476728873,      1.663813705126,      0.079182365845,     -0.707184132299,     -0.527382126297,      0.667844503897,      0.014048451169,     -0.369664755392,      0.166444884369,     -0.097681741579,     -0.142551815100,      0.228066341671,      0.095363114572,      0.000000000000,      0.000000000000,      0.000000000000,      0.000000000000,      0.000000000000,      0.000000000000,      0.000000000000,      0.000000000000,      0.000000000000,      0.000000000000,      0.000000000000,      0.000000000000,      0.000000000000,      0.000000000000,      0.000000000000,      0.000000000000
      0.000000000000,      0.022254891450,      3.923904135798,      0.250932073458,     -3.242581038435,      2.131727565411,     -1.871786785287,      1.863427496671,     -1.437405206907,      0.898533080312,      0.071028602682,     -0.002949344772,     -0.425430407825,     -0.173006346104,     -0.469431619235,     -0.320887480185,     -0.162553990712,      0.134736449772,      0.130818324052,      0.240987170720,      0.000000000000,      0.000000000000,      0.000000000000,      0.000000000000,      0.000000000000,      0.000000000000,      0.000000000000,      0.000000000000,      0.000000000000,      0.000000000000,      0.000000000000,      0.000000000000,      0.000000000000,      0.000000000000,      0.000000000000,      0.000000000000
      0.000000000000,      0.412176201380,     -3.565486008388,      4.038504496712,      0.430044969510,     -2.012860281518,     -1.768945105784,      1.890878617017,      1.826926050163,      0.014550404698,     -0.636300218534,      0.014472566321,      0.617883111235,     -0.238319966017,     -0.332804924445,      0.135017761883,     -0.139663156876,     -0.233197488642,      0.109314139230,      0.175417320375,      0.000000000000,      0.000000000000,      0.000000000000,      0.000000000000,      0.000000000000,      0.000000000000,      0.000000000000,      0.000000000000,      0.000000000000,      0.000000000000,      0.000000000000,      0.000000000000,      0.000000000000,      0.000000000000,      0.000000000000,      0.000000000000
      0.000000000000,      0.685918595074,     -3.641155133073,      0.226193505390,      3.331880048524,     -2.366271765071,     -1.706587477063,      1.674135694527,      1.488584426588,      0.060181058989,     -0.867492274588,      0.768983542256,      0.007301838216,     -0.249384243633,     -0.336611761836,      0.149472289735,     -0.296883768870,     -0.123314446029,      0.254928798884,      0.081971921176,      0.000000000000,      0.000000000000,      0.000000000000,      0.000000000000,      0.000000000000,      0.000000000000,      0.000000000000,      0.000000000000,      0.000000000000,      0.000000000000,      0.000000000000,      0.000000000000,      0.000000000000,      0.000000000000,      0.000000000000,      0.000000000000
      0.000000000000,      4.148145342063,      0.123547066624,     -3.166162116800,      0.437588197730,     -2.025408859540,      2.047160889508,     -1.647129599569,      1.804896444323,     -0.058654372104,      0.833859454952,     -0.553803260539,     -0.012267738047,     -0.230308037415,      0.170806096719,     -0.343499095640,      0.310422255780,     -0.302981375259,     -0.118582877892,      0.203271033411,      0.000000000000,      0.000000000000,      0.000000000000,      0.000000000000,      0.000000000000,      0.000000000000,      0.000000000000,      0.000000000000,      0.000000000000,      0.000000000000,      0.000000000000,      0.000000000000,      0.000000000000,      0.000000000000,      0.000000000000,      0.000000000000
      0.000000000000,     -3.591632627374,      0.638924839861,      4.031440704551,      0.533906087531,     -2.023240135651,     -1.655612098493,      1.905493717899,      1.484759240179,     -0.017959116299,     -0.767166710358,     -0.589650124923,     -0.493992702226,     -0.239491161980,      0.471170233441,      0.129881967894,      0.033733703309,      0.188330111413,     -0.105418428659,      0.107959155348,      0.000000000000,      0.000000000000,      0.000000000000,      0.000000000000,      0.000000000000,      0.000000000000,      0.000000000000,      0.000000000000,      0.000000000000,      0.000000000000,      0.000000000000,      0.000000000000,      0.000000000000,      0.000000000000,      0.000000000000,      0.000000000000
      0.000000000000,      0.429261289571,      3.750358109764,     -3.205715270023,      0.074314365882,     -1.859617853439,      1.966746112598,     -1.579063431862,      1.787433495582,      0.001434698837,     -0.773513961973,      0.572117364353,     -0.012528871575,     -0.198593265348,     -0.364240183837,      0.160140430068,     -0.282590407382,      0.256853278905,      0.103759103762,     -0.060062943390,      0.000000000000,      0.000000000000,      0.000000000000,      0.000000000000,      0.000000000000,      0.000000000000,      0.000000000000,      0.000000000000,      0.000000000000,      0.000000000000,      0.000000000000,      0.000000000000,      0.000000000000,      0.000000000000,      0.000000000000,      0.000000000000
      0.000000000000,     -0.224366131205,     -0.208702836651,      3.173604854351,     -4.303418696891,      1.606152027113,     -1.735938944602,      1.838046474189,     -1.939298152662,     -0.047200278642,      0.739221346612,      0.090755640126,      0.287522459904,     -0.475650071909,      0.320620519678,      0.257060089601,      0.143660360708,     -0.188762244035,     -0.069573842237,     -0.238461752629,      0.000000000000,      0.000000000000,      0.000000000000,      0.000000000000,      0.000000000000,      0.000000000000,      0.000000000000,      0.000000000000,      0.000000000000,      0.000000000000,      0.000000000000,      0.000000000000,      0.000000000000,      0.000000000000,      0.000000000000,      0.000000000000
      0.000000000000,     -0.302466345064,      3.418337958693,     -4.019746184024,     -0.042522567074,      2.009647970566,     -2.143268903841,     -2.103221356330,      1.490655418104,      0.026326775869,      0.753301848896,      0.003097914978,     -0.595325912175,      0.228587180306,     -0.186119401893,      0.359938842286,     -0.312093613315,      0.225464134301,      0.085338841712,     -0.075860428282,      0.000000000000,      0.000000000000,      0.000000000000,      0.000000000000,      0.000000000000,      0.000000000000,      0.000000000000,      0.000000000000,      0.000000000000,      0.000000000000,      0.000000000000,      0.000000000000,      0.000000000000,      0.000000000000,      0.000000000000,      0.000000000000
