 -5.002792209812E-01, -5.006595613779E-01,
 -5.018118680239E-01, -4.863784586759E-01,
 -5.007898379066E-01, -4.736836963441E-01,
 -4.998515015908E-01, -4.642069146831E-01,
 -5.014253361003E-01, -4.515749487999E-01,
 -4.983871195852E-01, -4.362558263403E-01,
 -4.999841399162E-01, -4.266867527473E-01,
 -5.002312548903E-01, -4.138444041207E-01,
 -5.007249196964E-01, -4.001317140692E-01,
 -5.013800578287E-01, -3.880978314461E-01,
 -5.014076323731E-01, -3.740461497927E-01,
 -5.002195602103E-01, -3.611567272583E-01,
 -4.991478083019E-01, -3.491452269898E-01,
 -4.982611000377E-01, -3.365116028437E-01,
 -5.003569202468E-01, -3.246316837989E-01,
 -5.013014514827E-01, -3.115618627350E-01,
 -5.013828052111E-01, -2.992750457867E-01,
 -4.981841163919E-01, -2.869618064647E-01,
 -5.000986426018E-01, -2.767904287399E-01,
 -5.000078272201E-01, -2.609799692475E-01,
 -5.004832977665E-01, -2.495594539968E-01,
 -4.983675140967E-01, -2.371639111303E-01,
 -5.011902086945E-01, -2.244764646315E-01,
 -4.997602566644E-01, -2.111758564796E-01,
 -5.000009218254E-01, -2.011371445230E-01,
 -5.009458654043E-01, -1.861143168334E-01,
 -5.011698834338E-01, -1.741811434006E-01,
 -5.013391320122E-01, -1.629643755819E-01,
 -4.986381300818E-01, -1.491906436800E-01,
 -4.999734620779E-01, -1.381492129016E-01,
 -5.002989188970E-01, -1.243238873214E-01,
 -5.014144227913E-01, -1.123385406749E-01,
 -4.983195107091E-01, -9.911251708296E-02,
 -4.986050002647E-01, -8.771985326150E-02,
 -4.997921923676E-01, -7.621350709863E-02,
 -5.007182715843E-01, -6.390739848490E-02,
 -4.998952944283E-01, -4.900757837174E-02,
 -4.985731326457E-01, -3.657686942265E-02,
 -5.012120642022E-01, -2.661493897512E-02,
 -4.989914748207E-01, -1.187351038927E-02,
 -5.016705257140E-01,  1.870893422836E-03,
 -4.988995274165E-01,  1.362024445520E-02,
 -4.998138238171E-01,  2.349291769215E-02,
 -5.006221412327E-01,  3.735644283727E-02,
 -5.008969125870E-01,  4.980215881119E-02,
 -4.997541812399E-01,  6.068211763653E-02,
 -4.989108975447E-01,  7.654949878988E-02,
 -4.996592601704E-01,  8.822088794174E-02,
 -5.009494985414E-01,  1.016603556422E-01,
 -5.010637144133E-01,  1.124745143252E-01,
 -5.013803637769E-01,  1.268635258664E-01,
 -5.014653163415E-01,  1.391168503890E-01,
 -4.986237173945E-01,  1.498036864375E-01,
 -4.984054351268E-01,  1.619089228425E-01,
 -5.007572821698E-01,  1.751130289928E-01,
 -4.987921393564E-01,  1.874673031883E-01,
 -5.005939212230E-01,  2.007525482585E-01,
 -4.991607044065E-01,  2.117603736113E-01,
 -4.981781104822E-01,  2.252350249550E-01,
 -5.010765106951E-01,  2.363772094519E-01,
 -4.989426341188E-01,  2.514349715145E-01,
 -4.992093377632E-01,  2.643732957508E-01,
 -5.011006814244E-01,  2.752001029712E-01,
 -4.987690789990E-01,  2.864270010447E-01,
 -4.993714710971E-01,  2.986440133334E-01,
 -5.013958598471E-01,  3.129005968873E-01,
 -5.008817422337E-01,  3.257454762454E-01,
 -4.992949181704E-01,  3.363013104847E-01,
 -4.994132557521E-01,  3.503048884320E-01,
 -5.010037957663E-01,  3.613435084561E-01,
 -4.981282009811E-01,  3.748157949714E-01,
 -5.015043573339E-01,  3.867496865527E-01,
 -5.001732138464E-01,  4.011065788831E-01,
 -4.990891716120E-01,  4.135276719157E-01,
 -5.017773798859E-01,  4.234552509236E-01,
 -4.991840287389E-01,  4.356330455134E-01,
 -5.017382245187E-01,  4.486699071770E-01,
 -5.018681108504E-01,  4.620300669827E-01,
 -4.998047161211E-01,  4.752333054469E-01,
 -5.012651643646E-01,  4.870921347771E-01,
 -5.014304961186E-01,  4.985741418069E-01,
 -4.869212153591E-01, -5.007763360626E-01,
 -4.881378748987E-01, -4.875421189186E-01,
 -4.868354165609E-01, -4.767101355804E-01,
 -4.879158214431E-01, -4.608133156062E-01,
 -4.883929118431E-01, -4.508607055969E-01,
 -4.875850161682E-01, -4.359716992376E-01,
 -4.864739242439E-01, -4.254893005146E-01,
 -4.863834698515E-01, -4.130740973652E-01,
 -4.883347839559E-01, -3.986525661671E-01,
 -4.872986400641E-01, -3.859271335898E-01,
 -4.883731285990E-01, -3.747095482456E-01,
 -4.876497940949E-01, -3.624002335120E-01,
 -4.873234561304E-01, -3.493700331807E-01,
 -4.892970941611E-01, -3.384479810087E-01,
 -4.863893363038E-01, -3.257602912552E-01,
 -4.876475344509E-01, -3.121763129356E-01,
 -4.880860050258E-01, -2.990598400689E-01,
 -4.869969057309E-01, -2.868090281978E-01,
 -4.891327855397E-01, -2.755833423037E-01,
 -4.874042934157E-01, -2.606536730811E-01,
 -4.871241763616E-01, -2.507465379069E-01,
 -4.870708429032E-01, -2.372503778215E-01,
 -4.857929806766E-01, -2.247481920944E-01,
 -4.882218033379E-01, -2.131238257723E-01,
 -4.873639864429E-01, -2.005719094512E-01,
 -4.882037699020E-01, -1.880535776700E-01,
 -4.872498580893E-01, -1.733634291346E-01,
 -4.878476173576E-01, -1.623485776412E-01,
 -4.885420211151E-01, -1.487361574673E-01,
 -4.878292957773E-01, -1.383884466007E-01,
 -4.885852672008E-01, -1.265693147759E-01,
 -4.871201740799E-01, -1.137518121724E-01,
 -4.859476175472E-01, -9.880714281589E-02,
 -4.877383263048E-01, -8.600433641630E-02,
 -4.885595657070E-01, -7.435144378253E-02,
 -4.875891392346E-01, -6.149737872756E-02,
 -4.869371249269E-01, -5.125180257016E-02,
 -4.879236412929E-01, -3.597719823367E-02,
 -4.874309719581E-01, -2.617237604579E-02,
 -4.858949452383E-01, -1.215287941457E-02,
 -4.873727523265E-01, -1.724610065204E-03,
 -4.890737703585E-01,  1.309309601468E-02,
 -4.858483859457E-01,  2.679301133781E-02,
 -4.885230233391E-01,  3.827498186062E-02,
 -4.864399576394E-01,  5.135911098911E-02,
 -4.891909790012E-01,  6.434537235509E-02,
 -4.882007337102E-01,  7.398583669570E-02,
 -4.891006830238E-01,  8.610726280049E-02,
 -4.877547040905E-01,  9.887470292887E-02,
 -4.860937966246E-01,  1.136511982207E-01,
 -4.856579270100E-01,  1.253391348025E-01,
 -4.880675788491E-01,  1.383078505723E-01,
 -4.889546498313E-01,  1.509326541870E-01,
 -4.864835959914E-01,  1.636191067467E-01,
 -4.892776202414E-01,  1.761769917708E-01,
 -4.893029238136E-01,  1.887654878638E-01,
 -4.867926977432E-01,  1.995519225547E-01,
 -4.874109131355E-01,  2.126660141777E-01,
 -4.867237229526E-01,  2.264319621120E-01,
 -4.888636520337E-01,  2.374445102433E-01,
 -4.865162517486E-01,  2.513657023668E-01,
 -4.888580484020E-01,  2.624384189088E-01,
 -4.871172309257E-01,  2.733993344205E-01,
 -4.884132841909E-01,  2.879251688004E-01,
 -4.883053600065E-01,  3.013248030341E-01,
 -4.880737345850E-01,  3.114302065812E-01,
 -4.880368661902E-01,  3.239183795316E-01,
 -4.861294097686E-01,  3.382176401452E-01,
 -4.856488275233E-01,  3.500091394919E-01,
 -4.868249540566E-01,  3.625329786891E-01,
 -4.864207086962E-01,  3.761992099485E-01,
 -4.871593244126E-01,  3.873613165280E-01,
 -4.878563461691E-01,  4.006926401244E-01,
 -4.881242985080E-01,  4.133731913945E-01,
 -4.873542211136E-01,  4.236730272355E-01,
 -4.886473800787E-01,  4.392532095162E-01,
 -4.875466516093E-01,  4.488374527209E-01,
 -4.863453278498E-01,  4.635370712706E-01,
 -4.893174097238E-01,  4.767683990341E-01,
 -4.884112267980E-01,  4.869857910307E-01,
 -4.869595698026E-01,  4.999865908017E-01,
 -4.739129524145E-01, -5.010643777505E-01,
 -4.757756021958E-01, -4.859146540620E-01,
 -4.747641522503E-01, -4.765536546384E-01,
 -4.749271791404E-01, -4.638982583936E-01,
 -4.760517025148E-01, -4.501714846245E-01,
 -4.740332459843E-01, -4.378329965061E-01,
 -4.745340378410E-01, -4.234489399119E-01,
 -4.757642077403E-01, -4.113960400218E-01,
 -4.767415848966E-01, -4.011728799262E-01,
 -4.763068491749E-01, -3.881085629763E-01,
 -4.759633460789E-01, -3.747639318348E-01,
 -4.734753300432E-01, -3.632692131114E-01,
 -4.746953049942E-01, -3.505856609534E-01,
 -4.766354731720E-01, -3.359605096741E-01,
 -4.737675436960E-01, -3.260838558790E-01,
 -4.749461786183E-01, -3.118742756859E-01,
 -4.760523913322E-01, -3.002652699972E-01,
 -4.766376736709E-01, -2.864180693340E-01,
 -4.732229273032E-01, -2.764582166085E-01,
 -4.753373910439E-01, -2.622091749905E-01,
 -4.746552819372E-01, -2.500557837037E-01,
 -4.752079420259E-01, -2.390764297863E-01,
 -4.737692904261E-01, -2.234941511516E-01,
 -4.754716866540E-01, -2.119560502905E-01,
 -4.743013607934E-01, -2.007856908804E-01,
 -4.732487630205E-01, -1.858065905628E-01,
 -4.765145533443E-01, -1.765077793470E-01,
 -4.755814540702E-01, -1.609327507068E-01,
 -4.750783355743E-01, -1.504323947957E-01,
 -4.766315996816E-01, -1.373606906760E-01,
 -4.733168065275E-01, -1.251703175950E-01,
 -4.763488965092E-01, -1.112611095051E-01,
 -4.741620244703E-01, -9.987224637767E-02,
 -4.757090615468E-01, -8.611486630615E-02,
 -4.752959034039E-01, -7.681713908829E-02,
 -4.754817040378E-01, -6.106355943266E-02,
 -4.757818365925E-01, -4.874335526854E-02,
 -4.752311309023E-01, -3.842272282473E-02,
 -4.767540502601E-01, -2.567792808287E-02,
 -4.762563618260E-01, -1.252701034859E-02,
 -4.737571320477E-01,  1.463017421257E-03,
 -4.749407502143E-01,  1.129681875369E-02,
 -4.738871604833E-01,  2.324841081330E-02,
 -4.736830734607E-01,  3.921208541529E-02,
 -4.738006008622E-01,  4.818574020994E-02,
 -4.763394449962E-01,  6.305763070034E-02,
 -4.732870259344E-01,  7.340488413088E-02,
 -4.750903569176E-01,  8.630179579695E-02,
 -4.764054417326E-01,  1.015157534836E-01,
 -4.756850642882E-01,  1.116990662463E-01,
 -4.739915157917E-01,  1.252670198542E-01,
 -4.738654170711E-01,  1.357972052109E-01,
 -4.756508187669E-01,  1.490367696602E-01,
 -4.737906009653E-01,  1.627438111906E-01,
 -4.734947169838E-01,  1.743709657989E-01,
 -4.735803936037E-01,  1.886525247409E-01,
 -4.741517254695E-01,  1.998603023950E-01,
 -4.735695974134E-01,  2.115872439507E-01,
 -4.754164277860E-01,  2.231989057837E-01,
 -4.761795918379E-01,  2.375078282901E-01,
 -4.740348708346E-01,  2.499730959592E-01,
 -4.753761374790E-01,  2.616253774472E-01,
 -4.766683350826E-01,  2.764938930723E-01,
 -4.740362244792E-01,  2.859293963428E-01,
 -4.748722751204E-01,  3.013650011831E-01,
 -4.734832997124E-01,  3.124389791116E-01,
 -4.736132309677E-01,  3.250723840287E-01,
 -4.733111791054E-01,  3.363891986822E-01,
 -4.732909027101E-01,  3.483446319401E-01,
 -4.755322150280E-01,  3.621835041604E-01,
 -4.753441150790E-01,  3.750141220480E-01,
 -4.739413375390E-01,  3.860698660318E-01,
 -4.748651048853E-01,  3.988730763145E-01,
 -4.766489673249E-01,  4.123214919134E-01,
 -4.767593485271E-01,  4.264370977458E-01,
 -4.745339930845E-01,  4.391380412879E-01,
 -4.742937867798E-01,  4.514013235717E-01,
 -4.752006702636E-01,  4.620572255694E-01,
 -4.738668784174E-01,  4.742525647349E-01,
 -4.764467680067E-01,  4.863393835447E-01,
 -4.767731224000E-01,  4.991106695573E-01,
 -4.634667488000E-01, -5.015889088612E-01,
 -4.626945270605E-01, -4.881848681681E-01,
 -4.611368475515E-01, -4.752507155913E-01,
 -4.625931498566E-01, -4.641945284797E-01,
 -4.629651981115E-01, -4.492888557322E-01,
 -4.630818375503E-01, -4.361258706091E-01,
 -4.615421369256E-01, -4.248402639921E-01,
 -4.625688864439E-01, -4.118977347671E-01,
 -4.635373880385E-01, -3.998047280096E-01,
 -4.626703309049E-01, -3.870682793647E-01,
 -4.617202685010E-01, -3.751710735538E-01,
 -4.642565540417E-01, -3.641803354066E-01,
 -4.641102481085E-01, -3.493685712042E-01,
 -4.619562125867E-01, -3.392031312307E-01,
 -4.629951914590E-01, -3.246441665869E-01,
 -4.642376947386E-01, -3.139750806331E-01,
 -4.630319111814E-01, -3.014802526750E-01,
 -4.636646347265E-01, -2.886781407666E-01,
 -4.610914231838E-01, -2.762737583702E-01,
 -4.629799455532E-01, -2.612317080360E-01,
 -4.627270979403E-01, -2.484454609656E-01,
 -4.643044663282E-01, -2.377512490258E-01,
 -4.635284031636E-01, -2.248317725967E-01,
 -4.634819374256E-01, -2.130159124545E-01,
 -4.611060669968E-01, -2.002298284914E-01,
 -4.628240118938E-01, -1.875944450754E-01,
 -4.627719829944E-01, -1.744890637754E-01,
 -4.613500307628E-01, -1.610842681635E-01,
 -4.629667821629E-01, -1.509805661571E-01,
 -4.638433614870E-01, -1.360943344596E-01,
 -4.640496333471E-01, -1.247007570356E-01,
 -4.639684598118E-01, -1.111261680593E-01,
 -4.614036214788E-01, -1.006642649741E-01,
 -4.638950725299E-01, -8.854023376954E-02,
 -4.618711155486E-01, -7.436043467603E-02,
 -4.621810030949E-01, -6.414337242877E-02,
 -4.619505344477E-01, -4.989183949111E-02,
 -4.616504326828E-01, -3.788537621721E-02,
 -4.611832388240E-01, -2.314312177677E-02,
 -4.617027493945E-01, -1.197279216007E-02,
 -4.627297487025E-01,  1.198946244494E-03,
 -4.620182014084E-01,  1.222901320049E-02,
 -4.608640625904E-01,  2.482586326056E-02,
 -4.639307022382E-01,  3.733046794920E-02,
 -4.641940922947E-01,  4.829355674060E-02,
 -4.609202895482E-01,  6.399051007195E-02,
 -4.624243070631E-01,  7.479508632951E-02,
 -4.626983462898E-01,  8.842516467952E-02,
 -4.633013771751E-01,  9.978146180600E-02,
 -4.607036845151E-01,  1.142006900838E-01,
 -4.616975285486E-01,  1.237184262317E-01,
 -4.613740334973E-01,  1.389413974348E-01,
 -4.607018217280E-01,  1.485663103587E-01,
 -4.636930726141E-01,  1.627367838860E-01,
 -4.641236449331E-01,  1.765982051405E-01,
 -4.616747348773E-01,  1.866176996899E-01,
 -4.627858246744E-01,  2.001176423048E-01,
 -4.612653696758E-01,  2.133902798935E-01,
 -4.609101577832E-01,  2.263496532165E-01,
 -4.630981136348E-01,  2.388865564197E-01,
 -4.612006556855E-01,  2.514049029351E-01,
 -4.612024628549E-01,  2.607387859288E-01,
 -4.628793797349E-01,  2.733765768560E-01,
 -4.607998205330E-01,  2.884352062504E-01,
 -4.615723065987E-01,  3.017221816455E-01,
 -4.628114038044E-01,  3.125662123982E-01,
 -4.618909443812E-01,  3.260248907452E-01,
 -4.620237682206E-01,  3.375859046698E-01,
 -4.637049330879E-01,  3.490899997756E-01,
 -4.640907382980E-01,  3.638860337013E-01,
 -4.638905592798E-01,  3.768379356502E-01,
 -4.635092527021E-01,  3.872976808809E-01,
 -4.633908268811E-01,  3.990639125461E-01,
 -4.637017036481E-01,  4.124262659827E-01,
 -4.621077107598E-01,  4.232664428528E-01,
 -4.639263384760E-01,  4.390315799248E-01,
 -4.624987802678E-01,  4.491791108818E-01,
 -4.607321050379E-01,  4.640556783768E-01,
 -4.634838793710E-01,  4.764613466984E-01,
 -4.609488272558E-01,  4.868916268062E-01,
 -4.626002280749E-01,  5.008349084282E-01,
 -4.491250092021E-01, -4.993181594528E-01,
 -4.503378733451E-01, -4.859029467096E-01,
 -4.512654872034E-01, -4.767940226278E-01,
 -4.492699925134E-01, -4.641234423762E-01,
 -4.504043478668E-01, -4.507348994413E-01,
 -4.491538168193E-01, -4.358643175367E-01,
 -4.490652517446E-01, -4.257485728334E-01,
 -4.507278106664E-01, -4.139438412666E-01,
 -4.507261505427E-01, -4.002289893437E-01,
 -4.517088423034E-01, -3.885212500121E-01,
 -4.506687748471E-01, -3.757161287181E-01,
 -4.503704676103E-01, -3.633903222842E-01,
 -4.491254664997E-01, -3.484435518163E-01,
 -4.506318020087E-01, -3.385817961211E-01,
 -4.500601213852E-01, -3.249645556771E-01,
 -4.487405504846E-01, -3.124025114563E-01,
 -4.500687994412E-01, -3.008562786513E-01,
 -4.496198071685E-01, -2.878085378668E-01,
 -4.485473282672E-01, -2.733989374810E-01,
 -4.486719748511E-01, -2.623212259324E-01,
 -4.498981085078E-01, -2.500967103933E-01,
 -4.497476966015E-01, -2.376920564276E-01,
 -4.499685485277E-01, -2.266244990033E-01,
 -4.501086428493E-01, -2.139406865452E-01,
 -4.485070081749E-01, -2.007011154669E-01,
 -4.488641074022E-01, -1.893109033097E-01,
 -4.502595617486E-01, -1.744707803141E-01,
 -4.497674545911E-01, -1.612564291433E-01,
 -4.493074226942E-01, -1.498528167785E-01,
 -4.489844351547E-01, -1.358205885582E-01,
 -4.515537682944E-01, -1.244749823453E-01,
 -4.516607122649E-01, -1.112892976855E-01,
 -4.509302992417E-01, -9.996651714165E-02,
 -4.499882013039E-01, -8.889245265915E-02,
 -4.506716791993E-01, -7.486758010964E-02,
 -4.486301427016E-01, -6.145754141109E-02,
 -4.483760070442E-01, -5.079760668217E-02,
 -4.503243063988E-01, -3.903794309825E-02,
 -4.499014813840E-01, -2.516144015297E-02,
 -4.507053403583E-01, -1.181212397251E-02,
 -4.509778800859E-01, -1.496068115095E-03,
 -4.496486438298E-01,  1.274506409201E-02,
 -4.488984877062E-01,  2.401269840655E-02,
 -4.503683669992E-01,  3.733577415828E-02,
 -4.492585858188E-01,  4.979788749585E-02,
 -4.492222325956E-01,  6.080785390830E-02,
 -4.517059840174E-01,  7.431175352833E-02,
 -4.499140757356E-01,  8.887306128957E-02,
 -4.518602190902E-01,  1.000157483179E-01,
 -4.482345329423E-01,  1.142067626741E-01,
 -4.504483879999E-01,  1.244678992615E-01,
 -4.514740249353E-01,  1.368598707008E-01,
 -4.498030019857E-01,  1.516514912981E-01,
 -4.486512599493E-01,  1.638290044466E-01,
 -4.484032150128E-01,  1.767967388840E-01,
 -4.493788272007E-01,  1.863736032344E-01,
 -4.515973121279E-01,  2.014974029167E-01,
 -4.491084106667E-01,  2.114914554189E-01,
 -4.485169834921E-01,  2.255534991824E-01,
 -4.492534417692E-01,  2.392130308093E-01,
 -4.487399943925E-01,  2.507841460400E-01,
 -4.488629150695E-01,  2.626803596823E-01,
 -4.488894971814E-01,  2.763892226423E-01,
 -4.505666494304E-01,  2.888315706079E-01,
 -4.509614247339E-01,  3.017818181886E-01,
 -4.501164595484E-01,  3.122924204906E-01,
 -4.510256058952E-01,  3.252367271610E-01,
 -4.510112072499E-01,  3.370511416823E-01,
 -4.503618806756E-01,  3.512782258136E-01,
 -4.491395776220E-01,  3.617173900627E-01,
 -4.508991459390E-01,  3.743560382099E-01,
 -4.490812634393E-01,  3.859799929651E-01,
 -4.487953965142E-01,  4.000772174426E-01,
 -4.514015132180E-01,  4.126861084233E-01,
 -4.509314699135E-01,  4.244039904446E-01,
 -4.518024009780E-01,  4.381511930441E-01,
 -4.495865365667E-01,  4.491208446385E-01,
 -4.498662638516E-01,  4.614871351320E-01,
 -4.492983385993E-01,  4.765214620146E-01,
 -4.509737233434E-01,  4.862459420050E-01,
 -4.489454154105E-01,  5.006642075614E-01,
 -4.385904251214E-01, -4.997860755270E-01,
 -4.386866879452E-01, -4.890490986736E-01,
 -4.377763950794E-01, -4.756791403676E-01,
 -4.377951197441E-01, -4.634777619237E-01,
 -4.359517735049E-01, -4.493629791684E-01,
 -4.370007439595E-01, -4.377324043833E-01,
 -4.372422165432E-01, -4.259390323770E-01,
 -4.375865486759E-01, -4.108863050805E-01,
 -4.363372974524E-01, -3.992366735814E-01,
 -4.372046479929E-01, -3.885430459932E-01,
 -4.358722600860E-01, -3.734367399219E-01,
 -4.381376129495E-01, -3.640459931372E-01,
 -4.361679270754E-01, -3.513443073047E-01,
 -4.370598571309E-01, -3.356291839775E-01,
 -4.356987274143E-01, -3.240940567591E-01,
 -4.368657403519E-01, -3.129842849255E-01,
 -4.383608359372E-01, -2.999039001024E-01,
 -4.389080729505E-01, -2.859888766241E-01,
 -4.373188198609E-01, -2.740821524566E-01,
 -4.375027280422E-01, -2.620131680418E-01,
 -4.373778335123E-01, -2.496886043033E-01,
 -4.363911921588E-01, -2.364048240873E-01,
 -4.377629062634E-01, -2.242653016788E-01,
 -4.369114467106E-01, -2.128338890542E-01,
 -4.385011000449E-01, -1.989416150729E-01,
 -4.390647619694E-01, -1.881817667650E-01,
 -4.381834505563E-01, -1.738335126918E-01,
 -4.369611982810E-01, -1.613750728411E-01,
 -4.370726722462E-01, -1.495275611970E-01,
 -4.372295067006E-01, -1.390330228837E-01,
 -4.369454083672E-01, -1.267298712112E-01,
 -4.358824837864E-01, -1.119052970921E-01,
 -4.366888101568E-01, -1.003125347732E-01,
 -4.370982700021E-01, -8.653758630784E-02,
 -4.374043016688E-01, -7.405894927922E-02,
 -4.370345505406E-01, -6.256075229044E-02,
 -4.370665899426E-01, -5.098619739086E-02,
 -4.370552629028E-01, -3.592383684909E-02,
 -4.357244169498E-01, -2.380807318977E-02,
 -4.389496671977E-01, -1.382399475811E-02,
 -4.391423041503E-01,  5.859538163303E-04,
 -4.392442747218E-01,  1.168259797275E-02,
 -4.393452711143E-01,  2.357475169150E-02,
 -4.389900281875E-01,  3.627145995253E-02,
 -4.372484459455E-01,  5.080644366386E-02,
 -4.358989742674E-01,  6.103172480803E-02,
 -4.383881031136E-01,  7.530130177959E-02,
 -4.390748618764E-01,  8.589205215751E-02,
 -4.371332029100E-01,  9.959677648964E-02,
 -4.381426869506E-01,  1.129967969464E-01,
 -4.378595628939E-01,  1.259829159685E-01,
 -4.377795665290E-01,  1.384334183072E-01,
 -4.363656521045E-01,  1.494893219050E-01,
 -4.359642642843E-01,  1.633566920962E-01,
 -4.377994796243E-01,  1.748497353501E-01,
 -4.373136750483E-01,  1.892601125140E-01,
 -4.364086738658E-01,  2.009946224015E-01,
 -4.393019935337E-01,  2.127406163270E-01,
 -4.393735912004E-01,  2.253276019574E-01,
 -4.359487594258E-01,  2.381779965442E-01,
 -4.366758313113E-01,  2.495281560437E-01,
 -4.364138635833E-01,  2.642614411926E-01,
 -4.390560087269E-01,  2.736755997070E-01,
 -4.375367222170E-01,  2.875730038592E-01,
 -4.371337062130E-01,  2.995587599680E-01,
 -4.382267439895E-01,  3.114113975352E-01,
 -4.390390199165E-01,  3.240558306234E-01,
 -4.393435907377E-01,  3.391299279137E-01,
 -4.366753389635E-01,  3.512458980587E-01,
 -4.373421602748E-01,  3.611381238687E-01,
 -4.360470766671E-01,  3.760288437979E-01,
 -4.363617835540E-01,  3.865974895487E-01,
 -4.393492146135E-01,  3.998495529056E-01,
 -4.393729408840E-01,  4.121761768958E-01,
 -4.387666617807E-01,  4.258617778871E-01,
 -4.357279504505E-01,  4.377591005684E-01,
 -4.379101071445E-01,  4.506136493403E-01,
 -4.361577397904E-01,  4.616220122249E-01,
 -4.386816817765E-01,  4.734654631010E-01,
 -4.385071044910E-01,  4.865835369438E-01,
 -4.363217014670E-01,  5.011311051266E-01,
 -4.263651409254E-01, -5.009958430395E-01,
 -4.257586937906E-01, -4.858995779520E-01,
 -4.245182184667E-01, -4.741693862295E-01,
 -4.244317063954E-01, -4.624098618854E-01,
 -4.263238163369E-01, -4.491742869074E-01,
 -4.262505153678E-01, -4.375300807844E-01,
 -4.236285329137E-01, -4.263156472584E-01,
 -4.268412977189E-01, -4.133025216408E-01,
 -4.249731776912E-01, -4.015503234584E-01,
 -4.242720121477E-01, -3.869950842155E-01,
 -4.263136931750E-01, -3.732018673972E-01,
 -4.259820222230E-01, -3.633377690712E-01,
 -4.257338162171E-01, -3.491057496872E-01,
 -4.264404468801E-01, -3.386958907188E-01,
 -4.246501048995E-01, -3.234555268300E-01,
 -4.266738879675E-01, -3.133201746102E-01,
 -4.251294498481E-01, -2.990687902231E-01,
 -4.261584636084E-01, -2.860347048437E-01,
 -4.251541694430E-01, -2.746941556921E-01,
 -4.239636187589E-01, -2.614362567687E-01,
 -4.242440414783E-01, -2.505807715111E-01,
 -4.250474974411E-01, -2.357416955022E-01,
 -4.244738002708E-01, -2.255250472240E-01,
 -4.259235317492E-01, -2.132379674109E-01,
 -4.263298814555E-01, -2.013634753925E-01,
 -4.233633416178E-01, -1.872511419918E-01,
 -4.249440099022E-01, -1.741458631188E-01,
 -4.266119571255E-01, -1.617205111082E-01,
 -4.237716456153E-01, -1.503523534669E-01,
 -4.252377203286E-01, -1.362418449694E-01,
 -4.245563938518E-01, -1.233019972402E-01,
 -4.244289091336E-01, -1.132501978455E-01,
 -4.233990672272E-01, -1.010184451790E-01,
 -4.243958012278E-01, -8.566800700186E-02,
 -4.255518388366E-01, -7.657329652626E-02,
 -4.249607434820E-01, -6.173952865575E-02,
 -4.231790869397E-01, -4.940658899807E-02,
 -4.251417792072E-01, -3.826130897953E-02,
 -4.244308128849E-01, -2.630640524652E-02,
 -4.231629379765E-01, -1.106591309117E-02,
 -4.259037918035E-01, -1.261498269100E-03,
 -4.247790624393E-01,  1.386830976670E-02,
 -4.233364979980E-01,  2.584150245701E-02,
 -4.253327341822E-01,  3.815818241090E-02,
 -4.258203772752E-01,  5.167989433710E-02,
 -4.241529364788E-01,  6.086307676074E-02,
 -4.255907150186E-01,  7.337014615004E-02,
 -4.232651881370E-01,  8.693764907500E-02,
 -4.233342339211E-01,  1.017033392229E-01,
 -4.252223843930E-01,  1.108480536119E-01,
 -4.268454254012E-01,  1.234644740281E-01,
 -4.268209208966E-01,  1.380092916879E-01,
 -4.257793794561E-01,  1.490804151967E-01,
 -4.257002481267E-01,  1.639632575447E-01,
 -4.259741096785E-01,  1.746301013998E-01,
 -4.238885790541E-01,  1.869317929756E-01,
 -4.237770788208E-01,  2.000299435886E-01,
 -4.239561507406E-01,  2.133047452865E-01,
 -4.251032130088E-01,  2.259806651857E-01,
 -4.261714641296E-01,  2.361113596843E-01,
 -4.246536510962E-01,  2.488246543539E-01,
 -4.254576700378E-01,  2.626102630152E-01,
 -4.264516640152E-01,  2.750025820774E-01,
 -4.260489788852E-01,  2.861271724623E-01,
 -4.233506421461E-01,  2.995896212974E-01,
 -4.258750927622E-01,  3.121280460972E-01,
 -4.237760173607E-01,  3.243224325241E-01,
 -4.231945532717E-01,  3.376065679697E-01,
 -4.252855894321E-01,  3.503122843848E-01,
 -4.253387777030E-01,  3.639544965682E-01,
 -4.253739277074E-01,  3.734297550668E-01,
 -4.242963346186E-01,  3.874871380364E-01,
 -4.244124547360E-01,  4.002996476672E-01,
 -4.248403664755E-01,  4.137849199472E-01,
 -4.259992080866E-01,  4.239160632645E-01,
 -4.254607319750E-01,  4.386991750918E-01,
 -4.233064259032E-01,  4.493280397195E-01,
 -4.265807298843E-01,  4.634488263726E-01,
 -4.263228415515E-01,  4.767486828055E-01,
 -4.234956165623E-01,  4.864898515752E-01,
 -4.256859898207E-01,  4.992770265903E-01,
 -4.108833065468E-01, -4.985378634051E-01,
 -4.130839708394E-01, -4.886968588291E-01,
 -4.142917284465E-01, -4.741262114434E-01,
 -4.142463209293E-01, -4.636063397771E-01,
 -4.133276809954E-01, -4.489598565999E-01,
 -4.142224259956E-01, -4.380165459483E-01,
 -4.138806760589E-01, -4.238173629765E-01,
 -4.112579801581E-01, -4.137851963448E-01,
 -4.115904184641E-01, -4.014464498214E-01,
 -4.127320862699E-01, -3.856476903721E-01,
 -4.110001471330E-01, -3.740268144327E-01,
 -4.114444018935E-01, -3.629250611043E-01,
 -4.116988065994E-01, -3.486016283631E-01,
 -4.133091380941E-01, -3.362307560842E-01,
 -4.138017401133E-01, -3.233151777613E-01,
 -4.138409339926E-01, -3.138796977828E-01,
 -4.133925564541E-01, -3.016668176526E-01,
 -4.121912968160E-01, -2.885451615211E-01,
 -4.111769982585E-01, -2.737858912444E-01,
 -4.113910672151E-01, -2.612888304161E-01,
 -4.143711999202E-01, -2.517172694168E-01,
 -4.112928261013E-01, -2.358257630003E-01,
 -4.120680034833E-01, -2.262474602888E-01,
 -4.140809579627E-01, -2.139414287809E-01,
 -4.132525471260E-01, -2.010585226251E-01,
 -4.115304996584E-01, -1.890899413604E-01,
 -4.139658455573E-01, -1.732107206141E-01,
 -4.109971075564E-01, -1.613535099026E-01,
 -4.109571426630E-01, -1.501418184018E-01,
 -4.110497454149E-01, -1.372529324931E-01,
 -4.119962381756E-01, -1.248075505796E-01,
 -4.126060182231E-01, -1.142306623763E-01,
 -4.106391064692E-01, -1.003906129733E-01,
 -4.114827042498E-01, -8.881370299785E-02,
 -4.112150185023E-01, -7.553147871977E-02,
 -4.112590448928E-01, -6.327235893975E-02,
 -4.126361173467E-01, -4.977871572160E-02,
 -4.143722314207E-01, -3.629674857901E-02,
 -4.110667094850E-01, -2.389429041274E-02,
 -4.115283610380E-01, -1.271639026557E-02,
 -4.136469673859E-01,  1.449961024537E-03,
 -4.130511719872E-01,  1.260546640117E-02,
 -4.126588751966E-01,  2.410178343754E-02,
 -4.137746157586E-01,  3.793865344615E-02,
 -4.121547395996E-01,  5.046561036175E-02,
 -4.125343608232E-01,  6.325079950055E-02,
 -4.109274432362E-01,  7.357868674448E-02,
 -4.136429796488E-01,  8.779680211223E-02,
 -4.109832524288E-01,  1.002974594315E-01,
 -4.140635614537E-01,  1.107781649854E-01,
 -4.123599079467E-01,  1.245513246951E-01,
 -4.124962015413E-01,  1.390839063231E-01,
 -4.127085155487E-01,  1.495832421569E-01,
 -4.139708368643E-01,  1.619121434218E-01,
 -4.117018953222E-01,  1.762411026867E-01,
 -4.133340669487E-01,  1.883400872630E-01,
 -4.117193040516E-01,  1.985564381391E-01,
 -4.139303951954E-01,  2.132449556711E-01,
 -4.137527450617E-01,  2.253073021368E-01,
 -4.113852940013E-01,  2.387258888022E-01,
 -4.135314855549E-01,  2.482534471207E-01,
 -4.142349228867E-01,  2.608957672002E-01,
 -4.134689888451E-01,  2.743476246552E-01,
 -4.141707691048E-01,  2.877354196300E-01,
 -4.127949533814E-01,  2.982405331959E-01,
 -4.134823333987E-01,  3.125821851399E-01,
 -4.107882770691E-01,  3.261279247144E-01,
 -4.119098478654E-01,  3.387389395037E-01,
 -4.118111867719E-01,  3.485293873919E-01,
 -4.121720284893E-01,  3.625270787717E-01,
 -4.141767785864E-01,  3.759045706621E-01,
 -4.132575497382E-01,  3.885318029259E-01,
 -4.117225339929E-01,  3.983797642578E-01,
 -4.136047924805E-01,  4.132414294080E-01,
 -4.119633788012E-01,  4.259893840087E-01,
 -4.106909586674E-01,  4.359450780042E-01,
 -4.140622394861E-01,  4.495220029996E-01,
 -4.128237157823E-01,  4.614212287870E-01,
 -4.133990958833E-01,  4.747257216160E-01,
 -4.140501635188E-01,  4.887099698558E-01,
 -4.133847742905E-01,  4.994304535325E-01,
 -4.013098272079E-01, -4.989809292006E-01,
 -4.010819665579E-01, -4.866190714382E-01,
 -3.988584341611E-01, -4.740560062432E-01,
 -3.986247892180E-01, -4.614313074594E-01,
 -4.014431875471E-01, -4.508807207204E-01,
 -4.006044969527E-01, -4.359692029195E-01,
 -4.017265144514E-01, -4.268736433028E-01,
 -3.989330082787E-01, -4.125912044287E-01,
 -4.002156231658E-01, -3.983412932619E-01,
 -4.002036594110E-01, -3.883955459656E-01,
 -4.011918856631E-01, -3.749537119090E-01,
 -4.009651826538E-01, -3.635254892181E-01,
 -3.988645789791E-01, -3.496163154384E-01,
 -4.000224468622E-01, -3.373274924103E-01,
 -3.988811840591E-01, -3.245808604625E-01,
 -3.985653806608E-01, -3.138311709715E-01,
 -4.011067709883E-01, -3.014491042160E-01,
 -4.007159052222E-01, -2.856826614747E-01,
 -3.992533539704E-01, -2.742644487566E-01,
 -3.999256992682E-01, -2.632689712390E-01,
 -3.994461451231E-01, -2.495669876590E-01,
 -3.991485463775E-01, -2.377233768403E-01,
 -3.981425866286E-01, -2.235006591020E-01,
 -4.010914910186E-01, -2.124244897321E-01,
 -3.998253278295E-01, -1.990159340937E-01,
 -4.015716634191E-01, -1.887539189878E-01,
 -3.989220732922E-01, -1.732157797782E-01,
 -4.015025115145E-01, -1.615751868258E-01,
 -4.017106093535E-01, -1.508412260382E-01,
 -3.991450477243E-01, -1.363181125537E-01,
 -3.999570199949E-01, -1.248688128236E-01,
 -4.016633064071E-01, -1.121659672997E-01,
 -4.015353117509E-01, -9.971166507096E-02,
 -4.017477980520E-01, -8.730066695504E-02,
 -4.016288577776E-01, -7.619894019650E-02,
 -4.001072225445E-01, -6.284545979134E-02,
 -4.007279476660E-01, -5.186787139958E-02,
 -4.012431858664E-01, -3.689596160661E-02,
 -3.991442907230E-01, -2.628683276614E-02,
 -3.996600516358E-01, -1.255966101013E-02,
 -4.013475452561E-01,  4.037817936852E-04,
 -4.003133970738E-01,  1.090341942081E-02,
 -4.001322841360E-01,  2.563680548914E-02,
 -4.002278967867E-01,  3.737201386695E-02,
 -3.983890624256E-01,  5.106775206331E-02,
 -4.016259302227E-01,  6.234674818550E-02,
 -4.015827271085E-01,  7.402053146454E-02,
 -3.991980654390E-01,  8.929441141334E-02,
 -4.003226818938E-01,  9.815379315635E-02,
 -4.013505995133E-01,  1.116737904247E-01,
 -4.014589465319E-01,  1.243847049520E-01,
 -3.982677933885E-01,  1.386514342876E-01,
 -3.987941084632E-01,  1.515793221667E-01,
 -3.994703886213E-01,  1.616896528893E-01,
 -4.008799317198E-01,  1.747906473820E-01,
 -3.997066755127E-01,  1.891260335994E-01,
 -3.989151432945E-01,  1.992170560805E-01,
 -4.015622289832E-01,  2.129366557983E-01,
 -3.993077080103E-01,  2.245195593750E-01,
 -4.004925563697E-01,  2.364658305076E-01,
 -4.004190401132E-01,  2.516670765753E-01,
 -3.986493326460E-01,  2.627610396983E-01,
 -3.992379955767E-01,  2.738543523247E-01,
 -4.014163315630E-01,  2.884229437740E-01,
 -3.995714255765E-01,  3.017099573942E-01,
 -3.994466178851E-01,  3.141704264439E-01,
 -4.006195596442E-01,  3.239666107226E-01,
 -4.009918562154E-01,  3.380683076333E-01,
 -3.998606906481E-01,  3.502822440337E-01,
 -3.997699084607E-01,  3.613320443916E-01,
 -4.010883007204E-01,  3.741022615450E-01,
 -4.011688330794E-01,  3.880253795819E-01,
 -4.016760672811E-01,  3.994720456494E-01,
 -4.014365112435E-01,  4.129345896845E-01,
 -4.018331540886E-01,  4.262711507598E-01,
 -3.987048627630E-01,  4.375070608178E-01,
 -4.008683323791E-01,  4.487510741586E-01,
 -4.000449950072E-01,  4.623950541017E-01,
 -3.986847966453E-01,  4.739924247263E-01,
 -3.992414719209E-01,  4.886316489958E-01,
 -3.990261293651E-01,  4.982014216953E-01,
 -3.869883552827E-01, -5.005677339000E-01,
 -3.887968040960E-01, -4.862162837717E-01,
 -3.857471051298E-01, -4.745351656619E-01,
 -3.872233151917E-01, -4.630930078066E-01,
 -3.856285189178E-01, -4.489691237569E-01,
 -3.881848123686E-01, -4.386939497315E-01,
 -3.874529689281E-01, -4.237264396869E-01,
 -3.866055189078E-01, -4.129287977216E-01,
 -3.881409979235E-01, -4.007748090753E-01,
 -3.885147477183E-01, -3.863095686294E-01,
 -3.872435036721E-01, -3.731521174349E-01,
 -3.868282661089E-01, -3.640462977258E-01,
 -3.869952663022E-01, -3.494225286418E-01,
 -3.864132516115E-01, -3.364793776799E-01,
 -3.881666819196E-01, -3.267572237088E-01,
 -3.879833696066E-01, -3.125450126814E-01,
 -3.882048936996E-01, -3.014651128902E-01,
 -3.868223188620E-01, -2.865996769231E-01,
 -3.862684260745E-01, -2.758332510649E-01,
 -3.864928410578E-01, -2.617802007379E-01,
 -3.875149399384E-01, -2.516916890003E-01,
 -3.865210668062E-01, -2.391842940582E-01,
 -3.883820695553E-01, -2.239163304719E-01,
 -3.875312002489E-01, -2.141156844885E-01,
 -3.886066004395E-01, -2.008953318116E-01,
 -3.872167399654E-01, -1.886861782007E-01,
 -3.857202144939E-01, -1.759632898619E-01,
 -3.864781467873E-01, -1.611875850128E-01,
 -3.872260693406E-01, -1.494671908100E-01,
 -3.856855742706E-01, -1.389597146348E-01,
 -3.876344871685E-01, -1.265946077987E-01,
 -3.892259278441E-01, -1.142537275187E-01,
 -3.868448179583E-01, -1.004904774638E-01,
 -3.874522334597E-01, -8.781123969940E-02,
 -3.866095853948E-01, -7.582406509082E-02,
 -3.877990084335E-01, -6.389128305180E-02,
 -3.876585404075E-01, -4.908194313602E-02,
 -3.856336587019E-01, -3.660063513519E-02,
 -3.878995653877E-01, -2.645772449533E-02,
 -3.882023943727E-01, -1.230154246360E-02,
 -3.887680035666E-01, -8.328834526815E-05,
 -3.882687559362E-01,  1.136721033692E-02,
 -3.876196115920E-01,  2.421495040973E-02,
 -3.862401385909E-01,  3.836653115809E-02,
 -3.875868967450E-01,  4.985524189656E-02,
 -3.887368464411E-01,  6.206865154536E-02,
 -3.877992496759E-01,  7.590049442543E-02,
 -3.870492451351E-01,  8.694654577745E-02,
 -3.876242181839E-01,  9.904843425508E-02,
 -3.886993918663E-01,  1.121518535697E-01,
 -3.881224492211E-01,  1.253702959074E-01,
 -3.856975008746E-01,  1.390142963000E-01,
 -3.863227585194E-01,  1.506296175623E-01,
 -3.860608989097E-01,  1.623725966334E-01,
 -3.870011155611E-01,  1.747823233686E-01,
 -3.864042283386E-01,  1.885499433475E-01,
 -3.862715251841E-01,  1.987438423915E-01,
 -3.866794941549E-01,  2.133018826046E-01,
 -3.867867334511E-01,  2.238240643025E-01,
 -3.878543512608E-01,  2.377978442935E-01,
 -3.867805294619E-01,  2.485817790401E-01,
 -3.868642338390E-01,  2.619469308083E-01,
 -3.868127835404E-01,  2.748402384387E-01,
 -3.889151809312E-01,  2.857930044696E-01,
 -3.867565747531E-01,  2.982995180855E-01,
 -3.867860259558E-01,  3.125383031250E-01,
 -3.889371721912E-01,  3.258653004520E-01,
 -3.879955781862E-01,  3.387640619989E-01,
 -3.890466261308E-01,  3.505316664103E-01,
 -3.890451986626E-01,  3.635569048816E-01,
 -3.868301214407E-01,  3.747108536221E-01,
 -3.865824642395E-01,  3.876182631758E-01,
 -3.877367584499E-01,  4.010739827342E-01,
 -3.886504106544E-01,  4.118782005123E-01,
 -3.883867742530E-01,  4.266147212903E-01,
 -3.872004367605E-01,  4.393075181851E-01,
 -3.862100789849E-01,  4.484980826952E-01,
 -3.886355958449E-01,  4.638483798922E-01,
 -3.892092350387E-01,  4.754751067983E-01,
 -3.870503955295E-01,  4.880312933626E-01,
 -3.879188532274E-01,  4.982489077610E-01,
 -3.733187501810E-01, -4.984265554692E-01,
 -3.765740013426E-01, -4.885589136046E-01,
 -3.758235025944E-01, -4.760379073619E-01,
 -3.753877877121E-01, -4.619833713123E-01,
 -3.754448763424E-01, -4.516768705500E-01,
 -3.755318190960E-01, -4.388632988636E-01,
 -3.731465443907E-01, -4.243499386214E-01,
 -3.739493992965E-01, -4.142455968819E-01,
 -3.750325367302E-01, -3.999412953769E-01,
 -3.767594212980E-01, -3.881903465905E-01,
 -3.736434894204E-01, -3.765196449529E-01,
 -3.738457833876E-01, -3.607222108082E-01,
 -3.741172017592E-01, -3.512071153723E-01,
 -3.748947474450E-01, -3.370091562331E-01,
 -3.752678357817E-01, -3.247123083989E-01,
 -3.732176363317E-01, -3.106906905201E-01,
 -3.749305112985E-01, -3.017927924269E-01,
 -3.757718900903E-01, -2.881351625940E-01,
 -3.747399262046E-01, -2.759706726230E-01,
 -3.734771955165E-01, -2.624676013524E-01,
 -3.749460713422E-01, -2.488699768667E-01,
 -3.749178274933E-01, -2.381706270703E-01,
 -3.747303875739E-01, -2.238832427138E-01,
 -3.760048256128E-01, -2.113649434330E-01,
 -3.742358029149E-01, -1.996374450539E-01,
 -3.764209023451E-01, -1.861261511032E-01,
 -3.734864461128E-01, -1.742658873325E-01,
 -3.761571700799E-01, -1.612842275917E-01,
 -3.759715546600E-01, -1.508202506919E-01,
 -3.754031223313E-01, -1.380027713196E-01,
 -3.768678020530E-01, -1.244875475678E-01,
 -3.738872431522E-01, -1.140621819106E-01,
 -3.761292145770E-01, -1.001068675223E-01,
 -3.758448377410E-01, -8.936318529295E-02,
 -3.767995910938E-01, -7.507613000440E-02,
 -3.745892571565E-01, -6.255825452365E-02,
 -3.768689157685E-01, -4.898118622445E-02,
 -3.762907296702E-01, -3.808730095556E-02,
 -3.762890247258E-01, -2.661948233985E-02,
 -3.760443903864E-01, -1.276250410130E-02,
 -3.750508906985E-01, -2.166184700462E-04,
 -3.757916216792E-01,  1.397003563382E-02,
 -3.758148295282E-01,  2.427905586234E-02,
 -3.741360422139E-01,  3.876790671149E-02,
 -3.734366203387E-01,  5.018264416044E-02,
 -3.743140544018E-01,  6.069009578155E-02,
 -3.748126358683E-01,  7.337409157426E-02,
 -3.740019723531E-01,  8.928572034443E-02,
 -3.763674863253E-01,  9.941676918065E-02,
 -3.763052372983E-01,  1.122608478558E-01,
 -3.764657038663E-01,  1.240975502335E-01,
 -3.734135561906E-01,  1.360749285457E-01,
 -3.749779646018E-01,  1.490599427196E-01,
 -3.752180509871E-01,  1.614467438996E-01,
 -3.755709882483E-01,  1.732319488083E-01,
 -3.742611327479E-01,  1.866850737929E-01,
 -3.754312673864E-01,  1.992004928307E-01,
 -3.750954460789E-01,  2.136942079094E-01,
 -3.754463099810E-01,  2.255570119168E-01,
 -3.742427247163E-01,  2.377019463339E-01,
 -3.761833634100E-01,  2.506360177916E-01,
 -3.765153566630E-01,  2.638845133460E-01,
 -3.736604929618E-01,  2.736504498415E-01,
 -3.743665563342E-01,  2.888146198722E-01,
 -3.744536481390E-01,  3.007863243840E-01,
 -3.741498338156E-01,  3.142460467947E-01,
 -3.764606083148E-01,  3.239134899484E-01,
 -3.764603147730E-01,  3.386577723650E-01,
 -3.763938640978E-01,  3.495283071469E-01,
 -3.767550269145E-01,  3.616825166968E-01,
 -3.748226155987E-01,  3.755678867779E-01,
 -3.732628126603E-01,  3.883910636875E-01,
 -3.745757762227E-01,  3.996710724784E-01,
 -3.751413355616E-01,  4.143305777500E-01,
 -3.767229022669E-01,  4.238832912002E-01,
 -3.737547046098E-01,  4.382213647499E-01,
 -3.745888992890E-01,  4.509492343302E-01,
 -3.734210595249E-01,  4.639501144251E-01,
 -3.767620700947E-01,  4.735776802185E-01,
 -3.739124870073E-01,  4.864480123906E-01,
 -3.736259903548E-01,  5.008673032607E-01,
 -3.628747438192E-01, -5.014145945531E-01,
 -3.618296819563E-01, -4.871641064668E-01,
 -3.626474759987E-01, -4.747640741121E-01,
 -3.609497196921E-01, -4.629007637503E-01,
 -3.639424710239E-01, -4.487515606568E-01,
 -3.632912957994E-01, -4.378365536248E-01,
 -3.609551745216E-01, -4.232813940037E-01,
 -3.641192354732E-01, -4.113563040378E-01,
 -3.629342108003E-01, -3.991225892746E-01,
 -3.625009434432E-01, -3.867670814152E-01,
 -3.638526005436E-01, -3.732123340099E-01,
 -3.613463202404E-01, -3.612098378823E-01,
 -3.615377992219E-01, -3.487105360096E-01,
 -3.642667932591E-01, -3.378478137082E-01,
 -3.626209356669E-01, -3.260326991668E-01,
 -3.640420710517E-01, -3.135004496364E-01,
 -3.622419810626E-01, -3.016170407587E-01,
 -3.639047272371E-01, -2.877307041750E-01,
 -3.616005936446E-01, -2.743141082926E-01,
 -3.629705719979E-01, -2.609453991393E-01,
 -3.606386902663E-01, -2.495061177944E-01,
 -3.641631935443E-01, -2.378335255824E-01,
 -3.628318165184E-01, -2.266196999541E-01,
 -3.615256844997E-01, -2.115585647046E-01,
 -3.619698388579E-01, -1.986851353905E-01,
 -3.613738658313E-01, -1.858187643797E-01,
 -3.631254997938E-01, -1.757569156072E-01,
 -3.611258409329E-01, -1.618216965200E-01,
 -3.631564303376E-01, -1.516025027356E-01,
 -3.631425593473E-01, -1.369207925981E-01,
 -3.624204697906E-01, -1.234211102440E-01,
 -3.630155351605E-01, -1.143186637409E-01,
 -3.614310648534E-01, -1.011733094765E-01,
 -3.606359145129E-01, -8.604989430819E-02,
 -3.609027664364E-01, -7.438665103337E-02,
 -3.625043056914E-01, -6.124966242220E-02,
 -3.642241192138E-01, -4.850486033023E-02,
 -3.623928837351E-01, -3.855311785053E-02,
 -3.630566978059E-01, -2.620952303432E-02,
 -3.622546351670E-01, -1.235235878275E-02,
 -3.619516295193E-01, -1.046193508042E-03,
 -3.609621059347E-01,  1.412065168617E-02,
 -3.613233188307E-01,  2.314519174511E-02,
 -3.610410006605E-01,  3.840393394748E-02,
 -3.635622838064E-01,  4.950949286541E-02,
 -3.634362530439E-01,  6.328774767808E-02,
 -3.643210583532E-01,  7.396034918220E-02,
 -3.606629051612E-01,  8.776446846785E-02,
 -3.638166578611E-01,  9.837152219394E-02,
 -3.616153966343E-01,  1.116938020504E-01,
 -3.615432490064E-01,  1.265698526246E-01,
 -3.613554288818E-01,  1.383468152741E-01,
 -3.640581179600E-01,  1.495424735433E-01,
 -3.618995170741E-01,  1.630446485513E-01,
 -3.643459557801E-01,  1.749628703824E-01,
 -3.626382034867E-01,  1.871627080477E-01,
 -3.634451996237E-01,  2.001842840029E-01,
 -3.619021964423E-01,  2.125923186315E-01,
 -3.607145433074E-01,  2.232964529977E-01,
 -3.629142568077E-01,  2.385987531986E-01,
 -3.643673933448E-01,  2.481803175073E-01,
 -3.642691176258E-01,  2.630898216534E-01,
 -3.618324332885E-01,  2.735462041981E-01,
 -3.621569408748E-01,  2.875206373642E-01,
 -3.632186905252E-01,  3.002787169823E-01,
 -3.629563173669E-01,  3.112693368040E-01,
 -3.621674773806E-01,  3.254763509385E-01,
 -3.623450276600E-01,  3.358478320735E-01,
 -3.622695832040E-01,  3.507357533289E-01,
 -3.634248815218E-01,  3.620855530332E-01,
 -3.630716399989E-01,  3.743520455272E-01,
 -3.607084656882E-01,  3.859969535259E-01,
 -3.633275022292E-01,  4.017983397092E-01,
 -3.633437789064E-01,  4.138310336374E-01,
 -3.630155999852E-01,  4.243178493350E-01,
 -3.641747259772E-01,  4.391422242897E-01,
 -3.622865366973E-01,  4.515963982419E-01,
 -3.643241626396E-01,  4.624135009757E-01,
 -3.610300505473E-01,  4.760751864770E-01,
 -3.615179669705E-01,  4.869232083312E-01,
 -3.610887218982E-01,  5.015333441397E-01,
 -3.504010233256E-01, -4.998148510403E-01,
 -3.484523651354E-01, -4.868645135905E-01,
 -3.489289353618E-01, -4.740374428462E-01,
 -3.498193811781E-01, -4.630462194705E-01,
 -3.483448419813E-01, -4.505786899571E-01,
 -3.512145741723E-01, -4.382687795242E-01,
 -3.514925167516E-01, -4.248569988694E-01,
 -3.506551657944E-01, -4.143691092288E-01,
 -3.485300291327E-01, -4.004740955354E-01,
 -3.497656771574E-01, -3.861941454079E-01,
 -3.506878593801E-01, -3.759313193599E-01,
 -3.483934526616E-01, -3.611432480453E-01,
 -3.499246958311E-01, -3.512317875381E-01,
 -3.496326686414E-01, -3.380095876348E-01,
 -3.518694651230E-01, -3.252983481565E-01,
 -3.495254685545E-01, -3.110625594347E-01,
 -3.510073530324E-01, -3.004460393755E-01,
 -3.493575014818E-01, -2.864377053647E-01,
 -3.502164692105E-01, -2.753983256643E-01,
 -3.500504820385E-01, -2.620158006041E-01,
 -3.493001130101E-01, -2.513825114277E-01,
 -3.485841508897E-01, -2.365343263792E-01,
 -3.489011317668E-01, -2.241894039986E-01,
 -3.512849026785E-01, -2.111604462394E-01,
 -3.504091727354E-01, -2.017746559505E-01,
 -3.488690596567E-01, -1.876569037601E-01,
 -3.489996509737E-01, -1.734995750448E-01,
 -3.518742877462E-01, -1.617035620190E-01,
 -3.498056147317E-01, -1.508647268530E-01,
 -3.503852325706E-01, -1.378818452476E-01,
 -3.513289500821E-01, -1.259573318702E-01,
 -3.515204905899E-01, -1.109744643709E-01,
 -3.511334458962E-01, -1.007135554039E-01,
 -3.484200121512E-01, -8.922221046834E-02,
 -3.510680175138E-01, -7.340771927864E-02,
 -3.509834581808E-01, -6.292781524212E-02,
 -3.511876159603E-01, -5.127305355392E-02,
 -3.515954801018E-01, -3.909970315333E-02,
 -3.482245132619E-01, -2.419680316811E-02,
 -3.500973617966E-01, -1.433017643698E-02,
 -3.515860273074E-01, -1.303910546416E-03,
 -3.515065059027E-01,  1.287873360816E-02,
 -3.514537871140E-01,  2.319102152656E-02,
 -3.517361440734E-01,  3.832767314802E-02,
 -3.499953602023E-01,  5.086608372340E-02,
 -3.495559926643E-01,  6.290604429230E-02,
 -3.486516276233E-01,  7.345529867282E-02,
 -3.495127490277E-01,  8.703400722498E-02,
 -3.485806372984E-01,  9.943339594479E-02,
 -3.510979320575E-01,  1.138001381481E-01,
 -3.498005224653E-01,  1.235926474012E-01,
 -3.515862131457E-01,  1.370406696513E-01,
 -3.501432772065E-01,  1.512693392676E-01,
 -3.510309458425E-01,  1.607321397383E-01,
 -3.515827028890E-01,  1.731371331771E-01,
 -3.516240175726E-01,  1.860460748399E-01,
 -3.481394124545E-01,  2.016996411446E-01,
 -3.483254016205E-01,  2.109933930437E-01,
 -3.491485869918E-01,  2.264864634788E-01,
 -3.502341133473E-01,  2.360370933426E-01,
 -3.483880901852E-01,  2.514860780836E-01,
 -3.481826970331E-01,  2.608767663625E-01,
 -3.494830994772E-01,  2.764401672291E-01,
 -3.503433199134E-01,  2.891829486830E-01,
 -3.483246332189E-01,  3.007649002627E-01,
 -3.487816571106E-01,  3.136946530317E-01,
 -3.511261426276E-01,  3.252347205019E-01,
 -3.486503529677E-01,  3.366507591203E-01,
 -3.509898982056E-01,  3.497514481450E-01,
 -3.497421215990E-01,  3.631949204343E-01,
 -3.511609034659E-01,  3.743828488143E-01,
 -3.505314571933E-01,  3.886497244973E-01,
 -3.512744641411E-01,  4.009024753292E-01,
 -3.494134428774E-01,  4.120431310877E-01,
 -3.482187361135E-01,  4.256578787645E-01,
 -3.483472980271E-01,  4.363503233241E-01,
 -3.497626857683E-01,  4.500545935606E-01,
 -3.488422241091E-01,  4.639660612896E-01,
 -3.507804121740E-01,  4.733647275007E-01,
 -3.487518801249E-01,  4.872925779347E-01,
 -3.494952821454E-01,  4.999900816720E-01,
 -3.378710606265E-01, -4.999923936536E-01,
 -3.389868085803E-01, -4.878859201073E-01,
 -3.357470533070E-01, -4.735396299914E-01,
 -3.381019106990E-01, -4.629603015665E-01,
 -3.357754570762E-01, -4.487224180250E-01,
 -3.383993500212E-01, -4.385950080345E-01,
 -3.378554944855E-01, -4.262941502735E-01,
 -3.358207971820E-01, -4.123634105947E-01,
 -3.358624510723E-01, -4.001559537153E-01,
 -3.369490990386E-01, -3.890813518122E-01,
 -3.383900670713E-01, -3.740166820213E-01,
 -3.392640928825E-01, -3.632060721291E-01,
 -3.379346436566E-01, -3.509945956163E-01,
 -3.392251286100E-01, -3.384606675454E-01,
 -3.386423582993E-01, -3.235141888853E-01,
 -3.383671325644E-01, -3.133137815635E-01,
 -3.370385363031E-01, -3.002141962193E-01,
 -3.368018760220E-01, -2.868518465285E-01,
 -3.377093543981E-01, -2.765536242863E-01,
 -3.388358650196E-01, -2.630082292526E-01,
 -3.379519295203E-01, -2.494851426658E-01,
 -3.373158833166E-01, -2.369010011533E-01,
 -3.366203393466E-01, -2.256068581770E-01,
 -3.393053642047E-01, -2.136396615447E-01,
 -3.388291751580E-01, -1.984811145732E-01,
 -3.393187895351E-01, -1.878342419624E-01,
 -3.393450764398E-01, -1.743992350741E-01,
 -3.385708636648E-01, -1.641230500312E-01,
 -3.358410139673E-01, -1.517593027720E-01,
 -3.387982579004E-01, -1.383535576167E-01,
 -3.393710823028E-01, -1.242582900728E-01,
 -3.373666942062E-01, -1.132085307650E-01,
 -3.366447384173E-01, -1.010270757315E-01,
 -3.385987848936E-01, -8.686885158718E-02,
 -3.387447329859E-01, -7.413169919233E-02,
 -3.358072532499E-01, -6.100282635696E-02,
 -3.359466340393E-01, -5.058880639912E-02,
 -3.372839713019E-01, -3.764233843369E-02,
 -3.387107988943E-01, -2.507120705433E-02,
 -3.385139950732E-01, -1.160442575024E-02,
 -3.392549894306E-01, -7.337584980413E-04,
 -3.356763431570E-01,  1.175497030754E-02,
 -3.361052358244E-01,  2.402435100003E-02,
 -3.368709818459E-01,  3.763164035265E-02,
 -3.386962961651E-01,  4.930327414916E-02,
 -3.367001540560E-01,  6.251477785062E-02,
 -3.369773149534E-01,  7.464191235370E-02,
 -3.391057171188E-01,  8.731490373688E-02,
 -3.366572004041E-01,  1.006405915647E-01,
 -3.362100298152E-01,  1.133756729762E-01,
 -3.362995033504E-01,  1.253818904499E-01,
 -3.382229258007E-01,  1.390581267373E-01,
 -3.367951920443E-01,  1.512347288722E-01,
 -3.368502185969E-01,  1.606795874354E-01,
 -3.384546305962E-01,  1.763173474547E-01,
 -3.363364179386E-01,  1.858953606936E-01,
 -3.385904915824E-01,  2.013617946286E-01,
 -3.376973110920E-01,  2.132733856704E-01,
 -3.366463828468E-01,  2.239007646741E-01,
 -3.369034074487E-01,  2.367016302057E-01,
 -3.357321206587E-01,  2.489828998628E-01,
 -3.374053764255E-01,  2.614197224149E-01,
 -3.373433152794E-01,  2.746398131553E-01,
 -3.365545792747E-01,  2.868337396043E-01,
 -3.389136922299E-01,  2.984760076674E-01,
 -3.370721868322E-01,  3.127790636372E-01,
 -3.384434873763E-01,  3.249500781746E-01,
 -3.392188471067E-01,  3.365630728634E-01,
 -3.381439042098E-01,  3.500111877928E-01,
 -3.385755624181E-01,  3.637676863776E-01,
 -3.390273378679E-01,  3.733427756213E-01,
 -3.382641683454E-01,  3.860367080523E-01,
 -3.371875032021E-01,  4.010843372756E-01,
 -3.381350662648E-01,  4.118173141291E-01,
 -3.370288224653E-01,  4.247547901812E-01,
 -3.387949882256E-01,  4.370279009760E-01,
 -3.384557672928E-01,  4.491101419987E-01,
 -3.359201447058E-01,  4.621599053154E-01,
 -3.382730117258E-01,  4.761596717484E-01,
 -3.371629481156E-01,  4.876790316067E-01,
 -3.365571567657E-01,  4.997707411094E-01,
 -3.243131420152E-01, -4.996650124844E-01,
 -3.236894289717E-01, -4.886837565675E-01,
 -3.243266500647E-01, -4.749634650757E-01,
 -3.256651418246E-01, -4.633399849503E-01,
 -3.258475473768E-01, -4.503654277515E-01,
 -3.246561513592E-01, -4.377125559501E-01,
 -3.235570261890E-01, -4.266412046395E-01,
 -3.240747000520E-01, -4.142258853669E-01,
 -3.243957827298E-01, -3.981514208743E-01,
 -3.251208908445E-01, -3.880127385044E-01,
 -3.241041158343E-01, -3.751186513222E-01,
 -3.262337597876E-01, -3.607275367330E-01,
 -3.260505742428E-01, -3.505991697560E-01,
 -3.268172644384E-01, -3.375061218854E-01,
 -3.258308603204E-01, -3.265750022380E-01,
 -3.244151685170E-01, -3.142327524584E-01,
 -3.263007426260E-01, -3.012608508120E-01,
 -3.241848655047E-01, -2.861535768342E-01,
 -3.257999118515E-01, -2.744530256951E-01,
 -3.232787019021E-01, -2.628990288958E-01,
 -3.254174045307E-01, -2.490520882669E-01,
 -3.236794632113E-01, -2.367279512249E-01,
 -3.236075145166E-01, -2.236168066370E-01,
 -3.254590763714E-01, -2.142511282678E-01,
 -3.235604542236E-01, -1.995139703892E-01,
 -3.245793895685E-01, -1.866649113163E-01,
 -3.246149434567E-01, -1.768212134511E-01,
 -3.246146101315E-01, -1.614152391306E-01,
 -3.245946219835E-01, -1.499309409891E-01,
 -3.232952087505E-01, -1.386943339431E-01,
 -3.246058968530E-01, -1.238526799905E-01,
 -3.242938580109E-01, -1.119402683516E-01,
 -3.258704600770E-01, -9.887372071836E-02,
 -3.267188542560E-01, -8.735062470987E-02,
 -3.257942309611E-01, -7.503551521101E-02,
 -3.257225162759E-01, -6.296932969371E-02,
 -3.233415746793E-01, -5.188076533155E-02,
 -3.242854267360E-01, -3.664189901842E-02,
 -3.265844550408E-01, -2.624767600098E-02,
 -3.243291626859E-01, -1.319794844688E-02,
 -3.257251440851E-01, -7.562469955719E-04,
 -3.235215339657E-01,  1.317887040140E-02,
 -3.249440718420E-01,  2.355455982675E-02,
 -3.256517392716E-01,  3.675460514628E-02,
 -3.241924475023E-01,  5.110420285408E-02,
 -3.261364742326E-01,  6.366614568833E-02,
 -3.236721163334E-01,  7.537810674844E-02,
 -3.266492962653E-01,  8.865880526397E-02,
 -3.257457194506E-01,  9.974168326930E-02,
 -3.238974840157E-01,  1.115507469330E-01,
 -3.248100457890E-01,  1.260715011913E-01,
 -3.267491499539E-01,  1.367302532762E-01,
 -3.241063380054E-01,  1.481999100009E-01,
 -3.232980066236E-01,  1.641829139938E-01,
 -3.236691602492E-01,  1.765995517642E-01,
 -3.262082151698E-01,  1.889721662250E-01,
 -3.267176346084E-01,  2.018194867065E-01,
 -3.262704291066E-01,  2.130878498000E-01,
 -3.242627530750E-01,  2.261140559553E-01,
 -3.238209277371E-01,  2.384029165707E-01,
 -3.259559106672E-01,  2.487428320680E-01,
 -3.237006046160E-01,  2.633203615890E-01,
 -3.263633183582E-01,  2.763873213707E-01,
 -3.242661655681E-01,  2.876884221517E-01,
 -3.262454655896E-01,  2.998457388597E-01,
 -3.231600748354E-01,  3.129077559336E-01,
 -3.236687029679E-01,  3.262380611354E-01,
 -3.231492439977E-01,  3.385505483795E-01,
 -3.237812314906E-01,  3.507730672654E-01,
 -3.233154468144E-01,  3.625652905820E-01,
 -3.249607171550E-01,  3.755037246554E-01,
 -3.240469775725E-01,  3.856265357753E-01,
 -3.265753228538E-01,  3.993634383015E-01,
 -3.265373588746E-01,  4.126130676714E-01,
 -3.249793639242E-01,  4.238270882828E-01,
 -3.255803709924E-01,  4.366159432907E-01,
 -3.257446741409E-01,  4.508523045340E-01,
 -3.258185164282E-01,  4.633864245276E-01,
 -3.234200021048E-01,  4.746609372864E-01,
 -3.240048133894E-01,  4.887996986188E-01,
 -3.235093041882E-01,  4.982162829222E-01,
 -3.113955735289E-01, -4.982286651378E-01,
 -3.109036812509E-01, -4.869370311249E-01,
 -3.115411378694E-01, -4.759786416935E-01,
 -3.129343637562E-01, -4.615633870438E-01,
 -3.124618158402E-01, -4.508878339626E-01,
 -3.120738026962E-01, -4.357882216009E-01,
 -3.112058932222E-01, -4.255916914796E-01,
 -3.136006594285E-01, -4.112306843423E-01,
 -3.139980118734E-01, -3.988316097280E-01,
 -3.119831712150E-01, -3.883282001568E-01,
 -3.123585808527E-01, -3.756569411010E-01,
 -3.118770052032E-01, -3.642876564428E-01,
 -3.123667116854E-01, -3.504533902117E-01,
 -3.113434300524E-01, -3.391582797070E-01,
 -3.112805325290E-01, -3.238650162225E-01,
 -3.137697036708E-01, -3.110472166532E-01,
 -3.122408472287E-01, -2.999168808679E-01,
 -3.135660200292E-01, -2.878328146848E-01,
 -3.136664151009E-01, -2.737622275517E-01,
 -3.140969059676E-01, -2.640077225836E-01,
 -3.109020490000E-01, -2.490872372140E-01,
 -3.108826126609E-01, -2.357322928669E-01,
 -3.108285514968E-01, -2.267933477936E-01,
 -3.115468169777E-01, -2.122725579320E-01,
 -3.128429108827E-01, -2.014072019251E-01,
 -3.128464217493E-01, -1.866054148528E-01,
 -3.133255737857E-01, -1.768752917899E-01,
 -3.111005710892E-01, -1.641425132285E-01,
 -3.116682002740E-01, -1.507260694874E-01,
 -3.129708760641E-01, -1.380254851183E-01,
 -3.141271705534E-01, -1.249595267929E-01,
 -3.119115273261E-01, -1.124208087341E-01,
 -3.132999924049E-01, -1.012316792314E-01,
 -3.141134837209E-01, -8.736812016813E-02,
 -3.108136658650E-01, -7.577856699973E-02,
 -3.121647741972E-01, -6.149551560017E-02,
 -3.135489134753E-01, -5.177151188886E-02,
 -3.127958121336E-01, -3.853297402576E-02,
 -3.113813514867E-01, -2.551100660957E-02,
 -3.124342284745E-01, -1.190306773368E-02,
 -3.122333581382E-01, -1.571417210800E-03,
 -3.139285789563E-01,  1.306270066468E-02,
 -3.116174172242E-01,  2.639449334418E-02,
 -3.129312895987E-01,  3.828677861453E-02,
 -3.116701557208E-01,  5.186862542245E-02,
 -3.120891858032E-01,  6.102441495049E-02,
 -3.107516696391E-01,  7.396785697064E-02,
 -3.109855953455E-01,  8.577352996501E-02,
 -3.135895636514E-01,  9.943999601425E-02,
 -3.135831622036E-01,  1.134221106511E-01,
 -3.121983192647E-01,  1.244803747438E-01,
 -3.120395336175E-01,  1.380924205752E-01,
 -3.119523509767E-01,  1.516967167040E-01,
 -3.142767154868E-01,  1.629896562861E-01,
 -3.112061765878E-01,  1.766732512407E-01,
 -3.136032578685E-01,  1.861707219404E-01,
 -3.139406547577E-01,  2.002206605307E-01,
 -3.108511543873E-01,  2.140071385176E-01,
 -3.110815720554E-01,  2.234846049449E-01,
 -3.137064052294E-01,  2.362206584535E-01,
 -3.133295129707E-01,  2.514798692323E-01,
 -3.113549428395E-01,  2.610753950647E-01,
 -3.125744096206E-01,  2.758448496722E-01,
 -3.134558856840E-01,  2.872800103361E-01,
 -3.133803650871E-01,  2.996219342478E-01,
 -3.140012028730E-01,  3.109045534153E-01,
 -3.111739850568E-01,  3.241944188765E-01,
 -3.138245518586E-01,  3.382218470201E-01,
 -3.134260517307E-01,  3.490841646812E-01,
 -3.135154440362E-01,  3.627466734766E-01,
 -3.126741618587E-01,  3.733620257034E-01,
 -3.117974489087E-01,  3.884091576988E-01,
 -3.140523991980E-01,  3.986795835059E-01,
 -3.115969358650E-01,  4.129363108755E-01,
 -3.114611352758E-01,  4.240232857879E-01,
 -3.141869345744E-01,  4.361478999446E-01,
 -3.118757829601E-01,  4.497431409324E-01,
 -3.120314469561E-01,  4.641586346675E-01,
 -3.113357280830E-01,  4.761602643181E-01,
 -3.138467590449E-01,  4.878331321490E-01,
 -3.113266353523E-01,  5.018465519361E-01,
 -3.007742500332E-01, -4.996766308395E-01,
 -2.987248418142E-01, -4.876698316434E-01,
 -2.986744462380E-01, -4.743521350366E-01,
 -3.003595868711E-01, -4.634538265724E-01,
 -2.982870557056E-01, -4.484538322825E-01,
 -3.006789398241E-01, -4.357342122821E-01,
 -3.013690249308E-01, -4.249270816888E-01,
 -2.994886880379E-01, -4.116958453698E-01,
 -3.009340049148E-01, -3.989612903218E-01,
 -2.986713291125E-01, -3.889741110591E-01,
 -3.015279685977E-01, -3.743163892523E-01,
 -2.987361217825E-01, -3.614297920819E-01,
 -2.992507725804E-01, -3.492233148741E-01,
 -3.009444112272E-01, -3.392258774015E-01,
 -3.004309546312E-01, -3.245236608554E-01,
 -2.997833874250E-01, -3.132256817229E-01,
 -3.008221441434E-01, -2.989458456640E-01,
 -3.001335703685E-01, -2.887195972891E-01,
 -2.987767048078E-01, -2.764535672368E-01,
 -2.983613620616E-01, -2.611082361857E-01,
 -3.002801689123E-01, -2.482000188759E-01,
 -3.006416265855E-01, -2.386756892097E-01,
 -2.983983123758E-01, -2.235426747659E-01,
 -2.991359802402E-01, -2.120764080768E-01,
 -3.018304016280E-01, -1.988696581274E-01,
 -3.003315713409E-01, -1.873374828734E-01,
 -2.982403966546E-01, -1.752301815742E-01,
 -3.018266230258E-01, -1.619417216135E-01,
 -2.992607801405E-01, -1.508116038185E-01,
 -2.995891647225E-01, -1.388732522617E-01,
 -3.014192368817E-01, -1.249213064650E-01,
 -2.993674842725E-01, -1.132062561176E-01,
 -3.016942288573E-01, -1.006622221856E-01,
 -3.012916414705E-01, -8.844543515607E-02,
 -3.018126438297E-01, -7.637345266630E-02,
 -3.016918862236E-01, -6.089807291502E-02,
 -2.983073101032E-01, -5.162483453551E-02,
 -2.993296944617E-01, -3.894527856510E-02,
 -3.004061435856E-01, -2.454451074603E-02,
 -2.998755928518E-01, -1.421932084408E-02,
 -3.011304990497E-01,  1.493141989324E-04,
 -3.018156288682E-01,  1.144941414907E-02,
 -2.991539655252E-01,  2.353003305049E-02,
 -3.015486383458E-01,  3.715569581623E-02,
 -3.006497455254E-01,  5.123104956548E-02,
 -2.988248455803E-01,  6.254181361501E-02,
 -3.010481970937E-01,  7.618309053959E-02,
 -3.007523281105E-01,  8.878609784537E-02,
 -2.986601746492E-01,  1.005239420037E-01,
 -3.010182213838E-01,  1.119827273988E-01,
 -2.993636579038E-01,  1.231759460073E-01,
 -3.008813152433E-01,  1.386770914690E-01,
 -2.984552759557E-01,  1.496421781153E-01,
 -2.989582769408E-01,  1.615887654339E-01,
 -2.990692026457E-01,  1.735355796788E-01,
 -2.997457159856E-01,  1.866393315490E-01,
 -3.017038790065E-01,  2.014823208907E-01,
 -2.999757589110E-01,  2.141698500446E-01,
 -2.984380754139E-01,  2.254194269750E-01,
 -2.986682952163E-01,  2.390929988327E-01,
 -3.004045196001E-01,  2.515271080775E-01,
 -3.000564614370E-01,  2.619373625741E-01,
 -3.015512257033E-01,  2.743736158792E-01,
 -3.013949991412E-01,  2.878628559367E-01,
 -3.018729576424E-01,  3.014431359923E-01,
 -3.002376732986E-01,  3.111629965542E-01,
 -3.018120430910E-01,  3.262999051097E-01,
 -3.008234971427E-01,  3.373179518108E-01,
 -3.011647473310E-01,  3.518007694033E-01,
 -2.993137726957E-01,  3.620924380588E-01,
 -2.984934144231E-01,  3.740721489407E-01,
 -3.009263147507E-01,  3.863320677471E-01,
 -2.995910456588E-01,  4.010203027081E-01,
 -3.012582148138E-01,  4.142811291100E-01,
 -2.993078056231E-01,  4.237404072557E-01,
 -2.999568697619E-01,  4.384553483761E-01,
 -3.010490371475E-01,  4.500885674727E-01,
 -3.003235338925E-01,  4.621995991933E-01,
 -3.007272388442E-01,  4.735122325295E-01,
 -3.010488116749E-01,  4.889315109653E-01,
 -2.993998481907E-01,  5.010961774141E-01,
 -2.880969614147E-01, -5.018005314590E-01,
 -2.871648505020E-01, -4.879737314893E-01,
 -2.862401158277E-01, -4.761425176473E-01,
 -2.860585982815E-01, -4.637501808251E-01,
 -2.889362188411E-01, -4.506564500251E-01,
 -2.862369995763E-01, -4.393192709970E-01,
 -2.867000153901E-01, -4.233479432686E-01,
 -2.859235021352E-01, -4.108046611197E-01,
 -2.859823325717E-01, -4.010254195764E-01,
 -2.857689327815E-01, -3.874506574710E-01,
 -2.879643989954E-01, -3.745714186642E-01,
 -2.876299535518E-01, -3.635697692163E-01,
 -2.863744173999E-01, -3.482177297043E-01,
 -2.874991399305E-01, -3.388379947342E-01,
 -2.880827940203E-01, -3.260611796694E-01,
 -2.891728118232E-01, -3.124213296527E-01,
 -2.880228068411E-01, -2.985523843468E-01,
 -2.883389576035E-01, -2.888222359858E-01,
 -2.867130025934E-01, -2.734497071344E-01,
 -2.878717819495E-01, -2.623330340254E-01,
 -2.893459936877E-01, -2.507470541963E-01,
 -2.889847931416E-01, -2.365156780473E-01,
 -2.876952493229E-01, -2.260042173277E-01,
 -2.875319658433E-01, -2.110163456025E-01,
 -2.857232996039E-01, -2.010963825317E-01,
 -2.888060316464E-01, -1.867296489566E-01,
 -2.879460393755E-01, -1.733252920806E-01,
 -2.888223694057E-01, -1.620615545826E-01,
 -2.875875265953E-01, -1.492503117955E-01,
 -2.885291401015E-01, -1.389774980207E-01,
 -2.876354535239E-01, -1.245268253322E-01,
 -2.878519432475E-01, -1.141304910248E-01,
 -2.869776777380E-01, -9.960255034075E-02,
 -2.888683356990E-01, -8.763571949513E-02,
 -2.857180807768E-01, -7.594870763160E-02,
 -2.862210451330E-01, -6.142470028665E-02,
 -2.857226899140E-01, -4.898609723839E-02,
 -2.859885177304E-01, -3.777800867471E-02,
 -2.888166054136E-01, -2.655174772207E-02,
 -2.878612156356E-01, -1.275247414945E-02,
 -2.885097233115E-01, -1.823066881360E-03,
 -2.868318800408E-01,  1.240943479379E-02,
 -2.883564429975E-01,  2.415298663516E-02,
 -2.877168787330E-01,  3.834108359787E-02,
 -2.878914953883E-01,  5.036505600811E-02,
 -2.882060537021E-01,  6.262129569538E-02,
 -2.884493209711E-01,  7.352482340386E-02,
 -2.881381587579E-01,  8.881662592474E-02,
 -2.861012482561E-01,  9.945517443988E-02,
 -2.883545177302E-01,  1.136123171568E-01,
 -2.889641421465E-01,  1.235988914215E-01,
 -2.890830689601E-01,  1.363961531208E-01,
 -2.890431244485E-01,  1.487014138580E-01,
 -2.870019934452E-01,  1.622013309640E-01,
 -2.875636836224E-01,  1.761175430801E-01,
 -2.888774863860E-01,  1.881581674578E-01,
 -2.858716218898E-01,  1.995700364541E-01,
 -2.882879588030E-01,  2.110373057930E-01,
 -2.875849263559E-01,  2.233891486505E-01,
 -2.863836628048E-01,  2.374373024114E-01,
 -2.873883776401E-01,  2.491505976545E-01,
 -2.876000294291E-01,  2.622098576218E-01,
 -2.882929566051E-01,  2.761086308661E-01,
 -2.864045895871E-01,  2.880675854299E-01,
 -2.877508322557E-01,  2.997643010194E-01,
 -2.868991777572E-01,  3.106894828817E-01,
 -2.873233360919E-01,  3.254406481026E-01,
 -2.859411558997E-01,  3.388443730578E-01,
 -2.884560909803E-01,  3.501778285158E-01,
 -2.863248344211E-01,  3.608284361151E-01,
 -2.877715925313E-01,  3.736060473756E-01,
 -2.869169937980E-01,  3.875870453344E-01,
 -2.872791198382E-01,  3.990345466237E-01,
 -2.878037373901E-01,  4.112412489197E-01,
 -2.857387206304E-01,  4.237739040419E-01,
 -2.893676967247E-01,  4.363157226599E-01,
 -2.877040866545E-01,  4.486002043088E-01,
 -2.880995814827E-01,  4.615753045528E-01,
 -2.889842379886E-01,  4.751628880322E-01,
 -2.858303706805E-01,  4.887597639250E-01,
 -2.884689935818E-01,  4.995455010907E-01,
 -2.758304480409E-01, -4.990261189707E-01,
 -2.766545822563E-01, -4.884388293803E-01,
 -2.733208777177E-01, -4.746649697567E-01,
 -2.766586599029E-01, -4.630193060276E-01,
 -2.752088936869E-01, -4.501531306452E-01,
 -2.750646191558E-01, -4.382025357900E-01,
 -2.747124449785E-01, -4.241461767226E-01,
 -2.746772372064E-01, -4.124819624828E-01,
 -2.737298440639E-01, -4.006574291045E-01,
 -2.759274218740E-01, -3.884625526552E-01,
 -2.740406380740E-01, -3.739596367805E-01,
 -2.751496472614E-01, -3.619747191587E-01,
 -2.760085629664E-01, -3.481609501080E-01,
 -2.736638821262E-01, -3.367952574626E-01,
 -2.740847927952E-01, -3.248082941653E-01,
 -2.742257246648E-01, -3.111153123491E-01,
 -2.734649591689E-01, -3.002203889174E-01,
 -2.754110305423E-01, -2.859286204255E-01,
 -2.747222366696E-01, -2.732176814647E-01,
 -2.750211141987E-01, -2.619605074401E-01,
 -2.746376661093E-01, -2.507536616121E-01,
 -2.752238634870E-01, -2.377843443672E-01,
 -2.743436920204E-01, -2.243529431065E-01,
 -2.755662583493E-01, -2.137452941384E-01,
 -2.758850754497E-01, -1.998383016757E-01,
 -2.733915432484E-01, -1.891030292811E-01,
 -2.753007781811E-01, -1.744789587937E-01,
 -2.758268098252E-01, -1.624902811073E-01,
 -2.735722587069E-01, -1.517441838649E-01,
 -2.768778811867E-01, -1.383809673029E-01,
 -2.740301747805E-01, -1.263962972046E-01,
 -2.746041166217E-01, -1.107755618168E-01,
 -2.764474601628E-01, -1.000886069034E-01,
 -2.749438086637E-01, -8.821840250466E-02,
 -2.757716215229E-01, -7.346151076275E-02,
 -2.755865668902E-01, -6.379002815883E-02,
 -2.757849063210E-01, -4.954189983716E-02,
 -2.741444978204E-01, -3.688840878619E-02,
 -2.768458744617E-01, -2.369182229920E-02,
 -2.735188235478E-01, -1.338274267745E-02,
 -2.749480407054E-01, -7.465548248953E-04,
 -2.737112944634E-01,  1.170123916080E-02,
 -2.755653278464E-01,  2.312640879963E-02,
 -2.737130648118E-01,  3.875374872700E-02,
 -2.765665273665E-01,  5.009741945868E-02,
 -2.741809545474E-01,  6.242907235679E-02,
 -2.759377564947E-01,  7.527311557065E-02,
 -2.748180961945E-01,  8.903558979575E-02,
 -2.753042029071E-01,  9.815187977376E-02,
 -2.736437286323E-01,  1.122861110882E-01,
 -2.753400545288E-01,  1.250796990186E-01,
 -2.744315154011E-01,  1.384770895696E-01,
 -2.747655594439E-01,  1.496382556808E-01,
 -2.756432311162E-01,  1.623830282660E-01,
 -2.742988588410E-01,  1.748030414458E-01,
 -2.746923654894E-01,  1.869890548006E-01,
 -2.768483680234E-01,  2.002237855902E-01,
 -2.732423397944E-01,  2.113216404646E-01,
 -2.749826217148E-01,  2.238128538401E-01,
 -2.759564516098E-01,  2.377927441055E-01,
 -2.748964716546E-01,  2.498395081033E-01,
 -2.743880989197E-01,  2.642664260063E-01,
 -2.745035112887E-01,  2.733382158502E-01,
 -2.766521886943E-01,  2.861564570671E-01,
 -2.750751740258E-01,  3.011036386668E-01,
 -2.766980694819E-01,  3.121918974225E-01,
 -2.767747547273E-01,  3.266041536181E-01,
 -2.745254797654E-01,  3.377091207501E-01,
 -2.749086286657E-01,  3.504723065747E-01,
 -2.761394795883E-01,  3.609109737944E-01,
 -2.757645244018E-01,  3.753419489973E-01,
 -2.745607175829E-01,  3.861944839001E-01,
 -2.737173725420E-01,  4.012205220945E-01,
 -2.761925371133E-01,  4.132517625756E-01,
 -2.752670556298E-01,  4.266056092587E-01,
 -2.761102446671E-01,  4.368504157183E-01,
 -2.737027156786E-01,  4.487408565560E-01,
 -2.753653434391E-01,  4.611899352411E-01,
 -2.733910346973E-01,  4.754679263803E-01,
 -2.741378086776E-01,  4.887548766755E-01,
 -2.761029660163E-01,  5.004274229028E-01,
 -2.637039058180E-01, -4.989735824879E-01,
 -2.631443453482E-01, -4.875603149437E-01,
 -2.639770859776E-01, -4.762627557800E-01,
 -2.641543193340E-01, -4.632739963398E-01,
 -2.609488134823E-01, -4.489098195400E-01,
 -2.624362576895E-01, -4.390203156812E-01,
 -2.617012989109E-01, -4.259542665650E-01,
 -2.616518044652E-01, -4.122815950337E-01,
 -2.639745623229E-01, -3.985125992451E-01,
 -2.642427101251E-01, -3.870797748599E-01,
 -2.615159852574E-01, -3.744936189563E-01,
 -2.619509246019E-01, -3.621784013085E-01,
 -2.643811923380E-01, -3.502046403136E-01,
 -2.632886072843E-01, -3.387497049933E-01,
 -2.610982539335E-01, -3.252417334251E-01,
 -2.639112170906E-01, -3.108888425137E-01,
 -2.628121794257E-01, -2.995859808527E-01,
 -2.615041765951E-01, -2.858861806905E-01,
 -2.612979101489E-01, -2.731575630421E-01,
 -2.628133528575E-01, -2.620111856771E-01,
 -2.638640171130E-01, -2.490867869525E-01,
 -2.627118300496E-01, -2.374075639156E-01,
 -2.641278858364E-01, -2.240067452894E-01,
 -2.625969967412E-01, -2.131133589388E-01,
 -2.616498099140E-01, -2.000114857793E-01,
 -2.612596349124E-01, -1.888326589125E-01,
 -2.611525681737E-01, -1.732430437086E-01,
 -2.635017106552E-01, -1.611489435287E-01,
 -2.630513254186E-01, -1.500449275803E-01,
 -2.612081400148E-01, -1.361675450612E-01,
 -2.613702551517E-01, -1.259471783080E-01,
 -2.636344009120E-01, -1.119398779748E-01,
 -2.633566733122E-01, -9.906545588234E-02,
 -2.643673643383E-01, -8.831994637055E-02,
 -2.625827931133E-01, -7.533311978206E-02,
 -2.637278618144E-01, -6.148225792682E-02,
 -2.628172215254E-01, -5.014988263879E-02,
 -2.616701123764E-01, -3.800024367957E-02,
 -2.615408748435E-01, -2.461822507452E-02,
 -2.622089114477E-01, -1.384177619724E-02,
 -2.642176547152E-01,  8.847741216017E-04,
 -2.621514488655E-01,  1.181450642712E-02,
 -2.639573080653E-01,  2.414212348299E-02,
 -2.638752551461E-01,  3.797602651350E-02,
 -2.618989817024E-01,  5.027014258565E-02,
 -2.627023964121E-01,  6.180962402934E-02,
 -2.633816161887E-01,  7.526651562401E-02,
 -2.630103174160E-01,  8.912063858086E-02,
 -2.627637227801E-01,  9.828464853788E-02,
 -2.606410270175E-01,  1.128616707890E-01,
 -2.643275264339E-01,  1.261236300292E-01,
 -2.641697061029E-01,  1.364869077045E-01,
 -2.618708166224E-01,  1.496386355353E-01,
 -2.619379420474E-01,  1.631021022913E-01,
 -2.638191982470E-01,  1.736496110994E-01,
 -2.616977761752E-01,  1.860057025598E-01,
 -2.640535219485E-01,  2.013714772898E-01,
 -2.630247096606E-01,  2.132961403313E-01,
 -2.633255479949E-01,  2.240261386534E-01,
 -2.642681569395E-01,  2.372044757951E-01,
 -2.618488367011E-01,  2.490204295681E-01,
 -2.607290818680E-01,  2.643644928041E-01,
 -2.628177042057E-01,  2.753188127668E-01,
 -2.619393155875E-01,  2.889167680293E-01,
 -2.621164978692E-01,  2.999429584604E-01,
 -2.633452174619E-01,  3.134478208743E-01,
 -2.607780001488E-01,  3.237802294340E-01,
 -2.612859051575E-01,  3.374511166005E-01,
 -2.615494762198E-01,  3.514323470801E-01,
 -2.612892117698E-01,  3.606801399881E-01,
 -2.623994799090E-01,  3.734124885382E-01,
 -2.613685889529E-01,  3.874454927991E-01,
 -2.609718538677E-01,  4.004815206215E-01,
 -2.640318482384E-01,  4.119788325614E-01,
 -2.618665286405E-01,  4.255608445260E-01,
 -2.632935635851E-01,  4.389355029381E-01,
 -2.628420647254E-01,  4.497100755130E-01,
 -2.618709298970E-01,  4.641280462579E-01,
 -2.620749109013E-01,  4.744863939975E-01,
 -2.613836087440E-01,  4.884376471380E-01,
 -2.637291595197E-01,  5.008894925469E-01,
 -2.493964496152E-01, -4.988237525760E-01,
 -2.492326227788E-01, -4.867415065569E-01,
 -2.493252524262E-01, -4.743671696391E-01,
 -2.510584209718E-01, -4.612256806781E-01,
 -2.500897709955E-01, -4.487187289487E-01,
 -2.485119916895E-01, -4.365284348002E-01,
 -2.502896769289E-01, -4.249560645513E-01,
 -2.518717427985E-01, -4.106297962347E-01,
 -2.509788600477E-01, -3.991016349843E-01,
 -2.500132306559E-01, -3.861618346650E-01,
 -2.511785693858E-01, -3.766112718432E-01,
 -2.515347932060E-01, -3.615872105513E-01,
 -2.487007117670E-01, -3.513330738303E-01,
 -2.501800462174E-01, -3.357613571287E-01,
 -2.503966501756E-01, -3.262618450048E-01,
 -2.498204135910E-01, -3.120032534984E-01,
 -2.510490648301E-01, -3.017798608334E-01,
 -2.511757825348E-01, -2.881802840198E-01,
 -2.490359405964E-01, -2.759219821313E-01,
 -2.484198708558E-01, -2.606735331180E-01,
 -2.490767854819E-01, -2.482122047273E-01,
 -2.485089118272E-01, -2.382880130346E-01,
 -2.488606247173E-01, -2.245147141158E-01,
 -2.487069322374E-01, -2.106978019709E-01,
 -2.485393667256E-01, -2.016863187853E-01,
 -2.517820917959E-01, -1.863073247247E-01,
 -2.499518056935E-01, -1.746358125044E-01,
 -2.507801830200E-01, -1.615242555208E-01,
 -2.500758131577E-01, -1.483034839797E-01,
 -2.516828095895E-01, -1.375546775904E-01,
 -2.483896533408E-01, -1.249832391591E-01,
 -2.512905005017E-01, -1.111244768260E-01,
 -2.490756530918E-01, -9.890870987990E-02,
 -2.494707792545E-01, -8.600596408294E-02,
 -2.508752834428E-01, -7.473586561110E-02,
 -2.514699631064E-01, -6.074196692281E-02,
 -2.503583712374E-01, -4.868872706278E-02,
 -2.508488311458E-01, -3.741873644725E-02,
 -2.511910649181E-01, -2.514294782708E-02,
 -2.488991839653E-01, -1.257588236266E-02,
 -2.491026555936E-01, -2.995127528963E-04,
 -2.506918241335E-01,  1.311586122705E-02,
 -2.490294760313E-01,  2.597207079916E-02,
 -2.508184751890E-01,  3.588169617427E-02,
 -2.517368855989E-01,  4.924864326410E-02,
 -2.483331430008E-01,  6.153581685781E-02,
 -2.498463949596E-01,  7.317145181646E-02,
 -2.494120781160E-01,  8.741227189158E-02,
 -2.499075424488E-01,  1.007724136524E-01,
 -2.494384992353E-01,  1.123387068130E-01,
 -2.509372358852E-01,  1.262998913490E-01,
 -2.508437448959E-01,  1.369701455194E-01,
 -2.484039792724E-01,  1.513584166007E-01,
 -2.490557870765E-01,  1.621516063506E-01,
 -2.481514429956E-01,  1.762848504880E-01,
 -2.515335090391E-01,  1.861230232823E-01,
 -2.513667345298E-01,  2.013737887211E-01,
 -2.491493577171E-01,  2.112042337779E-01,
 -2.513508726235E-01,  2.260410882181E-01,
 -2.509746553399E-01,  2.377645115278E-01,
 -2.490205940966E-01,  2.488757754292E-01,
 -2.504668398190E-01,  2.632002210804E-01,
 -2.514180583712E-01,  2.759992222335E-01,
 -2.493456718533E-01,  2.865462388705E-01,
 -2.507253288713E-01,  3.000312925495E-01,
 -2.499550855628E-01,  3.124837331127E-01,
 -2.503727954776E-01,  3.262287554681E-01,
 -2.513011209487E-01,  3.373498293704E-01,
 -2.507262728915E-01,  3.500370653988E-01,
 -2.502597608601E-01,  3.640293822069E-01,
 -2.490783679946E-01,  3.756855374463E-01,
 -2.492155469084E-01,  3.892076367468E-01,
 -2.490700264350E-01,  4.018249719019E-01,
 -2.513719847906E-01,  4.143448383712E-01,
 -2.490587370356E-01,  4.258959660807E-01,
 -2.485936316296E-01,  4.376955374456E-01,
 -2.517715985127E-01,  4.481995037684E-01,
 -2.498335866377E-01,  4.612616324270E-01,
 -2.516217504134E-01,  4.760922105307E-01,
 -2.510537090120E-01,  4.869982724989E-01,
 -2.512280262897E-01,  4.981697642953E-01,
 -2.360806980230E-01, -5.011117294090E-01,
 -2.379147645564E-01, -4.868673092781E-01,
 -2.385571404721E-01, -4.732213362365E-01,
 -2.367393119688E-01, -4.620459704112E-01,
 -2.366381851355E-01, -4.494507030376E-01,
 -2.382461319220E-01, -4.364223823273E-01,
 -2.392802043783E-01, -4.246203817978E-01,
 -2.361369398626E-01, -4.138490476459E-01,
 -2.369028533872E-01, -4.014070320806E-01,
 -2.390373153868E-01, -3.870645745035E-01,
 -2.372477955151E-01, -3.753405991707E-01,
 -2.381613785480E-01, -3.615324845941E-01,
 -2.386859632889E-01, -3.499051518374E-01,
 -2.369359067095E-01, -3.381221699046E-01,
 -2.364359043954E-01, -3.250648640773E-01,
 -2.356537364262E-01, -3.124830060538E-01,
 -2.385365141081E-01, -2.990126394795E-01,
 -2.361543383956E-01, -2.867395588760E-01,
 -2.369019695202E-01, -2.751984881991E-01,
 -2.369675105411E-01, -2.633382868740E-01,
 -2.379743341747E-01, -2.492701366031E-01,
 -2.361879714645E-01, -2.364817806020E-01,
 -2.367317504715E-01, -2.232397829775E-01,
 -2.376663335305E-01, -2.108509517603E-01,
 -2.356359298708E-01, -1.986385134807E-01,
 -2.379939475843E-01, -1.866906072811E-01,
 -2.357353046616E-01, -1.755375384469E-01,
 -2.373086230172E-01, -1.617547014271E-01,
 -2.372162611882E-01, -1.494438528437E-01,
 -2.357124655602E-01, -1.373247996086E-01,
 -2.373027467757E-01, -1.263409910213E-01,
 -2.373488344538E-01, -1.135593170870E-01,
 -2.364497961931E-01, -9.999585705324E-02,
 -2.361398192702E-01, -8.890760724910E-02,
 -2.368305552576E-01, -7.511889143453E-02,
 -2.373196605758E-01, -6.314751138943E-02,
 -2.362503995736E-01, -5.107109624104E-02,
 -2.364315511794E-01, -3.921921431697E-02,
 -2.365475501906E-01, -2.375565233462E-02,
 -2.363291198201E-01, -1.273203532844E-02,
 -2.385970461971E-01, -9.894957463305E-04,
 -2.372611468270E-01,  1.118511285099E-02,
 -2.384544878490E-01,  2.420597629813E-02,
 -2.383040687081E-01,  3.817325143999E-02,
 -2.370413172587E-01,  4.936987528451E-02,
 -2.362850705147E-01,  6.308920087552E-02,
 -2.386422616004E-01,  7.553934680672E-02,
 -2.358421448555E-01,  8.630087859233E-02,
 -2.382507730213E-01,  1.009242106033E-01,
 -2.386804081920E-01,  1.131704171535E-01,
 -2.356392655018E-01,  1.256885681635E-01,
 -2.373436431364E-01,  1.385957037640E-01,
 -2.385526172576E-01,  1.487417175019E-01,
 -2.360873254244E-01,  1.617136397175E-01,
 -2.384349362657E-01,  1.745822520210E-01,
 -2.360011795279E-01,  1.873713087636E-01,
 -2.369623943485E-01,  1.996353021062E-01,
 -2.384341520488E-01,  2.139357393923E-01,
 -2.374324345750E-01,  2.241950297176E-01,
 -2.365811183361E-01,  2.389029919466E-01,
 -2.393545688165E-01,  2.503709163137E-01,
 -2.366858331277E-01,  2.631958331309E-01,
 -2.371979826109E-01,  2.753359595907E-01,
 -2.385199936512E-01,  2.870811873139E-01,
 -2.369876120870E-01,  2.984131788215E-01,
 -2.367510115487E-01,  3.125570708496E-01,
 -2.377130072927E-01,  3.245457207723E-01,
 -2.387429793871E-01,  3.372079199283E-01,
 -2.364669579670E-01,  3.491528333525E-01,
 -2.376329334942E-01,  3.636182067519E-01,
 -2.356308258716E-01,  3.738317269171E-01,
 -2.371091014174E-01,  3.892257901918E-01,
 -2.386116857966E-01,  4.000090809361E-01,
 -2.371259515886E-01,  4.121063959426E-01,
 -2.374195659113E-01,  4.235861122013E-01,
 -2.380738449752E-01,  4.361232100405E-01,
 -2.367244150719E-01,  4.499218903541E-01,
 -2.356402754826E-01,  4.608468183368E-01,
 -2.370865293576E-01,  4.746354866930E-01,
 -2.384886050602E-01,  4.860085800127E-01,
 -2.358008724661E-01,  4.981446568002E-01,
 -2.239672861898E-01, -4.987070016395E-01,
 -2.257100300059E-01, -4.858662857937E-01,
 -2.246260789683E-01, -4.750079721991E-01,
 -2.246725642375E-01, -4.622970369213E-01,
 -2.236804884045E-01, -4.503977018699E-01,
 -2.235342875302E-01, -4.385831712489E-01,
 -2.259251194423E-01, -4.267863369669E-01,
 -2.243828374392E-01, -4.140838591004E-01,
 -2.265903324960E-01, -3.997808599945E-01,
 -2.263119988406E-01, -3.856750182961E-01,
 -2.234849700695E-01, -3.760694588703E-01,
 -2.255793506328E-01, -3.630792266636E-01,
 -2.238184571820E-01, -3.514250772517E-01,
 -2.233710118187E-01, -3.375984347103E-01,
 -2.240470954456E-01, -3.236490626665E-01,
 -2.237181351599E-01, -3.112690238679E-01,
 -2.252479578928E-01, -2.991047806941E-01,
 -2.264184918052E-01, -2.861692489556E-01,
 -2.263080104613E-01, -2.746518452345E-01,
 -2.249484945616E-01, -2.608792241851E-01,
 -2.249603292829E-01, -2.498145425469E-01,
 -2.233678466142E-01, -2.384919814735E-01,
 -2.262012363134E-01, -2.241937228433E-01,
 -2.239400317538E-01, -2.129625296758E-01,
 -2.253583434562E-01, -2.006100644483E-01,
 -2.267922787068E-01, -1.879054962109E-01,
 -2.261456563427E-01, -1.747462015979E-01,
 -2.261296077600E-01, -1.620766706940E-01,
 -2.244692272018E-01, -1.481417744109E-01,
 -2.232785221402E-01, -1.384084505265E-01,
 -2.265375482409E-01, -1.234207379996E-01,
 -2.236039574349E-01, -1.115502015194E-01,
 -2.263882150354E-01, -9.834328082243E-02,
 -2.268646433517E-01, -8.736296796234E-02,
 -2.243146587176E-01, -7.434322801684E-02,
 -2.268694739157E-01, -6.223968834018E-02,
 -2.252523232564E-01, -5.078646522609E-02,
 -2.237904564396E-01, -3.927381644512E-02,
 -2.247954967106E-01, -2.496263310425E-02,
 -2.257227331656E-01, -1.377027014474E-02,
 -2.251783620117E-01,  8.358566575210E-04,
 -2.252631754256E-01,  1.226318503112E-02,
 -2.236438781514E-01,  2.360300615363E-02,
 -2.259385587844E-01,  3.883580857051E-02,
 -2.258895091338E-01,  4.981536596690E-02,
 -2.261430276238E-01,  6.277051589462E-02,
 -2.262850429046E-01,  7.350823744464E-02,
 -2.266721109151E-01,  8.933172201978E-02,
 -2.253834207476E-01,  9.975136269276E-02,
 -2.236271810881E-01,  1.131295273609E-01,
 -2.252821970883E-01,  1.243813533487E-01,
 -2.236585504436E-01,  1.359282985102E-01,
 -2.241309997200E-01,  1.506944001195E-01,
 -2.238002758332E-01,  1.614990561220E-01,
 -2.267535467516E-01,  1.737820406569E-01,
 -2.268709112071E-01,  1.880031438744E-01,
 -2.247217531692E-01,  2.008864180317E-01,
 -2.241181427178E-01,  2.142707219497E-01,
 -2.246689917142E-01,  2.248481139967E-01,
 -2.242354354303E-01,  2.375775115193E-01,
 -2.255715743000E-01,  2.489381283421E-01,
 -2.231608835506E-01,  2.614001850279E-01,
 -2.257522670402E-01,  2.748805212484E-01,
 -2.240089155492E-01,  2.887605221170E-01,
 -2.258972099631E-01,  2.987657709327E-01,
 -2.251216313982E-01,  3.109930157428E-01,
 -2.267237910182E-01,  3.260924877735E-01,
 -2.239336185582E-01,  3.363712728943E-01,
 -2.252791895314E-01,  3.518365619035E-01,
 -2.262233619801E-01,  3.615823645065E-01,
 -2.253073375916E-01,  3.762060989956E-01,
 -2.243510017105E-01,  3.872497587993E-01,
 -2.231661430701E-01,  4.011284017523E-01,
 -2.268336854678E-01,  4.120441640201E-01,
 -2.251591873194E-01,  4.264407680505E-01,
 -2.234984084079E-01,  4.391727125356E-01,
 -2.241621546274E-01,  4.518306208185E-01,
 -2.245484795993E-01,  4.617323853008E-01,
 -2.244747974517E-01,  4.751758543962E-01,
 -2.233243306184E-01,  4.867204460989E-01,
 -2.262219285336E-01,  5.002945247840E-01,
 -2.123563292482E-01, -4.996570886375E-01,
 -2.129767791050E-01, -4.867995472715E-01,
 -2.124875596231E-01, -4.767309098947E-01,
 -2.132380486045E-01, -4.611409492052E-01,
 -2.138727447289E-01, -4.491741246822E-01,
 -2.130499961736E-01, -4.359852067409E-01,
 -2.133768176344E-01, -4.236597394184E-01,
 -2.119199788618E-01, -4.116990290541E-01,
 -2.142169129866E-01, -4.011649178789E-01,
 -2.133662554566E-01, -3.884355078664E-01,
 -2.125512599371E-01, -3.761821527126E-01,
 -2.120003927519E-01, -3.631816507945E-01,
 -2.117012576893E-01, -3.506515193875E-01,
 -2.136849657496E-01, -3.385359865277E-01,
 -2.128070770988E-01, -3.243991724744E-01,
 -2.118589018612E-01, -3.118289355804E-01,
 -2.121534474476E-01, -2.999278500414E-01,
 -2.132478558576E-01, -2.893697709370E-01,
 -2.127764728310E-01, -2.768621491880E-01,
 -2.136726203181E-01, -2.636731916010E-01,
 -2.128060592724E-01, -2.509121390644E-01,
 -2.139695861357E-01, -2.367885668850E-01,
 -2.129742963353E-01, -2.257203165003E-01,
 -2.111305803031E-01, -2.139484258316E-01,
 -2.129126393422E-01, -2.008826452489E-01,
 -2.117196131383E-01, -1.879116911849E-01,
 -2.127156344863E-01, -1.765922212788E-01,
 -2.110052507150E-01, -1.607794189631E-01,
 -2.141126387999E-01, -1.486423467782E-01,
 -2.135643216758E-01, -1.365596615650E-01,
 -2.116581262484E-01, -1.256725098566E-01,
 -2.139733850785E-01, -1.119734079468E-01,
 -2.140159104814E-01, -1.001109607705E-01,
 -2.140101352159E-01, -8.807640196736E-02,
 -2.125473809798E-01, -7.555313732197E-02,
 -2.142990683078E-01, -6.090132915523E-02,
 -2.108560864984E-01, -5.024447970764E-02,
 -2.122500831675E-01, -3.788700442765E-02,
 -2.121236748297E-01, -2.521407813107E-02,
 -2.141699726133E-01, -1.236650520270E-02,
 -2.116636390593E-01,  1.807119490357E-03,
 -2.124261889543E-01,  1.356674290548E-02,
 -2.128079705173E-01,  2.556409184332E-02,
 -2.120183801122E-01,  3.566322176804E-02,
 -2.117550135048E-01,  4.937160396024E-02,
 -2.124688773877E-01,  6.359128269073E-02,
 -2.143580720974E-01,  7.341447671068E-02,
 -2.109367023826E-01,  8.672415706576E-02,
 -2.142653902070E-01,  1.009341725502E-01,
 -2.112103816960E-01,  1.125395106575E-01,
 -2.106262272203E-01,  1.236958122825E-01,
 -2.132404166697E-01,  1.370284999096E-01,
 -2.110121144979E-01,  1.484447649798E-01,
 -2.132324005047E-01,  1.611101611961E-01,
 -2.126145057328E-01,  1.751294475156E-01,
 -2.120619371409E-01,  1.867946947509E-01,
 -2.136111118429E-01,  1.986046275381E-01,
 -2.112472972203E-01,  2.114940852394E-01,
 -2.113157493736E-01,  2.237052708888E-01,
 -2.119811140542E-01,  2.371714385887E-01,
 -2.111242521113E-01,  2.516891034345E-01,
 -2.136398240229E-01,  2.613146420396E-01,
 -2.139751244871E-01,  2.732911406078E-01,
 -2.134950275531E-01,  2.876875158353E-01,
 -2.116580814945E-01,  2.982793637840E-01,
 -2.129674857263E-01,  3.114448052309E-01,
 -2.108388788122E-01,  3.260202124493E-01,
 -2.108250559114E-01,  3.380431123929E-01,
 -2.126879042751E-01,  3.488898078562E-01,
 -2.115733031042E-01,  3.632580150114E-01,
 -2.120919179085E-01,  3.754693123638E-01,
 -2.143073486182E-01,  3.889560120707E-01,
 -2.119589827826E-01,  4.006022286458E-01,
 -2.113171899562E-01,  4.119176759363E-01,
 -2.124403136612E-01,  4.233177932900E-01,
 -2.126360532598E-01,  4.359856318153E-01,
 -2.142020389659E-01,  4.494555273216E-01,
 -2.122126474796E-01,  4.642970410708E-01,
 -2.133274844398E-01,  4.741015193212E-01,
 -2.135581001845E-01,  4.883711418273E-01,
 -2.110882301008E-01,  4.983258415136E-01,
 -2.015980428832E-01, -5.002238950037E-01,
 -1.989777340801E-01, -4.889139879553E-01,
 -1.999676011733E-01, -4.749229622341E-01,
 -1.993264681478E-01, -4.628830756583E-01,
 -2.002398717927E-01, -4.482659635338E-01,
 -2.015803967962E-01, -4.379768785650E-01,
 -1.995871850778E-01, -4.241096252196E-01,
 -2.018742056528E-01, -4.106671682760E-01,
 -1.989071991301E-01, -4.015693670747E-01,
 -2.004172643677E-01, -3.885591187527E-01,
 -1.987832584396E-01, -3.745569905815E-01,
 -1.983089501412E-01, -3.619254139178E-01,
 -1.988515119391E-01, -3.497524940407E-01,
 -1.987264998664E-01, -3.369776616451E-01,
 -2.014511054747E-01, -3.256644985041E-01,
 -1.995876627457E-01, -3.111891832143E-01,
 -2.005665748704E-01, -2.988096308701E-01,
 -1.994421544862E-01, -2.866441661890E-01,
 -1.990557533178E-01, -2.735403226179E-01,
 -1.992541045755E-01, -2.636227711173E-01,
 -2.010425262779E-01, -2.485825622361E-01,
 -1.991236378772E-01, -2.384177018332E-01,
 -2.014691518514E-01, -2.246325534543E-01,
 -1.993626331856E-01, -2.116084172372E-01,
 -1.993258739892E-01, -1.999041985187E-01,
 -1.993859383296E-01, -1.884393556139E-01,
 -2.003117769457E-01, -1.755480162363E-01,
 -2.016942158727E-01, -1.616095713755E-01,
 -2.017340268016E-01, -1.485788103469E-01,
 -2.006891660008E-01, -1.388510921077E-01,
 -2.009092163629E-01, -1.259753757151E-01,
 -1.999258564175E-01, -1.111271157618E-01,
 -1.997558177575E-01, -9.845629912569E-02,
 -2.015316505588E-01, -8.782870690839E-02,
 -1.986942265377E-01, -7.418535820754E-02,
 -2.017163903721E-01, -6.388220285102E-02,
 -2.005025095077E-01, -4.929029208793E-02,
 -1.990001888724E-01, -3.776939216409E-02,
 -1.999377132971E-01, -2.625757660741E-02,
 -2.007505276578E-01, -1.219574172121E-02,
 -1.990976077361E-01, -1.511995709674E-03,
 -2.002295966874E-01,  1.283554990571E-02,
 -2.003174780225E-01,  2.684270633145E-02,
 -2.001765014646E-01,  3.811251872860E-02,
 -1.991052643128E-01,  5.065829389482E-02,
 -1.982815927475E-01,  6.301605649816E-02,
 -2.015409246178E-01,  7.522497446317E-02,
 -1.998894061209E-01,  8.890553181945E-02,
 -1.985935174705E-01,  1.010886041700E-01,
 -1.992009116506E-01,  1.111902724444E-01,
 -2.015564545034E-01,  1.248521838860E-01,
 -1.998852445199E-01,  1.391911154317E-01,
 -1.999481109455E-01,  1.512063671447E-01,
 -1.993734865126E-01,  1.638843339893E-01,
 -1.985440648946E-01,  1.755149078954E-01,
 -2.010280359318E-01,  1.884432182034E-01,
 -2.002141259265E-01,  1.991490451942E-01,
 -2.000958078761E-01,  2.123975168953E-01,
 -1.998686449616E-01,  2.251678622573E-01,
 -1.990527968322E-01,  2.378316055984E-01,
 -1.987409368933E-01,  2.515641788728E-01,
 -1.994863979336E-01,  2.630335560946E-01,
 -2.017793998981E-01,  2.733795953292E-01,
 -1.992666911907E-01,  2.857934346954E-01,
 -2.014023552480E-01,  3.004501342511E-01,
 -2.014952771985E-01,  3.141801732503E-01,
 -1.984325404100E-01,  3.262532525592E-01,
 -2.013637315354E-01,  3.375594411410E-01,
 -2.013435190529E-01,  3.502447833184E-01,
 -2.009354394747E-01,  3.626329784144E-01,
 -2.011599189061E-01,  3.744356411962E-01,
 -1.997359948148E-01,  3.858889614838E-01,
 -1.999572966514E-01,  3.995278210670E-01,
 -2.004519073882E-01,  4.126847906966E-01,
 -1.991854086251E-01,  4.235499424890E-01,
 -2.016536731557E-01,  4.382075762831E-01,
 -2.008292022553E-01,  4.492957276708E-01,
 -1.982581582094E-01,  4.619263802839E-01,
 -2.004498364628E-01,  4.739928395188E-01,
 -1.990209291549E-01,  4.865176120891E-01,
 -2.013571415576E-01,  4.993789915429E-01,
 -1.883510676911E-01, -5.013406499037E-01,
 -1.857122369736E-01, -4.868448566286E-01,
 -1.869946494303E-01, -4.735890281055E-01,
 -1.861362855577E-01, -4.629853514689E-01,
 -1.880616841378E-01, -4.498281863222E-01,
 -1.868961266371E-01, -4.376782256721E-01,
 -1.865166091393E-01, -4.257524184327E-01,
 -1.878905583839E-01, -4.142816092156E-01,
 -1.880579752180E-01, -3.991857431547E-01,
 -1.858164623512E-01, -3.880459648368E-01,
 -1.888976996879E-01, -3.750098593462E-01,
 -1.870396884304E-01, -3.631370629138E-01,
 -1.874261739164E-01, -3.502863295020E-01,
 -1.876689741904E-01, -3.377508652097E-01,
 -1.868761047432E-01, -3.255510121129E-01,
 -1.883510665791E-01, -3.143487452212E-01,
 -1.871290345096E-01, -2.995500291957E-01,
 -1.859968760815E-01, -2.859610223507E-01,
 -1.859788832137E-01, -2.756577550267E-01,
 -1.884586706528E-01, -2.612633411999E-01,
 -1.864864501194E-01, -2.490356434638E-01,
 -1.871937982301E-01, -2.379461731466E-01,
 -1.882772826543E-01, -2.255229489648E-01,
 -1.882811472761E-01, -2.120558139220E-01,
 -1.887796231140E-01, -1.995136335851E-01,
 -1.888017611249E-01, -1.868924195248E-01,
 -1.891600034685E-01, -1.740327461831E-01,
 -1.875191565029E-01, -1.623617794083E-01,
 -1.887211491383E-01, -1.516215909142E-01,
 -1.859709095562E-01, -1.367242438841E-01,
 -1.881055288819E-01, -1.258619158281E-01,
 -1.865525947974E-01, -1.134304668792E-01,
 -1.884829112705E-01, -9.971652909659E-02,
 -1.874154719922E-01, -8.645125564653E-02,
 -1.871347406617E-01, -7.526765865376E-02,
 -1.880148586778E-01, -6.162482590489E-02,
 -1.875561222920E-01, -4.940549184411E-02,
 -1.866375766480E-01, -3.651113842177E-02,
 -1.867056121259E-01, -2.662420447937E-02,
 -1.872830786420E-01, -1.181442980537E-02,
 -1.858982223247E-01, -1.170893355497E-03,
 -1.885488514780E-01,  1.325188019438E-02,
 -1.865287989742E-01,  2.568703670810E-02,
 -1.884251484817E-01,  3.856130123877E-02,
 -1.872667402752E-01,  4.931336157588E-02,
 -1.890424430052E-01,  6.235325054899E-02,
 -1.887238096970E-01,  7.382644800308E-02,
 -1.869021345071E-01,  8.576217718310E-02,
 -1.890463303670E-01,  1.008526300979E-01,
 -1.882650808443E-01,  1.132258250633E-01,
 -1.884246641969E-01,  1.231860281918E-01,
 -1.874164259208E-01,  1.359274122759E-01,
 -1.884886703092E-01,  1.494098042636E-01,
 -1.891373375355E-01,  1.614612285705E-01,
 -1.868362907322E-01,  1.760356922377E-01,
 -1.876933681260E-01,  1.856292362937E-01,
 -1.872021520779E-01,  1.984428298284E-01,
 -1.879937523508E-01,  2.134802052843E-01,
 -1.878997101578E-01,  2.260090858472E-01,
 -1.880179479907E-01,  2.379475597786E-01,
 -1.891208243852E-01,  2.483368426411E-01,
 -1.887242862840E-01,  2.614172434231E-01,
 -1.859243786026E-01,  2.751831370049E-01,
 -1.873364332968E-01,  2.893051503790E-01,
 -1.878113415302E-01,  3.014735134488E-01,
 -1.873461738997E-01,  3.124029333697E-01,
 -1.879282444494E-01,  3.267036138306E-01,
 -1.858010408439E-01,  3.367021640597E-01,
 -1.863773972111E-01,  3.510157823240E-01,
 -1.873044715342E-01,  3.616761257412E-01,
 -1.876138412341E-01,  3.740429422238E-01,
 -1.874071702832E-01,  3.887205142372E-01,
 -1.859448467991E-01,  4.012997189561E-01,
 -1.881400419019E-01,  4.127007731261E-01,
 -1.885474597998E-01,  4.253005767321E-01,
 -1.887508304832E-01,  4.376307090922E-01,
 -1.870570066139E-01,  4.509937310458E-01,
 -1.859949678632E-01,  4.625846448907E-01,
 -1.876265008806E-01,  4.748156181686E-01,
 -1.858628427862E-01,  4.879117314067E-01,
 -1.863349016205E-01,  5.008328671771E-01,
 -1.745667522893E-01, -4.996974886475E-01,
 -1.743990186787E-01, -4.870700683231E-01,
 -1.750913267289E-01, -4.763149111759E-01,
 -1.764911025404E-01, -4.608604585425E-01,
 -1.756823329296E-01, -4.508059908552E-01,
 -1.739864881719E-01, -4.371788723623E-01,
 -1.764632433224E-01, -4.251828935337E-01,
 -1.740322088403E-01, -4.117107979171E-01,
 -1.755931194989E-01, -4.015589534688E-01,
 -1.731858201413E-01, -3.863011768103E-01,
 -1.740298936686E-01, -3.735015065980E-01,
 -1.766029265084E-01, -3.628255108338E-01,
 -1.743758273986E-01, -3.515691712094E-01,
 -1.759328796160E-01, -3.389999862854E-01,
 -1.748077130779E-01, -3.242315971312E-01,
 -1.746122406724E-01, -3.139030298888E-01,
 -1.747348508211E-01, -3.018230582183E-01,
 -1.753588075463E-01, -2.867239928262E-01,
 -1.756584671079E-01, -2.756353507449E-01,
 -1.748371783700E-01, -2.641235819461E-01,
 -1.756037357977E-01, -2.506333906482E-01,
 -1.741555618935E-01, -2.359038012390E-01,
 -1.746636418630E-01, -2.238297850464E-01,
 -1.768308519755E-01, -2.111782550324E-01,
 -1.736830914593E-01, -2.013796751198E-01,
 -1.749281616620E-01, -1.877581094147E-01,
 -1.758970406228E-01, -1.765378923457E-01,
 -1.741728736472E-01, -1.613441321672E-01,
 -1.754438491235E-01, -1.499109408315E-01,
 -1.733670985081E-01, -1.387942942416E-01,
 -1.744193224224E-01, -1.237401216918E-01,
 -1.737524753044E-01, -1.138237421597E-01,
 -1.750255233672E-01, -9.986152160066E-02,
 -1.738142751298E-01, -8.574405330095E-02,
 -1.743415761398E-01, -7.433142596094E-02,
 -1.750228298541E-01, -6.350211427072E-02,
 -1.768284945219E-01, -4.893489185638E-02,
 -1.741145011844E-01, -3.695984807766E-02,
 -1.748065383504E-01, -2.406300021815E-02,
 -1.739934147408E-01, -1.352057802557E-02,
 -1.763661682909E-01,  1.326551941112E-03,
 -1.750978467334E-01,  1.371953028039E-02,
 -1.740952469669E-01,  2.537297825921E-02,
 -1.751421562628E-01,  3.672375783746E-02,
 -1.760424607833E-01,  5.041563034602E-02,
 -1.743012505084E-01,  6.366606538474E-02,
 -1.765688420866E-01,  7.381741479243E-02,
 -1.740167547344E-01,  8.604401849252E-02,
 -1.744679475390E-01,  9.962772356600E-02,
 -1.732932681659E-01,  1.127285018846E-01,
 -1.747757975880E-01,  1.243346833930E-01,
 -1.763686891642E-01,  1.388552985145E-01,
 -1.744918740851E-01,  1.510996844064E-01,
 -1.739288698508E-01,  1.621364344442E-01,
 -1.734494276589E-01,  1.758414000852E-01,
 -1.741221749802E-01,  1.859118269723E-01,
 -1.748967886630E-01,  1.992208151495E-01,
 -1.734785200262E-01,  2.110113128317E-01,
 -1.767530375226E-01,  2.237015196880E-01,
 -1.761684619713E-01,  2.374057782184E-01,
 -1.736796283164E-01,  2.504250163424E-01,
 -1.736322948808E-01,  2.626214296709E-01,
 -1.752127545918E-01,  2.734618155858E-01,
 -1.740590826061E-01,  2.875054754710E-01,
 -1.742546915915E-01,  2.988496222286E-01,
 -1.753201584703E-01,  3.143175655531E-01,
 -1.764572411252E-01,  3.246353236011E-01,
 -1.734308075282E-01,  3.366965978485E-01,
 -1.734793274116E-01,  3.502206097607E-01,
 -1.740584865349E-01,  3.635238984908E-01,
 -1.755549173189E-01,  3.738513227275E-01,
 -1.743612691869E-01,  3.891102272030E-01,
 -1.731666449588E-01,  3.993908820691E-01,
 -1.760441291382E-01,  4.143052444874E-01,
 -1.744425548013E-01,  4.231487644785E-01,
 -1.761262741679E-01,  4.366684255754E-01,
 -1.746822829516E-01,  4.486668877778E-01,
 -1.748503298508E-01,  4.637509782492E-01,
 -1.752455874888E-01,  4.765064581081E-01,
 -1.758105512907E-01,  4.860671576484E-01,
 -1.732019083591E-01,  4.982516314172E-01,
 -1.631004275053E-01, -5.016290742301E-01,
 -1.623727238416E-01, -4.877603320171E-01,
 -1.637438939541E-01, -4.767236547321E-01,
 -1.640383817036E-01, -4.623317994093E-01,
 -1.618525738067E-01, -4.505284685013E-01,
 -1.627341962023E-01, -4.369171758356E-01,
 -1.631628656307E-01, -4.249155251884E-01,
 -1.608941490910E-01, -4.131311904514E-01,
 -1.627923627793E-01, -3.983004461642E-01,
 -1.631333270347E-01, -3.877840162735E-01,
 -1.631354597036E-01, -3.762966861329E-01,
 -1.621562301595E-01, -3.613534341522E-01,
 -1.641101369876E-01, -3.513049320358E-01,
 -1.628882022017E-01, -3.393295072975E-01,
 -1.639567930737E-01, -3.246469658757E-01,
 -1.623428431635E-01, -3.117217224930E-01,
 -1.640427276524E-01, -2.987900869399E-01,
 -1.639235281214E-01, -2.865118168847E-01,
 -1.617042526434E-01, -2.742177701028E-01,
 -1.634021771280E-01, -2.609947103731E-01,
 -1.613361274672E-01, -2.490401831073E-01,
 -1.640288420908E-01, -2.376128946567E-01,
 -1.611601949655E-01, -2.232596571527E-01,
 -1.615211039479E-01, -2.117750975431E-01,
 -1.637573398484E-01, -1.989829386605E-01,
 -1.613538825315E-01, -1.874542195574E-01,
 -1.611877424998E-01, -1.743600649637E-01,
 -1.621582366338E-01, -1.627838408656E-01,
 -1.634895462754E-01, -1.497019478632E-01,
 -1.607398983262E-01, -1.374986337663E-01,
 -1.642162349310E-01, -1.260170787943E-01,
 -1.623518368803E-01, -1.142443063796E-01,
 -1.620514935280E-01, -1.000353851940E-01,
 -1.634024664604E-01, -8.695319858638E-02,
 -1.622439784698E-01, -7.551538145935E-02,
 -1.616302655707E-01, -6.321110245857E-02,
 -1.624814843828E-01, -5.039587038639E-02,
 -1.631042509116E-01, -3.651773696643E-02,
 -1.607825993986E-01, -2.571145161252E-02,
 -1.636915274621E-01, -1.252085383726E-02,
 -1.625735782397E-01, -1.215277411250E-03,
 -1.610320204457E-01,  1.231979038428E-02,
 -1.642497115259E-01,  2.365592726437E-02,
 -1.625796376322E-01,  3.835237662303E-02,
 -1.624584991358E-01,  5.014646609086E-02,
 -1.631269461301E-01,  6.402443220334E-02,
 -1.615920368823E-01,  7.662595954363E-02,
 -1.621987954809E-01,  8.849348551409E-02,
 -1.622417269965E-01,  1.008340768504E-01,
 -1.612818641960E-01,  1.119019946091E-01,
 -1.620266287758E-01,  1.240748665452E-01,
 -1.632936625402E-01,  1.392624251720E-01,
 -1.616531241847E-01,  1.507108913107E-01,
 -1.621691495906E-01,  1.606415073905E-01,
 -1.639623375470E-01,  1.766640697505E-01,
 -1.631798749296E-01,  1.860120510634E-01,
 -1.623524273961E-01,  2.006517602500E-01,
 -1.640276270678E-01,  2.113418191606E-01,
 -1.620755193903E-01,  2.266007627545E-01,
 -1.628512451550E-01,  2.368631159015E-01,
 -1.624279153835E-01,  2.481271398502E-01,
 -1.618328154624E-01,  2.643567684682E-01,
 -1.627348858319E-01,  2.762832634620E-01,
 -1.613572503770E-01,  2.868428420093E-01,
 -1.643682187307E-01,  3.001702424167E-01,
 -1.609522270499E-01,  3.123510735251E-01,
 -1.633360726507E-01,  3.260096296084E-01,
 -1.636672720366E-01,  3.376937288580E-01,
 -1.621986353111E-01,  3.513519301309E-01,
 -1.620966805114E-01,  3.634324245007E-01,
 -1.636729828573E-01,  3.746710164622E-01,
 -1.609689027839E-01,  3.891592046871E-01,
 -1.621910022837E-01,  3.997858166109E-01,
 -1.628470468405E-01,  4.112065769708E-01,
 -1.636946277288E-01,  4.268171379860E-01,
 -1.609794187243E-01,  4.370436690292E-01,
 -1.628432279963E-01,  4.497232722763E-01,
 -1.641326311810E-01,  4.622248558844E-01,
 -1.610674428577E-01,  4.764972735763E-01,
 -1.607853473290E-01,  4.878941659326E-01,
 -1.643518847224E-01,  5.008789457086E-01,
 -1.487857707699E-01, -4.992472093165E-01,
 -1.513272330803E-01, -4.884417752115E-01,
 -1.490448808041E-01, -4.732023613357E-01,
 -1.492814727607E-01, -4.639769433929E-01,
 -1.490773238925E-01, -4.484293546564E-01,
 -1.495801404788E-01, -4.358727649143E-01,
 -1.516334808289E-01, -4.249575194427E-01,
 -1.507257890151E-01, -4.142918053129E-01,
 -1.498350010084E-01, -3.992003764313E-01,
 -1.501464072412E-01, -3.880451830031E-01,
 -1.496291114138E-01, -3.737469839886E-01,
 -1.483115026867E-01, -3.610398359564E-01,
 -1.482031532711E-01, -3.492237412033E-01,
 -1.513944988762E-01, -3.390648465074E-01,
 -1.514021932170E-01, -3.232425493040E-01,
 -1.500403593741E-01, -3.123164579106E-01,
 -1.490984032936E-01, -2.997422839253E-01,
 -1.494691408062E-01, -2.873880235314E-01,
 -1.494696028490E-01, -2.768662270527E-01,
 -1.485477776251E-01, -2.609863285270E-01,
 -1.497760904143E-01, -2.516356598894E-01,
 -1.492328224980E-01, -2.390977756398E-01,
 -1.500371705967E-01, -2.266362984132E-01,
 -1.498748467016E-01, -2.106736450845E-01,
 -1.503071154108E-01, -1.994114978115E-01,
 -1.488789305622E-01, -1.873963274817E-01,
 -1.484278968459E-01, -1.767287811987E-01,
 -1.487179308613E-01, -1.628952006140E-01,
 -1.515214490672E-01, -1.497615754072E-01,
 -1.489016298269E-01, -1.375881415374E-01,
 -1.506528831265E-01, -1.264086719354E-01,
 -1.494502774428E-01, -1.115254086079E-01,
 -1.481661659091E-01, -1.010475911434E-01,
 -1.506261062112E-01, -8.840255017560E-02,
 -1.501068559156E-01, -7.655421670498E-02,
 -1.488113505901E-01, -6.274689206433E-02,
 -1.490029007145E-01, -5.054695058334E-02,
 -1.511556645167E-01, -3.679789901981E-02,
 -1.516353791797E-01, -2.351810962345E-02,
 -1.488002637576E-01, -1.096772192390E-02,
 -1.491057925270E-01, -1.583100531746E-03,
 -1.500205684041E-01,  1.203803855456E-02,
 -1.493497615079E-01,  2.667273440225E-02,
 -1.504268468395E-01,  3.618733456477E-02,
 -1.505513296164E-01,  5.135673899899E-02,
 -1.515798996757E-01,  6.147726695509E-02,
 -1.501114625245E-01,  7.334923665505E-02,
 -1.483763989143E-01,  8.777287620330E-02,
 -1.509247456602E-01,  1.006314482497E-01,
 -1.485895702902E-01,  1.122686148199E-01,
 -1.515884789596E-01,  1.267819764841E-01,
 -1.488633541379E-01,  1.362800187291E-01,
 -1.517631763187E-01,  1.491518683452E-01,
 -1.483800501416E-01,  1.612740441129E-01,
 -1.483535365476E-01,  1.749623497341E-01,
 -1.496375784108E-01,  1.861205336233E-01,
 -1.518713968648E-01,  1.981275242329E-01,
 -1.506245989103E-01,  2.140276675115E-01,
 -1.482662841743E-01,  2.263718682867E-01,
 -1.516888815807E-01,  2.356195082562E-01,
 -1.501370890164E-01,  2.499264495964E-01,
 -1.499223376039E-01,  2.612669953989E-01,
 -1.484317568339E-01,  2.757071613673E-01,
 -1.490979650321E-01,  2.871986027213E-01,
 -1.497005057726E-01,  3.009684939404E-01,
 -1.492272974990E-01,  3.133670361321E-01,
 -1.507214602543E-01,  3.265285912740E-01,
 -1.510571895956E-01,  3.366087908027E-01,
 -1.497498598926E-01,  3.491397240342E-01,
 -1.512663949485E-01,  3.611953775077E-01,
 -1.515662709409E-01,  3.747716442890E-01,
 -1.508078751989E-01,  3.868113546902E-01,
 -1.514218746050E-01,  3.985246127240E-01,
 -1.516536983899E-01,  4.114480588598E-01,
 -1.517494137490E-01,  4.248615455033E-01,
 -1.509313948839E-01,  4.371279703930E-01,
 -1.510570159278E-01,  4.488190506036E-01,
 -1.513564820038E-01,  4.618469519809E-01,
 -1.495326740181E-01,  4.744408306700E-01,
 -1.489533172845E-01,  4.888685279797E-01,
 -1.504870048613E-01,  4.984933600711E-01,
 -1.377217569493E-01, -4.985150200078E-01,
 -1.391682966404E-01, -4.856422341708E-01,
 -1.391274454527E-01, -4.745648139459E-01,
 -1.381207252556E-01, -4.634883915424E-01,
 -1.358824758244E-01, -4.508828750635E-01,
 -1.376143605970E-01, -4.388277123347E-01,
 -1.356973358672E-01, -4.265153930445E-01,
 -1.361730895707E-01, -4.113580514004E-01,
 -1.372296733978E-01, -3.983624739103E-01,
 -1.388602504832E-01, -3.891168550547E-01,
 -1.391784333667E-01, -3.736516145596E-01,
 -1.369698293174E-01, -3.631814915898E-01,
 -1.391249523016E-01, -3.492126712049E-01,
 -1.367222808144E-01, -3.392411665331E-01,
 -1.361771510199E-01, -3.263521979748E-01,
 -1.362190861008E-01, -3.129340011405E-01,
 -1.371936163152E-01, -3.010551945019E-01,
 -1.372897522215E-01, -2.880938372901E-01,
 -1.380972050382E-01, -2.739185958638E-01,
 -1.375667333959E-01, -2.639108790816E-01,
 -1.386707124839E-01, -2.484188888705E-01,
 -1.387563169525E-01, -2.375280191427E-01,
 -1.382580444185E-01, -2.237706543548E-01,
 -1.356320582671E-01, -2.141399647817E-01,
 -1.387180227769E-01, -2.012626683303E-01,
 -1.363953416733E-01, -1.889944732340E-01,
 -1.374954847035E-01, -1.745975545422E-01,
 -1.390597431766E-01, -1.634210062612E-01,
 -1.390864118734E-01, -1.496292908908E-01,
 -1.368552485207E-01, -1.371906083707E-01,
 -1.391897338977E-01, -1.262491589415E-01,
 -1.384661770801E-01, -1.127061071290E-01,
 -1.368342336233E-01, -9.907264653011E-02,
 -1.357948884205E-01, -8.628920713876E-02,
 -1.359304691768E-01, -7.604673192992E-02,
 -1.370006332573E-01, -6.175807713113E-02,
 -1.381446924792E-01, -4.993829099863E-02,
 -1.363542682613E-01, -3.600238773110E-02,
 -1.376041186330E-01, -2.435942013071E-02,
 -1.381460847137E-01, -1.118879467805E-02,
 -1.391093252633E-01, -6.159916452629E-04,
 -1.376689860852E-01,  1.121554074510E-02,
 -1.378885523976E-01,  2.625871228672E-02,
 -1.384155535601E-01,  3.802953041012E-02,
 -1.382399531369E-01,  5.023856397455E-02,
 -1.374930298123E-01,  6.073192008231E-02,
 -1.365535103887E-01,  7.416689633760E-02,
 -1.381211139081E-01,  8.861677918938E-02,
 -1.387097578765E-01,  1.008789748812E-01,
 -1.366916594643E-01,  1.139807585509E-01,
 -1.386744349192E-01,  1.245902131638E-01,
 -1.378627392130E-01,  1.373628150199E-01,
 -1.371822765588E-01,  1.512348207620E-01,
 -1.391809165785E-01,  1.610476656302E-01,
 -1.390004918065E-01,  1.765114946127E-01,
 -1.390724776430E-01,  1.874440028219E-01,
 -1.381646350568E-01,  1.983409191864E-01,
 -1.374656248929E-01,  2.120025754601E-01,
 -1.364350192831E-01,  2.250236374526E-01,
 -1.357033488794E-01,  2.382722606387E-01,
 -1.366312230167E-01,  2.513015834041E-01,
 -1.376356335146E-01,  2.610453104026E-01,
 -1.371891169618E-01,  2.735487474367E-01,
 -1.371557988814E-01,  2.867307259772E-01,
 -1.381588268764E-01,  3.002665326845E-01,
 -1.383001049164E-01,  3.107814939125E-01,
 -1.380358522650E-01,  3.251027905052E-01,
 -1.361183092162E-01,  3.358643765483E-01,
 -1.379879458889E-01,  3.489732634148E-01,
 -1.375177609265E-01,  3.609217094251E-01,
 -1.383467308608E-01,  3.739193660096E-01,
 -1.381659833295E-01,  3.865401033741E-01,
 -1.389702978019E-01,  4.018525182622E-01,
 -1.375077981295E-01,  4.116594859321E-01,
 -1.388106506031E-01,  4.257779610487E-01,
 -1.392293094973E-01,  4.382862621332E-01,
 -1.379407648956E-01,  4.505879772863E-01,
 -1.372955543373E-01,  4.621019302738E-01,
 -1.381092360994E-01,  4.734136827022E-01,
 -1.382716329148E-01,  4.880006712214E-01,
 -1.379108371303E-01,  4.999592681198E-01,
 -1.264196826608E-01, -4.988191316208E-01,
 -1.266713675017E-01, -4.872113986358E-01,
 -1.268719530743E-01, -4.754936955436E-01,
 -1.234830303269E-01, -4.631289445829E-01,
 -1.242454068228E-01, -4.515369268610E-01,
 -1.257945358770E-01, -4.388677581355E-01,
 -1.234177727310E-01, -4.239738695294E-01,
 -1.258726650726E-01, -4.121743349240E-01,
 -1.232220827115E-01, -3.989075127668E-01,
 -1.253296363060E-01, -3.874716392932E-01,
 -1.232192640260E-01, -3.734502040059E-01,
 -1.250247249662E-01, -3.643267526106E-01,
 -1.232958188297E-01, -3.502859175177E-01,
 -1.240346388732E-01, -3.358193035186E-01,
 -1.236028104604E-01, -3.246863486861E-01,
 -1.249283196508E-01, -3.135951872883E-01,
 -1.255769670252E-01, -2.993405376801E-01,
 -1.250073691724E-01, -2.883170348006E-01,
 -1.249621281294E-01, -2.745157307235E-01,
 -1.234806335773E-01, -2.633049291781E-01,
 -1.249438621352E-01, -2.509710035357E-01,
 -1.266539775853E-01, -2.389654184065E-01,
 -1.262861713987E-01, -2.252927859772E-01,
 -1.260355105309E-01, -2.107081466719E-01,
 -1.235493570317E-01, -2.005906857358E-01,
 -1.248594137820E-01, -1.883488629734E-01,
 -1.236707954218E-01, -1.741653531928E-01,
 -1.258350300526E-01, -1.617402715477E-01,
 -1.260135404144E-01, -1.495233070636E-01,
 -1.249521331105E-01, -1.386855795420E-01,
 -1.233474368763E-01, -1.244634099363E-01,
 -1.235773853906E-01, -1.128038096079E-01,
 -1.254649534950E-01, -1.017536692141E-01,
 -1.242137834575E-01, -8.679033184151E-02,
 -1.237326531654E-01, -7.377223436837E-02,
 -1.245837676126E-01, -6.301475932332E-02,
 -1.257310210300E-01, -4.833562352989E-02,
 -1.240080015103E-01, -3.785248004272E-02,
 -1.240893258702E-01, -2.687785667010E-02,
 -1.257932663631E-01, -1.275940869365E-02,
 -1.261574498318E-01, -9.788448775008E-04,
 -1.237511047544E-01,  1.282375415565E-02,
 -1.249176074860E-01,  2.651385109349E-02,
 -1.236036789962E-01,  3.824283565461E-02,
 -1.233311812247E-01,  4.877937244737E-02,
 -1.258951069286E-01,  6.183190442338E-02,
 -1.261654365439E-01,  7.568015976593E-02,
 -1.264207492830E-01,  8.562727324830E-02,
 -1.259987966339E-01,  9.812956927230E-02,
 -1.263163393817E-01,  1.123861298095E-01,
 -1.236953238876E-01,  1.256114334267E-01,
 -1.258343798538E-01,  1.382637877351E-01,
 -1.232657990111E-01,  1.504146666668E-01,
 -1.241164670959E-01,  1.613014563488E-01,
 -1.259490009269E-01,  1.746208079289E-01,
 -1.248911382641E-01,  1.869953395544E-01,
 -1.250237847411E-01,  2.018351834744E-01,
 -1.247483647616E-01,  2.116245389038E-01,
 -1.257130683814E-01,  2.238471755305E-01,
 -1.263521849384E-01,  2.377982050391E-01,
 -1.247070599747E-01,  2.516714591649E-01,
 -1.235220978186E-01,  2.624814306400E-01,
 -1.260377379769E-01,  2.741319016981E-01,
 -1.248124351594E-01,  2.883369149395E-01,
 -1.232644416817E-01,  2.991637691223E-01,
 -1.260479230835E-01,  3.141469026197E-01,
 -1.252170600959E-01,  3.267039668247E-01,
 -1.254806409214E-01,  3.362139206747E-01,
 -1.238588324318E-01,  3.504806864137E-01,
 -1.236691402038E-01,  3.615638053063E-01,
 -1.266660129848E-01,  3.737275588439E-01,
 -1.231587340815E-01,  3.876823631794E-01,
 -1.259627017156E-01,  3.987223355074E-01,
 -1.243794289540E-01,  4.106543504320E-01,
 -1.256459753549E-01,  4.241655909245E-01,
 -1.264345750609E-01,  4.371209732435E-01,
 -1.263986693861E-01,  4.508089574153E-01,
 -1.233861913264E-01,  4.629663028475E-01,
 -1.260706623127E-01,  4.765130685698E-01,
 -1.238972061826E-01,  4.878784056079E-01,
 -1.239119671227E-01,  5.004344488184E-01,
 -1.121919313076E-01, -4.986178592788E-01,
 -1.118752573963E-01, -4.887228845606E-01,
 -1.135135238155E-01, -4.743956751312E-01,
 -1.119359297086E-01, -4.607495982216E-01,
 -1.109669445361E-01, -4.499601263381E-01,
 -1.139465600624E-01, -4.362973335657E-01,
 -1.109578491641E-01, -4.239163497210E-01,
 -1.139155422424E-01, -4.114649953952E-01,
 -1.132931824757E-01, -3.993012658645E-01,
 -1.127785134308E-01, -3.867858900668E-01,
 -1.133388202604E-01, -3.740049185717E-01,
 -1.125551662504E-01, -3.639368542930E-01,
 -1.129769086814E-01, -3.496474440573E-01,
 -1.125872703709E-01, -3.388103750092E-01,
 -1.126561436801E-01, -3.242520858122E-01,
 -1.114569481453E-01, -3.140449552666E-01,
 -1.121442276030E-01, -3.018184541752E-01,
 -1.123873312831E-01, -2.871107168239E-01,
 -1.132003700366E-01, -2.767167935002E-01,
 -1.109666307145E-01, -2.617061596314E-01,
 -1.134575359065E-01, -2.488720740419E-01,
 -1.126874156980E-01, -2.375032144366E-01,
 -1.111308250757E-01, -2.264672043048E-01,
 -1.118184899932E-01, -2.107378753001E-01,
 -1.138579163875E-01, -2.000599193243E-01,
 -1.109683720974E-01, -1.891600854602E-01,
 -1.109458096029E-01, -1.732304416525E-01,
 -1.126805521283E-01, -1.633079741356E-01,
 -1.133392950357E-01, -1.501523974714E-01,
 -1.107751748123E-01, -1.393688990693E-01,
 -1.133507200680E-01, -1.266948180032E-01,
 -1.111007742513E-01, -1.124024264929E-01,
 -1.120086695408E-01, -1.005621840367E-01,
 -1.136176869679E-01, -8.773459931184E-02,
 -1.128374291596E-01, -7.539907625792E-02,
 -1.109274478559E-01, -6.408677199216E-02,
 -1.142556612775E-01, -5.064565907778E-02,
 -1.134599900845E-01, -3.879747236006E-02,
 -1.126590584292E-01, -2.626712867974E-02,
 -1.120506340079E-01, -1.162315604854E-02,
 -1.106918930091E-01,  3.928759679310E-05,
 -1.114784780226E-01,  1.159011609675E-02,
 -1.116937005677E-01,  2.530101209297E-02,
 -1.108094501741E-01,  3.628168394332E-02,
 -1.118106479730E-01,  4.978217773140E-02,
 -1.122356074510E-01,  6.098967872056E-02,
 -1.131405678889E-01,  7.484189160838E-02,
 -1.130060614574E-01,  8.679229436900E-02,
 -1.133236687889E-01,  9.924041153766E-02,
 -1.124000355385E-01,  1.111396446118E-01,
 -1.141997464258E-01,  1.254083514946E-01,
 -1.131626650094E-01,  1.362562224953E-01,
 -1.124611010265E-01,  1.487933290402E-01,
 -1.114165510255E-01,  1.620579127097E-01,
 -1.128527849702E-01,  1.745190497765E-01,
 -1.116237954733E-01,  1.876635368155E-01,
 -1.112165501179E-01,  1.996057149914E-01,
 -1.141894105900E-01,  2.107857704719E-01,
 -1.127284973582E-01,  2.259343349056E-01,
 -1.106494706492E-01,  2.366464160849E-01,
 -1.111579550726E-01,  2.499827956782E-01,
 -1.131023287086E-01,  2.632331362448E-01,
 -1.137190754171E-01,  2.768120923845E-01,
 -1.108399235118E-01,  2.871915957541E-01,
 -1.125135548348E-01,  2.988489160254E-01,
 -1.115413759915E-01,  3.112011334372E-01,
 -1.128286335278E-01,  3.257117370258E-01,
 -1.113912740029E-01,  3.383323447088E-01,
 -1.115325746365E-01,  3.496635881280E-01,
 -1.106662125517E-01,  3.639723522998E-01,
 -1.132704114151E-01,  3.754002203793E-01,
 -1.123936563014E-01,  3.890971220601E-01,
 -1.132579086335E-01,  4.000734295347E-01,
 -1.129631342035E-01,  4.121176541840E-01,
 -1.134269528240E-01,  4.237420565231E-01,
 -1.141239842718E-01,  4.358659617465E-01,
 -1.134496247124E-01,  4.489250327748E-01,
 -1.136480682505E-01,  4.610131507366E-01,
 -1.115721463724E-01,  4.733666086659E-01,
 -1.111737285397E-01,  4.866615288566E-01,
 -1.134293556855E-01,  5.001081967260E-01,
 -1.015797877260E-01, -4.981374217789E-01,
 -9.957403751276E-02, -4.868929056734E-01,
 -1.009027093834E-01, -4.754789973029E-01,
 -1.014235086331E-01, -4.606762405049E-01,
 -1.016859382641E-01, -4.515683884812E-01,
 -9.895908613633E-02, -4.385808090761E-01,
 -1.016834833614E-01, -4.232058315851E-01,
 -1.007346230338E-01, -4.109312397404E-01,
 -9.876417083151E-02, -4.012579523257E-01,
 -1.014664857828E-01, -3.877449181429E-01,
 -1.010899242412E-01, -3.764018270670E-01,
 -9.980706900993E-02, -3.641011769250E-01,
 -1.003627250601E-01, -3.516617117947E-01,
 -1.011103103104E-01, -3.369304486787E-01,
 -9.914955395143E-02, -3.231746871712E-01,
 -9.900050478740E-02, -3.108263088862E-01,
 -9.855479725530E-02, -2.990901545937E-01,
 -9.840990990650E-02, -2.872317993037E-01,
 -1.009281940207E-01, -2.754417292574E-01,
 -1.010076768269E-01, -2.625812987131E-01,
 -9.977787777162E-02, -2.483721412879E-01,
 -9.998764732416E-02, -2.385493535469E-01,
 -9.880886032066E-02, -2.231531938889E-01,
 -9.883907412107E-02, -2.114167120142E-01,
 -1.012492689895E-01, -2.013542696122E-01,
 -1.013504706005E-01, -1.857142541262E-01,
 -1.018760392035E-01, -1.750333936071E-01,
 -9.817892099433E-02, -1.642208135632E-01,
 -9.906925315803E-02, -1.518162001339E-01,
 -1.013191281428E-01, -1.374050808501E-01,
 -9.855320010672E-02, -1.268389966471E-01,
 -9.904098206383E-02, -1.130371919709E-01,
 -9.853038709111E-02, -9.890525653726E-02,
 -1.001701501811E-01, -8.653482919503E-02,
 -9.848989446608E-02, -7.562157225198E-02,
 -9.921889942813E-02, -6.400071373525E-02,
 -9.900733314843E-02, -4.984555252848E-02,
 -9.878021461047E-02, -3.911881891622E-02,
 -9.885215785530E-02, -2.589317648278E-02,
 -1.008365444621E-01, -1.094506369491E-02,
 -1.013288591730E-01, -1.763884564176E-03,
 -1.012954846691E-01,  1.194112158434E-02,
 -1.006618737251E-01,  2.480466741468E-02,
 -9.929135357583E-02,  3.690473568535E-02,
 -9.884552419188E-02,  4.827452500220E-02,
 -1.012889957231E-01,  6.397866752127E-02,
 -9.887859925924E-02,  7.514365070793E-02,
 -1.010137178891E-01,  8.866939083347E-02,
 -1.012056157457E-01,  9.887016780559E-02,
 -1.018666692503E-01,  1.120727012292E-01,
 -9.921215507737E-02,  1.266285446034E-01,
 -1.003984721991E-01,  1.380277692193E-01,
 -9.844334816146E-02,  1.516193979703E-01,
 -9.827392390079E-02,  1.621140182616E-01,
 -1.003637565084E-01,  1.748002522914E-01,
 -9.887214053701E-02,  1.867986688882E-01,
 -9.903940876632E-02,  2.011999926474E-01,
 -1.018119226238E-01,  2.127553472308E-01,
 -1.015925290408E-01,  2.257153299163E-01,
 -1.005701820730E-01,  2.386740067460E-01,
 -1.004317642131E-01,  2.504133335927E-01,
 -9.813702184606E-02,  2.616144396263E-01,
 -9.867670496704E-02,  2.745286849566E-01,
 -1.017426265444E-01,  2.887187142404E-01,
 -9.971721815481E-02,  3.016975499769E-01,
 -9.892168203023E-02,  3.107896535493E-01,
 -1.008156385971E-01,  3.236909699924E-01,
 -9.870991949338E-02,  3.388440379210E-01,
 -9.831820970913E-02,  3.490673492596E-01,
 -1.016506118903E-01,  3.636290930653E-01,
 -1.014077806392E-01,  3.761505364772E-01,
 -1.004119137383E-01,  3.885745248167E-01,
 -1.001216235010E-01,  3.991510737674E-01,
 -9.858061292139E-02,  4.139066982160E-01,
 -9.852509058540E-02,  4.232978341203E-01,
 -1.001700261706E-01,  4.363072899100E-01,
 -9.883917212405E-02,  4.495590500343E-01,
 -1.017739937023E-01,  4.636077288354E-01,
 -9.905861425847E-02,  4.758977783278E-01,
 -1.015466333147E-01,  4.876775556390E-01,
 -9.995139191889E-02,  5.015400403648E-01,
 -8.888683772125E-02, -5.011127570630E-01,
 -8.754017127058E-02, -4.861229197061E-01,
 -8.607568760426E-02, -4.756898425833E-01,
 -8.937271434056E-02, -4.641857880965E-01,
 -8.747788906919E-02, -4.513392332001E-01,
 -8.625926292955E-02, -4.368459255217E-01,
 -8.737262377375E-02, -4.266140076305E-01,
 -8.733327377646E-02, -4.107784210995E-01,
 -8.911286710285E-02, -3.984484601477E-01,
 -8.726817023081E-02, -3.868289869551E-01,
 -8.730318375009E-02, -3.748322432277E-01,
 -8.808103311181E-02, -3.636586376861E-01,
 -8.658112719242E-02, -3.495905306299E-01,
 -8.796876416038E-02, -3.381777652040E-01,
 -8.732468117206E-02, -3.248460865501E-01,
 -8.565017337533E-02, -3.133749739138E-01,
 -8.846923181794E-02, -3.017474538206E-01,
 -8.849800824086E-02, -2.885276983879E-01,
 -8.822535184701E-02, -2.763340412542E-01,
 -8.822321799618E-02, -2.613157946719E-01,
 -8.694007075437E-02, -2.509639207708E-01,
 -8.799099718387E-02, -2.374942718128E-01,
 -8.755784182735E-02, -2.241043055995E-01,
 -8.865404683279E-02, -2.113318912880E-01,
 -8.676375970182E-02, -2.015557461805E-01,
 -8.623853087737E-02, -1.886487781931E-01,
 -8.830747803048E-02, -1.752396969297E-01,
 -8.585238846447E-02, -1.627376279762E-01,
 -8.789845713726E-02, -1.514373623884E-01,
 -8.732485817008E-02, -1.379194134044E-01,
 -8.722644980605E-02, -1.238065832760E-01,
 -8.579973746426E-02, -1.140819131588E-01,
 -8.854999091226E-02, -9.832285920968E-02,
 -8.909818609224E-02, -8.710998901928E-02,
 -8.847275904772E-02, -7.513920401849E-02,
 -8.859923221329E-02, -6.156955588932E-02,
 -8.682545116780E-02, -5.143586655984E-02,
 -8.640363468007E-02, -3.820656265994E-02,
 -8.916048745327E-02, -2.586309805067E-02,
 -8.661751681813E-02, -1.398859438096E-02,
 -8.927613635295E-02,  4.123850791445E-04,
 -8.680138857900E-02,  1.081841302127E-02,
 -8.867011520022E-02,  2.399995080306E-02,
 -8.936882583631E-02,  3.728680262803E-02,
 -8.653914410691E-02,  4.907614119995E-02,
 -8.813041787249E-02,  6.361652240385E-02,
 -8.759658405505E-02,  7.425130965789E-02,
 -8.682685137266E-02,  8.688203420136E-02,
 -8.888988281679E-02,  9.813072867889E-02,
 -8.625961722187E-02,  1.107747705646E-01,
 -8.660078714960E-02,  1.263816715171E-01,
 -8.775362128826E-02,  1.371553524602E-01,
 -8.654477735193E-02,  1.485355549098E-01,
 -8.733157255102E-02,  1.635797132358E-01,
 -8.585459585472E-02,  1.759373810435E-01,
 -8.609761711748E-02,  1.871519431440E-01,
 -8.713745140921E-02,  2.004944539462E-01,
 -8.907183347995E-02,  2.121494723459E-01,
 -8.665044509722E-02,  2.245596820736E-01,
 -8.584191479916E-02,  2.375657845883E-01,
 -8.568955674791E-02,  2.499865517322E-01,
 -8.813894530211E-02,  2.630116509954E-01,
 -8.734389962878E-02,  2.749869023303E-01,
 -8.629490706285E-02,  2.882219307053E-01,
 -8.794211170550E-02,  3.002619988780E-01,
 -8.853004029463E-02,  3.119873614528E-01,
 -8.617222952716E-02,  3.244187003367E-01,
 -8.805694902317E-02,  3.389508440894E-01,
 -8.808219526876E-02,  3.489780806050E-01,
 -8.596885865835E-02,  3.609524949480E-01,
 -8.700068504488E-02,  3.731352899615E-01,
 -8.877567796299E-02,  3.869627851678E-01,
 -8.612526119611E-02,  3.993765065140E-01,
 -8.705459679969E-02,  4.108951679071E-01,
 -8.844446391535E-02,  4.239128647240E-01,
 -8.596022905094E-02,  4.384272106949E-01,
 -8.796177689981E-02,  4.495894380046E-01,
 -8.720100930591E-02,  4.624632467293E-01,
 -8.832316534453E-02,  4.761253938499E-01,
 -8.745774995787E-02,  4.890194194649E-01,
 -8.908027004731E-02,  5.017736116824E-01,
 -7.543526035918E-02, -4.985143244792E-01,
 -7.507240668297E-02, -4.864992714069E-01,
 -7.524508953056E-02, -4.756640483780E-01,
 -7.588444371953E-02, -4.606829412392E-01,
 -7.342552793572E-02, -4.517389205430E-01,
 -7.553780596798E-02, -4.372600780586E-01,
 -7.402720582105E-02, -4.267176897336E-01,
 -7.441691003627E-02, -4.112665755806E-01,
 -7.515034958604E-02, -3.993031261186E-01,
 -7.417848828833E-02, -3.861240541690E-01,
 -7.479590061295E-02, -3.750287744100E-01,
 -7.433466781376E-02, -3.637271170611E-01,
 -7.330448315749E-02, -3.482485875776E-01,
 -7.649991981057E-02, -3.372588743823E-01,
 -7.442888787556E-02, -3.240074433586E-01,
 -7.616174579880E-02, -3.111090918315E-01,
 -7.461215216790E-02, -2.992823049378E-01,
 -7.549208780692E-02, -2.867955725842E-01,
 -7.494357916581E-02, -2.764121415116E-01,
 -7.548173983665E-02, -2.614665560333E-01,
 -7.459864482098E-02, -2.512532152009E-01,
 -7.421474452286E-02, -2.373483874590E-01,
 -7.611121132006E-02, -2.237270914953E-01,
 -7.378368228379E-02, -2.115118679861E-01,
 -7.457240434883E-02, -2.003824304478E-01,
 -7.342400283458E-02, -1.878060419807E-01,
 -7.535942879157E-02, -1.752218705923E-01,
 -7.555239060950E-02, -1.620746839258E-01,
 -7.684560259062E-02, -1.489305274178E-01,
 -7.340869763490E-02, -1.382635309437E-01,
 -7.413849172120E-02, -1.232164383293E-01,
 -7.634445111804E-02, -1.130329203248E-01,
 -7.465990249246E-02, -1.012751021671E-01,
 -7.483489814027E-02, -8.883536953522E-02,
 -7.686341139437E-02, -7.684415728506E-02,
 -7.507008930967E-02, -6.246180875782E-02,
 -7.622766566265E-02, -4.972498427040E-02,
 -7.390267954021E-02, -3.648325503997E-02,
 -7.676637122057E-02, -2.519343638336E-02,
 -7.375782341120E-02, -1.156797574288E-02,
 -7.527924086062E-02, -1.270781936725E-03,
 -7.349791307345E-02,  1.265882970705E-02,
 -7.340178537890E-02,  2.559131955709E-02,
 -7.370910586625E-02,  3.700935010946E-02,
 -7.475472217713E-02,  4.966098816255E-02,
 -7.360621007405E-02,  6.194949835884E-02,
 -7.359982038255E-02,  7.686042271401E-02,
 -7.616653936676E-02,  8.775963061908E-02,
 -7.376766160998E-02,  1.003515537631E-01,
 -7.371869424968E-02,  1.142525748034E-01,
 -7.462466664928E-02,  1.255850334299E-01,
 -7.576421033445E-02,  1.382979364196E-01,
 -7.567154248152E-02,  1.516371529762E-01,
 -7.368488225286E-02,  1.617349166755E-01,
 -7.393213000846E-02,  1.751146824912E-01,
 -7.521335620825E-02,  1.874502006766E-01,
 -7.628522144615E-02,  2.016540312355E-01,
 -7.493075881822E-02,  2.137751060626E-01,
 -7.533274881132E-02,  2.247446891927E-01,
 -7.642928136301E-02,  2.378743419294E-01,
 -7.642542539499E-02,  2.514670861748E-01,
 -7.491670081021E-02,  2.616926894994E-01,
 -7.410681945641E-02,  2.735514021734E-01,
 -7.378884034161E-02,  2.889057998851E-01,
 -7.402162181519E-02,  2.982594216720E-01,
 -7.423806454660E-02,  3.143398253218E-01,
 -7.556811322117E-02,  3.245233214696E-01,
 -7.670822642944E-02,  3.393312691436E-01,
 -7.530919117110E-02,  3.492869820743E-01,
 -7.463183630141E-02,  3.624816479639E-01,
 -7.392441550886E-02,  3.734393041768E-01,
 -7.660782646462E-02,  3.889855039363E-01,
 -7.562156692864E-02,  3.996903491326E-01,
 -7.482052597170E-02,  4.133945403041E-01,
 -7.524964048195E-02,  4.234702393774E-01,
 -7.686943262716E-02,  4.365475509768E-01,
 -7.496736932781E-02,  4.516300815866E-01,
 -7.481250891937E-02,  4.618885262900E-01,
 -7.353335528519E-02,  4.735777265038E-01,
 -7.596293626679E-02,  4.875144920745E-01,
 -7.558214587246E-02,  4.999067441763E-01,
 -6.094076640892E-02, -5.013959997225E-01,
 -6.352649836456E-02, -4.888875535680E-01,
 -6.085301735194E-02, -4.762733562189E-01,
 -6.114936175716E-02, -4.636048790708E-01,
 -6.071271264858E-02, -4.490255913515E-01,
 -6.312961024273E-02, -4.380951569861E-01,
 -6.312311309087E-02, -4.266076295974E-01,
 -6.217294344856E-02, -4.121791931534E-01,
 -6.367792308161E-02, -4.005112409769E-01,
 -6.339774090367E-02, -3.856801972990E-01,
 -6.333333511869E-02, -3.750731628299E-01,
 -6.306384046248E-02, -3.643572175624E-01,
 -6.317094780626E-02, -3.487899619343E-01,
 -6.204742232796E-02, -3.386572228901E-01,
 -6.063635023673E-02, -3.235545695705E-01,
 -6.274723676496E-02, -3.137203884012E-01,
 -6.400231476104E-02, -3.017178538681E-01,
 -6.424415582392E-02, -2.866118647739E-01,
 -6.385842342528E-02, -2.760964568016E-01,
 -6.298591725767E-02, -2.622904374611E-01,
 -6.253074556119E-02, -2.489664518428E-01,
 -6.344510731818E-02, -2.391176567770E-01,
 -6.345759187165E-02, -2.239725236883E-01,
 -6.128248695587E-02, -2.117753739412E-01,
 -6.106187842065E-02, -1.986217281919E-01,
 -6.290965057735E-02, -1.881363682300E-01,
 -6.436909793332E-02, -1.741932489798E-01,
 -6.295813153244E-02, -1.636497884697E-01,
 -6.302886231795E-02, -1.506135958194E-01,
 -6.429967307421E-02, -1.365027507383E-01,
 -6.102738876776E-02, -1.231276709622E-01,
 -6.297494965186E-02, -1.131554805223E-01,
 -6.168262052512E-02, -9.977689141107E-02,
 -6.162756588813E-02, -8.590921737717E-02,
 -6.362040979932E-02, -7.635398582561E-02,
 -6.203032580084E-02, -6.408631721886E-02,
 -6.244783996030E-02, -5.108313456777E-02,
 -6.181098810230E-02, -3.868342007745E-02,
 -6.375824050625E-02, -2.527161464324E-02,
 -6.260730231308E-02, -1.236789963994E-02,
 -6.286021617633E-02, -5.035656302738E-04,
 -6.107769816900E-02,  1.368115512884E-02,
 -6.214772775063E-02,  2.508193372083E-02,
 -6.187113474590E-02,  3.587950723995E-02,
 -6.080288493760E-02,  5.162945374196E-02,
 -6.370901846071E-02,  6.270727992775E-02,
 -6.175909573970E-02,  7.333404798690E-02,
 -6.185750923393E-02,  8.928668856674E-02,
 -6.392980949214E-02,  9.842007852215E-02,
 -6.085405471892E-02,  1.112789130484E-01,
 -6.229167020567E-02,  1.240111580928E-01,
 -6.204938922946E-02,  1.371505986700E-01,
 -6.252748697964E-02,  1.507712265155E-01,
 -6.089663065961E-02,  1.620033504152E-01,
 -6.383887446665E-02,  1.754144857769E-01,
 -6.129658362422E-02,  1.880869992080E-01,
 -6.256372784996E-02,  1.998539166422E-01,
 -6.286704225058E-02,  2.127245934831E-01,
 -6.308173431680E-02,  2.253682335425E-01,
 -6.075764973297E-02,  2.384416333183E-01,
 -6.128545673968E-02,  2.494054429660E-01,
 -6.293293274018E-02,  2.634483926448E-01,
 -6.434698588680E-02,  2.766414431766E-01,
 -6.081543194694E-02,  2.871058432126E-01,
 -6.169291526212E-02,  3.008195566721E-01,
 -6.264791809386E-02,  3.123717512375E-01,
 -6.114951205198E-02,  3.241225391468E-01,
 -6.415409221398E-02,  3.364417482003E-01,
 -6.409589353547E-02,  3.504789299288E-01,
 -6.184474955348E-02,  3.642954242120E-01,
 -6.271880689428E-02,  3.757151663350E-01,
 -6.433056345657E-02,  3.871877892940E-01,
 -6.270966654188E-02,  3.994694309453E-01,
 -6.236192431551E-02,  4.139724280677E-01,
 -6.065617035543E-02,  4.241520352373E-01,
 -6.310113011409E-02,  4.380409745051E-01,
 -6.249700428582E-02,  4.501785181143E-01,
 -6.221594053482E-02,  4.622082490682E-01,
 -6.222113535686E-02,  4.760175156759E-01,
 -6.407864701128E-02,  4.879568261674E-01,
 -6.074205902269E-02,  5.005036820060E-01,
 -4.854535816354E-02, -4.992991752511E-01,
 -4.890600773647E-02, -4.887381264928E-01,
 -5.155173096222E-02, -4.759623458964E-01,
 -4.910256613256E-02, -4.625655988056E-01,
 -5.044019743640E-02, -4.481363773180E-01,
 -5.109739752105E-02, -4.367514305087E-01,
 -5.031594564909E-02, -4.259413231456E-01,
 -5.048422724173E-02, -4.134672397475E-01,
 -4.815814617757E-02, -3.994828190902E-01,
 -4.995995375579E-02, -3.893038786150E-01,
 -5.089733502591E-02, -3.755798616812E-01,
 -4.887491416165E-02, -3.607507682584E-01,
 -5.065121488266E-02, -3.504113370130E-01,
 -5.009990735495E-02, -3.385377492311E-01,
 -4.881341292098E-02, -3.249856517180E-01,
 -5.146574896429E-02, -3.111698236326E-01,
 -5.179591424938E-02, -2.991402202614E-01,
 -5.059240475024E-02, -2.875387359539E-01,
 -5.163135372308E-02, -2.738814132116E-01,
 -4.878745424944E-02, -2.633515203592E-01,
 -4.946147309851E-02, -2.490885260396E-01,
 -5.023624040409E-02, -2.362495209023E-01,
 -4.943725478965E-02, -2.231576852804E-01,
 -4.895781382876E-02, -2.140886744151E-01,
 -5.029523472042E-02, -1.996786120668E-01,
 -4.908231553124E-02, -1.873956973171E-01,
 -4.974938089188E-02, -1.744422045195E-01,
 -5.015164834103E-02, -1.632338018256E-01,
 -5.143796865833E-02, -1.491460278110E-01,
 -5.009019638223E-02, -1.391408505759E-01,
 -5.145547227783E-02, -1.261304247015E-01,
 -4.895983480415E-02, -1.106429745429E-01,
 -5.146076953714E-02, -1.004765440301E-01,
 -5.015809074667E-02, -8.907187613044E-02,
 -4.866323690536E-02, -7.552570386488E-02,
 -4.922634594206E-02, -6.370172055660E-02,
 -4.959148884416E-02, -5.043338610433E-02,
 -4.818460413573E-02, -3.626074272077E-02,
 -5.011051363732E-02, -2.685295237120E-02,
 -5.175439066494E-02, -1.415955536037E-02,
 -5.143604027795E-02,  1.446829715100E-03,
 -5.064061181227E-02,  1.356679658369E-02,
 -5.103781749938E-02,  2.661636442522E-02,
 -4.908029291174E-02,  3.881625561197E-02,
 -4.904964246824E-02,  5.133562566475E-02,
 -5.135675678389E-02,  6.355873559130E-02,
 -5.039671888051E-02,  7.610640005558E-02,
 -4.901345600826E-02,  8.641374593531E-02,
 -4.907415384583E-02,  1.014472816965E-01,
 -4.912901794860E-02,  1.131608680895E-01,
 -4.843284740756E-02,  1.248080215006E-01,
 -4.899419650221E-02,  1.385263804608E-01,
 -4.849900562648E-02,  1.515591063151E-01,
 -5.073990711473E-02,  1.623661731909E-01,
 -5.161847644183E-02,  1.761351803746E-01,
 -4.851236091403E-02,  1.856837402228E-01,
 -5.107564055652E-02,  1.983343242636E-01,
 -5.118581340488E-02,  2.120579127097E-01,
 -4.922962815222E-02,  2.242151877211E-01,
 -5.152299617841E-02,  2.371856829009E-01,
 -5.064355212812E-02,  2.508083528909E-01,
 -4.835116496079E-02,  2.626188371058E-01,
 -5.126134951789E-02,  2.758299442878E-01,
 -5.129882851807E-02,  2.889830723498E-01,
 -5.072006917580E-02,  3.012300971689E-01,
 -4.855102224577E-02,  3.131881286814E-01,
 -4.921537754457E-02,  3.236239176515E-01,
 -5.010040740433E-02,  3.388035365163E-01,
 -4.850820900975E-02,  3.498866580648E-01,
 -4.988019833093E-02,  3.622766695022E-01,
 -5.003904115882E-02,  3.756318161064E-01,
 -4.889054946857E-02,  3.863540252242E-01,
 -5.168732784632E-02,  3.983059533666E-01,
 -5.101398613929E-02,  4.116326299593E-01,
 -4.961683327595E-02,  4.238850483127E-01,
 -5.152438501908E-02,  4.360449784133E-01,
 -5.154744502217E-02,  4.511920162285E-01,
 -4.961815497430E-02,  4.634830084747E-01,
 -4.961944406814E-02,  4.750642489225E-01,
 -5.181013221847E-02,  4.863272722905E-01,
 -4.829646043004E-02,  4.996176471114E-01,
 -3.769815735973E-02, -5.009578521660E-01,
 -3.828294611256E-02, -4.885365679034E-01,
 -3.602581482078E-02, -4.738804860604E-01,
 -3.766987742528E-02, -4.624781188324E-01,
 -3.661529043722E-02, -4.491718549133E-01,
 -3.566049114514E-02, -4.390380071629E-01,
 -3.761300553127E-02, -4.247191476120E-01,
 -3.895457550026E-02, -4.135033471303E-01,
 -3.820251231310E-02, -4.002212735011E-01,
 -3.574186615347E-02, -3.879883530987E-01,
 -3.774046562509E-02, -3.756676484363E-01,
 -3.794606299152E-02, -3.627274421734E-01,
 -3.795112303099E-02, -3.481849298438E-01,
 -3.587143142176E-02, -3.386031331897E-01,
 -3.903307290918E-02, -3.234945728698E-01,
 -3.863889458275E-02, -3.137680858610E-01,
 -3.582605426930E-02, -3.007073377527E-01,
 -3.893965292546E-02, -2.862120834940E-01,
 -3.687095872597E-02, -2.750685246561E-01,
 -3.934838542575E-02, -2.615307420316E-01,
 -3.659424073029E-02, -2.481475004030E-01,
 -3.678842399229E-02, -2.359487409213E-01,
 -3.568061200439E-02, -2.250985384268E-01,
 -3.886648500691E-02, -2.108137571961E-01,
 -3.574193519210E-02, -2.018078650977E-01,
 -3.896195910556E-02, -1.876266492221E-01,
 -3.810267204776E-02, -1.754922944535E-01,
 -3.919774526038E-02, -1.636121956078E-01,
 -3.807674706189E-02, -1.507112691889E-01,
 -3.749708806909E-02, -1.387233070599E-01,
 -3.568850966278E-02, -1.241087168868E-01,
 -3.598186421166E-02, -1.140077545982E-01,
 -3.755930932859E-02, -1.010578943436E-01,
 -3.635346416580E-02, -8.864419388760E-02,
 -3.656706319527E-02, -7.607309574719E-02,
 -3.604867402681E-02, -6.238485600579E-02,
 -3.787992851290E-02, -4.945399865694E-02,
 -3.792485213412E-02, -3.722040635071E-02,
 -3.651088014657E-02, -2.338609865805E-02,
 -3.755405190885E-02, -1.212306346621E-02,
 -3.873117982079E-02, -3.911164745509E-04,
 -3.680497951013E-02,  1.177812374344E-02,
 -3.581713831360E-02,  2.660404149993E-02,
 -3.921921385437E-02,  3.687764165529E-02,
 -3.665893933884E-02,  4.855757915397E-02,
 -3.694164226270E-02,  6.396131013006E-02,
 -3.644111233462E-02,  7.443034705642E-02,
 -3.579126746242E-02,  8.851751450114E-02,
 -3.704545346193E-02,  1.008498662984E-01,
 -3.659186911975E-02,  1.135857366214E-01,
 -3.854121565639E-02,  1.240011620167E-01,
 -3.638270210356E-02,  1.386139274931E-01,
 -3.717304618354E-02,  1.482467254795E-01,
 -3.606832477150E-02,  1.630338047367E-01,
 -3.919250165387E-02,  1.758982841265E-01,
 -3.762354859658E-02,  1.876928768047E-01,
 -3.605801241909E-02,  2.001635958521E-01,
 -3.683892497831E-02,  2.108454012252E-01,
 -3.627660582202E-02,  2.235280460192E-01,
 -3.761941793265E-02,  2.359099876133E-01,
 -3.663103919509E-02,  2.506402692827E-01,
 -3.703182183395E-02,  2.626650528717E-01,
 -3.686656193338E-02,  2.731768107813E-01,
 -3.597386011906E-02,  2.887889663366E-01,
 -3.649891799132E-02,  3.013354240932E-01,
 -3.576023863278E-02,  3.138687961392E-01,
 -3.599203454829E-02,  3.255537162758E-01,
 -3.760368374726E-02,  3.359570578855E-01,
 -3.677438404120E-02,  3.482542246335E-01,
 -3.917276382157E-02,  3.619459790986E-01,
 -3.736291330581E-02,  3.734348566047E-01,
 -3.585590197649E-02,  3.885400722776E-01,
 -3.747774164690E-02,  3.996820491236E-01,
 -3.695969721638E-02,  4.119274156956E-01,
 -3.774140740080E-02,  4.262542223268E-01,
 -3.924869466020E-02,  4.364280740126E-01,
 -3.616350612743E-02,  4.510781509485E-01,
 -3.715090867029E-02,  4.612334753776E-01,
 -3.929132229204E-02,  4.738403319180E-01,
 -3.822880169997E-02,  4.887832107908E-01,
 -3.846892848273E-02,  4.984523996926E-01,
 -2.656023474670E-02, -5.004992243599E-01,
 -2.465705915070E-02, -4.882769269233E-01,
 -2.433222610141E-02, -4.768058291660E-01,
 -2.653302802862E-02, -4.619067362582E-01,
 -2.655864087069E-02, -4.490496927764E-01,
 -2.389190105010E-02, -4.368766182137E-01,
 -2.528826503849E-02, -4.253313936817E-01,
 -2.512790959581E-02, -4.124664248866E-01,
 -2.626184862814E-02, -4.004951669429E-01,
 -2.616897980565E-02, -3.882359120464E-01,
 -2.339418464961E-02, -3.762589267821E-01,
 -2.342656885101E-02, -3.613471241620E-01,
 -2.473904496237E-02, -3.498929014252E-01,
 -2.400484936492E-02, -3.375009868590E-01,
 -2.448081950138E-02, -3.259190028140E-01,
 -2.577824273939E-02, -3.122000698584E-01,
 -2.504986048133E-02, -3.010352046674E-01,
 -2.540423846525E-02, -2.879084917086E-01,
 -2.333345499526E-02, -2.740831929555E-01,
 -2.471886402678E-02, -2.631774216881E-01,
 -2.571217800837E-02, -2.492363376569E-01,
 -2.356241966559E-02, -2.390368691372E-01,
 -2.328679321959E-02, -2.248972398509E-01,
 -2.519346578559E-02, -2.142271490197E-01,
 -2.392325516932E-02, -1.983721788062E-01,
 -2.604331068817E-02, -1.880901297477E-01,
 -2.654589568709E-02, -1.747690344798E-01,
 -2.557963748803E-02, -1.607478911171E-01,
 -2.628285680681E-02, -1.513086904234E-01,
 -2.566244344043E-02, -1.375256224187E-01,
 -2.567926603047E-02, -1.263990536094E-01,
 -2.427627728997E-02, -1.112402684662E-01,
 -2.511119382600E-02, -1.011943368404E-01,
 -2.641261474021E-02, -8.667123721362E-02,
 -2.618617162621E-02, -7.401028574596E-02,
 -2.470117907205E-02, -6.105927863310E-02,
 -2.612702388240E-02, -4.917033763704E-02,
 -2.514969098939E-02, -3.922123989779E-02,
 -2.514048094648E-02, -2.395180871060E-02,
 -2.497635110566E-02, -1.185679689709E-02,
 -2.553062875435E-02, -1.657103589414E-03,
 -2.360780204392E-02,  1.419662466945E-02,
 -2.673100710537E-02,  2.672669369192E-02,
 -2.492564828621E-02,  3.594456947285E-02,
 -2.371513723631E-02,  4.903287776993E-02,
 -2.316719414151E-02,  6.414531324731E-02,
 -2.365700116869E-02,  7.497335088165E-02,
 -2.566577859453E-02,  8.846744280109E-02,
 -2.358791809172E-02,  1.004165474390E-01,
 -2.377512822965E-02,  1.108386312496E-01,
 -2.625556978395E-02,  1.268466264573E-01,
 -2.427659152534E-02,  1.393259589850E-01,
 -2.653005536479E-02,  1.503363110467E-01,
 -2.343753099868E-02,  1.621685947231E-01,
 -2.633617595817E-02,  1.737286943833E-01,
 -2.404426160795E-02,  1.883490754226E-01,
 -2.639657323826E-02,  1.993746958174E-01,
 -2.526455880188E-02,  2.108912909424E-01,
 -2.539149425969E-02,  2.267578460152E-01,
 -2.669569652889E-02,  2.367052189166E-01,
 -2.335380506504E-02,  2.489292458131E-01,
 -2.574411198174E-02,  2.610383921675E-01,
 -2.380119556631E-02,  2.765405464239E-01,
 -2.673639010463E-02,  2.886004224789E-01,
 -2.602903770517E-02,  2.986596969889E-01,
 -2.644946587641E-02,  3.107303260654E-01,
 -2.362850163584E-02,  3.263429025623E-01,
 -2.472576948272E-02,  3.372459292176E-01,
 -2.383816129834E-02,  3.486600514135E-01,
 -2.576815446623E-02,  3.610724441306E-01,
 -2.545352854099E-02,  3.739250592957E-01,
 -2.630470660027E-02,  3.875637989655E-01,
 -2.547710089978E-02,  3.999317775798E-01,
 -2.421703022192E-02,  4.117047079384E-01,
 -2.359626247413E-02,  4.239845929175E-01,
 -2.519539923700E-02,  4.363708143950E-01,
 -2.650642491964E-02,  4.483414281282E-01,
 -2.565524418632E-02,  4.611462468364E-01,
 -2.354210270401E-02,  4.755313707396E-01,
 -2.443175386114E-02,  4.874061731609E-01,
 -2.622313750326E-02,  5.009676298017E-01,
 -1.264698049204E-02, -4.991890684363E-01,
 -1.299885449780E-02, -4.890704777389E-01,
 -1.382774911315E-02, -4.765626683412E-01,
 -1.130563054218E-02, -4.632097086662E-01,
 -1.109921961548E-02, -4.497129696431E-01,
 -1.368370687499E-02, -4.378169955637E-01,
 -1.299813720978E-02, -4.245057485155E-01,
 -1.324239731314E-02, -4.133381011657E-01,
 -1.068101777274E-02, -4.017497526776E-01,
 -1.391518792786E-02, -3.858640502169E-01,
 -1.220694447675E-02, -3.759400528477E-01,
 -1.182332381497E-02, -3.609486349419E-01,
 -1.201617259259E-02, -3.482890581431E-01,
 -1.331227877216E-02, -3.367794195393E-01,
 -1.436765101730E-02, -3.267080125376E-01,
 -1.068837866220E-02, -3.121797976249E-01,
 -1.077791889517E-02, -2.984818839888E-01,
 -1.301158696028E-02, -2.880317867332E-01,
 -1.360228903927E-02, -2.757144660344E-01,
 -1.374626036579E-02, -2.620180911555E-01,
 -1.148730529747E-02, -2.503899110867E-01,
 -1.064035532749E-02, -2.360477767443E-01,
 -1.414201006773E-02, -2.240306890654E-01,
 -1.330303899135E-02, -2.109261914021E-01,
 -1.295411627426E-02, -1.982322138249E-01,
 -1.423288112740E-02, -1.862206442554E-01,
 -1.415089874641E-02, -1.742261008653E-01,
 -1.365348254691E-02, -1.641092994170E-01,
 -1.435049026092E-02, -1.494366681987E-01,
 -1.283485513812E-02, -1.380877525774E-01,
 -1.186019877961E-02, -1.248497328025E-01,
 -1.303872573462E-02, -1.131387419217E-01,
 -1.318201641735E-02, -9.899208812557E-02,
 -1.100206996078E-02, -8.781447864289E-02,
 -1.376899125828E-02, -7.675738756537E-02,
 -1.346045842894E-02, -6.326756767834E-02,
 -1.338329938743E-02, -4.834566305802E-02,
 -1.091257682362E-02, -3.656819495368E-02,
 -1.216635963425E-02, -2.671758415706E-02,
 -1.154654146711E-02, -1.420931024965E-02,
 -1.103443343622E-02,  1.071891885582E-03,
 -1.400040232646E-02,  1.317748475677E-02,
 -1.177879929595E-02,  2.674696746020E-02,
 -1.356613392870E-02,  3.909491701771E-02,
 -1.233455758120E-02,  4.894658852308E-02,
 -1.232152580718E-02,  6.220134564357E-02,
 -1.274777855994E-02,  7.380724717418E-02,
 -1.365958639765E-02,  8.877004643207E-02,
 -1.089014620325E-02,  1.004895379382E-01,
 -1.086830179222E-02,  1.108943300750E-01,
 -1.106948049800E-02,  1.235338535808E-01,
 -1.070207317421E-02,  1.378280749991E-01,
 -1.385913075690E-02,  1.494040697241E-01,
 -1.154763866520E-02,  1.619594753194E-01,
 -1.387423875857E-02,  1.761096998417E-01,
 -1.417774253229E-02,  1.856869591871E-01,
 -1.359061464076E-02,  1.999686848106E-01,
 -1.336485853610E-02,  2.107581531234E-01,
 -1.271285564858E-02,  2.238848556563E-01,
 -1.406169404156E-02,  2.370014698143E-01,
 -1.263744819682E-02,  2.499882292130E-01,
 -1.111686748390E-02,  2.630700608924E-01,
 -1.381771396018E-02,  2.752917928058E-01,
 -1.298857570707E-02,  2.859055799626E-01,
 -1.313335165957E-02,  3.002222478403E-01,
 -1.391657187820E-02,  3.111300583842E-01,
 -1.231019419112E-02,  3.251134537540E-01,
 -1.409948059763E-02,  3.392579651236E-01,
 -1.364069524383E-02,  3.485300346304E-01,
 -1.339656821397E-02,  3.636787582851E-01,
 -1.354440010600E-02,  3.748769662110E-01,
 -1.312229614982E-02,  3.881446994702E-01,
 -1.260614510915E-02,  3.985311514718E-01,
 -1.078959995268E-02,  4.108502690262E-01,
 -1.251222072758E-02,  4.238410132717E-01,
 -1.228004942360E-02,  4.371197556623E-01,
 -1.198154392003E-02,  4.487245917665E-01,
 -1.076092672263E-02,  4.631089928638E-01,
 -1.417888952281E-02,  4.754041530543E-01,
 -1.389849083273E-02,  4.858603324175E-01,
 -1.200437772930E-02,  5.010264830717E-01,
  8.038360823315E-04, -4.985147216431E-01,
 -9.186654575733E-04, -4.891117660544E-01,
  8.047722339847E-04, -4.743449360719E-01,
  1.733007985608E-03, -4.634888375040E-01,
  1.012397513420E-03, -4.501960113586E-01,
 -3.727321620533E-05, -4.361034249111E-01,
  1.018439996798E-03, -4.241234194781E-01,
 -9.390362248460E-04, -4.119537395070E-01,
 -1.840992224501E-03, -4.002617216600E-01,
 -1.823162274992E-03, -3.875571101000E-01,
 -1.154960351575E-03, -3.755972372372E-01,
 -1.316259504049E-03, -3.643658385232E-01,
  1.005201355782E-03, -3.481400806826E-01,
  9.632953682423E-04, -3.376892120055E-01,
 -4.883983912167E-04, -3.251055199466E-01,
 -6.729191075625E-04, -3.119073854458E-01,
 -2.403965466419E-04, -3.010025039377E-01,
 -1.833746777417E-04, -2.867591901672E-01,
 -1.633229603848E-03, -2.759649810081E-01,
 -1.535039301493E-03, -2.637370130713E-01,
  1.782520941090E-04, -2.504191336749E-01,
  3.655046084597E-04, -2.374978809235E-01,
  1.521987639771E-03, -2.238280411674E-01,
 -1.166917199146E-03, -2.129185635437E-01,
  8.677125149522E-04, -2.016683410472E-01,
  6.676331692695E-04, -1.864819408345E-01,
 -1.616838853269E-03, -1.758656447853E-01,
 -8.002469481510E-04, -1.626700066315E-01,
  1.156305885856E-03, -1.487442051378E-01,
  1.540921843071E-03, -1.362589644152E-01,
  9.587160319538E-05, -1.237661550739E-01,
  3.256932875556E-04, -1.132390288262E-01,
  1.156837267427E-03, -1.007875579744E-01,
  1.013168545735E-03, -8.909581988856E-02,
  4.109950749083E-04, -7.446629557870E-02,
  8.023792781889E-04, -6.273486957712E-02,
  7.225913033450E-04, -5.081757076813E-02,
 -3.106451562059E-04, -3.735258580246E-02,
  1.277478279047E-03, -2.478729557345E-02,
  1.866703820310E-04, -1.259011587374E-02,
 -1.466386292389E-03, -1.119804210265E-03,
 -6.235350322143E-05,  1.336452579518E-02,
 -1.848995701552E-04,  2.472718367170E-02,
 -5.691630690806E-04,  3.788283200377E-02,
 -8.223396963618E-04,  4.927860966311E-02,
 -3.996976356089E-04,  6.273497553426E-02,
 -8.950537495672E-04,  7.354803363848E-02,
  9.397046548455E-04,  8.772472196885E-02,
  2.702254986504E-04,  9.835552901952E-02,
  1.408132758392E-04,  1.110996359500E-01,
  6.484352963079E-04,  1.239827376007E-01,
 -1.223567737493E-03,  1.357527848821E-01,
  4.004403093766E-04,  1.481383384958E-01,
 -9.043735855765E-04,  1.627555573659E-01,
 -3.263663812725E-04,  1.763348837764E-01,
  9.983772675183E-04,  1.864598216807E-01,
  6.052477809972E-04,  2.018531852635E-01,
  1.836854022019E-03,  2.138726030213E-01,
  1.010707529568E-03,  2.254266857294E-01,
 -1.512369206183E-03,  2.373241164576E-01,
 -1.526629320856E-03,  2.498600436532E-01,
 -1.340795710363E-03,  2.634421353867E-01,
 -1.757517325058E-03,  2.764886550498E-01,
 -7.333844754378E-04,  2.893422418323E-01,
  1.777833120050E-04,  3.006327892475E-01,
 -7.463371075158E-04,  3.120959254473E-01,
 -4.075024775084E-04,  3.235647100400E-01,
 -1.827583173647E-03,  3.390879169395E-01,
  1.374485222575E-03,  3.493314668455E-01,
  2.882367175663E-04,  3.640215764397E-01,
  3.298375381354E-04,  3.749008776022E-01,
  2.339955218845E-04,  3.879280983256E-01,
 -1.252051173102E-03,  3.989349441983E-01,
 -4.597067845472E-04,  4.133066736742E-01,
  5.171575497370E-04,  4.262495319492E-01,
 -1.877185383408E-03,  4.377652163595E-01,
 -1.003655285580E-03,  4.481282288285E-01,
 -1.718646583567E-03,  4.606221638058E-01,
  5.440375861187E-04,  4.765037854248E-01,
  6.606646016313E-05,  4.882808579639E-01,
 -1.874266049594E-03,  5.005084566279E-01,
  1.397149536607E-02, -4.989121875117E-01,
  1.062522906284E-02, -4.870236603906E-01,
  1.068037804476E-02, -4.759381538760E-01,
  1.161093206296E-02, -4.643501479597E-01,
  1.374218528064E-02, -4.486865788827E-01,
  1.264490583757E-02, -4.363155293597E-01,
  1.193292394192E-02, -4.234615305183E-01,
  1.320517406095E-02, -4.131385435432E-01,
  1.378241286649E-02, -3.997832177422E-01,
  1.380852488731E-02, -3.888536251312E-01,
  1.321719807216E-02, -3.745631212387E-01,
  1.123003396195E-02, -3.643719689749E-01,
  1.187804880312E-02, -3.514742127972E-01,
  1.091896254092E-02, -3.356983500025E-01,
  1.163558288815E-02, -3.239529933372E-01,
  1.251542661585E-02, -3.143820311081E-01,
  1.374279688187E-02, -3.018766757470E-01,
  1.073585787656E-02, -2.893793530892E-01,
  1.121987107087E-02, -2.736876318861E-01,
  1.280293094363E-02, -2.643765055000E-01,
  1.102232496134E-02, -2.495831700285E-01,
  1.437186228163E-02, -2.387751359804E-01,
  1.163700005665E-02, -2.235666560445E-01,
  1.078343177108E-02, -2.132050174763E-01,
  1.337360059693E-02, -2.014621627304E-01,
  1.285255784408E-02, -1.877496519908E-01,
  1.134251911106E-02, -1.764844243697E-01,
  1.417537575305E-02, -1.629463535785E-01,
  1.246796016729E-02, -1.503134199043E-01,
  1.062532383627E-02, -1.390433242012E-01,
  1.419557835909E-02, -1.260090959732E-01,
  1.062425364017E-02, -1.110729951708E-01,
  1.123589947154E-02, -1.002545896794E-01,
  1.231043536095E-02, -8.872239644585E-02,
  1.401724401734E-02, -7.347975276988E-02,
  1.331657061725E-02, -6.068314825501E-02,
  1.092672701696E-02, -4.894049303104E-02,
  1.306731643063E-02, -3.800242137925E-02,
  1.248679911000E-02, -2.450738184846E-02,
  1.241992127769E-02, -1.260656876117E-02,
  1.071109349290E-02,  1.507557322257E-03,
  1.249589243481E-02,  1.185568437867E-02,
  1.423617869513E-02,  2.543558974302E-02,
  1.199541089565E-02,  3.631457674524E-02,
  1.321176220003E-02,  4.977279899811E-02,
  1.231120123361E-02,  6.280330816888E-02,
  1.063398993202E-02,  7.675388420204E-02,
  1.157560676574E-02,  8.749461752631E-02,
  1.166824224985E-02,  9.822586327988E-02,
  1.228654508030E-02,  1.140942458403E-01,
  1.349805097623E-02,  1.240351367065E-01,
  1.062501502589E-02,  1.374272554237E-01,
  1.306344390754E-02,  1.490438554117E-01,
  1.177801940992E-02,  1.623236062033E-01,
  1.347225717367E-02,  1.741880758418E-01,
  1.171402128783E-02,  1.868557237196E-01,
  1.061830175546E-02,  1.981209165135E-01,
  1.278199934882E-02,  2.112008281869E-01,
  1.107835390824E-02,  2.249323495534E-01,
  1.061796772360E-02,  2.375766735922E-01,
  1.063058339001E-02,  2.490262618265E-01,
  1.270520187313E-02,  2.606207699549E-01,
  1.096195549247E-02,  2.761279933436E-01,
  1.121644145145E-02,  2.856294686374E-01,
  1.434944699730E-02,  2.981200135548E-01,
  1.140785471783E-02,  3.126096624019E-01,
  1.292591313265E-02,  3.231304779443E-01,
  1.370441291188E-02,  3.363172844192E-01,
  1.239350889127E-02,  3.508474336070E-01,
  1.364968618593E-02,  3.614167606295E-01,
  1.407769746202E-02,  3.732937346981E-01,
  1.325236779535E-02,  3.863522266537E-01,
  1.388524127590E-02,  4.011336348580E-01,
  1.356160461851E-02,  4.123974693938E-01,
  1.381154744609E-02,  4.259740878951E-01,
  1.062666420284E-02,  4.363207039319E-01,
  1.433354285836E-02,  4.505469075610E-01,
  1.282810288540E-02,  4.615291945487E-01,
  1.296563178527E-02,  4.747295285831E-01,
  1.336169302787E-02,  4.872980798951E-01,
  1.088130438960E-02,  4.996178946476E-01,
  2.511863183656E-02, -4.984832909315E-01,
  2.459280890735E-02, -4.858114167980E-01,
  2.501518070859E-02, -4.768146664616E-01,
  2.442754391111E-02, -4.609506265499E-01,
  2.312000226385E-02, -4.497924705312E-01,
  2.312080996156E-02, -4.358438664051E-01,
  2.312768388867E-02, -4.238855523341E-01,
  2.512070216305E-02, -4.142430499342E-01,
  2.323064892023E-02, -3.982378092603E-01,
  2.656915373274E-02, -3.862830645068E-01,
  2.425470787432E-02, -3.735743632670E-01,
  2.522372151107E-02, -3.623886581221E-01,
  2.312479347101E-02, -3.509089813503E-01,
  2.500493479091E-02, -3.380504269947E-01,
  2.404796510815E-02, -3.261768424990E-01,
  2.352513174546E-02, -3.141039820186E-01,
  2.598600301391E-02, -2.985779912819E-01,
  2.361598046118E-02, -2.873175784270E-01,
  2.516932673536E-02, -2.768695623140E-01,
  2.624070665267E-02, -2.611739504365E-01,
  2.545215336277E-02, -2.502056854756E-01,
  2.580471738394E-02, -2.379945102078E-01,
  2.601206480116E-02, -2.256184610300E-01,
  2.383937283630E-02, -2.114918097759E-01,
  2.625852554864E-02, -1.998840714425E-01,
  2.314865247519E-02, -1.881700634360E-01,
  2.387230520217E-02, -1.731570310044E-01,
  2.329859245745E-02, -1.634258019823E-01,
  2.532998135423E-02, -1.502396306279E-01,
  2.543739963884E-02, -1.391607954164E-01,
  2.328330768733E-02, -1.268083908483E-01,
  2.480595326519E-02, -1.134437951411E-01,
  2.511055980234E-02, -1.018161647531E-01,
  2.469030541782E-02, -8.841877606707E-02,
  2.651715591228E-02, -7.658359439116E-02,
  2.475270277710E-02, -6.224374886211E-02,
  2.365755198158E-02, -5.132812132887E-02,
  2.389328653859E-02, -3.872027223119E-02,
  2.589839550309E-02, -2.330509401348E-02,
  2.636405677022E-02, -1.322219177395E-02,
  2.469041588504E-02,  1.800471884226E-03,
  2.612659844644E-02,  1.405471995562E-02,
  2.656364568676E-02,  2.404447353901E-02,
  2.567900970178E-02,  3.634178509358E-02,
  2.635382552799E-02,  5.055668507423E-02,
  2.322486651541E-02,  6.293919326337E-02,
  2.603511290637E-02,  7.520630123864E-02,
  2.352927863921E-02,  8.750072773785E-02,
  2.584038041383E-02,  1.009256700841E-01,
  2.456571811046E-02,  1.108370432848E-01,
  2.485953435079E-02,  1.232641825429E-01,
  2.651849539537E-02,  1.385911770790E-01,
  2.354065750102E-02,  1.515795983733E-01,
  2.678788846148E-02,  1.633671559435E-01,
  2.324410564707E-02,  1.762887752889E-01,
  2.476123394300E-02,  1.893464190772E-01,
  2.634651229965E-02,  1.981652200549E-01,
  2.414232076325E-02,  2.135760729429E-01,
  2.635097174560E-02,  2.231870345036E-01,
  2.673060072673E-02,  2.373925246671E-01,
  2.606521036701E-02,  2.493965828960E-01,
  2.397331395633E-02,  2.606260980376E-01,
  2.336579094153E-02,  2.748448232210E-01,
  2.334082151309E-02,  2.863618475480E-01,
  2.335201030642E-02,  2.990223062308E-01,
  2.389483493055E-02,  3.111126944088E-01,
  2.438116936798E-02,  3.235344299834E-01,
  2.545958817172E-02,  3.362648198224E-01,
  2.342232483367E-02,  3.509252851312E-01,
  2.551509064524E-02,  3.609713130743E-01,
  2.405113015390E-02,  3.749740423298E-01,
  2.673511178075E-02,  3.865670980617E-01,
  2.606410042678E-02,  3.986139571374E-01,
  2.599352631859E-02,  4.109974958779E-01,
  2.533339924012E-02,  4.245118967486E-01,
  2.514122118666E-02,  4.386813580472E-01,
  2.396653736222E-02,  4.482524358905E-01,
  2.666476401399E-02,  4.611757483002E-01,
  2.564279582729E-02,  4.737568106537E-01,
  2.433457782626E-02,  4.871591128168E-01,
  2.413774899064E-02,  4.994928572610E-01,
  3.867379400413E-02, -4.990101799789E-01,
  3.873397251850E-02, -4.859285260107E-01,
  3.840828065255E-02, -4.759542015830E-01,
  3.634343878805E-02, -4.619731174861E-01,
  3.618591147722E-02, -4.514506655936E-01,
  3.802091266041E-02, -4.377395995895E-01,
  3.765367611620E-02, -4.236481013228E-01,
  3.890950976485E-02, -4.132927452224E-01,
  3.925172967106E-02, -3.985651172970E-01,
  3.670300981091E-02, -3.882321463388E-01,
  3.636344665199E-02, -3.734886759508E-01,
  3.806170335583E-02, -3.630562078577E-01,
  3.647219268938E-02, -3.504234774818E-01,
  3.802511149399E-02, -3.384566636808E-01,
  3.565985819616E-02, -3.264300958503E-01,
  3.694289612752E-02, -3.108923564661E-01,
  3.700888926996E-02, -3.015874459390E-01,
  3.799410783313E-02, -2.863047018926E-01,
  3.928898935344E-02, -2.766975984808E-01,
  3.641481419161E-02, -2.628620361688E-01,
  3.771496973805E-02, -2.516142381996E-01,
  3.828412221902E-02, -2.361039547732E-01,
  3.691506923600E-02, -2.256289072345E-01,
  3.593467122981E-02, -2.120897894009E-01,
  3.898423401568E-02, -1.988896835111E-01,
  3.660652209286E-02, -1.862182532900E-01,
  3.597571172638E-02, -1.768706193152E-01,
  3.843888573693E-02, -1.642217170796E-01,
  3.765247894995E-02, -1.517023800462E-01,
  3.810412534539E-02, -1.388801051650E-01,
  3.567421105849E-02, -1.255054502177E-01,
  3.906307204848E-02, -1.139574134551E-01,
  3.716963252419E-02, -9.825809518818E-02,
  3.595213825863E-02, -8.853255477244E-02,
  3.661473390492E-02, -7.554082005856E-02,
  3.627761319413E-02, -6.293945357588E-02,
  3.705267875834E-02, -5.167655368073E-02,
  3.625143050309E-02, -3.690355074231E-02,
  3.676989970399E-02, -2.412325594564E-02,
  3.597503031922E-02, -1.164925565052E-02,
  3.793024140449E-02, -3.706599242551E-04,
  3.777430508852E-02,  1.375145165447E-02,
  3.716606598993E-02,  2.459120030868E-02,
  3.635982616906E-02,  3.620135311946E-02,
  3.813213822758E-02,  4.816656069398E-02,
  3.796884398378E-02,  6.427702724907E-02,
  3.892367913291E-02,  7.619709213255E-02,
  3.608331433168E-02,  8.640461716112E-02,
  3.927663196413E-02,  1.000153626093E-01,
  3.903673892123E-02,  1.139139427814E-01,
  3.751898330819E-02,  1.258911216205E-01,
  3.817968771821E-02,  1.371384399157E-01,
  3.701315765432E-02,  1.501316300613E-01,
  3.643369228692E-02,  1.643144762529E-01,
  3.688856701856E-02,  1.758007319030E-01,
  3.588142625718E-02,  1.874418507550E-01,
  3.888031781699E-02,  1.990086081715E-01,
  3.935265927982E-02,  2.143531181104E-01,
  3.726526092910E-02,  2.255135583395E-01,
  3.609315157056E-02,  2.380498201524E-01,
  3.649702042361E-02,  2.518399113398E-01,
  3.620355792360E-02,  2.622130167912E-01,
  3.705418043740E-02,  2.756836306963E-01,
  3.609278890635E-02,  2.874789198538E-01,
  3.562292055402E-02,  3.018230398971E-01,
  3.573189918054E-02,  3.124756922919E-01,
  3.872970088745E-02,  3.260828270741E-01,
  3.765571583568E-02,  3.379313182203E-01,
  3.683810430549E-02,  3.485544302767E-01,
  3.728681716549E-02,  3.632549574319E-01,
  3.806120593655E-02,  3.748448545718E-01,
  3.737507004093E-02,  3.880246199536E-01,
  3.891973750578E-02,  4.016339528634E-01,
  3.782350351092E-02,  4.136315190320E-01,
  3.629656380227E-02,  4.260199627854E-01,
  3.898514346308E-02,  4.374411830269E-01,
  3.590141644185E-02,  4.513249800545E-01,
  3.562629009648E-02,  4.617025128918E-01,
  3.885374238094E-02,  4.739819024326E-01,
  3.674666694214E-02,  4.858091248543E-01,
  3.791234063272E-02,  4.983778344157E-01,
  4.982072935976E-02, -5.018367514855E-01,
  5.044124391457E-02, -4.858268728173E-01,
  4.907822487527E-02, -4.757380700781E-01,
  5.008524041277E-02, -4.626182981489E-01,
  5.080791856463E-02, -4.499357327903E-01,
  5.008229606328E-02, -4.357884346177E-01,
  4.975333692342E-02, -4.249105343761E-01,
  5.041570579323E-02, -4.119539802526E-01,
  4.966395375053E-02, -4.009516473213E-01,
  4.828135479510E-02, -3.889472466268E-01,
  4.834924653827E-02, -3.751985843280E-01,
  4.861737146153E-02, -3.625680910638E-01,
  4.899980340420E-02, -3.517420599732E-01,
  4.982606346458E-02, -3.383977280669E-01,
  4.957725768324E-02, -3.252139718703E-01,
  5.014076198465E-02, -3.121145379630E-01,
  4.965780954495E-02, -2.984540642915E-01,
  4.961325019696E-02, -2.877877189776E-01,
  5.187489110221E-02, -2.732639889846E-01,
  5.045612289553E-02, -2.639879553851E-01,
  5.092177012509E-02, -2.488858281903E-01,
  4.888248688267E-02, -2.378526492142E-01,
  5.064860680879E-02, -2.238511409819E-01,
  5.017543606027E-02, -2.117157303997E-01,
  4.909951711406E-02, -1.998579091116E-01,
  4.945043086833E-02, -1.891687180260E-01,
  4.936527960152E-02, -1.757880362093E-01,
  5.073405289455E-02, -1.612781103333E-01,
  5.185680590691E-02, -1.491330455684E-01,
  5.179544696948E-02, -1.363878280159E-01,
  5.166254266676E-02, -1.257892798661E-01,
  4.823243680789E-02, -1.116506517668E-01,
  4.833869244954E-02, -9.900181712067E-02,
  5.070128280845E-02, -8.659875794336E-02,
  4.871805031873E-02, -7.335630282582E-02,
  5.070494539823E-02, -6.127741571512E-02,
  4.886327523060E-02, -5.081430700670E-02,
  4.931020941702E-02, -3.679821078027E-02,
  5.148435195528E-02, -2.633907944182E-02,
  4.973880333824E-02, -1.167338900805E-02,
  4.999886139249E-02, -1.145043901245E-03,
  5.181296037934E-02,  1.257097036993E-02,
  4.818089010557E-02,  2.470989492622E-02,
  5.124978849681E-02,  3.655294543153E-02,
  5.153010611718E-02,  5.181394521770E-02,
  4.925429317962E-02,  6.123474728483E-02,
  5.118124990731E-02,  7.374041915293E-02,
  5.083410787740E-02,  8.718904787908E-02,
  5.049629005266E-02,  9.831713827859E-02,
  5.004576966936E-02,  1.106642339919E-01,
  4.812055400203E-02,  1.240124075564E-01,
  4.952161932416E-02,  1.378219821073E-01,
  5.175094778431E-02,  1.513957932171E-01,
  5.015799851534E-02,  1.615272474670E-01,
  4.909240857330E-02,  1.745905837335E-01,
  4.977431916085E-02,  1.874388455245E-01,
  5.009741561631E-02,  2.008401361284E-01,
  5.177450202711E-02,  2.115060606233E-01,
  5.115161890284E-02,  2.245632091835E-01,
  4.904779852960E-02,  2.375379256050E-01,
  4.994964579930E-02,  2.501081325329E-01,
  5.187160225526E-02,  2.633165235785E-01,
  5.118529758253E-02,  2.765452211767E-01,
  5.161777325004E-02,  2.869372203322E-01,
  5.158183958838E-02,  3.014767788485E-01,
  5.119616451350E-02,  3.129289940989E-01,
  4.891048387913E-02,  3.240132184865E-01,
  4.900237590735E-02,  3.367002711979E-01,
  5.116988243577E-02,  3.506661131958E-01,
  5.163521353393E-02,  3.608113299053E-01,
  5.019024348813E-02,  3.756882032434E-01,
  5.185950437898E-02,  3.866671741033E-01,
  4.986588991699E-02,  3.999135669536E-01,
  4.968097778189E-02,  4.127926572643E-01,
  5.056202912461E-02,  4.249884541869E-01,
  5.043514930778E-02,  4.381314696095E-01,
  4.993714650285E-02,  4.504498945986E-01,
  4.813486353652E-02,  4.623498652453E-01,
  5.186748841620E-02,  4.759056591031E-01,
  5.077692924035E-02,  4.865711171934E-01,
  5.114466591996E-02,  4.986120016095E-01,
  6.074016447569E-02, -4.998808832099E-01,
  6.322961430571E-02, -4.875418601998E-01,
  6.084872980073E-02, -4.755528283822E-01,
  6.316502903915E-02, -4.633271570602E-01,
  6.226541177059E-02, -4.488481918219E-01,
  6.425509041019E-02, -4.382636516441E-01,
  6.390937583655E-02, -4.255469834621E-01,
  6.335158174036E-02, -4.113357862971E-01,
  6.304274373892E-02, -4.001490753292E-01,
  6.286320028028E-02, -3.887118776864E-01,
  6.195828085251E-02, -3.738469272981E-01,
  6.390569910137E-02, -3.608594572941E-01,
  6.150153843863E-02, -3.497662336915E-01,
  6.178859729314E-02, -3.367816437456E-01,
  6.116506000248E-02, -3.236629611392E-01,
  6.283652326766E-02, -3.115876188659E-01,
  6.400744074135E-02, -2.984240406258E-01,
  6.121090024373E-02, -2.872626776491E-01,
  6.194768152336E-02, -2.740850816714E-01,
  6.207626587853E-02, -2.612436195745E-01,
  6.264172461314E-02, -2.500256524774E-01,
  6.364422469549E-02, -2.367041060475E-01,
  6.115010089184E-02, -2.265778463015E-01,
  6.278224769712E-02, -2.130455468388E-01,
  6.255073971895E-02, -2.012268203047E-01,
  6.268230731073E-02, -1.868086816522E-01,
  6.117971961286E-02, -1.731497122235E-01,
  6.144621010904E-02, -1.634971182605E-01,
  6.370599773540E-02, -1.503795559735E-01,
  6.319807825151E-02, -1.376678141579E-01,
  6.333730378967E-02, -1.235851920084E-01,
  6.136780182743E-02, -1.126569153903E-01,
  6.148018414759E-02, -1.018451425403E-01,
  6.434717173105E-02, -8.909284142909E-02,
  6.064055961166E-02, -7.393850805372E-02,
  6.357576197861E-02, -6.300675343452E-02,
  6.147417717752E-02, -5.045358200722E-02,
  6.395309041149E-02, -3.631199514471E-02,
  6.102081319053E-02, -2.559036067316E-02,
  6.111173878014E-02, -1.212183381937E-02,
  6.305877475948E-02, -1.233226639252E-03,
  6.095587406911E-02,  1.296200583292E-02,
  6.219647971040E-02,  2.511647875753E-02,
  6.332430540373E-02,  3.728544083396E-02,
  6.172048013466E-02,  4.911997970086E-02,
  6.136326567877E-02,  6.096578490882E-02,
  6.188257417008E-02,  7.458038575897E-02,
  6.064572690141E-02,  8.595851786449E-02,
  6.065626812764E-02,  9.821230700017E-02,
  6.409961167633E-02,  1.136598244876E-01,
  6.272164861275E-02,  1.241525561581E-01,
  6.252039280721E-02,  1.361234363978E-01,
  6.279741934109E-02,  1.496316575094E-01,
  6.235896813645E-02,  1.606871991671E-01,
  6.130761496967E-02,  1.734946556776E-01,
  6.172942669698E-02,  1.859445107478E-01,
  6.087182296691E-02,  1.993126340257E-01,
  6.425260692160E-02,  2.136177687005E-01,
  6.293703307747E-02,  2.261883748040E-01,
  6.111112337033E-02,  2.385008968131E-01,
  6.238652962679E-02,  2.487400526518E-01,
  6.182235136603E-02,  2.611004772307E-01,
  6.196026402566E-02,  2.768508695805E-01,
  6.386447200859E-02,  2.862424938139E-01,
  6.402788312862E-02,  3.000857804806E-01,
  6.203224220287E-02,  3.142886482175E-01,
  6.370932584906E-02,  3.247711644910E-01,
  6.215300004802E-02,  3.384939697202E-01,
  6.429492924661E-02,  3.491559289251E-01,
  6.432550988750E-02,  3.613384263300E-01,
  6.362590705914E-02,  3.754218877876E-01,
  6.310949384993E-02,  3.883486121272E-01,
  6.410305463605E-02,  4.000784120071E-01,
  6.251599470961E-02,  4.114831465674E-01,
  6.109521494533E-02,  4.239777184694E-01,
  6.148055930111E-02,  4.389246119481E-01,
  6.153714502591E-02,  4.503577517896E-01,
  6.291332858770E-02,  4.641631229927E-01,
  6.136901792057E-02,  4.755146146379E-01,
  6.425563847442E-02,  4.858019340068E-01,
  6.078648917675E-02,  5.006088773753E-01,
  7.406442101379E-02, -5.003771137679E-01,
  7.482114966576E-02, -4.862409824471E-01,
  7.606548256340E-02, -4.732802362841E-01,
  7.672893213526E-02, -4.639108863937E-01,
  7.368277701206E-02, -4.507481838270E-01,
  7.527801381672E-02, -4.373707210759E-01,
  7.496569890086E-02, -4.233012956185E-01,
  7.479667268971E-02, -4.141478927749E-01,
  7.396611709166E-02, -3.998019778805E-01,
  7.662812273006E-02, -3.886922257402E-01,
  7.620753834784E-02, -3.748915734525E-01,
  7.493857157642E-02, -3.637676216843E-01,
  7.396869202167E-02, -3.516501203102E-01,
  7.480607934372E-02, -3.378314940761E-01,
  7.448336636284E-02, -3.252701001835E-01,
  7.339218241870E-02, -3.107540704446E-01,
  7.599298834248E-02, -2.989390374846E-01,
  7.442728852453E-02, -2.859989919788E-01,
  7.477973792853E-02, -2.757528136302E-01,
  7.565371301587E-02, -2.624861810851E-01,
  7.651600795096E-02, -2.504670920297E-01,
  7.398449977555E-02, -2.376819959658E-01,
  7.568859842587E-02, -2.246088659135E-01,
  7.509282905419E-02, -2.111598239158E-01,
  7.327329714634E-02, -2.000062243236E-01,
  7.584516796873E-02, -1.873720346627E-01,
  7.484816786210E-02, -1.765335912349E-01,
  7.604086530986E-02, -1.637520799590E-01,
  7.669952512589E-02, -1.515488090258E-01,
  7.603618073858E-02, -1.366978279705E-01,
  7.341679047612E-02, -1.241249431587E-01,
  7.551441570205E-02, -1.117905140012E-01,
  7.425816263300E-02, -1.002113801986E-01,
  7.314314915630E-02, -8.654536906598E-02,
  7.621924170319E-02, -7.510523373964E-02,
  7.320112231952E-02, -6.214278039826E-02,
  7.613567961424E-02, -5.127970287784E-02,
  7.454632134571E-02, -3.752548549887E-02,
  7.681538594908E-02, -2.451962867552E-02,
  7.623417294796E-02, -1.279406161016E-02,
  7.462738242647E-02, -7.872966142633E-04,
  7.467723437170E-02,  1.339224771470E-02,
  7.617636753812E-02,  2.635883666921E-02,
  7.639358523189E-02,  3.770195956494E-02,
  7.321771875986E-02,  5.150876514923E-02,
  7.425943738871E-02,  6.399808090121E-02,
  7.566727756401E-02,  7.402467434199E-02,
  7.537265540528E-02,  8.775308560803E-02,
  7.627912483291E-02,  9.859598678595E-02,
  7.407401021479E-02,  1.111819808343E-01,
  7.480122929637E-02,  1.264359766894E-01,
  7.401395222035E-02,  1.359029558913E-01,
  7.355835291422E-02,  1.498845318448E-01,
  7.672589154691E-02,  1.616853199799E-01,
  7.433746659861E-02,  1.743202969482E-01,
  7.375161239254E-02,  1.871701786091E-01,
  7.427031375222E-02,  2.008429361190E-01,
  7.659298284412E-02,  2.113703620516E-01,
  7.456815583973E-02,  2.241787539819E-01,
  7.611261579946E-02,  2.380940544102E-01,
  7.617010273936E-02,  2.494403814476E-01,
  7.678009762528E-02,  2.634488738496E-01,
  7.684667031576E-02,  2.756700008299E-01,
  7.581301736975E-02,  2.870246630087E-01,
  7.582094456348E-02,  3.012359476659E-01,
  7.384074776341E-02,  3.130782592713E-01,
  7.316320132988E-02,  3.251027754387E-01,
  7.560150762739E-02,  3.387095982435E-01,
  7.627322897969E-02,  3.489913542268E-01,
  7.617996797240E-02,  3.614968842015E-01,
  7.477234389363E-02,  3.750271517477E-01,
  7.333734705041E-02,  3.868735690212E-01,
  7.482088011579E-02,  4.015654196670E-01,
  7.435150516931E-02,  4.126254101040E-01,
  7.623195314954E-02,  4.249202583097E-01,
  7.326528350052E-02,  4.390800395412E-01,
  7.515575337574E-02,  4.518574672456E-01,
  7.574754613695E-02,  4.617068708960E-01,
  7.616395562885E-02,  4.750245478521E-01,
  7.400120687497E-02,  4.885100118530E-01,
  7.520994456242E-02,  4.982757517108E-01,
  8.692132506075E-02, -5.015228578064E-01,
  8.797292449837E-02, -4.875586478789E-01,
  8.650203664466E-02, -4.762726777925E-01,
  8.564997556935E-02, -4.635331699098E-01,
  8.755166602474E-02, -4.511855089328E-01,
  8.761043493377E-02, -4.378009653443E-01,
  8.882076095631E-02, -4.248071465522E-01,
  8.699992391001E-02, -4.135649818068E-01,
  8.908932642203E-02, -4.008679974739E-01,
  8.635220137088E-02, -3.862023542353E-01,
  8.711136302097E-02, -3.743642613718E-01,
  8.914904588849E-02, -3.643644863491E-01,
  8.777824105075E-02, -3.494450089217E-01,
  8.746354017462E-02, -3.383779324387E-01,
  8.738291498610E-02, -3.248534604382E-01,
  8.798110335114E-02, -3.116143413833E-01,
  8.576264120854E-02, -3.007869934245E-01,
  8.690783247694E-02, -2.872392000237E-01,
  8.565971551053E-02, -2.747950481209E-01,
  8.658011454264E-02, -2.635604986782E-01,
  8.721031142349E-02, -2.502943899504E-01,
  8.886175308371E-02, -2.375661370768E-01,
  8.706434673751E-02, -2.267777026017E-01,
  8.798407106144E-02, -2.127610175138E-01,
  8.671610586282E-02, -2.009934037919E-01,
  8.666008979004E-02, -1.884226490963E-01,
  8.563470170256E-02, -1.758369863770E-01,
  8.876187226737E-02, -1.633449542804E-01,
  8.687406439748E-02, -1.502685037800E-01,
  8.924244468171E-02, -1.378310934626E-01,
  8.660800527524E-02, -1.233294033416E-01,
  8.880533354721E-02, -1.109310990751E-01,
  8.885154377814E-02, -1.001061925023E-01,
  8.743164302173E-02, -8.761468613915E-02,
  8.822150632444E-02, -7.641318674007E-02,
  8.696408145295E-02, -6.437432967173E-02,
  8.754417858387E-02, -5.151642614876E-02,
  8.722094257578E-02, -3.606030857276E-02,
  8.673060983097E-02, -2.388905849409E-02,
  8.743858848383E-02, -1.242270794376E-02,
  8.585225626734E-02,  1.757593723118E-03,
  8.757360670957E-02,  1.131389885694E-02,
  8.812695741397E-02,  2.346224413553E-02,
  8.851264868509E-02,  3.768452927184E-02,
  8.709057839289E-02,  4.966884778012E-02,
  8.613868294298E-02,  6.428519827850E-02,
  8.800529616531E-02,  7.550861257861E-02,
  8.676518538721E-02,  8.639743986958E-02,
  8.583868126313E-02,  1.001796690986E-01,
  8.828596852167E-02,  1.124324522808E-01,
  8.725598185700E-02,  1.256712069579E-01,
  8.801424191249E-02,  1.387481016929E-01,
  8.669895049843E-02,  1.494974826516E-01,
  8.734674860076E-02,  1.641751872460E-01,
  8.575854929799E-02,  1.743586500065E-01,
  8.730996383961E-02,  1.861041609186E-01,
  8.613494232531E-02,  2.015029470556E-01,
  8.696437460077E-02,  2.115185862248E-01,
  8.870495232031E-02,  2.259026210863E-01,
  8.710222465488E-02,  2.372633564131E-01,
  8.581714271530E-02,  2.486391845874E-01,
  8.659866322826E-02,  2.609512885009E-01,
  8.836853789801E-02,  2.733772451832E-01,
  8.842905478051E-02,  2.892709205538E-01,
  8.584986148370E-02,  2.987181370936E-01,
  8.644723367790E-02,  3.138503722347E-01,
  8.581390401410E-02,  3.237808216770E-01,
  8.826550400352E-02,  3.362816645026E-01,
  8.911868404219E-02,  3.503643639593E-01,
  8.873621333227E-02,  3.635147945761E-01,
  8.770521592596E-02,  3.741942875209E-01,
  8.846571421821E-02,  3.888715134072E-01,
  8.777641971596E-02,  3.998925067978E-01,
  8.825183632241E-02,  4.143008917102E-01,
  8.630772018641E-02,  4.234549751004E-01,
  8.692205198686E-02,  4.378768528305E-01,
  8.885888686306E-02,  4.502650934921E-01,
  8.684544036460E-02,  4.613507729273E-01,
  8.647268834543E-02,  4.740044475556E-01,
  8.665810640466E-02,  4.862178772887E-01,
  8.759434446331E-02,  5.003773090379E-01,
  1.003473886254E-01, -4.997105360929E-01,
  9.972474083498E-02, -4.877699319842E-01,
  1.013219779395E-01, -4.746042889605E-01,
  1.012004703862E-01, -4.609592906416E-01,
  1.007405869650E-01, -4.503338733796E-01,
  1.007867855797E-01, -4.375765746183E-01,
  9.942667853734E-02, -4.253288376451E-01,
  1.011373301032E-01, -4.126576105878E-01,
  1.014494436692E-01, -4.001988759466E-01,
  9.934683580225E-02, -3.875804653372E-01,
  1.013606781902E-01, -3.737580681825E-01,
  1.013613705752E-01, -3.629061415418E-01,
  1.000299340938E-01, -3.491494066868E-01,
  9.991758810067E-02, -3.376823736211E-01,
  9.856090434800E-02, -3.261988182949E-01,
  9.964459652705E-02, -3.107462789092E-01,
  1.003087783339E-01, -3.000521610592E-01,
  9.855146079221E-02, -2.877079212494E-01,
  9.946593186150E-02, -2.759996717367E-01,
  9.895739015763E-02, -2.617659292404E-01,
  1.011983688890E-01, -2.508190961102E-01,
  9.910508537821E-02, -2.368293234124E-01,
  9.838658029746E-02, -2.233970737850E-01,
  9.852926640245E-02, -2.110300463808E-01,
  9.835351588017E-02, -2.004600392234E-01,
  1.013879163173E-01, -1.865042884386E-01,
  1.008807987131E-01, -1.736133951287E-01,
  1.016952880330E-01, -1.634218979538E-01,
  9.937883701312E-02, -1.513351923509E-01,
  9.930047078842E-02, -1.385503407153E-01,
  1.005340109803E-01, -1.251245996264E-01,
  1.003823345820E-01, -1.112677742399E-01,
  1.010262193472E-01, -9.980688408019E-02,
  9.957737195685E-02, -8.703795039719E-02,
  1.012093200828E-01, -7.313590364066E-02,
  1.008501860433E-01, -6.326556187268E-02,
  1.007322141646E-01, -4.926798837300E-02,
  1.002167492447E-01, -3.816455071072E-02,
  9.946020783638E-02, -2.604917377051E-02,
  1.009089936862E-01, -1.234616664066E-02,
  1.016010393548E-01, -3.293999056468E-04,
  1.000141784461E-01,  1.151775618518E-02,
  1.003945282237E-01,  2.478514912858E-02,
  9.983714143022E-02,  3.905967647030E-02,
  1.011368641719E-01,  5.036105055946E-02,
  1.018515316909E-01,  6.127196656602E-02,
  9.880557262060E-02,  7.416837460516E-02,
  9.951648594152E-02,  8.920484204074E-02,
  1.000751128056E-01,  9.909044043708E-02,
  1.001441267128E-01,  1.136342560908E-01,
  1.000652084765E-01,  1.258299035436E-01,
  9.881195861492E-02,  1.390365223302E-01,
  9.850327755660E-02,  1.487144810973E-01,
  1.011812178101E-01,  1.631544194407E-01,
  1.015608131932E-01,  1.767396777144E-01,
  1.002257558706E-01,  1.863761618100E-01,
  9.903005356811E-02,  1.991518456526E-01,
  1.007515920984E-01,  2.117155071199E-01,
  9.818351388095E-02,  2.250104923679E-01,
  9.818000746415E-02,  2.379950163119E-01,
  9.959000550740E-02,  2.490629056988E-01,
  1.007975328338E-01,  2.636179221361E-01,
  9.863913751986E-02,  2.733746017963E-01,
  1.012993476537E-01,  2.864347473893E-01,
  1.008930522361E-01,  3.017555466821E-01,
  1.011479961512E-01,  3.108716240072E-01,
  9.822089617942E-02,  3.263788775357E-01,
  1.006630282381E-01,  3.379239702601E-01,
  1.016261714899E-01,  3.483107473389E-01,
  9.929051802898E-02,  3.623466412319E-01,
  9.922059565157E-02,  3.748263561856E-01,
  1.008002997218E-01,  3.856906046884E-01,
  9.987227893630E-02,  3.993375776429E-01,
  9.892622742043E-02,  4.108099885433E-01,
  1.010778610643E-01,  4.260916477151E-01,
  1.012857402607E-01,  4.359722775692E-01,
  1.004027709389E-01,  4.516387606802E-01,
  1.008749755886E-01,  4.621960667307E-01,
  9.901660974614E-02,  4.748524992662E-01,
  1.006020169267E-01,  4.890777463169E-01,
  9.964149172959E-02,  4.995964083854E-01,
  1.111705419184E-01, -4.986835744608E-01,
  1.110024758638E-01, -4.868100539390E-01,
  1.119712343583E-01, -4.759446426744E-01,
  1.136282460998E-01, -4.626506611065E-01,
  1.121689741535E-01, -4.497450963670E-01,
  1.124972136175E-01, -4.373296491029E-01,
  1.141168587252E-01, -4.232745156335E-01,
  1.124005927189E-01, -4.130641056266E-01,
  1.130532040544E-01, -3.993787784903E-01,
  1.121541322911E-01, -3.863800223720E-01,
  1.130240171360E-01, -3.757871191714E-01,
  1.115650217515E-01, -3.607077841759E-01,
  1.113542332706E-01, -3.514765443853E-01,
  1.123749386688E-01, -3.363567321389E-01,
  1.107013370325E-01, -3.246427402378E-01,
  1.135750692101E-01, -3.118552603844E-01,
  1.141977761342E-01, -3.014625341151E-01,
  1.111865115507E-01, -2.863007236176E-01,
  1.137184924327E-01, -2.761354112846E-01,
  1.123153767677E-01, -2.637687812327E-01,
  1.131556764909E-01, -2.500565348686E-01,
  1.115645135982E-01, -2.371743928201E-01,
  1.108778051773E-01, -2.256816968692E-01,
  1.135488652862E-01, -2.132452768611E-01,
  1.135230686080E-01, -2.004643838857E-01,
  1.134428879700E-01, -1.879518538003E-01,
  1.135042238206E-01, -1.732584525330E-01,
  1.134998511579E-01, -1.614129281159E-01,
  1.130074559741E-01, -1.509988198972E-01,
  1.119793573997E-01, -1.369469748463E-01,
  1.116323540812E-01, -1.254297171361E-01,
  1.136993724126E-01, -1.111535959347E-01,
  1.126138363172E-01, -9.914317563864E-02,
  1.115394453226E-01, -8.752776987666E-02,
  1.108587168083E-01, -7.485144912612E-02,
  1.143174476528E-01, -6.204375814570E-02,
  1.119780409379E-01, -4.913343468681E-02,
  1.127094161188E-01, -3.599356346274E-02,
  1.113989278278E-01, -2.584205563741E-02,
  1.110324008494E-01, -1.217026213630E-02,
  1.110617635793E-01, -1.097223061384E-04,
  1.139227831424E-01,  1.326979364909E-02,
  1.124700278419E-01,  2.319999031358E-02,
  1.123526423871E-01,  3.716060396844E-02,
  1.117008595735E-01,  4.959548763891E-02,
  1.135806671986E-01,  6.340565086932E-02,
  1.136322589022E-01,  7.628289506253E-02,
  1.127817637218E-01,  8.605529469539E-02,
  1.122130039096E-01,  1.006028830371E-01,
  1.121704741087E-01,  1.143431879972E-01,
  1.110870490048E-01,  1.231472729716E-01,
  1.138721112090E-01,  1.372560386202E-01,
  1.108576533518E-01,  1.503680092910E-01,
  1.111716707031E-01,  1.636558283507E-01,
  1.120897158332E-01,  1.762581905157E-01,
  1.143639341317E-01,  1.877840155443E-01,
  1.130125743624E-01,  1.986495116768E-01,
  1.140227484153E-01,  2.118262706616E-01,
  1.142084808151E-01,  2.243727558732E-01,
  1.106482360651E-01,  2.385660971984E-01,
  1.131401372044E-01,  2.491920696156E-01,
  1.129797647922E-01,  2.633697399184E-01,
  1.141442067327E-01,  2.767914551791E-01,
  1.107560316267E-01,  2.865226119767E-01,
  1.108184072917E-01,  2.988017552889E-01,
  1.132782553079E-01,  3.122050319595E-01,
  1.122586156885E-01,  3.256384906909E-01,
  1.109783906393E-01,  3.372588791778E-01,
  1.139713372527E-01,  3.515206990752E-01,
  1.121112830743E-01,  3.642806253018E-01,
  1.120893296757E-01,  3.757896694741E-01,
  1.115458809551E-01,  3.878646683486E-01,
  1.127414324223E-01,  3.981456569809E-01,
  1.133168324768E-01,  4.138918247821E-01,
  1.118551380703E-01,  4.247797333347E-01,
  1.125880260461E-01,  4.393124176125E-01,
  1.125921952585E-01,  4.486076424046E-01,
  1.133723794267E-01,  4.638834359019E-01,
  1.132517867430E-01,  4.733591485889E-01,
  1.140744619692E-01,  4.877677843876E-01,
  1.122547079798E-01,  4.993098358702E-01,
  1.231529780705E-01, -5.011825546511E-01,
  1.251572933176E-01, -4.878908529125E-01,
  1.235060094974E-01, -4.741967029259E-01,
  1.248808651711E-01, -4.636088094550E-01,
  1.263726515782E-01, -4.512208469687E-01,
  1.242309157574E-01, -4.377669891013E-01,
  1.240204404580E-01, -4.260561361501E-01,
  1.239559030573E-01, -4.130074005589E-01,
  1.241271090850E-01, -4.004972532777E-01,
  1.257476198878E-01, -3.868000888366E-01,
  1.234216578803E-01, -3.755631163457E-01,
  1.266988097673E-01, -3.607254376676E-01,
  1.253806129575E-01, -3.498417065984E-01,
  1.261079063585E-01, -3.389909573556E-01,
  1.243432018686E-01, -3.235702249593E-01,
  1.261547840258E-01, -3.106514715749E-01,
  1.266049323697E-01, -2.990581019959E-01,
  1.264867459532E-01, -2.869148097826E-01,
  1.254926344056E-01, -2.742847345238E-01,
  1.238923177877E-01, -2.610018968050E-01,
  1.245706518342E-01, -2.506411273648E-01,
  1.245113770299E-01, -2.376496823769E-01,
  1.263001494334E-01, -2.263163844440E-01,
  1.232955708548E-01, -2.109659892723E-01,
  1.259001860432E-01, -1.987598056525E-01,
  1.267511018717E-01, -1.884763470467E-01,
  1.233731812535E-01, -1.748629594040E-01,
  1.244648903914E-01, -1.630299935326E-01,
  1.234950310620E-01, -1.494241171034E-01,
  1.244997218343E-01, -1.357714345420E-01,
  1.235304497426E-01, -1.261077034152E-01,
  1.262100725136E-01, -1.122271069321E-01,
  1.234656417765E-01, -1.002839224119E-01,
  1.257761273209E-01, -8.860954944849E-02,
  1.258319526937E-01, -7.388003644557E-02,
  1.262168160923E-01, -6.342809160183E-02,
  1.248765692244E-01, -5.075730891283E-02,
  1.253261151746E-01, -3.701741917275E-02,
  1.264341674772E-01, -2.489121106032E-02,
  1.255486676854E-01, -1.309778947632E-02,
  1.234319396575E-01,  1.470308956950E-04,
  1.253741250468E-01,  1.409559992516E-02,
  1.250700028120E-01,  2.617733355679E-02,
  1.255514824700E-01,  3.740737463750E-02,
  1.232400857148E-01,  4.918658633108E-02,
  1.253434868108E-01,  6.252748219606E-02,
  1.234753852578E-01,  7.371953154416E-02,
  1.238458517010E-01,  8.636006011579E-02,
  1.249670498076E-01,  9.887123032902E-02,
  1.249559693828E-01,  1.139893738939E-01,
  1.258341805779E-01,  1.239170545996E-01,
  1.251836317787E-01,  1.393690316795E-01,
  1.247145998669E-01,  1.490186081422E-01,
  1.247569744945E-01,  1.635294263607E-01,
  1.247079158962E-01,  1.746275781251E-01,
  1.236536082827E-01,  1.877000446559E-01,
  1.268302927096E-01,  2.004400470628E-01,
  1.235144689311E-01,  2.132493461833E-01,
  1.236738970127E-01,  2.267376501392E-01,
  1.254696738045E-01,  2.374211082882E-01,
  1.259282023390E-01,  2.491876710122E-01,
  1.235179786267E-01,  2.615176297420E-01,
  1.235919374751E-01,  2.767278350543E-01,
  1.260224985494E-01,  2.877925736576E-01,
  1.237082703901E-01,  3.006442936212E-01,
  1.268097228109E-01,  3.127490404762E-01,
  1.262801220229E-01,  3.263972649516E-01,
  1.248814909358E-01,  3.362415418253E-01,
  1.264320737936E-01,  3.517160470687E-01,
  1.238039226682E-01,  3.630915260015E-01,
  1.250225999498E-01,  3.758190624096E-01,
  1.252345878425E-01,  3.871303503695E-01,
  1.233184539477E-01,  4.004969878414E-01,
  1.266043188083E-01,  4.112825367133E-01,
  1.268238595244E-01,  4.238463516307E-01,
  1.240868219343E-01,  4.367122248454E-01,
  1.255912587126E-01,  4.515345499518E-01,
  1.243268862262E-01,  4.639136221253E-01,
  1.236563530032E-01,  4.742681219799E-01,
  1.267382287670E-01,  4.892840726610E-01,
  1.243301000712E-01,  5.015235778393E-01,
  1.368753282103E-01, -4.987079847054E-01,
  1.362634518556E-01, -4.870095425722E-01,
  1.359926594033E-01, -4.748463534252E-01,
  1.379138403112E-01, -4.631543946826E-01,
  1.358496787486E-01, -4.485283897099E-01,
  1.364177761078E-01, -4.361026374286E-01,
  1.379500602478E-01, -4.252306293288E-01,
  1.370105856787E-01, -4.120452972872E-01,
  1.357472157626E-01, -3.985616697329E-01,
  1.362576478324E-01, -3.892540049684E-01,
  1.362871831786E-01, -3.736715470485E-01,
  1.378550677490E-01, -3.618545590160E-01,
  1.373855277964E-01, -3.482360265132E-01,
  1.365125958426E-01, -3.379714681787E-01,
  1.361181636664E-01, -3.266569031690E-01,
  1.370370062394E-01, -3.117371749148E-01,
  1.362821569705E-01, -2.991394664162E-01,
  1.386773532395E-01, -2.888910187617E-01,
  1.385164520625E-01, -2.755634738960E-01,
  1.371130301924E-01, -2.623432878739E-01,
  1.372806372734E-01, -2.482202316072E-01,
  1.393541955277E-01, -2.362146963235E-01,
  1.389193956448E-01, -2.237864602642E-01,
  1.360248421303E-01, -2.121889673736E-01,
  1.375212277090E-01, -1.999272796532E-01,
  1.379167225296E-01, -1.891051256606E-01,
  1.361743962037E-01, -1.742248891321E-01,
  1.378805210992E-01, -1.615767565463E-01,
  1.364838822325E-01, -1.482193537789E-01,
  1.361019586686E-01, -1.392032052850E-01,
  1.382575685574E-01, -1.239289338149E-01,
  1.386360849974E-01, -1.129007765131E-01,
  1.387907177655E-01, -9.894274522777E-02,
  1.366285749390E-01, -8.933290252111E-02,
  1.381333835427E-01, -7.471449236790E-02,
  1.389155475343E-01, -6.164692589119E-02,
  1.389803199830E-01, -4.916472586163E-02,
  1.381359199202E-01, -3.779254721932E-02,
  1.377315688264E-01, -2.432222640916E-02,
  1.380392976757E-01, -1.212626444113E-02,
  1.388723734730E-01,  1.150022321209E-03,
  1.362283159491E-01,  1.417950368438E-02,
  1.363676987779E-01,  2.354314326840E-02,
  1.365504658345E-01,  3.646297673349E-02,
  1.390826883672E-01,  4.814993055490E-02,
  1.388870895399E-01,  6.273897323103E-02,
  1.361913635617E-01,  7.467642659326E-02,
  1.365446184255E-01,  8.889633186241E-02,
  1.361057989125E-01,  9.911968319422E-02,
  1.360054558586E-01,  1.119637660686E-01,
  1.362745419442E-01,  1.243401680168E-01,
  1.380313017185E-01,  1.392987929034E-01,
  1.361364160869E-01,  1.499596775026E-01,
  1.367415403211E-01,  1.609667368375E-01,
  1.360184770821E-01,  1.739797194881E-01,
  1.388996126748E-01,  1.886534008409E-01,
  1.365125496003E-01,  2.015282745785E-01,
  1.370844764725E-01,  2.123799918265E-01,
  1.374222036948E-01,  2.249960403461E-01,
  1.388177366715E-01,  2.378385958888E-01,
  1.386170390564E-01,  2.487584693258E-01,
  1.366440226001E-01,  2.634723643405E-01,
  1.358270461962E-01,  2.739177677116E-01,
  1.380355274140E-01,  2.878117754275E-01,
  1.375260960414E-01,  2.985220622770E-01,
  1.359234266517E-01,  3.133159586654E-01,
  1.358704952937E-01,  3.236930251229E-01,
  1.364682425242E-01,  3.382263175983E-01,
  1.360589676178E-01,  3.503080950641E-01,
  1.386553894066E-01,  3.609036187814E-01,
  1.378044767996E-01,  3.746637700053E-01,
  1.383905736635E-01,  3.858991699465E-01,
  1.386226071063E-01,  4.006308062862E-01,
  1.369153035785E-01,  4.119846073271E-01,
  1.390911090140E-01,  4.250858102822E-01,
  1.360378854309E-01,  4.388126027497E-01,
  1.389792943455E-01,  4.506728411081E-01,
  1.371218000075E-01,  4.606333004797E-01,
  1.383397958608E-01,  4.741440891585E-01,
  1.377228453175E-01,  4.870718248501E-01,
  1.362607928785E-01,  5.016542338379E-01,
  1.496442364011E-01, -5.008006525813E-01,
  1.489189541844E-01, -4.884726055363E-01,
  1.515379270680E-01, -4.756083420531E-01,
  1.510848340558E-01, -4.611089451986E-01,
  1.507673065079E-01, -4.513933149270E-01,
  1.482524092965E-01, -4.389682298964E-01,
  1.504544173734E-01, -4.247211427143E-01,
  1.504881363006E-01, -4.106331982579E-01,
  1.493712544096E-01, -4.018485020023E-01,
  1.516506326494E-01, -3.871590168093E-01,
  1.516625909873E-01, -3.748713387548E-01,
  1.501279314102E-01, -3.610255752619E-01,
  1.517094760151E-01, -3.497347529380E-01,
  1.496866078080E-01, -3.392948621958E-01,
  1.505950719129E-01, -3.258126839485E-01,
  1.481571864892E-01, -3.119453935020E-01,
  1.498144675585E-01, -3.000927514200E-01,
  1.488783028499E-01, -2.874548030173E-01,
  1.500242276629E-01, -2.759304660609E-01,
  1.509651697385E-01, -2.633579985065E-01,
  1.500787851512E-01, -2.483590460433E-01,
  1.500066585358E-01, -2.364921590986E-01,
  1.514444325249E-01, -2.249691998345E-01,
  1.513058410147E-01, -2.119326071068E-01,
  1.507715074170E-01, -1.993387842218E-01,
  1.505544365034E-01, -1.880413187723E-01,
  1.505596997488E-01, -1.762483551976E-01,
  1.504660890387E-01, -1.624309145795E-01,
  1.487665735679E-01, -1.494944219674E-01,
  1.503610929852E-01, -1.380110374793E-01,
  1.488114792519E-01, -1.231407922237E-01,
  1.482268970811E-01, -1.142605232982E-01,
  1.490227952863E-01, -1.002328069653E-01,
  1.485303626892E-01, -8.613750481164E-02,
  1.500486992413E-01, -7.459677919821E-02,
  1.505731659597E-01, -6.313973692421E-02,
  1.492104526125E-01, -5.046709179563E-02,
  1.493067162031E-01, -3.717253829840E-02,
  1.513327475941E-01, -2.374079644082E-02,
  1.483392480364E-01, -1.324753903749E-02,
  1.490100566206E-01,  3.999061300657E-04,
  1.482894468588E-01,  1.168024104982E-02,
  1.512009409845E-01,  2.461205286363E-02,
  1.503646527345E-01,  3.711714530819E-02,
  1.481685725273E-01,  4.823832651193E-02,
  1.512110039015E-01,  6.207981901697E-02,
  1.510660639401E-01,  7.595908439585E-02,
  1.513157370675E-01,  8.833022941519E-02,
  1.508658074185E-01,  1.002148866650E-01,
  1.504618305299E-01,  1.112857012658E-01,
  1.518288645487E-01,  1.259241126399E-01,
  1.508446137567E-01,  1.358850625467E-01,
  1.516352569417E-01,  1.500680311549E-01,
  1.499771975903E-01,  1.610880737106E-01,
  1.513253980810E-01,  1.768443310840E-01,
  1.489210026041E-01,  1.884164339579E-01,
  1.503691059024E-01,  2.016160588763E-01,
  1.489557706127E-01,  2.130180421175E-01,
  1.504636354732E-01,  2.247811095946E-01,
  1.514626791583E-01,  2.379317816268E-01,
  1.485238219612E-01,  2.490218389580E-01,
  1.491404128338E-01,  2.635268980415E-01,
  1.498776110586E-01,  2.735090800285E-01,
  1.488103225161E-01,  2.858411315552E-01,
  1.512494320234E-01,  3.002809718609E-01,
  1.518362629730E-01,  3.114599949010E-01,
  1.497423570079E-01,  3.235960402767E-01,
  1.511867504843E-01,  3.361739593117E-01,
  1.514747312311E-01,  3.493480185439E-01,
  1.483513325551E-01,  3.638102225924E-01,
  1.482985066232E-01,  3.747737125899E-01,
  1.516762474458E-01,  3.887700814120E-01,
  1.495701841706E-01,  3.985801645713E-01,
  1.509103014294E-01,  4.107475731615E-01,
  1.502132604292E-01,  4.256358400502E-01,
  1.505125482273E-01,  4.367603750934E-01,
  1.482504073214E-01,  4.517094804092E-01,
  1.489427852863E-01,  4.637609284499E-01,
  1.499294649236E-01,  4.766342714235E-01,
  1.482994977436E-01,  4.858716619085E-01,
  1.486306140016E-01,  4.981648018912E-01,
  1.620915367607E-01, -4.990979563316E-01,
  1.637954267055E-01, -4.864221362363E-01,
  1.606997398570E-01, -4.745961491548E-01,
  1.610517022752E-01, -4.618068444194E-01,
  1.637858141401E-01, -4.483613006770E-01,
  1.619751201966E-01, -4.377876680169E-01,
  1.643388560818E-01, -4.234503629929E-01,
  1.612710791763E-01, -4.111127058217E-01,
  1.631991420587E-01, -4.000630080702E-01,
  1.617589843907E-01, -3.876232721304E-01,
  1.617656538777E-01, -3.750344112724E-01,
  1.608685553983E-01, -3.642644997254E-01,
  1.642012534785E-01, -3.481413478818E-01,
  1.618970858825E-01, -3.369525501678E-01,
  1.619767004001E-01, -3.240285712991E-01,
  1.631672187720E-01, -3.109093330446E-01,
  1.625809683854E-01, -2.989773381738E-01,
  1.642708478567E-01, -2.857733400068E-01,
  1.640363313745E-01, -2.739735487683E-01,
  1.625403484717E-01, -2.631165901201E-01,
  1.622948856145E-01, -2.504799949091E-01,
  1.620935282416E-01, -2.366862542989E-01,
  1.609611237861E-01, -2.254718460746E-01,
  1.637745420621E-01, -2.133554547833E-01,
  1.611192907204E-01, -1.985142498094E-01,
  1.614405728209E-01, -1.876043405077E-01,
  1.616265188533E-01, -1.744771132348E-01,
  1.613822948763E-01, -1.615777473164E-01,
  1.627862523547E-01, -1.503558259771E-01,
  1.632950829543E-01, -1.371765766708E-01,
  1.616810141851E-01, -1.252283301058E-01,
  1.607671703126E-01, -1.133845392378E-01,
  1.628748487468E-01, -9.940798198091E-02,
  1.630453110903E-01, -8.645148785716E-02,
  1.636603157288E-01, -7.566659211206E-02,
  1.637875346018E-01, -6.423501216088E-02,
  1.631399169143E-01, -5.057553108438E-02,
  1.626528618435E-01, -3.772222018880E-02,
  1.635651533248E-01, -2.573473436841E-02,
  1.639585995605E-01, -1.080222111078E-02,
  1.635702480648E-01,  1.487616498842E-04,
  1.616324635365E-01,  1.165893203665E-02,
  1.611743433151E-01,  2.641176030403E-02,
  1.639042162762E-01,  3.672304193579E-02,
  1.634216980544E-01,  4.896897505583E-02,
  1.641703578936E-01,  6.356362959293E-02,
  1.620468705454E-01,  7.576277295118E-02,
  1.636787683490E-01,  8.773950432407E-02,
  1.608559886270E-01,  9.875820088875E-02,
  1.622192158646E-01,  1.129096488212E-01,
  1.642157373828E-01,  1.236777780906E-01,
  1.629147967919E-01,  1.372762200303E-01,
  1.606662217641E-01,  1.508922608163E-01,
  1.612743554301E-01,  1.639811096794E-01,
  1.626456164067E-01,  1.742678983535E-01,
  1.613698664012E-01,  1.864029247172E-01,
  1.631208169826E-01,  2.012302285568E-01,
  1.631090680653E-01,  2.124445987107E-01,
  1.638877547549E-01,  2.236835153798E-01,
  1.613051542394E-01,  2.391545869781E-01,
  1.634694511234E-01,  2.489445724985E-01,
  1.632628539290E-01,  2.633074361888E-01,
  1.607773372347E-01,  2.732406290976E-01,
  1.627699957666E-01,  2.878740317659E-01,
  1.630455887994E-01,  2.995528959180E-01,
  1.623055619544E-01,  3.114237653594E-01,
  1.617720117243E-01,  3.239408377003E-01,
  1.642952805471E-01,  3.361270325670E-01,
  1.634922692436E-01,  3.503003428545E-01,
  1.624137128524E-01,  3.643654277471E-01,
  1.625949797256E-01,  3.754593047311E-01,
  1.641769688241E-01,  3.862869759260E-01,
  1.627374625512E-01,  4.008639823649E-01,
  1.639115745588E-01,  4.140377600276E-01,
  1.613343366962E-01,  4.245610013853E-01,
  1.621123197843E-01,  4.358418360379E-01,
  1.636381846136E-01,  4.496016831959E-01,
  1.607950953262E-01,  4.643555791328E-01,
  1.641741109981E-01,  4.762765232571E-01,
  1.639319863207E-01,  4.878571086145E-01,
  1.621745640991E-01,  4.992176846628E-01,
  1.759671142306E-01, -4.989764332894E-01,
  1.743319420350E-01, -4.858735336266E-01,
  1.762344316003E-01, -4.761064235568E-01,
  1.740999605110E-01, -4.636438542498E-01,
  1.760241714888E-01, -4.510489896870E-01,
  1.745506163340E-01, -4.358130498066E-01,
  1.739795850030E-01, -4.262607395516E-01,
  1.764621491196E-01, -4.130411663330E-01,
  1.741954973665E-01, -3.985185098698E-01,
  1.752772896086E-01, -3.875857883356E-01,
  1.740600149273E-01, -3.744211090742E-01,
  1.767822228475E-01, -3.608317989668E-01,
  1.737390902125E-01, -3.503233600693E-01,
  1.740596124887E-01, -3.380624316526E-01,
  1.740488948511E-01, -3.236454146438E-01,
  1.739293463116E-01, -3.130015755591E-01,
  1.761181954032E-01, -2.998261205207E-01,
  1.762845140787E-01, -2.867677788113E-01,
  1.757334218276E-01, -2.744674872238E-01,
  1.758564136888E-01, -2.617246168826E-01,
  1.734843790476E-01, -2.517518267916E-01,
  1.756956051527E-01, -2.383990973623E-01,
  1.739744543341E-01, -2.261890293963E-01,
  1.756093582297E-01, -2.134715402102E-01,
  1.735359149171E-01, -1.982236026505E-01,
  1.737675695700E-01, -1.884224002024E-01,
  1.764664592855E-01, -1.757185454059E-01,
  1.766838731134E-01, -1.623118905965E-01,
  1.767809833588E-01, -1.513782340625E-01,
  1.751610570475E-01, -1.375422438966E-01,
  1.737191979353E-01, -1.266769708657E-01,
  1.752500689405E-01, -1.116324704685E-01,
  1.745561496788E-01, -1.018263822739E-01,
  1.755082921907E-01, -8.771151652776E-02,
  1.751632764254E-01, -7.357446270879E-02,
  1.767240281862E-01, -6.123767615672E-02,
  1.750885493670E-01, -5.106031187950E-02,
  1.733168459940E-01, -3.899857532710E-02,
  1.750581426305E-01, -2.677228155860E-02,
  1.738031305779E-01, -1.275558715754E-02,
  1.756075659171E-01, -2.620751713040E-04,
  1.764135462613E-01,  1.353739697568E-02,
  1.755195904459E-01,  2.433869287935E-02,
  1.756540045285E-01,  3.682462204349E-02,
  1.745112406742E-01,  5.026877218983E-02,
  1.748841768353E-01,  6.321354955918E-02,
  1.748844332961E-01,  7.595841615736E-02,
  1.733417942927E-01,  8.771606430599E-02,
  1.766703217345E-01,  9.858380865753E-02,
  1.751154875174E-01,  1.115223690833E-01,
  1.741211254248E-01,  1.237449146668E-01,
  1.762359985816E-01,  1.386129754309E-01,
  1.740678557432E-01,  1.483710533815E-01,
  1.757445149604E-01,  1.613386872183E-01,
  1.759536925523E-01,  1.744288966564E-01,
  1.766270343963E-01,  1.883777539428E-01,
  1.736071680785E-01,  2.008324530297E-01,
  1.752610250022E-01,  2.121760991084E-01,
  1.757610319551E-01,  2.261358765206E-01,
  1.758354343623E-01,  2.378154927654E-01,
  1.763330437158E-01,  2.499989150770E-01,
  1.751377540440E-01,  2.614354829986E-01,
  1.751850318758E-01,  2.762110616936E-01,
  1.744053730419E-01,  2.870990723646E-01,
  1.733506349111E-01,  2.984716233990E-01,
  1.761339255560E-01,  3.121823964394E-01,
  1.753440455817E-01,  3.240334781452E-01,
  1.764680433752E-01,  3.377827220256E-01,
  1.754644088866E-01,  3.496998704621E-01,
  1.752850988446E-01,  3.611919834940E-01,
  1.762389970101E-01,  3.755865962521E-01,
  1.748971322543E-01,  3.857750319624E-01,
  1.749908130946E-01,  3.981777661385E-01,
  1.749612917532E-01,  4.119252610581E-01,
  1.763953006720E-01,  4.254283105230E-01,
  1.750391018086E-01,  4.378785316695E-01,
  1.738459715449E-01,  4.506008996831E-01,
  1.744878345041E-01,  4.627704099415E-01,
  1.755896552383E-01,  4.744002992415E-01,
  1.738381824370E-01,  4.863784416911E-01,
  1.731927124333E-01,  5.012767288992E-01,
  1.893603389739E-01, -5.018071864916E-01,
  1.865706228274E-01, -4.872126454230E-01,
  1.856877335953E-01, -4.744614668328E-01,
  1.859558421629E-01, -4.627771010541E-01,
  1.882721636410E-01, -4.507123587382E-01,
  1.864960942474E-01, -4.382824687673E-01,
  1.882625437831E-01, -4.241036886798E-01,
  1.856790188511E-01, -4.107728683665E-01,
  1.863534622020E-01, -3.992211588227E-01,
  1.876559149049E-01, -3.893169358796E-01,
  1.886812736696E-01, -3.759810149440E-01,
  1.888077499439E-01, -3.609215783647E-01,
  1.884849553509E-01, -3.491574317063E-01,
  1.876110870337E-01, -3.379737632013E-01,
  1.885237256113E-01, -3.266233823802E-01,
  1.881458116710E-01, -3.119723202815E-01,
  1.877132066698E-01, -3.002148918870E-01,
  1.856329514469E-01, -2.867515612462E-01,
  1.879204668480E-01, -2.761530511822E-01,
  1.878813121905E-01, -2.620281581972E-01,
  1.887435623294E-01, -2.511317637287E-01,
  1.865867729121E-01, -2.386954252751E-01,
  1.881373144672E-01, -2.244506426103E-01,
  1.884970997808E-01, -2.115313490176E-01,
  1.857767911681E-01, -2.017279848504E-01,
  1.893025225455E-01, -1.861302864668E-01,
  1.884162224957E-01, -1.754424858802E-01,
  1.869347320109E-01, -1.616208985802E-01,
  1.859052933226E-01, -1.510374544730E-01,
  1.867959051353E-01, -1.374265586637E-01,
  1.866449357649E-01, -1.246982217347E-01,
  1.889572895575E-01, -1.114644114933E-01,
  1.857099812938E-01, -1.006296797938E-01,
  1.887948171540E-01, -8.589085994283E-02,
  1.879349549238E-01, -7.349041538043E-02,
  1.859808523137E-01, -6.355401211209E-02,
  1.883058732327E-01, -4.853038541964E-02,
  1.866334454529E-01, -3.902332990235E-02,
  1.887305153319E-01, -2.559030692936E-02,
  1.881043005557E-01, -1.296190074995E-02,
  1.856436294723E-01,  1.931541565772E-04,
  1.861578138658E-01,  1.300712234444E-02,
  1.856497332887E-01,  2.650356845097E-02,
  1.865691935598E-01,  3.737512542882E-02,
  1.893682798794E-01,  4.827715170600E-02,
  1.887212866051E-01,  6.155456891216E-02,
  1.857367582289E-01,  7.459491720699E-02,
  1.890242809040E-01,  8.805921757616E-02,
  1.882276532525E-01,  9.882913639383E-02,
  1.869040263763E-01,  1.139610162165E-01,
  1.868335388057E-01,  1.232682062473E-01,
  1.891308675881E-01,  1.385539459421E-01,
  1.866791354618E-01,  1.503434290748E-01,
  1.886909344791E-01,  1.640898886077E-01,
  1.884246091513E-01,  1.768195292092E-01,
  1.883021737266E-01,  1.891425359475E-01,
  1.857458702644E-01,  1.983857983293E-01,
  1.870569914851E-01,  2.118382570738E-01,
  1.877969488984E-01,  2.251234475367E-01,
  1.889437503460E-01,  2.385195970773E-01,
  1.860827952706E-01,  2.498154776660E-01,
  1.880117396400E-01,  2.626985113406E-01,
  1.886569906579E-01,  2.745756278483E-01,
  1.862849769942E-01,  2.893545925903E-01,
  1.860681294063E-01,  2.999377294341E-01,
  1.861332138803E-01,  3.129211906289E-01,
  1.879434055147E-01,  3.234889682388E-01,
  1.879432882906E-01,  3.367426099373E-01,
  1.858919350205E-01,  3.507028705332E-01,
  1.877303661279E-01,  3.634073597876E-01,
  1.862099364030E-01,  3.741682966142E-01,
  1.870961342091E-01,  3.882839308314E-01,
  1.861413619639E-01,  4.004917731717E-01,
  1.874187952904E-01,  4.109160283260E-01,
  1.874934817318E-01,  4.238251811730E-01,
  1.861051749453E-01,  4.358452642963E-01,
  1.871529766630E-01,  4.513669451555E-01,
  1.886613199388E-01,  4.634611288760E-01,
  1.862241610105E-01,  4.736711973838E-01,
  1.891146185517E-01,  4.883201920686E-01,
  1.858660713076E-01,  4.981401314997E-01,
  1.995717762253E-01, -5.002797012796E-01,
  2.003203835344E-01, -4.880111347275E-01,
  2.001126543943E-01, -4.738150148149E-01,
  1.991461229830E-01, -4.606495182969E-01,
  1.991949989688E-01, -4.495891741348E-01,
  2.016817159107E-01, -4.363936801190E-01,
  2.000912079945E-01, -4.257350840127E-01,
  2.012677068132E-01, -4.108969466201E-01,
  2.003379219808E-01, -4.006411433437E-01,
  1.990838942911E-01, -3.879827484116E-01,
  2.000603374608E-01, -3.740813803369E-01,
  2.017113932723E-01, -3.610154421040E-01,
  2.003104122456E-01, -3.505988015199E-01,
  1.997228546823E-01, -3.391176929880E-01,
  1.987963677453E-01, -3.240147672488E-01,
  2.005578220510E-01, -3.125925129017E-01,
  1.996438885664E-01, -2.983672541613E-01,
  1.986159723534E-01, -2.889515615104E-01,
  1.996650711203E-01, -2.731318345385E-01,
  2.009134848280E-01, -2.643680864500E-01,
  2.006688144481E-01, -2.500637210860E-01,
  1.999106380405E-01, -2.380487770493E-01,
  2.011691322058E-01, -2.258162025795E-01,
  1.982709995477E-01, -2.134668895698E-01,
  2.015409766190E-01, -1.988783968783E-01,
  1.994746361205E-01, -1.876476243148E-01,
  2.000704684058E-01, -1.741655736779E-01,
  2.011712365665E-01, -1.633719930454E-01,
  2.018215056195E-01, -1.502609144186E-01,
  2.005251115571E-01, -1.385004271638E-01,
  1.993582975399E-01, -1.257725643612E-01,
  1.992510013751E-01, -1.115485686462E-01,
  1.989048244155E-01, -9.918951763391E-02,
  1.995474631251E-01, -8.757705276143E-02,
  1.989542552928E-01, -7.532889006559E-02,
  1.985826627866E-01, -6.137004083593E-02,
  1.983149334229E-01, -5.030211492277E-02,
  2.014710993577E-01, -3.751701889578E-02,
  2.005397139831E-01, -2.426161754405E-02,
  1.995807220089E-01, -1.292020884663E-02,
  2.016452332995E-01, -1.244006000111E-03,
  2.001782993426E-01,  1.346033361028E-02,
  2.007503838070E-01,  2.635972912285E-02,
  2.015605537801E-01,  3.837897083108E-02,
  2.007946450883E-01,  5.138643216049E-02,
  2.005327988212E-01,  6.292069457089E-02,
  1.982211952555E-01,  7.528629390239E-02,
  1.983791145396E-01,  8.776894675820E-02,
  2.004052959496E-01,  1.016864733697E-01,
  2.007716893300E-01,  1.118514078381E-01,
  1.995840058902E-01,  1.253568234212E-01,
  1.991085428697E-01,  1.380524499485E-01,
  1.994935841411E-01,  1.491770183328E-01,
  1.995632821372E-01,  1.618634184942E-01,
  1.988178200120E-01,  1.760254783179E-01,
  1.983991014401E-01,  1.858874021956E-01,
  2.000972892513E-01,  1.999656757452E-01,
  1.983817920489E-01,  2.135095034037E-01,
  1.998490025249E-01,  2.236643852277E-01,
  2.004089841078E-01,  2.356835594233E-01,
  2.011223583956E-01,  2.498300361066E-01,
  2.013708038687E-01,  2.609641671462E-01,
  1.989545099328E-01,  2.744844393073E-01,
  1.981830211824E-01,  2.874212993114E-01,
  1.992801940739E-01,  3.010633530423E-01,
  1.982681172176E-01,  3.115532842154E-01,
  2.009631574564E-01,  3.236994947497E-01,
  2.011723615566E-01,  3.371355471583E-01,
  2.009374855197E-01,  3.495514205544E-01,
  1.997365122836E-01,  3.623302354025E-01,
  1.993392955596E-01,  3.748002075856E-01,
  2.001020647774E-01,  3.891859002009E-01,
  2.008179069092E-01,  4.005909558361E-01,
  1.998028985361E-01,  4.113694567827E-01,
  1.994835965741E-01,  4.262518037565E-01,
  1.981474905678E-01,  4.382693473755E-01,
  2.003287229750E-01,  4.491820702902E-01,
  2.004023275629E-01,  4.611840191657E-01,
  2.008592424343E-01,  4.731828362461E-01,
  2.018251900327E-01,  4.885503747372E-01,
  2.013070088982E-01,  4.999757953574E-01,
  2.137974210665E-01, -4.997206378502E-01,
  2.113481340402E-01, -4.885468200941E-01,
  2.142506511858E-01, -4.764870838123E-01,
  2.123316366187E-01, -4.618448430897E-01,
  2.128965477815E-01, -4.516782718316E-01,
  2.124452191519E-01, -4.369886651652E-01,
  2.113624886927E-01, -4.266418589560E-01,
  2.136106851238E-01, -4.118752663219E-01,
  2.110434045451E-01, -3.986583750895E-01,
  2.106573979709E-01, -3.872530626146E-01,
  2.134336769306E-01, -3.751854637473E-01,
  2.128774640871E-01, -3.628026841587E-01,
  2.130637071115E-01, -3.506641832393E-01,
  2.119716981580E-01, -3.378812887265E-01,
  2.108498649397E-01, -3.235325002971E-01,
  2.108878398501E-01, -3.117424245307E-01,
  2.129649531667E-01, -2.993160342602E-01,
  2.143104433484E-01, -2.870958733030E-01,
  2.113051014079E-01, -2.755043861493E-01,
  2.107987579377E-01, -2.611767786552E-01,
  2.116740942851E-01, -2.518561152239E-01,
  2.130824839287E-01, -2.384775259992E-01,
  2.130918739121E-01, -2.261249694229E-01,
  2.136798598482E-01, -2.121593292215E-01,
  2.129168539996E-01, -2.015598292349E-01,
  2.119846642672E-01, -1.886635711833E-01,
  2.116974213593E-01, -1.764546277665E-01,
  2.107997962934E-01, -1.606959190634E-01,
  2.129652524391E-01, -1.503283865615E-01,
  2.134703609531E-01, -1.393558219800E-01,
  2.115105964026E-01, -1.257540696362E-01,
  2.141859445735E-01, -1.130377708174E-01,
  2.112523947894E-01, -1.011845985116E-01,
  2.115627912276E-01, -8.602460053216E-02,
  2.116817641896E-01, -7.626616426843E-02,
  2.114331875444E-01, -6.284082645379E-02,
  2.125824495067E-01, -5.023995090004E-02,
  2.124162608142E-01, -3.819310048524E-02,
  2.140266372594E-01, -2.661530546687E-02,
  2.127665464139E-01, -1.211536702159E-02,
  2.136738221093E-01,  1.273910480834E-03,
  2.141011083766E-01,  1.334976696095E-02,
  2.111470895221E-01,  2.333352206720E-02,
  2.136667395064E-01,  3.702717901938E-02,
  2.136012420406E-01,  4.997519425645E-02,
  2.139507008151E-01,  6.288612878002E-02,
  2.114972057913E-01,  7.526322254471E-02,
  2.138273129270E-01,  8.591525952673E-02,
  2.135357027046E-01,  9.886171119559E-02,
  2.106346859394E-01,  1.120610774544E-01,
  2.114614662850E-01,  1.238749179611E-01,
  2.141194657319E-01,  1.379798435477E-01,
  2.106863545080E-01,  1.501921142156E-01,
  2.107775303537E-01,  1.632641272077E-01,
  2.108224564600E-01,  1.746621302402E-01,
  2.116591070711E-01,  1.862565535861E-01,
  2.124017467734E-01,  1.997774300287E-01,
  2.112197795930E-01,  2.121783822003E-01,
  2.138246754296E-01,  2.250482428050E-01,
  2.113851647921E-01,  2.387615213345E-01,
  2.138379310133E-01,  2.513836292761E-01,
  2.139423940508E-01,  2.642092962767E-01,
  2.136699714661E-01,  2.736577095001E-01,
  2.118644788813E-01,  2.865183659514E-01,
  2.107598909924E-01,  2.983485743859E-01,
  2.124797365951E-01,  3.141371534724E-01,
  2.126030836095E-01,  3.233431879840E-01,
  2.134570299980E-01,  3.376121937893E-01,
  2.130930141423E-01,  3.516203450012E-01,
  2.118087384669E-01,  3.629016371998E-01,
  2.136074926549E-01,  3.737929251311E-01,
  2.107840331453E-01,  3.862241386686E-01,
  2.132464966652E-01,  4.001075694297E-01,
  2.136288263510E-01,  4.111148889480E-01,
  2.126362248710E-01,  4.242352304397E-01,
  2.135782468875E-01,  4.358721992550E-01,
  2.118420889599E-01,  4.497900243555E-01,
  2.111261605004E-01,  4.612631064521E-01,
  2.126262217968E-01,  4.758072939567E-01,
  2.138847882552E-01,  4.863277731296E-01,
  2.141253033715E-01,  4.993285284222E-01,
  2.231495312889E-01, -4.990146041934E-01,
  2.250937679589E-01, -4.884358115848E-01,
  2.262109053294E-01, -4.742769433723E-01,
  2.263782041923E-01, -4.612106864988E-01,
  2.246024520686E-01, -4.481456141654E-01,
  2.259595124888E-01, -4.378739601377E-01,
  2.248297670203E-01, -4.234932117005E-01,
  2.266775588649E-01, -4.126812831181E-01,
  2.242547268418E-01, -4.007756287513E-01,
  2.232796140312E-01, -3.864632879462E-01,
  2.250748965930E-01, -3.749683389283E-01,
  2.239166762961E-01, -3.624088748967E-01,
  2.257708251792E-01, -3.494984019917E-01,
  2.266330572022E-01, -3.385375933000E-01,
  2.264039468800E-01, -3.245410865274E-01,
  2.259207664145E-01, -3.135846179691E-01,
  2.254960320182E-01, -3.003697013546E-01,
  2.267935177755E-01, -2.891367700466E-01,
  2.242190483820E-01, -2.750635584906E-01,
  2.234310271485E-01, -2.641589080224E-01,
  2.241225321216E-01, -2.483363669333E-01,
  2.268027581628E-01, -2.358649837702E-01,
  2.262060084987E-01, -2.268329906988E-01,
  2.234149672397E-01, -2.106855324793E-01,
  2.262400754015E-01, -1.997130176707E-01,
  2.259430818144E-01, -1.882349846081E-01,
  2.258394356811E-01, -1.749303819626E-01,
  2.243181150819E-01, -1.614356216510E-01,
  2.258961530658E-01, -1.511483529466E-01,
  2.249786110552E-01, -1.370812776627E-01,
  2.243590197024E-01, -1.258920720249E-01,
  2.233131873241E-01, -1.125237964048E-01,
  2.260571644277E-01, -9.832991311911E-02,
  2.241389254727E-01, -8.611293645945E-02,
  2.265080076445E-01, -7.538871325749E-02,
  2.255209061455E-01, -6.092916029523E-02,
  2.248714544567E-01, -5.149627364669E-02,
  2.265138420587E-01, -3.859581855669E-02,
  2.253116149888E-01, -2.380048029381E-02,
  2.259396404859E-01, -1.128669366274E-02,
  2.265400050223E-01,  7.795298190102E-04,
  2.241192450382E-01,  1.088200873023E-02,
  2.252711392458E-01,  2.312242995644E-02,
  2.261251811439E-01,  3.773551362348E-02,
  2.236143613475E-01,  4.867063787371E-02,
  2.237371654391E-01,  6.108942612410E-02,
  2.235751025868E-01,  7.387021015533E-02,
  2.251166922475E-01,  8.675961757652E-02,
  2.244391634864E-01,  9.886002803430E-02,
  2.239173271448E-01,  1.143646106064E-01,
  2.233502407693E-01,  1.240593012594E-01,
  2.249187521209E-01,  1.386051485454E-01,
  2.244716211377E-01,  1.505625768588E-01,
  2.244902363926E-01,  1.609316284901E-01,
  2.266589643009E-01,  1.740006849882E-01,
  2.251685082249E-01,  1.868169840915E-01,
  2.267686756270E-01,  2.017851807564E-01,
  2.256471246261E-01,  2.125608595777E-01,
  2.240471878550E-01,  2.261005209953E-01,
  2.236265540120E-01,  2.376235658283E-01,
  2.233016060753E-01,  2.487481584553E-01,
  2.249483346340E-01,  2.623344090246E-01,
  2.267922099753E-01,  2.745208843553E-01,
  2.248107025199E-01,  2.871322560593E-01,
  2.254743698709E-01,  2.994116495384E-01,
  2.239848125314E-01,  3.137678125240E-01,
  2.253557293559E-01,  3.249816224193E-01,
  2.244467838743E-01,  3.386449013405E-01,
  2.248833740430E-01,  3.499027330360E-01,
  2.261961669362E-01,  3.625525772967E-01,
  2.242112349162E-01,  3.745207487556E-01,
  2.249313337984E-01,  3.864912599265E-01,
  2.259239333361E-01,  4.010251033382E-01,
  2.241421327919E-01,  4.125291151242E-01,
  2.255612903535E-01,  4.241519256943E-01,
  2.241362186433E-01,  4.361542875735E-01,
  2.252523382021E-01,  4.518694808536E-01,
  2.255596671549E-01,  4.610165192573E-01,
  2.250264058191E-01,  4.745075525952E-01,
  2.238931060239E-01,  4.886720581515E-01,
  2.248902190930E-01,  4.985717657768E-01,
  2.390889716132E-01, -4.998519869814E-01,
  2.370116390880E-01, -4.889020583612E-01,
  2.378292939522E-01, -4.739127032927E-01,
  2.383281465289E-01, -4.627186189258E-01,
  2.380408104183E-01, -4.504455412163E-01,
  2.382592239699E-01, -4.360658323771E-01,
  2.391766617340E-01, -4.251486829598E-01,
  2.363391712301E-01, -4.139704424712E-01,
  2.368296326486E-01, -3.989264946714E-01,
  2.370807964290E-01, -3.884876903760E-01,
  2.373300056387E-01, -3.744030055125E-01,
  2.363940069567E-01, -3.615116387135E-01,
  2.391275375351E-01, -3.508862132495E-01,
  2.364811908031E-01, -3.371342216161E-01,
  2.367953794322E-01, -3.268084418760E-01,
  2.360125168675E-01, -3.122953880246E-01,
  2.376559668261E-01, -2.983100619319E-01,
  2.363080959130E-01, -2.857594077007E-01,
  2.366000201802E-01, -2.743949222524E-01,
  2.384591843181E-01, -2.631637933550E-01,
  2.359410963928E-01, -2.515327602136E-01,
  2.380946514250E-01, -2.383068847913E-01,
  2.387556063709E-01, -2.248606442141E-01,
  2.369234082969E-01, -2.113652429356E-01,
  2.382317757018E-01, -2.011416434953E-01,
  2.377043987189E-01, -1.880893909187E-01,
  2.371942689594E-01, -1.740937788606E-01,
  2.374739311419E-01, -1.616408180501E-01,
  2.383755768271E-01, -1.517054632254E-01,
  2.390269750675E-01, -1.391472384024E-01,
  2.369597100498E-01, -1.265719773370E-01,
  2.364215142251E-01, -1.134763666833E-01,
  2.376738222514E-01, -9.911800988992E-02,
  2.386226445597E-01, -8.584002958302E-02,
  2.365673149568E-01, -7.659959423738E-02,
  2.388448688286E-01, -6.390103785642E-02,
  2.372136491149E-01, -4.908903672180E-02,
  2.381347052439E-01, -3.765386485248E-02,
  2.366655523416E-01, -2.358393410514E-02,
  2.385146218178E-01, -1.398956090924E-02,
  2.360798654090E-01, -1.297255251990E-03,
  2.380567810787E-01,  1.304626772799E-02,
  2.384579513343E-01,  2.525531678000E-02,
  2.377643907308E-01,  3.641911351013E-02,
  2.386557232821E-01,  5.049699984335E-02,
  2.373440233414E-01,  6.266571081553E-02,
  2.374811146826E-01,  7.655311616858E-02,
  2.368819573892E-01,  8.566101701315E-02,
  2.367923620984E-01,  1.016828384050E-01,
  2.390641376534E-01,  1.117418553053E-01,
  2.376421457311E-01,  1.234437937679E-01,
  2.386860832034E-01,  1.383154715081E-01,
  2.390649944648E-01,  1.515636806757E-01,
  2.363177111361E-01,  1.628122992464E-01,
  2.391989097395E-01,  1.754660855987E-01,
  2.390990495915E-01,  1.892322943845E-01,
  2.363676946791E-01,  2.016024981618E-01,
  2.357303684595E-01,  2.116889801718E-01,
  2.363506304871E-01,  2.267335913529E-01,
  2.365044425980E-01,  2.369169908176E-01,
  2.367016560100E-01,  2.487208123249E-01,
  2.391244423499E-01,  2.620044038374E-01,
  2.364408028552E-01,  2.738454663910E-01,
  2.378679296917E-01,  2.863890552141E-01,
  2.383589180585E-01,  3.008102167437E-01,
  2.386614168435E-01,  3.113657710187E-01,
  2.378983639053E-01,  3.235303828067E-01,
  2.360026676979E-01,  3.366084636850E-01,
  2.363206329036E-01,  3.493345792469E-01,
  2.389503911491E-01,  3.641288744047E-01,
  2.380035820951E-01,  3.759106423190E-01,
  2.390775402602E-01,  3.891599419668E-01,
  2.367930892475E-01,  3.993091780832E-01,
  2.383026027313E-01,  4.125800145851E-01,
  2.376694455907E-01,  4.267527397870E-01,
  2.359087996992E-01,  4.359464382601E-01,
  2.357097594574E-01,  4.484703271229E-01,
  2.369115009065E-01,  4.642368526487E-01,
  2.368457057083E-01,  4.751844092379E-01,
  2.390997646801E-01,  4.890818021006E-01,
  2.386725257216E-01,  5.000893339484E-01,
  2.498139908189E-01, -5.007956080503E-01,
  2.497594938161E-01, -4.860805656193E-01,
  2.509240706090E-01, -4.761926174429E-01,
  2.515622209555E-01, -4.623088764602E-01,
  2.517397255252E-01, -4.512336713795E-01,
  2.501167678505E-01, -4.372897909739E-01,
  2.512507264437E-01, -4.237848841771E-01,
  2.489683033610E-01, -4.120860806526E-01,
  2.487355524900E-01, -3.988302951738E-01,
  2.507352214340E-01, -3.859888409967E-01,
  2.493252616254E-01, -3.759831983097E-01,
  2.499383534317E-01, -3.640070532428E-01,
  2.488220311329E-01, -3.496879878512E-01,
  2.504818906870E-01, -3.369044060020E-01,
  2.511495147187E-01, -3.231484481522E-01,
  2.482397637748E-01, -3.141249645446E-01,
  2.498567134833E-01, -3.018804417203E-01,
  2.483139423380E-01, -2.887309313382E-01,
  2.481928739141E-01, -2.768627654051E-01,
  2.488025273397E-01, -2.609946219768E-01,
  2.512429653861E-01, -2.500428363419E-01,
  2.491465752475E-01, -2.372867748533E-01,
  2.495248190638E-01, -2.255786252926E-01,
  2.503222656906E-01, -2.128930478203E-01,
  2.493223659359E-01, -2.012011522724E-01,
  2.504765725368E-01, -1.878099784767E-01,
  2.510682717387E-01, -1.765958067534E-01,
  2.489712049158E-01, -1.619878251648E-01,
  2.498418604142E-01, -1.514180359551E-01,
  2.486930422002E-01, -1.386382421149E-01,
  2.500498461067E-01, -1.232681058809E-01,
  2.502711713376E-01, -1.137375801716E-01,
  2.502225445618E-01, -1.005783739187E-01,
  2.510783701903E-01, -8.755406491877E-02,
  2.518674811614E-01, -7.316901869855E-02,
  2.492298739517E-01, -6.304227702717E-02,
  2.504720664447E-01, -5.046968019616E-02,
  2.502539544191E-01, -3.672604902287E-02,
  2.513331326867E-01, -2.405790151779E-02,
  2.490143844141E-01, -1.124971854538E-02,
  2.499529127905E-01, -9.526069991654E-04,
  2.510520303544E-01,  1.110705339231E-02,
  2.511265643086E-01,  2.395809213121E-02,
  2.516328473303E-01,  3.585305366640E-02,
  2.487297240739E-01,  4.827878683684E-02,
  2.481573551984E-01,  6.236393947314E-02,
  2.516897336926E-01,  7.381196908661E-02,
  2.513381536906E-01,  8.899059582848E-02,
  2.501835659009E-01,  1.014394928860E-01,
  2.515461161476E-01,  1.120028595368E-01,
  2.482235672877E-01,  1.252130701416E-01,
  2.493513229645E-01,  1.393409913696E-01,
  2.483768655129E-01,  1.485793300137E-01,
  2.485924317789E-01,  1.640938340244E-01,
  2.506223927152E-01,  1.762927546447E-01,
  2.492091965389E-01,  1.866440418043E-01,
  2.508552989196E-01,  1.991662512682E-01,
  2.517628239890E-01,  2.131396030555E-01,
  2.481260741646E-01,  2.245782178409E-01,
  2.500245748636E-01,  2.376101678363E-01,
  2.495499453270E-01,  2.515061825164E-01,
  2.493001523459E-01,  2.637814356562E-01,
  2.484570664716E-01,  2.764697101841E-01,
  2.502160946890E-01,  2.881837178514E-01,
  2.515441218614E-01,  3.001611707337E-01,
  2.507542262834E-01,  3.141041423615E-01,
  2.513167885065E-01,  3.253354845608E-01,
  2.482015633371E-01,  3.389164462940E-01,
  2.515521147973E-01,  3.491271690291E-01,
  2.494164217397E-01,  3.617511411594E-01,
  2.495584720085E-01,  3.766664177125E-01,
  2.511778345474E-01,  3.882102790512E-01,
  2.517902793783E-01,  3.992425199681E-01,
  2.506381593967E-01,  4.118734402978E-01,
  2.505605033565E-01,  4.262798862811E-01,
  2.488917931907E-01,  4.368438406267E-01,
  2.496214027550E-01,  4.485301119492E-01,
  2.499172363174E-01,  4.633410199210E-01,
  2.489107158454E-01,  4.734798403949E-01,
  2.500466758000E-01,  4.893746432076E-01,
  2.506141608451E-01,  5.011685591300E-01,
  2.627207984008E-01, -4.998319849640E-01,
  2.614315840745E-01, -4.886554057229E-01,
  2.612137136712E-01, -4.737441121013E-01,
  2.630495120649E-01, -4.610204925290E-01,
  2.624493942075E-01, -4.510003099220E-01,
  2.622585032487E-01, -4.363813760962E-01,
  2.630805393001E-01, -4.246561295853E-01,
  2.609334756029E-01, -4.110433943389E-01,
  2.636181919206E-01, -4.014850476030E-01,
  2.626937829068E-01, -3.868871832842E-01,
  2.617221977481E-01, -3.735151842169E-01,
  2.626628037625E-01, -3.635084344760E-01,
  2.607053011765E-01, -3.493434317980E-01,
  2.616648154181E-01, -3.387790127769E-01,
  2.629854028551E-01, -3.252188837309E-01,
  2.610948912502E-01, -3.130930886765E-01,
  2.632233232528E-01, -2.988206567800E-01,
  2.633231107313E-01, -2.862986364232E-01,
  2.612710117343E-01, -2.766995287367E-01,
  2.626473837541E-01, -2.617254728505E-01,
  2.609095017089E-01, -2.513678245019E-01,
  2.639878060236E-01, -2.393173220702E-01,
  2.609046479042E-01, -2.231605529098E-01,
  2.620143159343E-01, -2.128949503701E-01,
  2.607960539137E-01, -1.987532269427E-01,
  2.637753438427E-01, -1.877103201290E-01,
  2.621242712800E-01, -1.759520186404E-01,
  2.637280718245E-01, -1.627039478411E-01,
  2.625429809131E-01, -1.502622887955E-01,
  2.631540100258E-01, -1.359095442290E-01,
  2.636822289417E-01, -1.236241121355E-01,
  2.629363457722E-01, -1.131352051240E-01,
  2.625777218098E-01, -1.000188872674E-01,
  2.610126034954E-01, -8.585824282137E-02,
  2.629791023723E-01, -7.677223682796E-02,
  2.607393731973E-01, -6.140036849002E-02,
  2.621250785942E-01, -5.142203900448E-02,
  2.609262913982E-01, -3.857003743447E-02,
  2.636697430407E-01, -2.315154216905E-02,
  2.638675568164E-01, -1.141412454703E-02,
  2.643008651580E-01,  5.477155217675E-04,
  2.643001837191E-01,  1.361310109450E-02,
  2.619438398978E-01,  2.586892331058E-02,
  2.638441887781E-01,  3.826914077085E-02,
  2.643651169639E-01,  4.920109141953E-02,
  2.641772404354E-01,  6.142628678840E-02,
  2.616723857444E-01,  7.671358032843E-02,
  2.642216948397E-01,  8.837882727582E-02,
  2.641653377567E-01,  9.857555725204E-02,
  2.642231790735E-01,  1.113759661933E-01,
  2.606884473818E-01,  1.267320671417E-01,
  2.633921966378E-01,  1.371143581799E-01,
  2.636619540819E-01,  1.484601830070E-01,
  2.625889639883E-01,  1.634931519685E-01,
  2.632102785691E-01,  1.754393159997E-01,
  2.611454116315E-01,  1.868012280346E-01,
  2.635094679688E-01,  2.006658860717E-01,
  2.608728178737E-01,  2.114015394770E-01,
  2.637148079080E-01,  2.243946336254E-01,
  2.633854729832E-01,  2.377632046785E-01,
  2.631555395476E-01,  2.496320012230E-01,
  2.606706663747E-01,  2.621531496090E-01,
  2.628681923510E-01,  2.752939023723E-01,
  2.617887031015E-01,  2.889114760820E-01,
  2.624178389334E-01,  3.007252243034E-01,
  2.626954338303E-01,  3.126005731291E-01,
  2.632930030481E-01,  3.265341523020E-01,
  2.627217206877E-01,  3.379785699113E-01,
  2.609253392713E-01,  3.485976824882E-01,
  2.607874445361E-01,  3.641898645643E-01,
  2.610485815109E-01,  3.732033852008E-01,
  2.625896877889E-01,  3.887487792148E-01,
  2.630252870861E-01,  4.001504129126E-01,
  2.607114324930E-01,  4.112930922801E-01,
  2.612948323392E-01,  4.249522489789E-01,
  2.639654745617E-01,  4.391878081441E-01,
  2.611825028184E-01,  4.500308715127E-01,
  2.620538603035E-01,  4.616168207618E-01,
  2.635098870714E-01,  4.755018386999E-01,
  2.642020775987E-01,  4.889665302684E-01,
  2.616418786442E-01,  5.013490595927E-01,
  2.751747343672E-01, -5.010633596801E-01,
  2.744622538337E-01, -4.882724051301E-01,
  2.755006721322E-01, -4.763499997022E-01,
  2.754760554546E-01, -4.626376726154E-01,
  2.754178221705E-01, -4.500788673892E-01,
  2.763754619811E-01, -4.371898421643E-01,
  2.763545506062E-01, -4.243805857525E-01,
  2.750107942775E-01, -4.133434377798E-01,
  2.751239611050E-01, -4.009398432162E-01,
  2.754225066241E-01, -3.889879404841E-01,
  2.748157204394E-01, -3.767004272069E-01,
  2.760823632831E-01, -3.635647418200E-01,
  2.741720380143E-01, -3.511690609168E-01,
  2.742648295339E-01, -3.381247808271E-01,
  2.748861884691E-01, -3.246706451969E-01,
  2.761129550885E-01, -3.126133024192E-01,
  2.754112502618E-01, -2.982591351713E-01,
  2.752055400097E-01, -2.871246010910E-01,
  2.760440794848E-01, -2.738732306195E-01,
  2.741416241583E-01, -2.625890902392E-01,
  2.758169258783E-01, -2.517508942246E-01,
  2.765302633696E-01, -2.382352519845E-01,
  2.762189981703E-01, -2.241715038261E-01,
  2.738645764387E-01, -2.134838003987E-01,
  2.748965891995E-01, -1.989559133412E-01,
  2.750566174241E-01, -1.888979349271E-01,
  2.761341802530E-01, -1.732835273926E-01,
  2.757607404804E-01, -1.636751376492E-01,
  2.732404252863E-01, -1.489042342100E-01,
  2.746929353912E-01, -1.369092773285E-01,
  2.766539913565E-01, -1.238196899455E-01,
  2.754140548034E-01, -1.123684108070E-01,
  2.747139192019E-01, -9.859119970186E-02,
  2.738299692389E-01, -8.656104372749E-02,
  2.757572129725E-01, -7.343694454566E-02,
  2.738271643554E-01, -6.248243923171E-02,
  2.756685440248E-01, -4.827388294734E-02,
  2.734121722267E-01, -3.833196572368E-02,
  2.759482559831E-01, -2.483883128761E-02,
  2.756639511518E-01, -1.118516159826E-02,
  2.761090787632E-01,  9.135748619206E-04,
  2.735313734415E-01,  1.400773548594E-02,
  2.768361610164E-01,  2.586350930646E-02,
  2.763940959730E-01,  3.586792325071E-02,
  2.758796606534E-01,  5.061233579060E-02,
  2.764516992868E-01,  6.145720626482E-02,
  2.748662926787E-01,  7.542504080199E-02,
  2.731578238017E-01,  8.625038457884E-02,
  2.746229547155E-01,  9.891466941788E-02,
  2.737310385873E-01,  1.140049272124E-01,
  2.740551209607E-01,  1.255604788773E-01,
  2.759835961193E-01,  1.385048972414E-01,
  2.759451345612E-01,  1.489811367026E-01,
  2.763810380569E-01,  1.638687461575E-01,
  2.732569027880E-01,  1.756157991802E-01,
  2.743512649729E-01,  1.877454992301E-01,
  2.762142220042E-01,  2.018297627357E-01,
  2.741854179420E-01,  2.126267337384E-01,
  2.754280362748E-01,  2.242096059037E-01,
  2.736593341565E-01,  2.362225550435E-01,
  2.742341174922E-01,  2.493196448754E-01,
  2.750968984293E-01,  2.623799647542E-01,
  2.756251428196E-01,  2.736498532969E-01,
  2.738197687891E-01,  2.868146749454E-01,
  2.744317967064E-01,  3.017311177843E-01,
  2.756137847807E-01,  3.113035130077E-01,
  2.757659565288E-01,  3.231252249942E-01,
  2.746752302024E-01,  3.382872326845E-01,
  2.760458995497E-01,  3.512215095572E-01,
  2.737222934519E-01,  3.614946044698E-01,
  2.732932258779E-01,  3.754433071721E-01,
  2.733096461992E-01,  3.877592149607E-01,
  2.744290673759E-01,  3.981250232591E-01,
  2.754766493170E-01,  4.138403991451E-01,
  2.751735485739E-01,  4.237099181884E-01,
  2.735879093580E-01,  4.365178982417E-01,
  2.745484521505E-01,  4.502572485472E-01,
  2.752817088674E-01,  4.635197071687E-01,
  2.738372874091E-01,  4.768015837199E-01,
  2.734652351127E-01,  4.857164760714E-01,
  2.745524072282E-01,  4.996045261155E-01,
  2.870712654057E-01, -4.997716052610E-01,
  2.864632791436E-01, -4.877585249622E-01,
  2.866510452323E-01, -4.751843789934E-01,
  2.869792419731E-01, -4.609722554325E-01,
  2.875012429184E-01, -4.495191681039E-01,
  2.856546860004E-01, -4.374175846503E-01,
  2.891275808023E-01, -4.257859460673E-01,
  2.890099920183E-01, -4.109333312246E-01,
  2.878842058758E-01, -4.011610970400E-01,
  2.885958846048E-01, -3.887487755157E-01,
  2.886010360659E-01, -3.746535032887E-01,
  2.885906901003E-01, -3.619815677259E-01,
  2.881914032727E-01, -3.510394160419E-01,
  2.884707065510E-01, -3.363009419244E-01,
  2.880445460100E-01, -3.241991240311E-01,
  2.858336760426E-01, -3.109453319162E-01,
  2.886884526935E-01, -3.015721053076E-01,
  2.861657615920E-01, -2.856490453205E-01,
  2.861773480158E-01, -2.757190396269E-01,
  2.860500319967E-01, -2.643577903936E-01,
  2.885028202218E-01, -2.502047939681E-01,
  2.856923799688E-01, -2.393357489123E-01,
  2.887790217933E-01, -2.233706942212E-01,
  2.874404973794E-01, -2.106321645929E-01,
  2.879111667671E-01, -1.986516823877E-01,
  2.866717985948E-01, -1.859685277210E-01,
  2.869551736622E-01, -1.761010341059E-01,
  2.858390566752E-01, -1.632617587944E-01,
  2.879228266715E-01, -1.497250003824E-01,
  2.873928549038E-01, -1.367014430740E-01,
  2.877892648422E-01, -1.234491524369E-01,
  2.891763755255E-01, -1.119524403101E-01,
  2.892261562868E-01, -9.930030625544E-02,
  2.892283419233E-01, -8.866935032487E-02,
  2.860507606939E-01, -7.674080814395E-02,
  2.884714873077E-01, -6.427709603285E-02,
  2.881043185090E-01, -5.085520855472E-02,
  2.860554152467E-01, -3.927837513937E-02,
  2.863201925114E-01, -2.528241344980E-02,
  2.881065667368E-01, -1.216551041271E-02,
  2.883846341723E-01,  4.933036421739E-04,
  2.877823724065E-01,  1.221493261038E-02,
  2.861106227963E-01,  2.472531403423E-02,
  2.867317034359E-01,  3.775253137266E-02,
  2.878056917209E-01,  4.919490098798E-02,
  2.869465274714E-01,  6.366552898429E-02,
  2.857775749043E-01,  7.420297044527E-02,
  2.867350648589E-01,  8.654684548930E-02,
  2.891648113949E-01,  1.016539196305E-01,
  2.865502524214E-01,  1.106730294645E-01,
  2.882906149579E-01,  1.237136472943E-01,
  2.893406497954E-01,  1.371191479617E-01,
  2.893093126073E-01,  1.499983426432E-01,
  2.871562360156E-01,  1.617103386767E-01,
  2.884901982229E-01,  1.732367392520E-01,
  2.862451144284E-01,  1.875006197835E-01,
  2.865586278694E-01,  1.991837638854E-01,
  2.886005608488E-01,  2.129189004621E-01,
  2.862360948006E-01,  2.248007405277E-01,
  2.872801127362E-01,  2.356553554890E-01,
  2.864361467716E-01,  2.508966019675E-01,
  2.885242296785E-01,  2.630988337384E-01,
  2.887993575991E-01,  2.764747534715E-01,
  2.889764133132E-01,  2.856574115145E-01,
  2.877661780449E-01,  3.006686930256E-01,
  2.873311092261E-01,  3.125651372624E-01,
  2.889839277030E-01,  3.255007979003E-01,
  2.887279174281E-01,  3.373912705789E-01,
  2.866957305719E-01,  3.488332311321E-01,
  2.858349615662E-01,  3.632918646980E-01,
  2.878111720299E-01,  3.750386090405E-01,
  2.884934840364E-01,  3.873157612109E-01,
  2.878362251280E-01,  3.991982739596E-01,
  2.883769372842E-01,  4.138750204004E-01,
  2.883034952632E-01,  4.232226286544E-01,
  2.869166687360E-01,  4.359533977373E-01,
  2.861391025539E-01,  4.496019684073E-01,
  2.863433119185E-01,  4.629096206401E-01,
  2.859228726872E-01,  4.751840647462E-01,
  2.882313761126E-01,  4.876104699474E-01,
  2.892942569018E-01,  4.989020928163E-01,
  3.007615977867E-01, -5.005731933141E-01,
  2.999900142504E-01, -4.870429717378E-01,
  3.004263090824E-01, -4.761904211605E-01,
  3.015989904071E-01, -4.632665881112E-01,
  3.000453681016E-01, -4.508257817848E-01,
  3.003106504310E-01, -4.385865036364E-01,
  2.997370465851E-01, -4.256307283182E-01,
  2.992594612691E-01, -4.110644924273E-01,
  3.016864331430E-01, -3.994313228682E-01,
  3.011094577133E-01, -3.867820313299E-01,
  2.989145787163E-01, -3.746881059249E-01,
  2.989899636093E-01, -3.626175959528E-01,
  2.997785208287E-01, -3.514701113558E-01,
  3.007306304487E-01, -3.390880060670E-01,
  2.996278305043E-01, -3.239993586297E-01,
  3.012875989671E-01, -3.118740771156E-01,
  2.996430735716E-01, -3.011315433292E-01,
  3.017786427461E-01, -2.877784013980E-01,
  2.995850052112E-01, -2.767185007457E-01,
  3.002212486504E-01, -2.642575173251E-01,
  2.996869143765E-01, -2.495741925231E-01,
  3.014886550498E-01, -2.359628160287E-01,
  3.008338192367E-01, -2.259903172205E-01,
  2.981319083326E-01, -2.110013973069E-01,
  2.989868190543E-01, -2.018818535117E-01,
  2.981224929261E-01, -1.863956404163E-01,
  3.011669940596E-01, -1.761405141883E-01,
  3.003571734281E-01, -1.611708563658E-01,
  3.010359704858E-01, -1.494940500468E-01,
  2.981232760250E-01, -1.384329760353E-01,
  2.985223256549E-01, -1.236767483107E-01,
  3.012495319492E-01, -1.130827490175E-01,
  3.002929708133E-01, -1.018740055131E-01,
  3.012699334937E-01, -8.663895923198E-02,
  2.997302074356E-01, -7.408726575575E-02,
  2.995999886738E-01, -6.359267314886E-02,
  2.992437014558E-01, -4.813762383911E-02,
  2.981306391211E-01, -3.937475232527E-02,
  3.001957399686E-01, -2.644245171755E-02,
  3.012273350235E-01, -1.244921859244E-02,
  3.000611032906E-01, -1.661235782439E-04,
  2.981181763429E-01,  1.061806187037E-02,
  2.981296581205E-01,  2.631342111735E-02,
  3.001449058376E-01,  3.605794228853E-02,
  2.999597942899E-01,  4.890147490912E-02,
  2.981226053871E-01,  6.121876034871E-02,
  2.986463748688E-01,  7.648780200666E-02,
  2.987300339620E-01,  8.762401176116E-02,
  3.008082931843E-01,  1.018232059444E-01,
  2.981194716273E-01,  1.131744187069E-01,
  2.991355828881E-01,  1.250089781242E-01,
  2.981250577753E-01,  1.392650338915E-01,
  2.988685762103E-01,  1.495531540258E-01,
  3.011039058577E-01,  1.613391961235E-01,
  3.018550512207E-01,  1.744324418364E-01,
  3.015580015740E-01,  1.890559193714E-01,
  2.995985532165E-01,  2.000246542030E-01,
  3.011761127194E-01,  2.141089694652E-01,
  3.012817387765E-01,  2.237248640196E-01,
  3.016600207764E-01,  2.362220681140E-01,
  3.002648601618E-01,  2.482834317711E-01,
  3.013084129268E-01,  2.606223561099E-01,
  2.981799794363E-01,  2.757208675948E-01,
  2.993110903233E-01,  2.878525578441E-01,
  2.981240637305E-01,  2.982783808905E-01,
  3.014254960626E-01,  3.140272042197E-01,
  2.982415364345E-01,  3.264393576449E-01,
  3.008472500361E-01,  3.391953434199E-01,
  3.008136610948E-01,  3.499679601673E-01,
  3.011438218329E-01,  3.607037829985E-01,
  2.985217657331E-01,  3.750863762023E-01,
  2.993416911819E-01,  3.891404057990E-01,
  2.987947573939E-01,  3.998009905891E-01,
  2.999251465625E-01,  4.136905679699E-01,
  2.981240452142E-01,  4.268622150404E-01,
  3.018125693299E-01,  4.356204159386E-01,
  3.017328974174E-01,  4.508165706172E-01,
  2.983449621448E-01,  4.608775562863E-01,
  2.998892057430E-01,  4.734330270593E-01,
  2.989706579457E-01,  4.887202185541E-01,
  2.994155564777E-01,  4.998791654958E-01,
  3.134348777464E-01, -5.018774162582E-01,
  3.123907758026E-01, -4.858449051488E-01,
  3.120432829959E-01, -4.762082770037E-01,
  3.126238882633E-01, -4.635770834127E-01,
  3.106180023875E-01, -4.501033502665E-01,
  3.110258417476E-01, -4.364102344388E-01,
  3.132439642787E-01, -4.267741367201E-01,
  3.122865450803E-01, -4.139608039426E-01,
  3.106287426168E-01, -3.990590441007E-01,
  3.121854956923E-01, -3.874959732291E-01,
  3.124829390008E-01, -3.735751972367E-01,
  3.139821518941E-01, -3.609224428096E-01,
  3.106214143831E-01, -3.508352622601E-01,
  3.119308857806E-01, -3.380413940505E-01,
  3.143384932779E-01, -3.267861786060E-01,
  3.134603616851E-01, -3.117981232246E-01,
  3.114110901830E-01, -3.010700183169E-01,
  3.136701282022E-01, -2.856889976463E-01,
  3.106247462363E-01, -2.743134267148E-01,
  3.115321906811E-01, -2.610110761874E-01,
  3.112682776754E-01, -2.482185811791E-01,
  3.113720078813E-01, -2.381955792319E-01,
  3.129326905553E-01, -2.263490151032E-01,
  3.110948559539E-01, -2.134397583145E-01,
  3.136916564630E-01, -1.993725148988E-01,
  3.111703012044E-01, -1.893820500240E-01,
  3.113999984117E-01, -1.745740868674E-01,
  3.139608049460E-01, -1.610288524667E-01,
  3.133442912976E-01, -1.518356963228E-01,
  3.123343537522E-01, -1.393718221984E-01,
  3.130166218204E-01, -1.256323597620E-01,
  3.140776974620E-01, -1.112777945990E-01,
  3.133078177675E-01, -1.012700670551E-01,
  3.137605847240E-01, -8.627412584108E-02,
  3.131590405868E-01, -7.602470500746E-02,
  3.131194634718E-01, -6.210243322004E-02,
  3.115647910615E-01, -4.955619272419E-02,
  3.143399742417E-01, -3.822810683811E-02,
  3.133280443572E-01, -2.316645714164E-02,
  3.106270508289E-01, -1.268547337540E-02,
  3.122295285831E-01,  1.132049253025E-03,
  3.128625745777E-01,  1.270601997162E-02,
  3.142919970486E-01,  2.511863183656E-02,
  3.123832739592E-01,  3.577244842988E-02,
  3.111283221819E-01,  5.143897524583E-02,
  3.136507426756E-01,  6.164607864227E-02,
  3.110478857706E-01,  7.366729028011E-02,
  3.138778025159E-01,  8.760095197344E-02,
  3.133153358767E-01,  9.888267632784E-02,
  3.129591371133E-01,  1.124851692733E-01,
  3.137939769770E-01,  1.257157234844E-01,
  3.120083173523E-01,  1.376207021630E-01,
  3.108369358742E-01,  1.481308842522E-01,
  3.143713007620E-01,  1.641691077486E-01,
  3.117547078743E-01,  1.768739365434E-01,
  3.106907761034E-01,  1.874449454742E-01,
  3.115910186497E-01,  2.013670836353E-01,
  3.134284550936E-01,  2.121550491577E-01,
  3.108336285036E-01,  2.235216239883E-01,
  3.125283255307E-01,  2.387538401753E-01,
  3.112046386247E-01,  2.514220087181E-01,
  3.129839322254E-01,  2.626824215730E-01,
  3.127465226469E-01,  2.764500694094E-01,
  3.120557461596E-01,  2.865562681252E-01,
  3.117142781352E-01,  3.015580007083E-01,
  3.140909072153E-01,  3.106280176158E-01,
  3.116942082505E-01,  3.234739622751E-01,
  3.123605937293E-01,  3.391658307516E-01,
  3.126124592695E-01,  3.510133168041E-01,
  3.143624134803E-01,  3.620588276747E-01,
  3.106813533043E-01,  3.758995667354E-01,
  3.116689170538E-01,  3.858170433584E-01,
  3.116035512987E-01,  4.010343783924E-01,
  3.133568444759E-01,  4.143142941049E-01,
  3.135084346897E-01,  4.232490518201E-01,
  3.118453432790E-01,  4.362493322987E-01,
  3.135505357007E-01,  4.511544430114E-01,
  3.134568625493E-01,  4.607276728794E-01,
  3.122064257249E-01,  4.750327102942E-01,
  3.106793947972E-01,  4.868281014082E-01,
  3.140180309264E-01,  5.008136142641E-01,
  3.243191472001E-01, -5.002925244319E-01,
  3.258329700618E-01, -4.881769558753E-01,
  3.231465143390E-01, -4.763611759172E-01,
  3.254939910933E-01, -4.618660461809E-01,
  3.251070455200E-01, -4.518569147991E-01,
  3.259433809751E-01, -4.360761538628E-01,
  3.261034166403E-01, -4.242803951937E-01,
  3.244456746926E-01, -4.112143632136E-01,
  3.261695490040E-01, -4.009512617560E-01,
  3.254580028039E-01, -3.887082637129E-01,
  3.261941587180E-01, -3.734961337485E-01,
  3.241671565283E-01, -3.608552554675E-01,
  3.232772059361E-01, -3.509821638024E-01,
  3.254761961608E-01, -3.364551237908E-01,
  3.262990718425E-01, -3.260185222796E-01,
  3.265096992154E-01, -3.108657530721E-01,
  3.242708604936E-01, -2.982515674277E-01,
  3.232858531147E-01, -2.882106193225E-01,
  3.257600977680E-01, -2.742730139715E-01,
  3.233101338171E-01, -2.633934282568E-01,
  3.259899720633E-01, -2.492478612745E-01,
  3.263929029276E-01, -2.386347763555E-01,
  3.266793399967E-01, -2.242308385779E-01,
  3.260909984151E-01, -2.137544538368E-01,
  3.237506205252E-01, -1.993068905462E-01,
  3.268456842847E-01, -1.889734795695E-01,
  3.234451488413E-01, -1.757189216111E-01,
  3.256030980059E-01, -1.620129082846E-01,
  3.256925543772E-01, -1.517195271424E-01,
  3.247862803427E-01, -1.361701412981E-01,
  3.240990161855E-01, -1.259759732075E-01,
  3.242142595241E-01, -1.119628494372E-01,
  3.266243339371E-01, -1.000136980091E-01,
  3.250190036561E-01, -8.840586240639E-02,
  3.245848054627E-01, -7.420694770767E-02,
  3.234537985139E-01, -6.238766026080E-02,
  3.252012818898E-01, -5.034238189489E-02,
  3.232094090583E-01, -3.654882573697E-02,
  3.254884086744E-01, -2.584764552503E-02,
  3.236269858757E-01, -1.159507593841E-02,
  3.244426056866E-01, -4.241549798546E-04,
  3.258541025136E-01,  1.091227038071E-02,
  3.254093915313E-01,  2.374888848215E-02,
  3.252783159868E-01,  3.565098561508E-02,
  3.237031738196E-01,  5.124988830846E-02,
  3.234432634953E-01,  6.154982459851E-02,
  3.240418838396E-01,  7.360985579518E-02,
  3.237327859648E-01,  8.829212165303E-02,
  3.261883281037E-01,  1.010435914355E-01,
  3.236817046855E-01,  1.116530378121E-01,
  3.268010055585E-01,  1.245083632446E-01,
  3.239974096835E-01,  1.365530009625E-01,
  3.256989129143E-01,  1.507167176666E-01,
  3.235529603729E-01,  1.637869143909E-01,
  3.257675780327E-01,  1.737022289888E-01,
  3.234691345618E-01,  1.892835907289E-01,
  3.257453663489E-01,  2.004214360764E-01,
  3.268703870988E-01,  2.141097460998E-01,
  3.250415293159E-01,  2.250911858295E-01,
  3.239984585052E-01,  2.374823993932E-01,
  3.246304566388E-01,  2.516376883757E-01,
  3.264627582134E-01,  2.623538181696E-01,
  3.244119272537E-01,  2.746051030305E-01,
  3.261017934492E-01,  2.863109284597E-01,
  3.254531180837E-01,  2.997071862250E-01,
  3.235770793886E-01,  3.111354768044E-01,
  3.253986822328E-01,  3.247068825001E-01,
  3.247709685179E-01,  3.374252024345E-01,
  3.264755464323E-01,  3.494319709784E-01,
  3.249370834757E-01,  3.609310381891E-01,
  3.249467418742E-01,  3.766498786531E-01,
  3.259239033010E-01,  3.875669055719E-01,
  3.250202438379E-01,  3.985969860509E-01,
  3.235012510967E-01,  4.132014122798E-01,
  3.249831417946E-01,  4.260816584135E-01,
  3.241494937046E-01,  4.375692641081E-01,
  3.260228742168E-01,  4.512212575979E-01,
  3.242663493511E-01,  4.620598988060E-01,
  3.244839832420E-01,  4.739024419335E-01,
  3.250818784277E-01,  4.860966851191E-01,
  3.241157726789E-01,  5.005331429062E-01,
  3.373468704054E-01, -4.990795124916E-01,
  3.389855044432E-01, -4.872101449981E-01,
  3.380824856259E-01, -4.754523056451E-01,
  3.393572891009E-01, -4.618956177006E-01,
  3.368815957762E-01, -4.489263672728E-01,
  3.364215845659E-01, -4.366680418160E-01,
  3.364877547205E-01, -4.251942191149E-01,
  3.368380056383E-01, -4.106366111090E-01,
  3.371196542666E-01, -3.986010979981E-01,
  3.388551890135E-01, -3.875198133661E-01,
  3.377316770193E-01, -3.738046081022E-01,
  3.381693153932E-01, -3.639295857048E-01,
  3.385901626280E-01, -3.507913933956E-01,
  3.365415137569E-01, -3.359489591848E-01,
  3.363943781778E-01, -3.232960092439E-01,
  3.370017978547E-01, -3.125255689084E-01,
  3.382797420767E-01, -3.011224440517E-01,
  3.385807191576E-01, -2.878659326747E-01,
  3.373885444509E-01, -2.762679596451E-01,
  3.369905032675E-01, -2.613147477517E-01,
  3.370135088614E-01, -2.482492439797E-01,
  3.366390683868E-01, -2.390248444762E-01,
  3.362134335982E-01, -2.238999047617E-01,
  3.376553113767E-01, -2.112525322291E-01,
  3.370481855202E-01, -1.981916035283E-01,
  3.392156410480E-01, -1.891507826265E-01,
  3.369922847550E-01, -1.744491552506E-01,
  3.381263849451E-01, -1.634489634925E-01,
  3.371651966830E-01, -1.504358682401E-01,
  3.357277862360E-01, -1.368569552825E-01,
  3.360776177146E-01, -1.258993756315E-01,
  3.389584068254E-01, -1.129282316624E-01,
  3.380211418205E-01, -9.835076344589E-02,
  3.392224557922E-01, -8.603965336484E-02,
  3.359747736266E-01, -7.573586109361E-02,
  3.392432450563E-01, -6.433307243468E-02,
  3.386337900616E-01, -4.900757259294E-02,
  3.385421535833E-01, -3.919062836051E-02,
  3.385013922271E-01, -2.674879078904E-02,
  3.375373521651E-01, -1.386298160638E-02,
  3.379616258942E-01, -3.432604721561E-04,
  3.359988156512E-01,  1.162801088989E-02,
  3.357412424310E-01,  2.529741032547E-02,
  3.388531433589E-01,  3.741892966143E-02,
  3.382835639350E-01,  5.064065733397E-02,
  3.367805943343E-01,  6.092579607620E-02,
  3.358656089087E-01,  7.551289766952E-02,
  3.365015735059E-01,  8.585159918372E-02,
  3.386315677550E-01,  1.002709274126E-01,
  3.382955953605E-01,  1.121684353380E-01,
  3.371655955566E-01,  1.243419606718E-01,
  3.380067891284E-01,  1.382739002926E-01,
  3.369661241682E-01,  1.500713903080E-01,
  3.386238375860E-01,  1.608495369061E-01,
  3.386296218544E-01,  1.767985871453E-01,
  3.360372564685E-01,  1.879064692337E-01,
  3.381215373088E-01,  2.013653016960E-01,
  3.379515482934E-01,  2.112366826990E-01,
  3.391148821868E-01,  2.238713146113E-01,
  3.369651455835E-01,  2.390066239678E-01,
  3.357082332404E-01,  2.487583586507E-01,
  3.366719053170E-01,  2.620602246130E-01,
  3.364415705136E-01,  2.765089266978E-01,
  3.369147206176E-01,  2.863979388574E-01,
  3.381931203127E-01,  3.010388812030E-01,
  3.388277513964E-01,  3.142388827003E-01,
  3.374656912120E-01,  3.260174113478E-01,
  3.363335503439E-01,  3.380036257582E-01,
  3.369004157922E-01,  3.510577655032E-01,
  3.371930811985E-01,  3.643430872223E-01,
  3.371661901449E-01,  3.768263155143E-01,
  3.365097461864E-01,  3.858292770141E-01,
  3.364155381412E-01,  3.992929833403E-01,
  3.382659628211E-01,  4.139292193152E-01,
  3.384594170654E-01,  4.244826685371E-01,
  3.386613144571E-01,  4.360246538718E-01,
  3.389278989779E-01,  4.494919011197E-01,
  3.369115307411E-01,  4.635518441917E-01,
  3.381730321055E-01,  4.748451924449E-01,
  3.356756462458E-01,  4.868311327179E-01,
  3.365960206798E-01,  4.994420392675E-01,
  3.496612235074E-01, -4.987725159886E-01,
  3.482251630161E-01, -4.858597944231E-01,
  3.508809216406E-01, -4.743663963230E-01,
  3.501233521663E-01, -4.629554674211E-01,
  3.482298947941E-01, -4.496067180232E-01,
  3.489822935520E-01, -4.375957786319E-01,
  3.497515782149E-01, -4.247319432986E-01,
  3.500464859204E-01, -4.106759569614E-01,
  3.492720506914E-01, -3.990571479914E-01,
  3.509819358333E-01, -3.866904193597E-01,
  3.483649258255E-01, -3.765273119997E-01,
  3.493152112165E-01, -3.623584177675E-01,
  3.506979043929E-01, -3.492952344126E-01,
  3.504432341302E-01, -3.362198153679E-01,
  3.505649679496E-01, -3.246065414227E-01,
  3.511185308488E-01, -3.110039087961E-01,
  3.491193728456E-01, -3.006143270047E-01,
  3.512483141914E-01, -2.859339551805E-01,
  3.515190269120E-01, -2.745147137832E-01,
  3.518577229196E-01, -2.612166673788E-01,
  3.488264730382E-01, -2.509379123617E-01,
  3.503705373347E-01, -2.383267035149E-01,
  3.495972854693E-01, -2.252819793695E-01,
  3.500942186376E-01, -2.138631566497E-01,
  3.506047086934E-01, -2.003954568834E-01,
  3.512143018991E-01, -1.859138523306E-01,
  3.498952691107E-01, -1.748592694854E-01,
  3.517757131407E-01, -1.612562934208E-01,
  3.482982594136E-01, -1.514152941851E-01,
  3.499249224009E-01, -1.382047246374E-01,
  3.498032682157E-01, -1.241153123922E-01,
  3.497688345343E-01, -1.122076353392E-01,
  3.483198362045E-01, -1.012750508737E-01,
  3.509855722838E-01, -8.641795452359E-02,
  3.502507416728E-01, -7.406859860844E-02,
  3.502421070536E-01, -6.164954299837E-02,
  3.491616281700E-01, -4.830735528195E-02,
  3.514114131729E-01, -3.932114630517E-02,
  3.499222092370E-01, -2.521211270045E-02,
  3.498192055198E-01, -1.151618573375E-02,
  3.491786962721E-01,  6.196849288774E-04,
  3.496305451493E-01,  1.368416917173E-02,
  3.487635331252E-01,  2.606457630512E-02,
  3.512599792570E-01,  3.579001139674E-02,
  3.504252887784E-01,  4.913648255646E-02,
  3.482445513181E-01,  6.309723347351E-02,
  3.506365160276E-01,  7.389679223926E-02,
  3.504213968947E-01,  8.593172873423E-02,
  3.503895186519E-01,  9.974033032805E-02,
  3.487593807128E-01,  1.138903485144E-01,
  3.488131590526E-01,  1.248763444327E-01,
  3.511031924970E-01,  1.392740727697E-01,
  3.502375571009E-01,  1.518502204452E-01,
  3.514246346843E-01,  1.637780918467E-01,
  3.507396467607E-01,  1.749014411750E-01,
  3.493029887108E-01,  1.865106503685E-01,
  3.501925297543E-01,  2.001005779249E-01,
  3.496516175843E-01,  2.107588630073E-01,
  3.508618822379E-01,  2.265668312464E-01,
  3.489564180840E-01,  2.372509138712E-01,
  3.501785059438E-01,  2.511903685748E-01,
  3.485885169334E-01,  2.610389294579E-01,
  3.517810558691E-01,  2.763892864054E-01,
  3.516041203971E-01,  2.883342244241E-01,
  3.493236825969E-01,  3.009874206277E-01,
  3.516132230549E-01,  3.108991555516E-01,
  3.517594261475E-01,  3.255036551922E-01,
  3.513634771237E-01,  3.393104741820E-01,
  3.501662068639E-01,  3.494695740446E-01,
  3.503099268974E-01,  3.607767154772E-01,
  3.513460262208E-01,  3.760413170111E-01,
  3.502527922358E-01,  3.865407554885E-01,
  3.500310074064E-01,  4.000207537695E-01,
  3.496460408088E-01,  4.120049621900E-01,
  3.484570272015E-01,  4.244252324063E-01,
  3.490811203851E-01,  4.363830521034E-01,
  3.498371171786E-01,  4.501763353674E-01,
  3.489019887834E-01,  4.641158843035E-01,
  3.486667791687E-01,  4.762618533026E-01,
  3.503098905204E-01,  4.874851184736E-01,
  3.497185724479E-01,  5.017883256401E-01,
  3.631717440657E-01, -4.994249391852E-01,
  3.642240303512E-01, -4.876669480152E-01,
  3.624946725617E-01, -4.756642357308E-01,
  3.634030641350E-01, -4.626263674322E-01,
  3.643309418694E-01, -4.488389605482E-01,
  3.632770229857E-01, -4.386972199366E-01,
  3.607648813820E-01, -4.239494424321E-01,
  3.624082013467E-01, -4.125620671588E-01,
  3.631403668442E-01, -4.009406354613E-01,
  3.639894348740E-01, -3.868724895142E-01,
  3.643499139223E-01, -3.734704301792E-01,
  3.625738769611E-01, -3.634025650579E-01,
  3.618078037299E-01, -3.507966694236E-01,
  3.615384482993E-01, -3.383351853431E-01,
  3.632562123032E-01, -3.250876591751E-01,
  3.608045134109E-01, -3.120936650745E-01,
  3.632525463240E-01, -3.009573749626E-01,
  3.634943499480E-01, -2.860928240750E-01,
  3.625532907382E-01, -2.735329206370E-01,
  3.625247023371E-01, -2.609574970072E-01,
  3.625437849067E-01, -2.518346644914E-01,
  3.634135629617E-01, -2.393152965343E-01,
  3.641745974050E-01, -2.255571001572E-01,
  3.616196718575E-01, -2.131554826316E-01,
  3.640350767106E-01, -2.000803930352E-01,
  3.619376561442E-01, -1.891356522919E-01,
  3.638650089267E-01, -1.767423164007E-01,
  3.608185585621E-01, -1.620172032572E-01,
  3.615473880296E-01, -1.487967079303E-01,
  3.618720630447E-01, -1.373919127983E-01,
  3.632273554234E-01, -1.257360033257E-01,
  3.634566030291E-01, -1.138041897515E-01,
  3.620442274191E-01, -9.884418939815E-02,
  3.617250757438E-01, -8.902395407715E-02,
  3.631675773681E-01, -7.564941253163E-02,
  3.631635575622E-01, -6.171219690993E-02,
  3.606279973022E-01, -5.019092329719E-02,
  3.609211482765E-01, -3.647724257071E-02,
  3.610100649979E-01, -2.520738863534E-02,
  3.617510222270E-01, -1.193246055845E-02,
  3.610143839061E-01,  2.795912491277E-04,
  3.643698750855E-01,  1.262799058693E-02,
  3.636968789734E-01,  2.651491837015E-02,
  3.607552583806E-01,  3.821009748393E-02,
  3.618314878254E-01,  4.966725840730E-02,
  3.628542631326E-01,  6.072163362238E-02,
  3.618753794534E-01,  7.435274274823E-02,
  3.610349207235E-01,  8.575596341397E-02,
  3.639092409549E-01,  1.008311116415E-01,
  3.637477597327E-01,  1.124641787854E-01,
  3.606542940305E-01,  1.258431934980E-01,
  3.620805883107E-01,  1.360798564190E-01,
  3.639920279366E-01,  1.498993176407E-01,
  3.621564515249E-01,  1.625080248646E-01,
  3.628316933981E-01,  1.749510761115E-01,
  3.625509191199E-01,  1.870562750413E-01,
  3.614209814745E-01,  2.006802793360E-01,
  3.641926696515E-01,  2.109013454031E-01,
  3.619828356662E-01,  2.265751128570E-01,
  3.643061840004E-01,  2.366522369178E-01,
  3.637519272727E-01,  2.481270254342E-01,
  3.618873690889E-01,  2.618107289489E-01,
  3.633483719112E-01,  2.747917235908E-01,
  3.633802801019E-01,  2.875419409144E-01,
  3.613655621176E-01,  3.003730266942E-01,
  3.621853809754E-01,  3.140709755177E-01,
  3.634346892880E-01,  3.235884390852E-01,
  3.618558095658E-01,  3.388759021841E-01,
  3.626852452120E-01,  3.512077201663E-01,
  3.625412785531E-01,  3.639461860885E-01,
  3.613059538278E-01,  3.744448846630E-01,
  3.609625724367E-01,  3.885891527296E-01,
  3.623831613816E-01,  3.983289760461E-01,
  3.641644747031E-01,  4.126024380513E-01,
  3.621417519071E-01,  4.268695325602E-01,
  3.634859019973E-01,  4.374552504271E-01,
  3.609237784651E-01,  4.493700974346E-01,
  3.608849329453E-01,  4.617517361160E-01,
  3.610014508471E-01,  4.744134827197E-01,
  3.619374008050E-01,  4.870560005108E-01,
  3.624528349504E-01,  4.990219301588E-01,
  3.764350797336E-01, -5.003941176220E-01,
  3.755980179396E-01, -4.868916313125E-01,
  3.761871657819E-01, -4.751651847916E-01,
  3.732349372890E-01, -4.628917301112E-01,
  3.765660614335E-01, -4.516946291116E-01,
  3.734893929419E-01, -4.358263330389E-01,
  3.757863084156E-01, -4.234934878716E-01,
  3.768463240386E-01, -4.117407124067E-01,
  3.758376127141E-01, -4.006480408811E-01,
  3.757655796105E-01, -3.870552811539E-01,
  3.747687042651E-01, -3.731757508991E-01,
  3.758592488066E-01, -3.631535077697E-01,
  3.734000542560E-01, -3.493219675114E-01,
  3.754457043350E-01, -3.366961884550E-01,
  3.765511868124E-01, -3.238975710941E-01,
  3.734567013656E-01, -3.119903434283E-01,
  3.763500268387E-01, -3.001077543832E-01,
  3.752468022318E-01, -2.884079682051E-01,
  3.731612051608E-01, -2.733201393729E-01,
  3.744721804646E-01, -2.607656272113E-01,
  3.742534048634E-01, -2.515902317715E-01,
  3.763690149847E-01, -2.392286317495E-01,
  3.758553710467E-01, -2.234275117734E-01,
  3.759477766192E-01, -2.129200248936E-01,
  3.756745893454E-01, -1.994096037892E-01,
  3.735653304824E-01, -1.877112380534E-01,
  3.750259173128E-01, -1.731916595313E-01,
  3.752751734669E-01, -1.615753965839E-01,
  3.765284220796E-01, -1.490992645885E-01,
  3.756138698878E-01, -1.373073667085E-01,
  3.754756645045E-01, -1.250921691093E-01,
  3.760275733749E-01, -1.134095725566E-01,
  3.731912085607E-01, -9.841789224206E-02,
  3.738163837139E-01, -8.705040579875E-02,
  3.743927833134E-01, -7.523568225540E-02,
  3.743922358558E-01, -6.136592024717E-02,
  3.748824354167E-01, -4.991624418660E-02,
  3.762791835122E-01, -3.851043486087E-02,
  3.768613613897E-01, -2.635882046524E-02,
  3.757015566095E-01, -1.154286143898E-02,
  3.740800916897E-01,  7.124839864590E-04,
  3.735955879760E-01,  1.362558260008E-02,
  3.745334193825E-01,  2.614678555565E-02,
  3.757036547221E-01,  3.856967012982E-02,
  3.766370086270E-01,  5.040322663066E-02,
  3.758728479318E-01,  6.276327969686E-02,
  3.739017085419E-01,  7.599342404355E-02,
  3.743478710060E-01,  8.741316333128E-02,
  3.763696344031E-01,  9.817110569156E-02,
  3.732412053635E-01,  1.124839628351E-01,
  3.743414742452E-01,  1.256045668208E-01,
  3.755802917025E-01,  1.367930642167E-01,
  3.735840384847E-01,  1.491935864558E-01,
  3.735020327279E-01,  1.631737483215E-01,
  3.733665894933E-01,  1.733508641091E-01,
  3.759411049853E-01,  1.883013820567E-01,
  3.748581979017E-01,  2.006505007623E-01,
  3.738101744899E-01,  2.138790020887E-01,
  3.748879863142E-01,  2.239323842009E-01,
  3.763699855432E-01,  2.361649557123E-01,
  3.764019497820E-01,  2.501668138455E-01,
  3.754528717067E-01,  2.628468776012E-01,
  3.765303146144E-01,  2.744843661970E-01,
  3.736950054186E-01,  2.869826648521E-01,
  3.747897271591E-01,  2.997341845997E-01,
  3.750292322540E-01,  3.138603560680E-01,
  3.755035570140E-01,  3.264526669209E-01,
  3.752328855942E-01,  3.376968515998E-01,
  3.732635084317E-01,  3.513870697630E-01,
  3.748306957469E-01,  3.642400022266E-01,
  3.738801751122E-01,  3.766472252935E-01,
  3.740793086153E-01,  3.858574286409E-01,
  3.738939031236E-01,  3.982222148111E-01,
  3.753549794735E-01,  4.113457784465E-01,
  3.745646053165E-01,  4.244731427601E-01,
  3.732755414373E-01,  4.385949778494E-01,
  3.739095841832E-01,  4.511823952275E-01,
  3.734148911327E-01,  4.638815794972E-01,
  3.757289821200E-01,  4.734395424203E-01,
  3.742226200897E-01,  4.856652740289E-01,
  3.763952200404E-01,  5.017136366125E-01,
  3.861453120872E-01, -4.986368982095E-01,
  3.881998080027E-01, -4.884845048847E-01,
  3.867196884420E-01, -4.753506362350E-01,
  3.890536680570E-01, -4.618979036401E-01,
  3.859895984297E-01, -4.482942717568E-01,
  3.862721833219E-01, -4.365011119973E-01,
  3.889307221078E-01, -4.267415680559E-01,
  3.890976168200E-01, -4.119829998402E-01,
  3.877724138663E-01, -3.997288921503E-01,
  3.882912890035E-01, -3.860196930002E-01,
  3.875242169221E-01, -3.755626046844E-01,
  3.890828647670E-01, -3.619050198764E-01,
  3.858134545665E-01, -3.509420844355E-01,
  3.876681391446E-01, -3.385410982392E-01,
  3.856857248366E-01, -3.245277640637E-01,
  3.872377018541E-01, -3.142825909564E-01,
  3.875427694248E-01, -3.008937723574E-01,
  3.869981995350E-01, -2.892924047397E-01,
  3.883497648769E-01, -2.746281464800E-01,
  3.871580356534E-01, -2.617777329053E-01,
  3.885471618804E-01, -2.489469120375E-01,
  3.888005571779E-01, -2.391663924210E-01,
  3.881811184321E-01, -2.262946158264E-01,
  3.863226094259E-01, -2.142115173298E-01,
  3.856311979282E-01, -2.000962143563E-01,
  3.874688476315E-01, -1.887221422578E-01,
  3.889754994674E-01, -1.745338356152E-01,
  3.863062877090E-01, -1.626915540269E-01,
  3.873407870332E-01, -1.489153088619E-01,
  3.880234447246E-01, -1.357552474469E-01,
  3.889197093106E-01, -1.261866245358E-01,
  3.860040830767E-01, -1.116667107890E-01,
  3.881591681866E-01, -9.912366440411E-02,
  3.860368983723E-01, -8.698731044230E-02,
  3.865132277878E-01, -7.325273662192E-02,
  3.863257341509E-01, -6.237595412560E-02,
  3.865684651375E-01, -4.899370179893E-02,
  3.864323863425E-01, -3.774782169190E-02,
  3.872005554771E-01, -2.482893382100E-02,
  3.858022714858E-01, -1.285482220259E-02,
  3.892384042024E-01,  6.834000765301E-04,
  3.876389503561E-01,  1.314467394155E-02,
  3.876522001464E-01,  2.329037253549E-02,
  3.882742612966E-01,  3.804037607843E-02,
  3.858423469404E-01,  5.137835864214E-02,
  3.883269342070E-01,  6.267349838769E-02,
  3.874644683352E-01,  7.328711534588E-02,
  3.872601966330E-01,  8.767176168765E-02,
  3.867025248327E-01,  1.017408050509E-01,
  3.858409778000E-01,  1.133344819725E-01,
  3.863558251896E-01,  1.235742880544E-01,
  3.889135008880E-01,  1.360308115959E-01,
  3.860077478476E-01,  1.484314923292E-01,
  3.858445523036E-01,  1.625772891649E-01,
  3.880129695765E-01,  1.743071502121E-01,
  3.874416108424E-01,  1.864078754781E-01,
  3.860956029095E-01,  2.006775134432E-01,
  3.875349333874E-01,  2.110988578137E-01,
  3.858329174214E-01,  2.268474342993E-01,
  3.869550711816E-01,  2.358021071511E-01,
  3.889759597904E-01,  2.505425071172E-01,
  3.864344079356E-01,  2.634924166519E-01,
  3.874555468245E-01,  2.739308731684E-01,
  3.858870856930E-01,  2.887103304244E-01,
  3.864209131120E-01,  2.992577037900E-01,
  3.884053140893E-01,  3.133195259150E-01,
  3.888759572743E-01,  3.239557617591E-01,
  3.866363074318E-01,  3.381200756405E-01,
  3.862173478980E-01,  3.518157945216E-01,
  3.891470326989E-01,  3.642589821954E-01,
  3.865238991989E-01,  3.764724626486E-01,
  3.870530788555E-01,  3.867471979345E-01,
  3.873364118378E-01,  3.988331567705E-01,
  3.860518328295E-01,  4.142247024583E-01,
  3.857642427233E-01,  4.252166687026E-01,
  3.883113875420E-01,  4.365808446799E-01,
  3.868820237292E-01,  4.495626401649E-01,
  3.889698696677E-01,  4.631227551532E-01,
  3.867141430282E-01,  4.752290881539E-01,
  3.867378359098E-01,  4.872617260170E-01,
  3.890569249650E-01,  5.004360034596E-01,
  4.000719782270E-01, -4.993457967215E-01,
  4.015297552798E-01, -4.862262671624E-01,
  4.014663624537E-01, -4.749237488345E-01,
  4.000568975880E-01, -4.617319977012E-01,
  3.992710613253E-01, -4.504316929060E-01,
  4.005009330696E-01, -4.362672832995E-01,
  3.984186361833E-01, -4.249725064841E-01,
  3.984549080099E-01, -4.137077345875E-01,
  3.986439711373E-01, -4.006870727344E-01,
  3.991734761579E-01, -3.862844681409E-01,
  3.992585366985E-01, -3.761465921669E-01,
  4.011847251857E-01, -3.610693439021E-01,
  3.992678896308E-01, -3.499314962940E-01,
  4.010036242568E-01, -3.377502888170E-01,
  3.982056186575E-01, -3.242863219909E-01,
  3.986910612260E-01, -3.133097240323E-01,
  4.008756829482E-01, -3.017049771151E-01,
  4.008353537443E-01, -2.884731674130E-01,
  3.982633433893E-01, -2.754202818817E-01,
  4.011114706066E-01, -2.611415009174E-01,
  4.006021103376E-01, -2.499139050234E-01,
  4.000601650251E-01, -2.369360719681E-01,
  4.002911878419E-01, -2.260532324453E-01,
  3.997879166921E-01, -2.116569225181E-01,
  4.011317611220E-01, -1.985140257196E-01,
  4.013257926098E-01, -1.888260106696E-01,
  4.007343144866E-01, -1.762202894431E-01,
  3.997734609235E-01, -1.642535898970E-01,
  3.991304451185E-01, -1.517463014571E-01,
  4.001106877081E-01, -1.361262975269E-01,
  4.004395106363E-01, -1.232870253978E-01,
  4.018277781369E-01, -1.106601101345E-01,
  4.011453254512E-01, -9.845979457751E-02,
  3.989065115641E-01, -8.871608161171E-02,
  3.996161312881E-01, -7.320542715538E-02,
  4.014611203244E-01, -6.404715816324E-02,
  4.006696231636E-01, -5.101207559375E-02,
  3.992440573696E-01, -3.913912502617E-02,
  3.994123451498E-01, -2.420921092440E-02,
  3.996862367437E-01, -1.158634203586E-02,
  3.994455009628E-01,  8.682178198502E-04,
  3.991422010770E-01,  1.264844671433E-02,
  3.986845592675E-01,  2.569015195007E-02,
  3.995445556750E-01,  3.614673460752E-02,
  4.009805505984E-01,  5.019432155695E-02,
  3.983235732766E-01,  6.081744890659E-02,
  4.014658460796E-01,  7.513531751830E-02,
  4.015818757863E-01,  8.686316294165E-02,
  4.007838322540E-01,  9.839108566671E-02,
  4.013594813976E-01,  1.117149295458E-01,
  3.986328298231E-01,  1.260967299911E-01,
  4.004524088041E-01,  1.371209011562E-01,
  4.010285275248E-01,  1.483264057647E-01,
  3.988392449020E-01,  1.631406374576E-01,
  4.003306446417E-01,  1.738804747526E-01,
  4.009201470511E-01,  1.865615485438E-01,
  3.991730041913E-01,  1.998054142829E-01,
  3.985798928183E-01,  2.128160291701E-01,
  4.015855571597E-01,  2.267531767721E-01,
  4.011015924351E-01,  2.378512587136E-01,
  3.996830332435E-01,  2.484844760967E-01,
  4.017475492309E-01,  2.614483513369E-01,
  4.000546574661E-01,  2.754729819890E-01,
  3.993005187619E-01,  2.880298001873E-01,
  4.004150248779E-01,  3.002292064153E-01,
  3.986306625188E-01,  3.114554041828E-01,
  4.003802339565E-01,  3.266380776265E-01,
  3.989104777476E-01,  3.392365513904E-01,
  4.018483348075E-01,  3.504544302424E-01,
  3.999669517216E-01,  3.642888732075E-01,
  4.016974778332E-01,  3.765825513482E-01,
  3.981368948699E-01,  3.887999429033E-01,
  3.987261283582E-01,  3.993781881187E-01,
  3.982934365496E-01,  4.118379192166E-01,
  3.988965803442E-01,  4.240554688326E-01,
  4.011196452546E-01,  4.390425397509E-01,
  4.001098461698E-01,  4.507516660251E-01,
  4.006842168592E-01,  4.620278475799E-01,
  3.995904156288E-01,  4.753756997543E-01,
  3.994464488151E-01,  4.867391725097E-01,
  4.015882695179E-01,  5.012805425821E-01,
  4.134368788373E-01, -5.004878165890E-01,
  4.112896502856E-01, -4.874471565820E-01,
  4.126073899418E-01, -4.737804485653E-01,
  4.118898743277E-01, -4.615925394578E-01,
  4.114435825431E-01, -4.516829684888E-01,
  4.106428128907E-01, -4.383794535741E-01,
  4.120229252036E-01, -4.244162151598E-01,
  4.136408619852E-01, -4.142425350752E-01,
  4.125828768515E-01, -3.989695805135E-01,
  4.134248537364E-01, -3.886709100100E-01,
  4.117668683109E-01, -3.753173404646E-01,
  4.119285697998E-01, -3.609786127869E-01,
  4.129934082613E-01, -3.484189000327E-01,
  4.115990442582E-01, -3.357059727896E-01,
  4.135417082685E-01, -3.231289892716E-01,
  4.113778721172E-01, -3.109309757418E-01,
  4.132592181131E-01, -2.994127381342E-01,
  4.138298847894E-01, -2.877577619021E-01,
  4.116531608475E-01, -2.759050179086E-01,
  4.107092949227E-01, -2.638838148477E-01,
  4.118894935303E-01, -2.516314093696E-01,
  4.142502030827E-01, -2.362867979309E-01,
  4.123790790580E-01, -2.266628778659E-01,
  4.111305547272E-01, -2.130488496532E-01,
  4.126168933937E-01, -2.010636024149E-01,
  4.128558472426E-01, -1.880514648692E-01,
  4.142756828700E-01, -1.732774562805E-01,
  4.134400458503E-01, -1.629216894151E-01,
  4.109807833434E-01, -1.499957486665E-01,
  4.125677495018E-01, -1.372547315916E-01,
  4.129095206172E-01, -1.267264620766E-01,
  4.130945631249E-01, -1.141549756414E-01,
  4.143313068822E-01, -1.015358997369E-01,
  4.133998134759E-01, -8.896042230320E-02,
  4.128095937688E-01, -7.380706520972E-02,
  4.136956230322E-01, -6.241390564788E-02,
  4.115856919596E-01, -5.003888342074E-02,
  4.133952514031E-01, -3.699443927537E-02,
  4.131210817346E-01, -2.400772563154E-02,
  4.116972206823E-01, -1.101265649957E-02,
  4.128339848629E-01, -5.263884523183E-04,
  4.129969224694E-01,  1.108493638300E-02,
  4.116791226177E-01,  2.369840342330E-02,
  4.132706589382E-01,  3.847977073020E-02,
  4.113056331768E-01,  4.858691601088E-02,
  4.116074948062E-01,  6.152735817879E-02,
  4.110971793304E-01,  7.603837468787E-02,
  4.132237697482E-01,  8.915128065792E-02,
  4.143674842389E-01,  1.004565391570E-01,
  4.116684420932E-01,  1.143698448572E-01,
  4.131359866615E-01,  1.233743101951E-01,
  4.129377245173E-01,  1.367188667771E-01,
  4.111664681268E-01,  1.493896679071E-01,
  4.119079294008E-01,  1.632993004101E-01,
  4.139294460769E-01,  1.756130912969E-01,
  4.125759998606E-01,  1.891213708612E-01,
  4.134236524075E-01,  2.015972119024E-01,
  4.108555177373E-01,  2.137736642630E-01,
  4.132651427056E-01,  2.252568338715E-01,
  4.131920225042E-01,  2.356933256981E-01,
  4.136734402970E-01,  2.513021860717E-01,
  4.138346858598E-01,  2.636688815264E-01,
  4.133862836852E-01,  2.760474190598E-01,
  4.106416109115E-01,  2.882288322548E-01,
  4.127029997020E-01,  2.987046844968E-01,
  4.142006931451E-01,  3.141141068760E-01,
  4.136859670323E-01,  3.243790794688E-01,
  4.110767175166E-01,  3.376716338893E-01,
  4.127680236652E-01,  3.499144265937E-01,
  4.113134996769E-01,  3.622654504133E-01,
  4.121917558603E-01,  3.757792854803E-01,
  4.134032855357E-01,  3.872695350409E-01,
  4.131908309201E-01,  3.993477148856E-01,
  4.128298911026E-01,  4.119159071009E-01,
  4.139350018908E-01,  4.265052602794E-01,
  4.131196365190E-01,  4.365038717344E-01,
  4.109556826138E-01,  4.498857414061E-01,
  4.109272317755E-01,  4.638453818458E-01,
  4.116304925757E-01,  4.753776289964E-01,
  4.139609495171E-01,  4.860099210865E-01,
  4.128360409363E-01,  5.012352152652E-01,
  4.268071902004E-01, -5.002876600471E-01,
  4.263720547041E-01, -4.874869949516E-01,
  4.246779974461E-01, -4.762844460728E-01,
  4.241322338438E-01, -4.615862115906E-01,
  4.254989375421E-01, -4.503415807317E-01,
  4.249804274652E-01, -4.367365444774E-01,
  4.244732513386E-01, -4.265239047414E-01,
  4.263837191321E-01, -4.118497903021E-01,
  4.244282822044E-01, -4.016354566951E-01,
  4.247404868839E-01, -3.866349637511E-01,
  4.257377200081E-01, -3.733773641904E-01,
  4.261969471659E-01, -3.629083862876E-01,
  4.233176089563E-01, -3.482408191829E-01,
  4.252877172760E-01, -3.361698296773E-01,
  4.248840966737E-01, -3.253524789855E-01,
  4.261717905344E-01, -3.118059901625E-01,
  4.241494002688E-01, -2.983374451723E-01,
  4.249659720795E-01, -2.865251085936E-01,
  4.254398930419E-01, -2.738292236551E-01,
  4.237656077929E-01, -2.633007007274E-01,
  4.267903468893E-01, -2.487225254922E-01,
  4.242898263324E-01, -2.383258296553E-01,
  4.244236460156E-01, -2.268004607491E-01,
  4.244914595268E-01, -2.136042272982E-01,
  4.244962591359E-01, -1.989897820222E-01,
  4.234625981813E-01, -1.877303595564E-01,
  4.248822847235E-01, -1.752472453609E-01,
  4.267966229979E-01, -1.628432458201E-01,
  4.256602403512E-01, -1.512745568756E-01,
  4.242310628661E-01, -1.382978591223E-01,
  4.238567158729E-01, -1.243331272309E-01,
  4.242288577601E-01, -1.119940807381E-01,
  4.250112922130E-01, -1.018234689636E-01,
  4.260135719178E-01, -8.888789675773E-02,
  4.239877954230E-01, -7.658049435589E-02,
  4.238325251038E-01, -6.141889769066E-02,
  4.243292227756E-01, -5.087391599140E-02,
  4.256538157913E-01, -3.746675652302E-02,
  4.268584402413E-01, -2.678825706196E-02,
  4.256213765526E-01, -1.127529671612E-02,
  4.245759691378E-01,  2.542135719017E-04,
  4.244255771866E-01,  1.354868764318E-02,
  4.262584983678E-01,  2.449560485371E-02,
  4.256374354009E-01,  3.652249271481E-02,
  4.253094190300E-01,  4.934262678753E-02,
  4.261947712567E-01,  6.309691523067E-02,
  4.240397674577E-01,  7.660010783468E-02,
  4.242774912863E-01,  8.927579610378E-02,
  4.255514625483E-01,  1.006710865049E-01,
  4.261716511716E-01,  1.123074758583E-01,
  4.252352151903E-01,  1.237960391070E-01,
  4.256594546959E-01,  1.388439354356E-01,
  4.263845176068E-01,  1.496041183529E-01,
  4.265747071675E-01,  1.643748267639E-01,
  4.255505201555E-01,  1.748137154625E-01,
  4.246458062443E-01,  1.869776290404E-01,
  4.233736185952E-01,  1.989802544253E-01,
  4.245668430838E-01,  2.115443997951E-01,
  4.239221772896E-01,  2.252040569265E-01,
  4.251547770518E-01,  2.380497672289E-01,
  4.258354482499E-01,  2.507399931071E-01,
  4.244893864007E-01,  2.620752714811E-01,
  4.239031694293E-01,  2.748841311458E-01,
  4.252929892865E-01,  2.870303242850E-01,
  4.249276082567E-01,  3.001528094600E-01,
  4.256658072237E-01,  3.140289692078E-01,
  4.267620211656E-01,  3.252986055245E-01,
  4.261688536689E-01,  3.393187501911E-01,
  4.238458548052E-01,  3.498789576327E-01,
  4.261886473854E-01,  3.634684426686E-01,
  4.247300946985E-01,  3.756982285953E-01,
  4.250056165838E-01,  3.885592886457E-01,
  4.251427840566E-01,  3.986446957147E-01,
  4.241208110074E-01,  4.139166798830E-01,
  4.234860800555E-01,  4.239417115623E-01,
  4.255225097539E-01,  4.359720151970E-01,
  4.262891246823E-01,  4.488625008239E-01,
  4.248987710060E-01,  4.616157629084E-01,
  4.246871761280E-01,  4.747041330006E-01,
  4.250241879167E-01,  4.876365651437E-01,
  4.250379651128E-01,  4.991202212022E-01,
  4.375290979604E-01, -5.016736650430E-01,
  4.378021899855E-01, -4.888435221520E-01,
  4.391561543688E-01, -4.748905779752E-01,
  4.361372942644E-01, -4.616177544080E-01,
  4.387465178465E-01, -4.515638799364E-01,
  4.380483313384E-01, -4.357576220505E-01,
  4.366786437591E-01, -4.256871932683E-01,
  4.382706531803E-01, -4.125655523111E-01,
  4.383351611700E-01, -3.995380542462E-01,
  4.390341189997E-01, -3.890053734128E-01,
  4.391326396549E-01, -3.746191470864E-01,
  4.362411215289E-01, -3.633569703052E-01,
  4.392006526094E-01, -3.487717327797E-01,
  4.384639038887E-01, -3.367736854395E-01,
  4.370537372982E-01, -3.258789113988E-01,
  4.376511439163E-01, -3.106699194799E-01,
  4.390148695161E-01, -3.002242948324E-01,
  4.387626428450E-01, -2.874446849859E-01,
  4.369736914892E-01, -2.748922383644E-01,
  4.377648889014E-01, -2.612604718929E-01,
  4.363142285595E-01, -2.518386604941E-01,
  4.365213934037E-01, -2.362436987178E-01,
  4.391719358807E-01, -2.262707299616E-01,
  4.379790597314E-01, -2.143063792896E-01,
  4.357790355755E-01, -1.996083416217E-01,
  4.369116719278E-01, -1.892246499660E-01,
  4.362132946933E-01, -1.768100421688E-01,
  4.368036492702E-01, -1.617225563551E-01,
  4.390211199716E-01, -1.493542775652E-01,
  4.387502421191E-01, -1.377128107808E-01,
  4.367052538853E-01, -1.245692721351E-01,
  4.368296213733E-01, -1.121569826773E-01,
  4.357170034741E-01, -9.922207257981E-02,
  4.361393147625E-01, -8.870734396890E-02,
  4.362093843433E-01, -7.597830536112E-02,
  4.383570252488E-01, -6.208275036795E-02,
  4.357481266704E-01, -4.947841361783E-02,
  4.363746500848E-01, -3.902829853554E-02,
  4.385701564543E-01, -2.670246445026E-02,
  4.371241315377E-01, -1.070919027911E-02,
  4.366182523330E-01,  1.034716230183E-03,
  4.385581374618E-01,  1.409848635329E-02,
  4.369198294622E-01,  2.359405315096E-02,
  4.384208369920E-01,  3.873442378832E-02,
  4.388150770163E-01,  4.938587496493E-02,
  4.376551435809E-01,  6.071454395209E-02,
  4.360432763277E-01,  7.662185456341E-02,
  4.386844492366E-01,  8.720042787518E-02,
  4.392398524701E-01,  1.005627302173E-01,
  4.363016617871E-01,  1.120361159833E-01,
  4.391681806973E-01,  1.261217293551E-01,
  4.382201527270E-01,  1.386863176182E-01,
  4.386661796694E-01,  1.487060528157E-01,
  4.390948448734E-01,  1.643657222081E-01,
  4.389763649413E-01,  1.764856732592E-01,
  4.364819723681E-01,  1.873894496018E-01,
  4.379571446372E-01,  2.001169914177E-01,
  4.392008142032E-01,  2.129795897267E-01,
  4.361736511773E-01,  2.234579157781E-01,
  4.392485382290E-01,  2.367933077809E-01,
  4.374582635540E-01,  2.517583879814E-01,
  4.356558638884E-01,  2.620100730455E-01,
  4.371759367670E-01,  2.745648995305E-01,
  4.376712554237E-01,  2.864356730245E-01,
  4.363905599443E-01,  3.010745283465E-01,
  4.375220720786E-01,  3.116593300710E-01,
  4.391382553844E-01,  3.264756642860E-01,
  4.357194817797E-01,  3.382515528145E-01,
  4.392025485042E-01,  3.488739706943E-01,
  4.386449844781E-01,  3.618480109671E-01,
  4.363477725484E-01,  3.762823777484E-01,
  4.358254169757E-01,  3.893530090891E-01,
  4.392913813963E-01,  3.995226588504E-01,
  4.370656600673E-01,  4.128173503353E-01,
  4.374429768141E-01,  4.237215574957E-01,
  4.383072482367E-01,  4.370931386618E-01,
  4.374760658567E-01,  4.481388418067E-01,
  4.379341252082E-01,  4.633892860372E-01,
  4.384273475375E-01,  4.764351282073E-01,
  4.361648923177E-01,  4.857042328797E-01,
  4.389463290867E-01,  4.982981662121E-01,
  4.513100132279E-01, -4.984918540127E-01,
  4.506365253715E-01, -4.858912254216E-01,
  4.501130984747E-01, -4.744756604181E-01,
  4.512898313273E-01, -4.612375039863E-01,
  4.481761988123E-01, -4.486798867851E-01,
  4.482496933017E-01, -4.380387810216E-01,
  4.515471305938E-01, -4.268379793918E-01,
  4.495367890436E-01, -4.133053196891E-01,
  4.496499084773E-01, -4.007439698020E-01,
  4.504517776191E-01, -3.866670447942E-01,
  4.514736241224E-01, -3.763117726774E-01,
  4.487040295260E-01, -3.627798151166E-01,
  4.500442274222E-01, -3.508289216848E-01,
  4.516412142890E-01, -3.364687684580E-01,
  4.505153577974E-01, -3.238860407210E-01,
  4.511618363969E-01, -3.130725871669E-01,
  4.503744969747E-01, -2.986541891035E-01,
  4.487768624874E-01, -2.890528497213E-01,
  4.483862931838E-01, -2.755991885942E-01,
  4.511458597404E-01, -2.639442286132E-01,
  4.483193178237E-01, -2.490971747904E-01,
  4.502397235424E-01, -2.377383796571E-01,
  4.500845441123E-01, -2.266018919838E-01,
  4.499069324918E-01, -2.127225787624E-01,
  4.488242170456E-01, -1.991254969969E-01,
  4.495335022363E-01, -1.887476959710E-01,
  4.488184899219E-01, -1.746762114996E-01,
  4.518342432317E-01, -1.607187545710E-01,
  4.505782126500E-01, -1.486325687265E-01,
  4.486939441875E-01, -1.383035856728E-01,
  4.515684359552E-01, -1.240080632960E-01,
  4.483584675284E-01, -1.118870644013E-01,
  4.503741844089E-01, -9.846692786259E-02,
  4.505868822018E-01, -8.850344176003E-02,
  4.499258935908E-01, -7.346705661123E-02,
  4.513451766897E-01, -6.432279123625E-02,
  4.517482752417E-01, -5.039295290310E-02,
  4.500969222958E-01, -3.654957337683E-02,
  4.514086481377E-01, -2.601966274168E-02,
  4.503537287687E-01, -1.183453842600E-02,
  4.517513733010E-01,  1.745138417609E-03,
  4.496112554275E-01,  1.279443573634E-02,
  4.488293083962E-01,  2.575700156630E-02,
  4.517740596497E-01,  3.669653459925E-02,
  4.499837211267E-01,  5.035628014658E-02,
  4.484157283034E-01,  6.141211883934E-02,
  4.493574354621E-01,  7.611551397637E-02,
  4.512497561741E-01,  8.930946382063E-02,
  4.504108628389E-01,  9.889787215158E-02,
  4.487818847212E-01,  1.140748004359E-01,
  4.516672193167E-01,  1.233901945970E-01,
  4.505567248221E-01,  1.359929683246E-01,
  4.508952194843E-01,  1.502456761525E-01,
  4.499232099580E-01,  1.630907576917E-01,
  4.501747902553E-01,  1.736217072111E-01,
  4.485194348146E-01,  1.889960900206E-01,
  4.498233144908E-01,  1.989803756138E-01,
  4.489982113271E-01,  2.115663673915E-01,
  4.487630930898E-01,  2.244347298674E-01,
  4.481482283360E-01,  2.359231627114E-01,
  4.486653281707E-01,  2.489055053527E-01,
  4.494579099627E-01,  2.609453034838E-01,
  4.518609627485E-01,  2.743189323499E-01,
  4.486664718172E-01,  2.868691157672E-01,
  4.511856013182E-01,  3.011148718095E-01,
  4.510541407365E-01,  3.115494553617E-01,
  4.517567308422E-01,  3.250306134103E-01,
  4.518604011445E-01,  3.388469204266E-01,
  4.515212851830E-01,  3.506548648515E-01,
  4.485871897251E-01,  3.622325088820E-01,
  4.508369659321E-01,  3.768652830002E-01,
  4.504787573337E-01,  3.874955259495E-01,
  4.487886735029E-01,  4.007941973657E-01,
  4.495804813939E-01,  4.135873984872E-01,
  4.513954403709E-01,  4.233198659509E-01,
  4.500766288356E-01,  4.377632967375E-01,
  4.483635162951E-01,  4.496189469220E-01,
  4.508960453786E-01,  4.626901727297E-01,
  4.484226674089E-01,  4.740232076007E-01,
  4.497949310807E-01,  4.861131819884E-01,
  4.485270178151E-01,  4.994139581468E-01,
  4.616822721362E-01, -4.987401772208E-01,
  4.610389911806E-01, -4.869464029920E-01,
  4.643063799319E-01, -4.746205816352E-01,
  4.641908073171E-01, -4.614341880948E-01,
  4.639199299506E-01, -4.514995666588E-01,
  4.614967406598E-01, -4.379207105301E-01,
  4.639106922019E-01, -4.265346736481E-01,
  4.624462832683E-01, -4.113317975595E-01,
  4.625958716834E-01, -4.014811202364E-01,
  4.627242170285E-01, -3.865166305171E-01,
  4.609453529261E-01, -3.737975226128E-01,
  4.636715030155E-01, -3.631147346639E-01,
  4.638314776338E-01, -3.515123911337E-01,
  4.615409008076E-01, -3.376545479259E-01,
  4.616604294236E-01, -3.255697828716E-01,
  4.640480917664E-01, -3.133644747904E-01,
  4.615452656528E-01, -3.013638919619E-01,
  4.611401804039E-01, -2.866291867099E-01,
  4.641169790956E-01, -2.737950402337E-01,
  4.637057358172E-01, -2.642587392660E-01,
  4.632917900335E-01, -2.495096498507E-01,
  4.641579941827E-01, -2.392667947942E-01,
  4.619341027796E-01, -2.243771479122E-01,
  4.636933366215E-01, -2.126530922190E-01,
  4.626233757892E-01, -1.994907955792E-01,
  4.608834744024E-01, -1.874788826127E-01,
  4.624932210559E-01, -1.758069408137E-01,
  4.616106149339E-01, -1.636799215904E-01,
  4.609266891803E-01, -1.512780303618E-01,
  4.635982576296E-01, -1.358103013187E-01,
  4.610142522581E-01, -1.262422836509E-01,
  4.619073212694E-01, -1.123646336465E-01,
  4.639805956773E-01, -9.968223050904E-02,
  4.640382480935E-01, -8.795767233828E-02,
  4.639051757963E-01, -7.462976647725E-02,
  4.614054888252E-01, -6.067515336489E-02,
  4.622833445755E-01, -5.117824115310E-02,
  4.638026912891E-01, -3.803970435438E-02,
  4.625623175815E-01, -2.671432222092E-02,
  4.630493174266E-01, -1.358343922437E-02,
  4.613337837701E-01, -1.136035841973E-03,
  4.638685636468E-01,  1.071356450857E-02,
  4.627969917053E-01,  2.686999964717E-02,
  4.633079071289E-01,  3.713950737921E-02,
  4.612861527501E-01,  4.901415722234E-02,
  4.626252526847E-01,  6.434635640348E-02,
  4.606385231700E-01,  7.553751722609E-02,
  4.633613868796E-01,  8.800743858297E-02,
  4.629078742071E-01,  1.013546838770E-01,
  4.635716106036E-01,  1.128539304633E-01,
  4.613668451180E-01,  1.243121903133E-01,
  4.618148416860E-01,  1.371606782710E-01,
  4.624336650200E-01,  1.505390874355E-01,
  4.630338236040E-01,  1.625146188297E-01,
  4.623838221344E-01,  1.733358876184E-01,
  4.633590249369E-01,  1.876198727563E-01,
  4.620045682300E-01,  2.018230880865E-01,
  4.635526655951E-01,  2.121142605265E-01,
  4.642625365026E-01,  2.262818466872E-01,
  4.640163078146E-01,  2.386550861021E-01,
  4.629693968486E-01,  2.506963554527E-01,
  4.619388808778E-01,  2.606377644251E-01,
  4.634508952310E-01,  2.736697805621E-01,
  4.630409636004E-01,  2.865715788564E-01,
  4.623835594341E-01,  3.003666321485E-01,
  4.631071153964E-01,  3.114258417740E-01,
  4.630251634065E-01,  3.244584512585E-01,
  4.609385541973E-01,  3.379641455374E-01,
  4.613305698994E-01,  3.498637834361E-01,
  4.640115138953E-01,  3.618774771760E-01,
  4.637018294060E-01,  3.737500873014E-01,
  4.635697947896E-01,  3.872960070328E-01,
  4.607635610911E-01,  3.998025281784E-01,
  4.623839719398E-01,  4.120328946375E-01,
  4.626229579380E-01,  4.263992822374E-01,
  4.626853753549E-01,  4.365349655352E-01,
  4.637908215468E-01,  4.484981598180E-01,
  4.627087646756E-01,  4.643683147053E-01,
  4.615374984682E-01,  4.751832129836E-01,
  4.626603043915E-01,  4.884373040485E-01,
  4.642732340725E-01,  4.985141168750E-01,
  4.758941120761E-01, -5.010145239581E-01,
  4.742910907732E-01, -4.891759958117E-01,
  4.754306608177E-01, -4.752273256082E-01,
  4.731836979653E-01, -4.633556180790E-01,
  4.760108600853E-01, -4.485825261815E-01,
  4.756775021735E-01, -4.359010244523E-01,
  4.747286683085E-01, -4.238387373067E-01,
  4.750933075152E-01, -4.115409258315E-01,
  4.742958316124E-01, -3.992736329051E-01,
  4.744643031082E-01, -3.860306670054E-01,
  4.737201179164E-01, -3.745296704183E-01,
  4.732337857399E-01, -3.610156448638E-01,
  4.737035101699E-01, -3.499708630122E-01,
  4.747430467229E-01, -3.380352375565E-01,
  4.737108804975E-01, -3.255852595674E-01,
  4.745787210855E-01, -3.136851398328E-01,
  4.755097648008E-01, -3.005056367310E-01,
  4.752397394590E-01, -2.884795505566E-01,
  4.758007182414E-01, -2.761039348754E-01,
  4.743001362549E-01, -2.632247300364E-01,
  4.752314497468E-01, -2.495648898524E-01,
  4.733118521574E-01, -2.383868598681E-01,
  4.755229720906E-01, -2.241117772696E-01,
  4.761254811714E-01, -2.120322046437E-01,
  4.744167420476E-01, -1.998443517199E-01,
  4.753700094689E-01, -1.888650632164E-01,
  4.737451246885E-01, -1.739163485512E-01,
  4.753627622648E-01, -1.621417253907E-01,
  4.749383180558E-01, -1.496059166828E-01,
  4.763466855575E-01, -1.365794085943E-01,
  4.762605685238E-01, -1.267489057001E-01,
  4.735802917114E-01, -1.118575508748E-01,
  4.752306344467E-01, -9.969191658894E-02,
  4.742822560127E-01, -8.611355920223E-02,
  4.742891170227E-01, -7.571698436791E-02,
  4.742892539057E-01, -6.229407504077E-02,
  4.759853882016E-01, -4.926535934636E-02,
  4.767171217519E-01, -3.783087973411E-02,
  4.755889034874E-01, -2.580796155167E-02,
  4.760550595933E-01, -1.306720922828E-02,
  4.735758662837E-01,  9.991012501021E-04,
  4.767424753281E-01,  1.347601733619E-02,
  4.768019758800E-01,  2.524689043072E-02,
  4.731255209894E-01,  3.570422217935E-02,
  4.742114768228E-01,  5.052147742420E-02,
  4.739107931850E-01,  6.162542308383E-02,
  4.759451022545E-01,  7.656986015297E-02,
  4.764828190304E-01,  8.749462083025E-02,
  4.731292372725E-01,  1.017251319729E-01,
  4.753886087925E-01,  1.138662034548E-01,
  4.742105409175E-01,  1.239843267231E-01,
  4.742950163532E-01,  1.375356629857E-01,
  4.747547260782E-01,  1.508896276674E-01,
  4.739327233398E-01,  1.614954535585E-01,
  4.749099819053E-01,  1.748731955199E-01,
  4.733914143154E-01,  1.864272977927E-01,
  4.763462532249E-01,  1.983033952610E-01,
  4.765244167826E-01,  2.125647291318E-01,
  4.757351003329E-01,  2.237643474030E-01,
  4.731796019526E-01,  2.357555178072E-01,
  4.735456212107E-01,  2.503499654087E-01,
  4.732401059533E-01,  2.628080306841E-01,
  4.761397303981E-01,  2.745788620820E-01,
  4.766725516371E-01,  2.887692913815E-01,
  4.731913948262E-01,  3.001904753861E-01,
  4.761912212607E-01,  3.118309468272E-01,
  4.757161577536E-01,  3.234200509225E-01,
  4.745630135336E-01,  3.370367096852E-01,
  4.737750464823E-01,  3.489744234404E-01,
  4.766919861226E-01,  3.614894541169E-01,
  4.732182668456E-01,  3.758263318686E-01,
  4.755874392711E-01,  3.864232649171E-01,
  4.741307169108E-01,  3.990049071509E-01,
  4.753159978085E-01,  4.115600469677E-01,
  4.743674956089E-01,  4.238672472588E-01,
  4.767138633690E-01,  4.386964162513E-01,
  4.745288673984E-01,  4.505011657183E-01,
  4.758651487617E-01,  4.613640475530E-01,
  4.734899556906E-01,  4.747644943754E-01,
  4.742527986924E-01,  4.863417742020E-01,
  4.734506144361E-01,  4.981295581701E-01,
  4.861556182411E-01, -5.011542038931E-01,
  4.860151592978E-01, -4.877304336010E-01,
  4.860354729397E-01, -4.750106147169E-01,
  4.868108250329E-01, -4.638933075905E-01,
  4.871657598746E-01, -4.483252710732E-01,
  4.878165120715E-01, -4.380599786734E-01,
  4.865113668575E-01, -4.240101472061E-01,
  4.878131326879E-01, -4.137812704171E-01,
  4.868743547630E-01, -4.007792492730E-01,
  4.861374203365E-01, -3.858725219683E-01,
  4.879616604480E-01, -3.765103685856E-01,
  4.885782675156E-01, -3.641988824764E-01,
  4.874857401485E-01, -3.504338274424E-01,
  4.877373460525E-01, -3.368780022394E-01,
  4.862514249707E-01, -3.246359598023E-01,
  4.872777771085E-01, -3.113530340359E-01,
  4.866888948413E-01, -3.005395498882E-01,
  4.873483958775E-01, -2.876654281422E-01,
  4.883870994061E-01, -2.752727624807E-01,
  4.870906197213E-01, -2.615632796135E-01,
  4.876120438861E-01, -2.510160179067E-01,
  4.877444116698E-01, -2.379490884314E-01,
  4.872068058423E-01, -2.243444790069E-01,
  4.862859879349E-01, -2.139622207220E-01,
  4.867890256790E-01, -1.985398537342E-01,
  4.866188913787E-01, -1.866721422124E-01,
  4.857309841448E-01, -1.749283775409E-01,
  4.884519442498E-01, -1.630652677857E-01,
  4.888211077916E-01, -1.504505883457E-01,
  4.873895579399E-01, -1.371157859281E-01,
  4.889413365366E-01, -1.244488140003E-01,
  4.870661267824E-01, -1.124966954279E-01,
  4.885660406874E-01, -1.014069761581E-01,
  4.866451454060E-01, -8.662381882607E-02,
  4.865158621700E-01, -7.366411142516E-02,
  4.856342208064E-01, -6.096823170563E-02,
  4.863455321837E-01, -5.072833421100E-02,
  4.889344663987E-01, -3.834745916777E-02,
  4.877074809576E-01, -2.680414488336E-02,
  4.861610801062E-01, -1.075436855175E-02,
  4.879881565507E-01,  8.447885607263E-04,
  4.879413513679E-01,  1.086187935892E-02,
  4.863480490909E-01,  2.528787548090E-02,
  4.882911719997E-01,  3.825857069612E-02,
  4.874264070959E-01,  4.957497823175E-02,
  4.875368473969E-01,  6.204922418834E-02,
  4.868759016478E-01,  7.360075046624E-02,
  4.881583753387E-01,  8.707288070801E-02,
  4.868410894881E-01,  1.003465824858E-01,
  4.890269193734E-01,  1.141164614050E-01,
  4.865523943705E-01,  1.264173380202E-01,
  4.886890074723E-01,  1.364206795939E-01,
  4.867754322978E-01,  1.500234775844E-01,
  4.880950557642E-01,  1.637474245001E-01,
  4.873791783768E-01,  1.766628352555E-01,
  4.882943150082E-01,  1.870287814585E-01,
  4.871449004751E-01,  2.007542417493E-01,
  4.873348786465E-01,  2.135937715661E-01,
  4.861739547378E-01,  2.232095095844E-01,
  4.892055703205E-01,  2.356523940202E-01,
  4.864807173268E-01,  2.512836521576E-01,
  4.876550544965E-01,  2.613680327765E-01,
  4.870610233819E-01,  2.756849783972E-01,
  4.876924728523E-01,  2.875000211085E-01,
  4.889549612796E-01,  3.003439368633E-01,
  4.889690793042E-01,  3.123667599923E-01,
  4.884700889367E-01,  3.236091830417E-01,
  4.884944242276E-01,  3.377897884743E-01,
  4.861498407806E-01,  3.487220870661E-01,
  4.865401564999E-01,  3.634349576150E-01,
  4.874013674006E-01,  3.755491174502E-01,
  4.864362078280E-01,  3.878192681558E-01,
  4.891686576813E-01,  3.995445102811E-01,
  4.880921792505E-01,  4.137043790217E-01,
  4.862980292194E-01,  4.238429682566E-01,
  4.882538742706E-01,  4.358493543980E-01,
  4.858155449714E-01,  4.502933068994E-01,
  4.871969899659E-01,  4.626158850726E-01,
  4.866808137242E-01,  4.766225844465E-01,
  4.856266120847E-01,  4.865812146411E-01,
  4.873559105269E-01,  5.000467325343E-01,
  4.999597092409E-01, -5.002510308146E-01,
  5.009640977566E-01, -4.876274917743E-01,
  5.007502237126E-01, -4.763031680189E-01,
  4.995011432189E-01, -4.613033606883E-01,
  4.998451872582E-01, -4.494626135900E-01,
  5.009425116269E-01, -4.381270262935E-01,
  5.002566691851E-01, -4.235983024279E-01,
  5.003408322882E-01, -4.121533545528E-01,
  4.993356816027E-01, -4.004454140713E-01,
  4.982968072580E-01, -3.887935681337E-01,
  4.997793466939E-01, -3.751388893250E-01,
  4.981707237320E-01, -3.641673667156E-01,
  5.011538257179E-01, -3.502108246370E-01,
  5.006146408628E-01, -3.385901354263E-01,
  5.011152477597E-01, -3.238814305968E-01,
  4.983737113112E-01, -3.122461006248E-01,
  4.986858109984E-01, -2.993257763641E-01,
  5.001727358909E-01, -2.889752227195E-01,
  4.999354382615E-01, -2.756829885535E-01,
  4.994122847111E-01, -2.619246976565E-01,
  5.004324741473E-01, -2.487462440810E-01,
  5.013301638855E-01, -2.363540049803E-01,
  5.006779780906E-01, -2.239955348836E-01,
  5.003655489013E-01, -2.134444217383E-01,
  4.985423950420E-01, -1.999888672619E-01,
  4.987322344375E-01, -1.885183554524E-01,
  4.996220282302E-01, -1.736662624637E-01,
  5.001862103987E-01, -1.623582749156E-01,
  4.982356293343E-01, -1.481610957452E-01,
  4.996982465934E-01, -1.376108371661E-01,
  5.001578908290E-01, -1.265068112135E-01,
  5.004411897155E-01, -1.139257410625E-01,
  4.989252415928E-01, -1.015979840286E-01,
  5.015102436571E-01, -8.698712609160E-02,
  4.999317174064E-01, -7.436737340535E-02,
  4.985292503600E-01, -6.232249833307E-02,
  4.989643127020E-01, -5.087909170324E-02,
  5.017374028701E-01, -3.681590395909E-02,
  5.007739541342E-01, -2.384391394343E-02,
  4.984129242842E-01, -1.231345125735E-02,
  4.993283954233E-01, -6.949328390074E-04,
  4.990014246679E-01,  1.269550018820E-02,
  5.004113348831E-01,  2.643785795365E-02,
  5.000559916803E-01,  3.609445518216E-02,
  4.991349037416E-01,  4.907415069581E-02,
  5.003723900023E-01,  6.093216578295E-02,
  4.997218843104E-01,  7.631366247017E-02,
  4.997807213764E-01,  8.886213703691E-02,
  5.001692675473E-01,  1.002573697422E-01,
  5.012830374720E-01,  1.128261718067E-01,
  4.987063080925E-01,  1.242833231202E-01,
  4.984090671748E-01,  1.385567181011E-01,
  4.997672163834E-01,  1.484896583833E-01,
  4.985531110887E-01,  1.641209559699E-01,
  5.006982802832E-01,  1.753729028646E-01,
  5.012569733186E-01,  1.892229088843E-01,
  5.007090592247E-01,  2.002665667671E-01,
  4.983346606542E-01,  2.137538096257E-01,
  4.985299997212E-01,  2.263769550453E-01,
  4.989570040767E-01,  2.362162708584E-01,
  5.016659667719E-01,  2.510993725813E-01,
  4.982845390311E-01,  2.626304403018E-01,
  5.007456855035E-01,  2.752694939481E-01,
  4.991559213637E-01,  2.860522953066E-01,
  5.012381285498E-01,  3.010555077176E-01,
  5.017257403091E-01,  3.125547227325E-01,
  4.987928890833E-01,  3.250131114095E-01,
  5.007939656022E-01,  3.392878597637E-01,
  4.984052204755E-01,  3.505067192120E-01,
  4.986127727800E-01,  3.640112030127E-01,
  5.000235920393E-01,  3.734604496220E-01,
  4.996025296935E-01,  3.873986280030E-01,
  4.993878924444E-01,  3.999354609298E-01,
  4.991184605029E-01,  4.122606146157E-01,
  5.018568564469E-01,  4.237162902473E-01,
  4.982115535220E-01,  4.361530000475E-01,
  4.984330783207E-01,  4.513832613019E-01,
  5.000018887455E-01,  4.612679043834E-01,
  4.993357155651E-01,  4.746685416684E-01,
  4.982289942153E-01,  4.858298634397E-01,
  5.007747421653E-01,  4.994020920141E-01,
 -5.125000000000E-01, -5.000000000000E-01,
 -5.000000000000E-01,  5.125000000000E-01,
  5.125000000000E-01,  5.000000000000E-01,
  5.000000000000E-01, -5.125000000000E-01,
 -5.125000000000E-01, -4.875000000000E-01,
 -4.875000000000E-01,  5.125000000000E-01,
  5.125000000000E-01,  4.875000000000E-01,
  4.875000000000E-01, -5.125000000000E-01,
 -5.125000000000E-01, -4.750000000000E-01,
 -4.750000000000E-01,  5.125000000000E-01,
  5.125000000000E-01,  4.750000000000E-01,
  4.750000000000E-01, -5.125000000000E-01,
 -5.125000000000E-01, -4.625000000000E-01,
 -4.625000000000E-01,  5.125000000000E-01,
  5.125000000000E-01,  4.625000000000E-01,
  4.625000000000E-01, -5.125000000000E-01,
 -5.125000000000E-01, -4.500000000000E-01,
 -4.500000000000E-01,  5.125000000000E-01,
  5.125000000000E-01,  4.500000000000E-01,
  4.500000000000E-01, -5.125000000000E-01,
 -5.125000000000E-01, -4.375000000000E-01,
 -4.375000000000E-01,  5.125000000000E-01,
  5.125000000000E-01,  4.375000000000E-01,
  4.375000000000E-01, -5.125000000000E-01,
 -5.125000000000E-01, -4.250000000000E-01,
 -4.250000000000E-01,  5.125000000000E-01,
  5.125000000000E-01,  4.250000000000E-01,
  4.250000000000E-01, -5.125000000000E-01,
 -5.125000000000E-01, -4.125000000000E-01,
 -4.125000000000E-01,  5.125000000000E-01,
  5.125000000000E-01,  4.125000000000E-01,
  4.125000000000E-01, -5.125000000000E-01,
 -5.125000000000E-01, -4.000000000000E-01,
 -4.000000000000E-01,  5.125000000000E-01,
  5.125000000000E-01,  4.000000000000E-01,
  4.000000000000E-01, -5.125000000000E-01,
 -5.125000000000E-01, -3.875000000000E-01,
 -3.875000000000E-01,  5.125000000000E-01,
  5.125000000000E-01,  3.875000000000E-01,
  3.875000000000E-01, -5.125000000000E-01,
 -5.125000000000E-01, -3.750000000000E-01,
 -3.750000000000E-01,  5.125000000000E-01,
  5.125000000000E-01,  3.750000000000E-01,
  3.750000000000E-01, -5.125000000000E-01,
 -5.125000000000E-01, -3.625000000000E-01,
 -3.625000000000E-01,  5.125000000000E-01,
  5.125000000000E-01,  3.625000000000E-01,
  3.625000000000E-01, -5.125000000000E-01,
 -5.125000000000E-01, -3.500000000000E-01,
 -3.500000000000E-01,  5.125000000000E-01,
  5.125000000000E-01,  3.500000000000E-01,
  3.500000000000E-01, -5.125000000000E-01,
 -5.125000000000E-01, -3.375000000000E-01,
 -3.375000000000E-01,  5.125000000000E-01,
  5.125000000000E-01,  3.375000000000E-01,
  3.375000000000E-01, -5.125000000000E-01,
 -5.125000000000E-01, -3.250000000000E-01,
 -3.250000000000E-01,  5.125000000000E-01,
  5.125000000000E-01,  3.250000000000E-01,
  3.250000000000E-01, -5.125000000000E-01,
 -5.125000000000E-01, -3.125000000000E-01,
 -3.125000000000E-01,  5.125000000000E-01,
  5.125000000000E-01,  3.125000000000E-01,
  3.125000000000E-01, -5.125000000000E-01,
 -5.125000000000E-01, -3.000000000000E-01,
 -3.000000000000E-01,  5.125000000000E-01,
  5.125000000000E-01,  3.000000000000E-01,
  3.000000000000E-01, -5.125000000000E-01,
 -5.125000000000E-01, -2.875000000000E-01,
 -2.875000000000E-01,  5.125000000000E-01,
  5.125000000000E-01,  2.875000000000E-01,
  2.875000000000E-01, -5.125000000000E-01,
 -5.125000000000E-01, -2.750000000000E-01,
 -2.750000000000E-01,  5.125000000000E-01,
  5.125000000000E-01,  2.750000000000E-01,
  2.750000000000E-01, -5.125000000000E-01,
 -5.125000000000E-01, -2.625000000000E-01,
 -2.625000000000E-01,  5.125000000000E-01,
  5.125000000000E-01,  2.625000000000E-01,
  2.625000000000E-01, -5.125000000000E-01,
 -5.125000000000E-01, -2.500000000000E-01,
 -2.500000000000E-01,  5.125000000000E-01,
  5.125000000000E-01,  2.500000000000E-01,
  2.500000000000E-01, -5.125000000000E-01,
 -5.125000000000E-01, -2.375000000000E-01,
 -2.375000000000E-01,  5.125000000000E-01,
  5.125000000000E-01,  2.375000000000E-01,
  2.375000000000E-01, -5.125000000000E-01,
 -5.125000000000E-01, -2.250000000000E-01,
 -2.250000000000E-01,  5.125000000000E-01,
  5.125000000000E-01,  2.250000000000E-01,
  2.250000000000E-01, -5.125000000000E-01,
 -5.125000000000E-01, -2.125000000000E-01,
 -2.125000000000E-01,  5.125000000000E-01,
  5.125000000000E-01,  2.125000000000E-01,
  2.125000000000E-01, -5.125000000000E-01,
 -5.125000000000E-01, -2.000000000000E-01,
 -2.000000000000E-01,  5.125000000000E-01,
  5.125000000000E-01,  2.000000000000E-01,
  2.000000000000E-01, -5.125000000000E-01,
 -5.125000000000E-01, -1.875000000000E-01,
 -1.875000000000E-01,  5.125000000000E-01,
  5.125000000000E-01,  1.875000000000E-01,
  1.875000000000E-01, -5.125000000000E-01,
 -5.125000000000E-01, -1.750000000000E-01,
 -1.750000000000E-01,  5.125000000000E-01,
  5.125000000000E-01,  1.750000000000E-01,
  1.750000000000E-01, -5.125000000000E-01,
 -5.125000000000E-01, -1.625000000000E-01,
 -1.625000000000E-01,  5.125000000000E-01,
  5.125000000000E-01,  1.625000000000E-01,
  1.625000000000E-01, -5.125000000000E-01,
 -5.125000000000E-01, -1.500000000000E-01,
 -1.500000000000E-01,  5.125000000000E-01,
  5.125000000000E-01,  1.500000000000E-01,
  1.500000000000E-01, -5.125000000000E-01,
 -5.125000000000E-01, -1.375000000000E-01,
 -1.375000000000E-01,  5.125000000000E-01,
  5.125000000000E-01,  1.375000000000E-01,
  1.375000000000E-01, -5.125000000000E-01,
 -5.125000000000E-01, -1.250000000000E-01,
 -1.250000000000E-01,  5.125000000000E-01,
  5.125000000000E-01,  1.250000000000E-01,
  1.250000000000E-01, -5.125000000000E-01,
 -5.125000000000E-01, -1.125000000000E-01,
 -1.125000000000E-01,  5.125000000000E-01,
  5.125000000000E-01,  1.125000000000E-01,
  1.125000000000E-01, -5.125000000000E-01,
 -5.125000000000E-01, -1.000000000000E-01,
 -1.000000000000E-01,  5.125000000000E-01,
  5.125000000000E-01,  1.000000000000E-01,
  1.000000000000E-01, -5.125000000000E-01,
 -5.125000000000E-01, -8.750000000000E-02,
 -8.750000000000E-02,  5.125000000000E-01,
  5.125000000000E-01,  8.750000000000E-02,
  8.750000000000E-02, -5.125000000000E-01,
 -5.125000000000E-01, -7.500000000000E-02,
 -7.500000000000E-02,  5.125000000000E-01,
  5.125000000000E-01,  7.500000000000E-02,
  7.500000000000E-02, -5.125000000000E-01,
 -5.125000000000E-01, -6.250000000000E-02,
 -6.250000000000E-02,  5.125000000000E-01,
  5.125000000000E-01,  6.250000000000E-02,
  6.250000000000E-02, -5.125000000000E-01,
 -5.125000000000E-01, -5.000000000000E-02,
 -5.000000000000E-02,  5.125000000000E-01,
  5.125000000000E-01,  5.000000000000E-02,
  5.000000000000E-02, -5.125000000000E-01,
 -5.125000000000E-01, -3.750000000000E-02,
 -3.750000000000E-02,  5.125000000000E-01,
  5.125000000000E-01,  3.750000000000E-02,
  3.750000000000E-02, -5.125000000000E-01,
 -5.125000000000E-01, -2.500000000000E-02,
 -2.500000000000E-02,  5.125000000000E-01,
  5.125000000000E-01,  2.500000000000E-02,
  2.500000000000E-02, -5.125000000000E-01,
 -5.125000000000E-01, -1.250000000000E-02,
 -1.250000000000E-02,  5.125000000000E-01,
  5.125000000000E-01,  1.250000000000E-02,
  1.250000000000E-02, -5.125000000000E-01,
 -5.125000000000E-01,  0.000000000000E+00,
  0.000000000000E+00,  5.125000000000E-01,
  5.125000000000E-01,  0.000000000000E+00,
  0.000000000000E+00, -5.125000000000E-01,
 -5.125000000000E-01,  1.250000000000E-02,
  1.250000000000E-02,  5.125000000000E-01,
  5.125000000000E-01, -1.250000000000E-02,
 -1.250000000000E-02, -5.125000000000E-01,
 -5.125000000000E-01,  2.500000000000E-02,
  2.500000000000E-02,  5.125000000000E-01,
  5.125000000000E-01, -2.500000000000E-02,
 -2.500000000000E-02, -5.125000000000E-01,
 -5.125000000000E-01,  3.750000000000E-02,
  3.750000000000E-02,  5.125000000000E-01,
  5.125000000000E-01, -3.750000000000E-02,
 -3.750000000000E-02, -5.125000000000E-01,
 -5.125000000000E-01,  5.000000000000E-02,
  5.000000000000E-02,  5.125000000000E-01,
  5.125000000000E-01, -5.000000000000E-02,
 -5.000000000000E-02, -5.125000000000E-01,
 -5.125000000000E-01,  6.250000000000E-02,
  6.250000000000E-02,  5.125000000000E-01,
  5.125000000000E-01, -6.250000000000E-02,
 -6.250000000000E-02, -5.125000000000E-01,
 -5.125000000000E-01,  7.500000000000E-02,
  7.500000000000E-02,  5.125000000000E-01,
  5.125000000000E-01, -7.500000000000E-02,
 -7.500000000000E-02, -5.125000000000E-01,
 -5.125000000000E-01,  8.750000000000E-02,
  8.750000000000E-02,  5.125000000000E-01,
  5.125000000000E-01, -8.750000000000E-02,
 -8.750000000000E-02, -5.125000000000E-01,
 -5.125000000000E-01,  1.000000000000E-01,
  1.000000000000E-01,  5.125000000000E-01,
  5.125000000000E-01, -1.000000000000E-01,
 -1.000000000000E-01, -5.125000000000E-01,
 -5.125000000000E-01,  1.125000000000E-01,
  1.125000000000E-01,  5.125000000000E-01,
  5.125000000000E-01, -1.125000000000E-01,
 -1.125000000000E-01, -5.125000000000E-01,
 -5.125000000000E-01,  1.250000000000E-01,
  1.250000000000E-01,  5.125000000000E-01,
  5.125000000000E-01, -1.250000000000E-01,
 -1.250000000000E-01, -5.125000000000E-01,
 -5.125000000000E-01,  1.375000000000E-01,
  1.375000000000E-01,  5.125000000000E-01,
  5.125000000000E-01, -1.375000000000E-01,
 -1.375000000000E-01, -5.125000000000E-01,
 -5.125000000000E-01,  1.500000000000E-01,
  1.500000000000E-01,  5.125000000000E-01,
  5.125000000000E-01, -1.500000000000E-01,
 -1.500000000000E-01, -5.125000000000E-01,
 -5.125000000000E-01,  1.625000000000E-01,
  1.625000000000E-01,  5.125000000000E-01,
  5.125000000000E-01, -1.625000000000E-01,
 -1.625000000000E-01, -5.125000000000E-01,
 -5.125000000000E-01,  1.750000000000E-01,
  1.750000000000E-01,  5.125000000000E-01,
  5.125000000000E-01, -1.750000000000E-01,
 -1.750000000000E-01, -5.125000000000E-01,
 -5.125000000000E-01,  1.875000000000E-01,
  1.875000000000E-01,  5.125000000000E-01,
  5.125000000000E-01, -1.875000000000E-01,
 -1.875000000000E-01, -5.125000000000E-01,
 -5.125000000000E-01,  2.000000000000E-01,
  2.000000000000E-01,  5.125000000000E-01,
  5.125000000000E-01, -2.000000000000E-01,
 -2.000000000000E-01, -5.125000000000E-01,
 -5.125000000000E-01,  2.125000000000E-01,
  2.125000000000E-01,  5.125000000000E-01,
  5.125000000000E-01, -2.125000000000E-01,
 -2.125000000000E-01, -5.125000000000E-01,
 -5.125000000000E-01,  2.250000000000E-01,
  2.250000000000E-01,  5.125000000000E-01,
  5.125000000000E-01, -2.250000000000E-01,
 -2.250000000000E-01, -5.125000000000E-01,
 -5.125000000000E-01,  2.375000000000E-01,
  2.375000000000E-01,  5.125000000000E-01,
  5.125000000000E-01, -2.375000000000E-01,
 -2.375000000000E-01, -5.125000000000E-01,
 -5.125000000000E-01,  2.500000000000E-01,
  2.500000000000E-01,  5.125000000000E-01,
  5.125000000000E-01, -2.500000000000E-01,
 -2.500000000000E-01, -5.125000000000E-01,
 -5.125000000000E-01,  2.625000000000E-01,
  2.625000000000E-01,  5.125000000000E-01,
  5.125000000000E-01, -2.625000000000E-01,
 -2.625000000000E-01, -5.125000000000E-01,
 -5.125000000000E-01,  2.750000000000E-01,
  2.750000000000E-01,  5.125000000000E-01,
  5.125000000000E-01, -2.750000000000E-01,
 -2.750000000000E-01, -5.125000000000E-01,
 -5.125000000000E-01,  2.875000000000E-01,
  2.875000000000E-01,  5.125000000000E-01,
  5.125000000000E-01, -2.875000000000E-01,
 -2.875000000000E-01, -5.125000000000E-01,
 -5.125000000000E-01,  3.000000000000E-01,
  3.000000000000E-01,  5.125000000000E-01,
  5.125000000000E-01, -3.000000000000E-01,
 -3.000000000000E-01, -5.125000000000E-01,
 -5.125000000000E-01,  3.125000000000E-01,
  3.125000000000E-01,  5.125000000000E-01,
  5.125000000000E-01, -3.125000000000E-01,
 -3.125000000000E-01, -5.125000000000E-01,
 -5.125000000000E-01,  3.250000000000E-01,
  3.250000000000E-01,  5.125000000000E-01,
  5.125000000000E-01, -3.250000000000E-01,
 -3.250000000000E-01, -5.125000000000E-01,
 -5.125000000000E-01,  3.375000000000E-01,
  3.375000000000E-01,  5.125000000000E-01,
  5.125000000000E-01, -3.375000000000E-01,
 -3.375000000000E-01, -5.125000000000E-01,
 -5.125000000000E-01,  3.500000000000E-01,
  3.500000000000E-01,  5.125000000000E-01,
  5.125000000000E-01, -3.500000000000E-01,
 -3.500000000000E-01, -5.125000000000E-01,
 -5.125000000000E-01,  3.625000000000E-01,
  3.625000000000E-01,  5.125000000000E-01,
  5.125000000000E-01, -3.625000000000E-01,
 -3.625000000000E-01, -5.125000000000E-01,
 -5.125000000000E-01,  3.750000000000E-01,
  3.750000000000E-01,  5.125000000000E-01,
  5.125000000000E-01, -3.750000000000E-01,
 -3.750000000000E-01, -5.125000000000E-01,
 -5.125000000000E-01,  3.875000000000E-01,
  3.875000000000E-01,  5.125000000000E-01,
  5.125000000000E-01, -3.875000000000E-01,
 -3.875000000000E-01, -5.125000000000E-01,
 -5.125000000000E-01,  4.000000000000E-01,
  4.000000000000E-01,  5.125000000000E-01,
  5.125000000000E-01, -4.000000000000E-01,
 -4.000000000000E-01, -5.125000000000E-01,
 -5.125000000000E-01,  4.125000000000E-01,
  4.125000000000E-01,  5.125000000000E-01,
  5.125000000000E-01, -4.125000000000E-01,
 -4.125000000000E-01, -5.125000000000E-01,
 -5.125000000000E-01,  4.250000000000E-01,
  4.250000000000E-01,  5.125000000000E-01,
  5.125000000000E-01, -4.250000000000E-01,
 -4.250000000000E-01, -5.125000000000E-01,
 -5.125000000000E-01,  4.375000000000E-01,
  4.375000000000E-01,  5.125000000000E-01,
  5.125000000000E-01, -4.375000000000E-01,
 -4.375000000000E-01, -5.125000000000E-01,
 -5.125000000000E-01,  4.500000000000E-01,
  4.500000000000E-01,  5.125000000000E-01,
  5.125000000000E-01, -4.500000000000E-01,
 -4.500000000000E-01, -5.125000000000E-01,
 -5.125000000000E-01,  4.625000000000E-01,
  4.625000000000E-01,  5.125000000000E-01,
  5.125000000000E-01, -4.625000000000E-01,
 -4.625000000000E-01, -5.125000000000E-01,
 -5.125000000000E-01,  4.750000000000E-01,
  4.750000000000E-01,  5.125000000000E-01,
  5.125000000000E-01, -4.750000000000E-01,
 -4.750000000000E-01, -5.125000000000E-01,
 -5.125000000000E-01,  4.875000000000E-01,
  4.875000000000E-01,  5.125000000000E-01,
  5.125000000000E-01, -4.875000000000E-01,
 -4.875000000000E-01, -5.125000000000E-01,
 -5.125000000000E-01,  5.000000000000E-01,
  5.000000000000E-01,  5.125000000000E-01,
  5.125000000000E-01, -5.000000000000E-01,
 -5.000000000000E-01, -5.125000000000E-01,
 -5.125000000000E-01,  5.125000000000E-01,
  5.125000000000E-01,  5.125000000000E-01,
  5.125000000000E-01, -5.125000000000E-01,
 -5.125000000000E-01, -5.125000000000E-01,
 -5.125000000000E-01,  5.250000000000E-01,
  5.250000000000E-01,  5.125000000000E-01,
  5.125000000000E-01, -5.250000000000E-01,
 -5.250000000000E-01, -5.125000000000E-01,
 -5.125000000000E-01,  5.375000000000E-01,
  5.375000000000E-01,  5.125000000000E-01,
  5.125000000000E-01, -5.375000000000E-01,
 -5.375000000000E-01, -5.125000000000E-01,
 -5.125000000000E-01,  5.500000000000E-01,
  5.500000000000E-01,  5.125000000000E-01,
  5.125000000000E-01, -5.500000000000E-01,
 -5.500000000000E-01, -5.125000000000E-01,
 -5.250000000000E-01, -5.000000000000E-01,
 -5.000000000000E-01,  5.250000000000E-01,
  5.250000000000E-01,  5.000000000000E-01,
  5.000000000000E-01, -5.250000000000E-01,
 -5.250000000000E-01, -4.875000000000E-01,
 -4.875000000000E-01,  5.250000000000E-01,
  5.250000000000E-01,  4.875000000000E-01,
  4.875000000000E-01, -5.250000000000E-01,
 -5.250000000000E-01, -4.750000000000E-01,
 -4.750000000000E-01,  5.250000000000E-01,
  5.250000000000E-01,  4.750000000000E-01,
  4.750000000000E-01, -5.250000000000E-01,
 -5.250000000000E-01, -4.625000000000E-01,
 -4.625000000000E-01,  5.250000000000E-01,
  5.250000000000E-01,  4.625000000000E-01,
  4.625000000000E-01, -5.250000000000E-01,
 -5.250000000000E-01, -4.500000000000E-01,
 -4.500000000000E-01,  5.250000000000E-01,
  5.250000000000E-01,  4.500000000000E-01,
  4.500000000000E-01, -5.250000000000E-01,
 -5.250000000000E-01, -4.375000000000E-01,
 -4.375000000000E-01,  5.250000000000E-01,
  5.250000000000E-01,  4.375000000000E-01,
  4.375000000000E-01, -5.250000000000E-01,
 -5.250000000000E-01, -4.250000000000E-01,
 -4.250000000000E-01,  5.250000000000E-01,
  5.250000000000E-01,  4.250000000000E-01,
  4.250000000000E-01, -5.250000000000E-01,
 -5.250000000000E-01, -4.125000000000E-01,
 -4.125000000000E-01,  5.250000000000E-01,
  5.250000000000E-01,  4.125000000000E-01,
  4.125000000000E-01, -5.250000000000E-01,
 -5.250000000000E-01, -4.000000000000E-01,
 -4.000000000000E-01,  5.250000000000E-01,
  5.250000000000E-01,  4.000000000000E-01,
  4.000000000000E-01, -5.250000000000E-01,
 -5.250000000000E-01, -3.875000000000E-01,
 -3.875000000000E-01,  5.250000000000E-01,
  5.250000000000E-01,  3.875000000000E-01,
  3.875000000000E-01, -5.250000000000E-01,
 -5.250000000000E-01, -3.750000000000E-01,
 -3.750000000000E-01,  5.250000000000E-01,
  5.250000000000E-01,  3.750000000000E-01,
  3.750000000000E-01, -5.250000000000E-01,
 -5.250000000000E-01, -3.625000000000E-01,
 -3.625000000000E-01,  5.250000000000E-01,
  5.250000000000E-01,  3.625000000000E-01,
  3.625000000000E-01, -5.250000000000E-01,
 -5.250000000000E-01, -3.500000000000E-01,
 -3.500000000000E-01,  5.250000000000E-01,
  5.250000000000E-01,  3.500000000000E-01,
  3.500000000000E-01, -5.250000000000E-01,
 -5.250000000000E-01, -3.375000000000E-01,
 -3.375000000000E-01,  5.250000000000E-01,
  5.250000000000E-01,  3.375000000000E-01,
  3.375000000000E-01, -5.250000000000E-01,
 -5.250000000000E-01, -3.250000000000E-01,
 -3.250000000000E-01,  5.250000000000E-01,
  5.250000000000E-01,  3.250000000000E-01,
  3.250000000000E-01, -5.250000000000E-01,
 -5.250000000000E-01, -3.125000000000E-01,
 -3.125000000000E-01,  5.250000000000E-01,
  5.250000000000E-01,  3.125000000000E-01,
  3.125000000000E-01, -5.250000000000E-01,
 -5.250000000000E-01, -3.000000000000E-01,
 -3.000000000000E-01,  5.250000000000E-01,
  5.250000000000E-01,  3.000000000000E-01,
  3.000000000000E-01, -5.250000000000E-01,
 -5.250000000000E-01, -2.875000000000E-01,
 -2.875000000000E-01,  5.250000000000E-01,
  5.250000000000E-01,  2.875000000000E-01,
  2.875000000000E-01, -5.250000000000E-01,
 -5.250000000000E-01, -2.750000000000E-01,
 -2.750000000000E-01,  5.250000000000E-01,
  5.250000000000E-01,  2.750000000000E-01,
  2.750000000000E-01, -5.250000000000E-01,
 -5.250000000000E-01, -2.625000000000E-01,
 -2.625000000000E-01,  5.250000000000E-01,
  5.250000000000E-01,  2.625000000000E-01,
  2.625000000000E-01, -5.250000000000E-01,
 -5.250000000000E-01, -2.500000000000E-01,
 -2.500000000000E-01,  5.250000000000E-01,
  5.250000000000E-01,  2.500000000000E-01,
  2.500000000000E-01, -5.250000000000E-01,
 -5.250000000000E-01, -2.375000000000E-01,
 -2.375000000000E-01,  5.250000000000E-01,
  5.250000000000E-01,  2.375000000000E-01,
  2.375000000000E-01, -5.250000000000E-01,
 -5.250000000000E-01, -2.250000000000E-01,
 -2.250000000000E-01,  5.250000000000E-01,
  5.250000000000E-01,  2.250000000000E-01,
  2.250000000000E-01, -5.250000000000E-01,
 -5.250000000000E-01, -2.125000000000E-01,
 -2.125000000000E-01,  5.250000000000E-01,
  5.250000000000E-01,  2.125000000000E-01,
  2.125000000000E-01, -5.250000000000E-01,
 -5.250000000000E-01, -2.000000000000E-01,
 -2.000000000000E-01,  5.250000000000E-01,
  5.250000000000E-01,  2.000000000000E-01,
  2.000000000000E-01, -5.250000000000E-01,
 -5.250000000000E-01, -1.875000000000E-01,
 -1.875000000000E-01,  5.250000000000E-01,
  5.250000000000E-01,  1.875000000000E-01,
  1.875000000000E-01, -5.250000000000E-01,
 -5.250000000000E-01, -1.750000000000E-01,
 -1.750000000000E-01,  5.250000000000E-01,
  5.250000000000E-01,  1.750000000000E-01,
  1.750000000000E-01, -5.250000000000E-01,
 -5.250000000000E-01, -1.625000000000E-01,
 -1.625000000000E-01,  5.250000000000E-01,
  5.250000000000E-01,  1.625000000000E-01,
  1.625000000000E-01, -5.250000000000E-01,
 -5.250000000000E-01, -1.500000000000E-01,
 -1.500000000000E-01,  5.250000000000E-01,
  5.250000000000E-01,  1.500000000000E-01,
  1.500000000000E-01, -5.250000000000E-01,
 -5.250000000000E-01, -1.375000000000E-01,
 -1.375000000000E-01,  5.250000000000E-01,
  5.250000000000E-01,  1.375000000000E-01,
  1.375000000000E-01, -5.250000000000E-01,
 -5.250000000000E-01, -1.250000000000E-01,
 -1.250000000000E-01,  5.250000000000E-01,
  5.250000000000E-01,  1.250000000000E-01,
  1.250000000000E-01, -5.250000000000E-01,
 -5.250000000000E-01, -1.125000000000E-01,
 -1.125000000000E-01,  5.250000000000E-01,
  5.250000000000E-01,  1.125000000000E-01,
  1.125000000000E-01, -5.250000000000E-01,
 -5.250000000000E-01, -1.000000000000E-01,
 -1.000000000000E-01,  5.250000000000E-01,
  5.250000000000E-01,  1.000000000000E-01,
  1.000000000000E-01, -5.250000000000E-01,
 -5.250000000000E-01, -8.750000000000E-02,
 -8.750000000000E-02,  5.250000000000E-01,
  5.250000000000E-01,  8.750000000000E-02,
  8.750000000000E-02, -5.250000000000E-01,
 -5.250000000000E-01, -7.500000000000E-02,
 -7.500000000000E-02,  5.250000000000E-01,
  5.250000000000E-01,  7.500000000000E-02,
  7.500000000000E-02, -5.250000000000E-01,
 -5.250000000000E-01, -6.250000000000E-02,
 -6.250000000000E-02,  5.250000000000E-01,
  5.250000000000E-01,  6.250000000000E-02,
  6.250000000000E-02, -5.250000000000E-01,
 -5.250000000000E-01, -5.000000000000E-02,
 -5.000000000000E-02,  5.250000000000E-01,
  5.250000000000E-01,  5.000000000000E-02,
  5.000000000000E-02, -5.250000000000E-01,
 -5.250000000000E-01, -3.750000000000E-02,
 -3.750000000000E-02,  5.250000000000E-01,
  5.250000000000E-01,  3.750000000000E-02,
  3.750000000000E-02, -5.250000000000E-01,
 -5.250000000000E-01, -2.500000000000E-02,
 -2.500000000000E-02,  5.250000000000E-01,
  5.250000000000E-01,  2.500000000000E-02,
  2.500000000000E-02, -5.250000000000E-01,
 -5.250000000000E-01, -1.250000000000E-02,
 -1.250000000000E-02,  5.250000000000E-01,
  5.250000000000E-01,  1.250000000000E-02,
  1.250000000000E-02, -5.250000000000E-01,
 -5.250000000000E-01,  0.000000000000E+00,
  0.000000000000E+00,  5.250000000000E-01,
  5.250000000000E-01,  0.000000000000E+00,
  0.000000000000E+00, -5.250000000000E-01,
 -5.250000000000E-01,  1.250000000000E-02,
  1.250000000000E-02,  5.250000000000E-01,
  5.250000000000E-01, -1.250000000000E-02,
 -1.250000000000E-02, -5.250000000000E-01,
 -5.250000000000E-01,  2.500000000000E-02,
  2.500000000000E-02,  5.250000000000E-01,
  5.250000000000E-01, -2.500000000000E-02,
 -2.500000000000E-02, -5.250000000000E-01,
 -5.250000000000E-01,  3.750000000000E-02,
  3.750000000000E-02,  5.250000000000E-01,
  5.250000000000E-01, -3.750000000000E-02,
 -3.750000000000E-02, -5.250000000000E-01,
 -5.250000000000E-01,  5.000000000000E-02,
  5.000000000000E-02,  5.250000000000E-01,
  5.250000000000E-01, -5.000000000000E-02,
 -5.000000000000E-02, -5.250000000000E-01,
 -5.250000000000E-01,  6.250000000000E-02,
  6.250000000000E-02,  5.250000000000E-01,
  5.250000000000E-01, -6.250000000000E-02,
 -6.250000000000E-02, -5.250000000000E-01,
 -5.250000000000E-01,  7.500000000000E-02,
  7.500000000000E-02,  5.250000000000E-01,
  5.250000000000E-01, -7.500000000000E-02,
 -7.500000000000E-02, -5.250000000000E-01,
 -5.250000000000E-01,  8.750000000000E-02,
  8.750000000000E-02,  5.250000000000E-01,
  5.250000000000E-01, -8.750000000000E-02,
 -8.750000000000E-02, -5.250000000000E-01,
 -5.250000000000E-01,  1.000000000000E-01,
  1.000000000000E-01,  5.250000000000E-01,
  5.250000000000E-01, -1.000000000000E-01,
 -1.000000000000E-01, -5.250000000000E-01,
 -5.250000000000E-01,  1.125000000000E-01,
  1.125000000000E-01,  5.250000000000E-01,
  5.250000000000E-01, -1.125000000000E-01,
 -1.125000000000E-01, -5.250000000000E-01,
 -5.250000000000E-01,  1.250000000000E-01,
  1.250000000000E-01,  5.250000000000E-01,
  5.250000000000E-01, -1.250000000000E-01,
 -1.250000000000E-01, -5.250000000000E-01,
 -5.250000000000E-01,  1.375000000000E-01,
  1.375000000000E-01,  5.250000000000E-01,
  5.250000000000E-01, -1.375000000000E-01,
 -1.375000000000E-01, -5.250000000000E-01,
 -5.250000000000E-01,  1.500000000000E-01,
  1.500000000000E-01,  5.250000000000E-01,
  5.250000000000E-01, -1.500000000000E-01,
 -1.500000000000E-01, -5.250000000000E-01,
 -5.250000000000E-01,  1.625000000000E-01,
  1.625000000000E-01,  5.250000000000E-01,
  5.250000000000E-01, -1.625000000000E-01,
 -1.625000000000E-01, -5.250000000000E-01,
 -5.250000000000E-01,  1.750000000000E-01,
  1.750000000000E-01,  5.250000000000E-01,
  5.250000000000E-01, -1.750000000000E-01,
 -1.750000000000E-01, -5.250000000000E-01,
 -5.250000000000E-01,  1.875000000000E-01,
  1.875000000000E-01,  5.250000000000E-01,
  5.250000000000E-01, -1.875000000000E-01,
 -1.875000000000E-01, -5.250000000000E-01,
 -5.250000000000E-01,  2.000000000000E-01,
  2.000000000000E-01,  5.250000000000E-01,
  5.250000000000E-01, -2.000000000000E-01,
 -2.000000000000E-01, -5.250000000000E-01,
 -5.250000000000E-01,  2.125000000000E-01,
  2.125000000000E-01,  5.250000000000E-01,
  5.250000000000E-01, -2.125000000000E-01,
 -2.125000000000E-01, -5.250000000000E-01,
 -5.250000000000E-01,  2.250000000000E-01,
  2.250000000000E-01,  5.250000000000E-01,
  5.250000000000E-01, -2.250000000000E-01,
 -2.250000000000E-01, -5.250000000000E-01,
 -5.250000000000E-01,  2.375000000000E-01,
  2.375000000000E-01,  5.250000000000E-01,
  5.250000000000E-01, -2.375000000000E-01,
 -2.375000000000E-01, -5.250000000000E-01,
 -5.250000000000E-01,  2.500000000000E-01,
  2.500000000000E-01,  5.250000000000E-01,
  5.250000000000E-01, -2.500000000000E-01,
 -2.500000000000E-01, -5.250000000000E-01,
 -5.250000000000E-01,  2.625000000000E-01,
  2.625000000000E-01,  5.250000000000E-01,
  5.250000000000E-01, -2.625000000000E-01,
 -2.625000000000E-01, -5.250000000000E-01,
 -5.250000000000E-01,  2.750000000000E-01,
  2.750000000000E-01,  5.250000000000E-01,
  5.250000000000E-01, -2.750000000000E-01,
 -2.750000000000E-01, -5.250000000000E-01,
 -5.250000000000E-01,  2.875000000000E-01,
  2.875000000000E-01,  5.250000000000E-01,
  5.250000000000E-01, -2.875000000000E-01,
 -2.875000000000E-01, -5.250000000000E-01,
 -5.250000000000E-01,  3.000000000000E-01,
  3.000000000000E-01,  5.250000000000E-01,
  5.250000000000E-01, -3.000000000000E-01,
 -3.000000000000E-01, -5.250000000000E-01,
 -5.250000000000E-01,  3.125000000000E-01,
  3.125000000000E-01,  5.250000000000E-01,
  5.250000000000E-01, -3.125000000000E-01,
 -3.125000000000E-01, -5.250000000000E-01,
 -5.250000000000E-01,  3.250000000000E-01,
  3.250000000000E-01,  5.250000000000E-01,
  5.250000000000E-01, -3.250000000000E-01,
 -3.250000000000E-01, -5.250000000000E-01,
 -5.250000000000E-01,  3.375000000000E-01,
  3.375000000000E-01,  5.250000000000E-01,
  5.250000000000E-01, -3.375000000000E-01,
 -3.375000000000E-01, -5.250000000000E-01,
 -5.250000000000E-01,  3.500000000000E-01,
  3.500000000000E-01,  5.250000000000E-01,
  5.250000000000E-01, -3.500000000000E-01,
 -3.500000000000E-01, -5.250000000000E-01,
 -5.250000000000E-01,  3.625000000000E-01,
  3.625000000000E-01,  5.250000000000E-01,
  5.250000000000E-01, -3.625000000000E-01,
 -3.625000000000E-01, -5.250000000000E-01,
 -5.250000000000E-01,  3.750000000000E-01,
  3.750000000000E-01,  5.250000000000E-01,
  5.250000000000E-01, -3.750000000000E-01,
 -3.750000000000E-01, -5.250000000000E-01,
 -5.250000000000E-01,  3.875000000000E-01,
  3.875000000000E-01,  5.250000000000E-01,
  5.250000000000E-01, -3.875000000000E-01,
 -3.875000000000E-01, -5.250000000000E-01,
 -5.250000000000E-01,  4.000000000000E-01,
  4.000000000000E-01,  5.250000000000E-01,
  5.250000000000E-01, -4.000000000000E-01,
 -4.000000000000E-01, -5.250000000000E-01,
 -5.250000000000E-01,  4.125000000000E-01,
  4.125000000000E-01,  5.250000000000E-01,
  5.250000000000E-01, -4.125000000000E-01,
 -4.125000000000E-01, -5.250000000000E-01,
 -5.250000000000E-01,  4.250000000000E-01,
  4.250000000000E-01,  5.250000000000E-01,
  5.250000000000E-01, -4.250000000000E-01,
 -4.250000000000E-01, -5.250000000000E-01,
 -5.250000000000E-01,  4.375000000000E-01,
  4.375000000000E-01,  5.250000000000E-01,
  5.250000000000E-01, -4.375000000000E-01,
 -4.375000000000E-01, -5.250000000000E-01,
 -5.250000000000E-01,  4.500000000000E-01,
  4.500000000000E-01,  5.250000000000E-01,
  5.250000000000E-01, -4.500000000000E-01,
 -4.500000000000E-01, -5.250000000000E-01,
 -5.250000000000E-01,  4.625000000000E-01,
  4.625000000000E-01,  5.250000000000E-01,
  5.250000000000E-01, -4.625000000000E-01,
 -4.625000000000E-01, -5.250000000000E-01,
 -5.250000000000E-01,  4.750000000000E-01,
  4.750000000000E-01,  5.250000000000E-01,
  5.250000000000E-01, -4.750000000000E-01,
 -4.750000000000E-01, -5.250000000000E-01,
 -5.250000000000E-01,  4.875000000000E-01,
  4.875000000000E-01,  5.250000000000E-01,
  5.250000000000E-01, -4.875000000000E-01,
 -4.875000000000E-01, -5.250000000000E-01,
 -5.250000000000E-01,  5.000000000000E-01,
  5.000000000000E-01,  5.250000000000E-01,
  5.250000000000E-01, -5.000000000000E-01,
 -5.000000000000E-01, -5.250000000000E-01,
 -5.250000000000E-01,  5.125000000000E-01,
  5.125000000000E-01,  5.250000000000E-01,
  5.250000000000E-01, -5.125000000000E-01,
 -5.125000000000E-01, -5.250000000000E-01,
 -5.250000000000E-01,  5.250000000000E-01,
  5.250000000000E-01,  5.250000000000E-01,
  5.250000000000E-01, -5.250000000000E-01,
 -5.250000000000E-01, -5.250000000000E-01,
 -5.250000000000E-01,  5.375000000000E-01,
  5.375000000000E-01,  5.250000000000E-01,
  5.250000000000E-01, -5.375000000000E-01,
 -5.375000000000E-01, -5.250000000000E-01,
 -5.250000000000E-01,  5.500000000000E-01,
  5.500000000000E-01,  5.250000000000E-01,
  5.250000000000E-01, -5.500000000000E-01,
 -5.500000000000E-01, -5.250000000000E-01,
 -5.375000000000E-01, -5.000000000000E-01,
 -5.000000000000E-01,  5.375000000000E-01,
  5.375000000000E-01,  5.000000000000E-01,
  5.000000000000E-01, -5.375000000000E-01,
 -5.375000000000E-01, -4.875000000000E-01,
 -4.875000000000E-01,  5.375000000000E-01,
  5.375000000000E-01,  4.875000000000E-01,
  4.875000000000E-01, -5.375000000000E-01,
 -5.375000000000E-01, -4.750000000000E-01,
 -4.750000000000E-01,  5.375000000000E-01,
  5.375000000000E-01,  4.750000000000E-01,
  4.750000000000E-01, -5.375000000000E-01,
 -5.375000000000E-01, -4.625000000000E-01,
 -4.625000000000E-01,  5.375000000000E-01,
  5.375000000000E-01,  4.625000000000E-01,
  4.625000000000E-01, -5.375000000000E-01,
 -5.375000000000E-01, -4.500000000000E-01,
 -4.500000000000E-01,  5.375000000000E-01,
  5.375000000000E-01,  4.500000000000E-01,
  4.500000000000E-01, -5.375000000000E-01,
 -5.375000000000E-01, -4.375000000000E-01,
 -4.375000000000E-01,  5.375000000000E-01,
  5.375000000000E-01,  4.375000000000E-01,
  4.375000000000E-01, -5.375000000000E-01,
 -5.375000000000E-01, -4.250000000000E-01,
 -4.250000000000E-01,  5.375000000000E-01,
  5.375000000000E-01,  4.250000000000E-01,
  4.250000000000E-01, -5.375000000000E-01,
 -5.375000000000E-01, -4.125000000000E-01,
 -4.125000000000E-01,  5.375000000000E-01,
  5.375000000000E-01,  4.125000000000E-01,
  4.125000000000E-01, -5.375000000000E-01,
 -5.375000000000E-01, -4.000000000000E-01,
 -4.000000000000E-01,  5.375000000000E-01,
  5.375000000000E-01,  4.000000000000E-01,
  4.000000000000E-01, -5.375000000000E-01,
 -5.375000000000E-01, -3.875000000000E-01,
 -3.875000000000E-01,  5.375000000000E-01,
  5.375000000000E-01,  3.875000000000E-01,
  3.875000000000E-01, -5.375000000000E-01,
 -5.375000000000E-01, -3.750000000000E-01,
 -3.750000000000E-01,  5.375000000000E-01,
  5.375000000000E-01,  3.750000000000E-01,
  3.750000000000E-01, -5.375000000000E-01,
 -5.375000000000E-01, -3.625000000000E-01,
 -3.625000000000E-01,  5.375000000000E-01,
  5.375000000000E-01,  3.625000000000E-01,
  3.625000000000E-01, -5.375000000000E-01,
 -5.375000000000E-01, -3.500000000000E-01,
 -3.500000000000E-01,  5.375000000000E-01,
  5.375000000000E-01,  3.500000000000E-01,
  3.500000000000E-01, -5.375000000000E-01,
 -5.375000000000E-01, -3.375000000000E-01,
 -3.375000000000E-01,  5.375000000000E-01,
  5.375000000000E-01,  3.375000000000E-01,
  3.375000000000E-01, -5.375000000000E-01,
 -5.375000000000E-01, -3.250000000000E-01,
 -3.250000000000E-01,  5.375000000000E-01,
  5.375000000000E-01,  3.250000000000E-01,
  3.250000000000E-01, -5.375000000000E-01,
 -5.375000000000E-01, -3.125000000000E-01,
 -3.125000000000E-01,  5.375000000000E-01,
  5.375000000000E-01,  3.125000000000E-01,
  3.125000000000E-01, -5.375000000000E-01,
 -5.375000000000E-01, -3.000000000000E-01,
 -3.000000000000E-01,  5.375000000000E-01,
  5.375000000000E-01,  3.000000000000E-01,
  3.000000000000E-01, -5.375000000000E-01,
 -5.375000000000E-01, -2.875000000000E-01,
 -2.875000000000E-01,  5.375000000000E-01,
  5.375000000000E-01,  2.875000000000E-01,
  2.875000000000E-01, -5.375000000000E-01,
 -5.375000000000E-01, -2.750000000000E-01,
 -2.750000000000E-01,  5.375000000000E-01,
  5.375000000000E-01,  2.750000000000E-01,
  2.750000000000E-01, -5.375000000000E-01,
 -5.375000000000E-01, -2.625000000000E-01,
 -2.625000000000E-01,  5.375000000000E-01,
  5.375000000000E-01,  2.625000000000E-01,
  2.625000000000E-01, -5.375000000000E-01,
 -5.375000000000E-01, -2.500000000000E-01,
 -2.500000000000E-01,  5.375000000000E-01,
  5.375000000000E-01,  2.500000000000E-01,
  2.500000000000E-01, -5.375000000000E-01,
 -5.375000000000E-01, -2.375000000000E-01,
 -2.375000000000E-01,  5.375000000000E-01,
  5.375000000000E-01,  2.375000000000E-01,
  2.375000000000E-01, -5.375000000000E-01,
 -5.375000000000E-01, -2.250000000000E-01,
 -2.250000000000E-01,  5.375000000000E-01,
  5.375000000000E-01,  2.250000000000E-01,
  2.250000000000E-01, -5.375000000000E-01,
 -5.375000000000E-01, -2.125000000000E-01,
 -2.125000000000E-01,  5.375000000000E-01,
  5.375000000000E-01,  2.125000000000E-01,
  2.125000000000E-01, -5.375000000000E-01,
 -5.375000000000E-01, -2.000000000000E-01,
 -2.000000000000E-01,  5.375000000000E-01,
  5.375000000000E-01,  2.000000000000E-01,
  2.000000000000E-01, -5.375000000000E-01,
 -5.375000000000E-01, -1.875000000000E-01,
 -1.875000000000E-01,  5.375000000000E-01,
  5.375000000000E-01,  1.875000000000E-01,
  1.875000000000E-01, -5.375000000000E-01,
 -5.375000000000E-01, -1.750000000000E-01,
 -1.750000000000E-01,  5.375000000000E-01,
  5.375000000000E-01,  1.750000000000E-01,
  1.750000000000E-01, -5.375000000000E-01,
 -5.375000000000E-01, -1.625000000000E-01,
 -1.625000000000E-01,  5.375000000000E-01,
  5.375000000000E-01,  1.625000000000E-01,
  1.625000000000E-01, -5.375000000000E-01,
 -5.375000000000E-01, -1.500000000000E-01,
 -1.500000000000E-01,  5.375000000000E-01,
  5.375000000000E-01,  1.500000000000E-01,
  1.500000000000E-01, -5.375000000000E-01,
 -5.375000000000E-01, -1.375000000000E-01,
 -1.375000000000E-01,  5.375000000000E-01,
  5.375000000000E-01,  1.375000000000E-01,
  1.375000000000E-01, -5.375000000000E-01,
 -5.375000000000E-01, -1.250000000000E-01,
 -1.250000000000E-01,  5.375000000000E-01,
  5.375000000000E-01,  1.250000000000E-01,
  1.250000000000E-01, -5.375000000000E-01,
 -5.375000000000E-01, -1.125000000000E-01,
 -1.125000000000E-01,  5.375000000000E-01,
  5.375000000000E-01,  1.125000000000E-01,
  1.125000000000E-01, -5.375000000000E-01,
 -5.375000000000E-01, -1.000000000000E-01,
 -1.000000000000E-01,  5.375000000000E-01,
  5.375000000000E-01,  1.000000000000E-01,
  1.000000000000E-01, -5.375000000000E-01,
 -5.375000000000E-01, -8.750000000000E-02,
 -8.750000000000E-02,  5.375000000000E-01,
  5.375000000000E-01,  8.750000000000E-02,
  8.750000000000E-02, -5.375000000000E-01,
 -5.375000000000E-01, -7.500000000000E-02,
 -7.500000000000E-02,  5.375000000000E-01,
  5.375000000000E-01,  7.500000000000E-02,
  7.500000000000E-02, -5.375000000000E-01,
 -5.375000000000E-01, -6.250000000000E-02,
 -6.250000000000E-02,  5.375000000000E-01,
  5.375000000000E-01,  6.250000000000E-02,
  6.250000000000E-02, -5.375000000000E-01,
 -5.375000000000E-01, -5.000000000000E-02,
 -5.000000000000E-02,  5.375000000000E-01,
  5.375000000000E-01,  5.000000000000E-02,
  5.000000000000E-02, -5.375000000000E-01,
 -5.375000000000E-01, -3.750000000000E-02,
 -3.750000000000E-02,  5.375000000000E-01,
  5.375000000000E-01,  3.750000000000E-02,
  3.750000000000E-02, -5.375000000000E-01,
 -5.375000000000E-01, -2.500000000000E-02,
 -2.500000000000E-02,  5.375000000000E-01,
  5.375000000000E-01,  2.500000000000E-02,
  2.500000000000E-02, -5.375000000000E-01,
 -5.375000000000E-01, -1.250000000000E-02,
 -1.250000000000E-02,  5.375000000000E-01,
  5.375000000000E-01,  1.250000000000E-02,
  1.250000000000E-02, -5.375000000000E-01,
 -5.375000000000E-01,  0.000000000000E+00,
  0.000000000000E+00,  5.375000000000E-01,
  5.375000000000E-01,  0.000000000000E+00,
  0.000000000000E+00, -5.375000000000E-01,
 -5.375000000000E-01,  1.250000000000E-02,
  1.250000000000E-02,  5.375000000000E-01,
  5.375000000000E-01, -1.250000000000E-02,
 -1.250000000000E-02, -5.375000000000E-01,
 -5.375000000000E-01,  2.500000000000E-02,
  2.500000000000E-02,  5.375000000000E-01,
  5.375000000000E-01, -2.500000000000E-02,
 -2.500000000000E-02, -5.375000000000E-01,
 -5.375000000000E-01,  3.750000000000E-02,
  3.750000000000E-02,  5.375000000000E-01,
  5.375000000000E-01, -3.750000000000E-02,
 -3.750000000000E-02, -5.375000000000E-01,
 -5.375000000000E-01,  5.000000000000E-02,
  5.000000000000E-02,  5.375000000000E-01,
  5.375000000000E-01, -5.000000000000E-02,
 -5.000000000000E-02, -5.375000000000E-01,
 -5.375000000000E-01,  6.250000000000E-02,
  6.250000000000E-02,  5.375000000000E-01,
  5.375000000000E-01, -6.250000000000E-02,
 -6.250000000000E-02, -5.375000000000E-01,
 -5.375000000000E-01,  7.500000000000E-02,
  7.500000000000E-02,  5.375000000000E-01,
  5.375000000000E-01, -7.500000000000E-02,
 -7.500000000000E-02, -5.375000000000E-01,
 -5.375000000000E-01,  8.750000000000E-02,
  8.750000000000E-02,  5.375000000000E-01,
  5.375000000000E-01, -8.750000000000E-02,
 -8.750000000000E-02, -5.375000000000E-01,
 -5.375000000000E-01,  1.000000000000E-01,
  1.000000000000E-01,  5.375000000000E-01,
  5.375000000000E-01, -1.000000000000E-01,
 -1.000000000000E-01, -5.375000000000E-01,
 -5.375000000000E-01,  1.125000000000E-01,
  1.125000000000E-01,  5.375000000000E-01,
  5.375000000000E-01, -1.125000000000E-01,
 -1.125000000000E-01, -5.375000000000E-01,
 -5.375000000000E-01,  1.250000000000E-01,
  1.250000000000E-01,  5.375000000000E-01,
  5.375000000000E-01, -1.250000000000E-01,
 -1.250000000000E-01, -5.375000000000E-01,
 -5.375000000000E-01,  1.375000000000E-01,
  1.375000000000E-01,  5.375000000000E-01,
  5.375000000000E-01, -1.375000000000E-01,
 -1.375000000000E-01, -5.375000000000E-01,
 -5.375000000000E-01,  1.500000000000E-01,
  1.500000000000E-01,  5.375000000000E-01,
  5.375000000000E-01, -1.500000000000E-01,
 -1.500000000000E-01, -5.375000000000E-01,
 -5.375000000000E-01,  1.625000000000E-01,
  1.625000000000E-01,  5.375000000000E-01,
  5.375000000000E-01, -1.625000000000E-01,
 -1.625000000000E-01, -5.375000000000E-01,
 -5.375000000000E-01,  1.750000000000E-01,
  1.750000000000E-01,  5.375000000000E-01,
  5.375000000000E-01, -1.750000000000E-01,
 -1.750000000000E-01, -5.375000000000E-01,
 -5.375000000000E-01,  1.875000000000E-01,
  1.875000000000E-01,  5.375000000000E-01,
  5.375000000000E-01, -1.875000000000E-01,
 -1.875000000000E-01, -5.375000000000E-01,
 -5.375000000000E-01,  2.000000000000E-01,
  2.000000000000E-01,  5.375000000000E-01,
  5.375000000000E-01, -2.000000000000E-01,
 -2.000000000000E-01, -5.375000000000E-01,
 -5.375000000000E-01,  2.125000000000E-01,
  2.125000000000E-01,  5.375000000000E-01,
  5.375000000000E-01, -2.125000000000E-01,
 -2.125000000000E-01, -5.375000000000E-01,
 -5.375000000000E-01,  2.250000000000E-01,
  2.250000000000E-01,  5.375000000000E-01,
  5.375000000000E-01, -2.250000000000E-01,
 -2.250000000000E-01, -5.375000000000E-01,
 -5.375000000000E-01,  2.375000000000E-01,
  2.375000000000E-01,  5.375000000000E-01,
  5.375000000000E-01, -2.375000000000E-01,
 -2.375000000000E-01, -5.375000000000E-01,
 -5.375000000000E-01,  2.500000000000E-01,
  2.500000000000E-01,  5.375000000000E-01,
  5.375000000000E-01, -2.500000000000E-01,
 -2.500000000000E-01, -5.375000000000E-01,
 -5.375000000000E-01,  2.625000000000E-01,
  2.625000000000E-01,  5.375000000000E-01,
  5.375000000000E-01, -2.625000000000E-01,
 -2.625000000000E-01, -5.375000000000E-01,
 -5.375000000000E-01,  2.750000000000E-01,
  2.750000000000E-01,  5.375000000000E-01,
  5.375000000000E-01, -2.750000000000E-01,
 -2.750000000000E-01, -5.375000000000E-01,
 -5.375000000000E-01,  2.875000000000E-01,
  2.875000000000E-01,  5.375000000000E-01,
  5.375000000000E-01, -2.875000000000E-01,
 -2.875000000000E-01, -5.375000000000E-01,
 -5.375000000000E-01,  3.000000000000E-01,
  3.000000000000E-01,  5.375000000000E-01,
  5.375000000000E-01, -3.000000000000E-01,
 -3.000000000000E-01, -5.375000000000E-01,
 -5.375000000000E-01,  3.125000000000E-01,
  3.125000000000E-01,  5.375000000000E-01,
  5.375000000000E-01, -3.125000000000E-01,
 -3.125000000000E-01, -5.375000000000E-01,
 -5.375000000000E-01,  3.250000000000E-01,
  3.250000000000E-01,  5.375000000000E-01,
  5.375000000000E-01, -3.250000000000E-01,
 -3.250000000000E-01, -5.375000000000E-01,
 -5.375000000000E-01,  3.375000000000E-01,
  3.375000000000E-01,  5.375000000000E-01,
  5.375000000000E-01, -3.375000000000E-01,
 -3.375000000000E-01, -5.375000000000E-01,
 -5.375000000000E-01,  3.500000000000E-01,
  3.500000000000E-01,  5.375000000000E-01,
  5.375000000000E-01, -3.500000000000E-01,
 -3.500000000000E-01, -5.375000000000E-01,
 -5.375000000000E-01,  3.625000000000E-01,
  3.625000000000E-01,  5.375000000000E-01,
  5.375000000000E-01, -3.625000000000E-01,
 -3.625000000000E-01, -5.375000000000E-01,
 -5.375000000000E-01,  3.750000000000E-01,
  3.750000000000E-01,  5.375000000000E-01,
  5.375000000000E-01, -3.750000000000E-01,
 -3.750000000000E-01, -5.375000000000E-01,
 -5.375000000000E-01,  3.875000000000E-01,
  3.875000000000E-01,  5.375000000000E-01,
  5.375000000000E-01, -3.875000000000E-01,
 -3.875000000000E-01, -5.375000000000E-01,
 -5.375000000000E-01,  4.000000000000E-01,
  4.000000000000E-01,  5.375000000000E-01,
  5.375000000000E-01, -4.000000000000E-01,
 -4.000000000000E-01, -5.375000000000E-01,
 -5.375000000000E-01,  4.125000000000E-01,
  4.125000000000E-01,  5.375000000000E-01,
  5.375000000000E-01, -4.125000000000E-01,
 -4.125000000000E-01, -5.375000000000E-01,
 -5.375000000000E-01,  4.250000000000E-01,
  4.250000000000E-01,  5.375000000000E-01,
  5.375000000000E-01, -4.250000000000E-01,
 -4.250000000000E-01, -5.375000000000E-01,
 -5.375000000000E-01,  4.375000000000E-01,
  4.375000000000E-01,  5.375000000000E-01,
  5.375000000000E-01, -4.375000000000E-01,
 -4.375000000000E-01, -5.375000000000E-01,
 -5.375000000000E-01,  4.500000000000E-01,
  4.500000000000E-01,  5.375000000000E-01,
  5.375000000000E-01, -4.500000000000E-01,
 -4.500000000000E-01, -5.375000000000E-01,
 -5.375000000000E-01,  4.625000000000E-01,
  4.625000000000E-01,  5.375000000000E-01,
  5.375000000000E-01, -4.625000000000E-01,
 -4.625000000000E-01, -5.375000000000E-01,
 -5.375000000000E-01,  4.750000000000E-01,
  4.750000000000E-01,  5.375000000000E-01,
  5.375000000000E-01, -4.750000000000E-01,
 -4.750000000000E-01, -5.375000000000E-01,
 -5.375000000000E-01,  4.875000000000E-01,
  4.875000000000E-01,  5.375000000000E-01,
  5.375000000000E-01, -4.875000000000E-01,
 -4.875000000000E-01, -5.375000000000E-01,
 -5.375000000000E-01,  5.000000000000E-01,
  5.000000000000E-01,  5.375000000000E-01,
  5.375000000000E-01, -5.000000000000E-01,
 -5.000000000000E-01, -5.375000000000E-01,
 -5.375000000000E-01,  5.125000000000E-01,
  5.125000000000E-01,  5.375000000000E-01,
  5.375000000000E-01, -5.125000000000E-01,
 -5.125000000000E-01, -5.375000000000E-01,
 -5.375000000000E-01,  5.250000000000E-01,
  5.250000000000E-01,  5.375000000000E-01,
  5.375000000000E-01, -5.250000000000E-01,
 -5.250000000000E-01, -5.375000000000E-01,
 -5.375000000000E-01,  5.375000000000E-01,
  5.375000000000E-01,  5.375000000000E-01,
  5.375000000000E-01, -5.375000000000E-01,
 -5.375000000000E-01, -5.375000000000E-01,
 -5.375000000000E-01,  5.500000000000E-01,
  5.500000000000E-01,  5.375000000000E-01,
  5.375000000000E-01, -5.500000000000E-01,
 -5.500000000000E-01, -5.375000000000E-01,
 -5.500000000000E-01, -5.000000000000E-01,
 -5.000000000000E-01,  5.500000000000E-01,
  5.500000000000E-01,  5.000000000000E-01,
  5.000000000000E-01, -5.500000000000E-01,
 -5.500000000000E-01, -4.875000000000E-01,
 -4.875000000000E-01,  5.500000000000E-01,
  5.500000000000E-01,  4.875000000000E-01,
  4.875000000000E-01, -5.500000000000E-01,
 -5.500000000000E-01, -4.750000000000E-01,
 -4.750000000000E-01,  5.500000000000E-01,
  5.500000000000E-01,  4.750000000000E-01,
  4.750000000000E-01, -5.500000000000E-01,
 -5.500000000000E-01, -4.625000000000E-01,
 -4.625000000000E-01,  5.500000000000E-01,
  5.500000000000E-01,  4.625000000000E-01,
  4.625000000000E-01, -5.500000000000E-01,
 -5.500000000000E-01, -4.500000000000E-01,
 -4.500000000000E-01,  5.500000000000E-01,
  5.500000000000E-01,  4.500000000000E-01,
  4.500000000000E-01, -5.500000000000E-01,
 -5.500000000000E-01, -4.375000000000E-01,
 -4.375000000000E-01,  5.500000000000E-01,
  5.500000000000E-01,  4.375000000000E-01,
  4.375000000000E-01, -5.500000000000E-01,
 -5.500000000000E-01, -4.250000000000E-01,
 -4.250000000000E-01,  5.500000000000E-01,
  5.500000000000E-01,  4.250000000000E-01,
  4.250000000000E-01, -5.500000000000E-01,
 -5.500000000000E-01, -4.125000000000E-01,
 -4.125000000000E-01,  5.500000000000E-01,
  5.500000000000E-01,  4.125000000000E-01,
  4.125000000000E-01, -5.500000000000E-01,
 -5.500000000000E-01, -4.000000000000E-01,
 -4.000000000000E-01,  5.500000000000E-01,
  5.500000000000E-01,  4.000000000000E-01,
  4.000000000000E-01, -5.500000000000E-01,
 -5.500000000000E-01, -3.875000000000E-01,
 -3.875000000000E-01,  5.500000000000E-01,
  5.500000000000E-01,  3.875000000000E-01,
  3.875000000000E-01, -5.500000000000E-01,
 -5.500000000000E-01, -3.750000000000E-01,
 -3.750000000000E-01,  5.500000000000E-01,
  5.500000000000E-01,  3.750000000000E-01,
  3.750000000000E-01, -5.500000000000E-01,
 -5.500000000000E-01, -3.625000000000E-01,
 -3.625000000000E-01,  5.500000000000E-01,
  5.500000000000E-01,  3.625000000000E-01,
  3.625000000000E-01, -5.500000000000E-01,
 -5.500000000000E-01, -3.500000000000E-01,
 -3.500000000000E-01,  5.500000000000E-01,
  5.500000000000E-01,  3.500000000000E-01,
  3.500000000000E-01, -5.500000000000E-01,
 -5.500000000000E-01, -3.375000000000E-01,
 -3.375000000000E-01,  5.500000000000E-01,
  5.500000000000E-01,  3.375000000000E-01,
  3.375000000000E-01, -5.500000000000E-01,
 -5.500000000000E-01, -3.250000000000E-01,
 -3.250000000000E-01,  5.500000000000E-01,
  5.500000000000E-01,  3.250000000000E-01,
  3.250000000000E-01, -5.500000000000E-01,
 -5.500000000000E-01, -3.125000000000E-01,
 -3.125000000000E-01,  5.500000000000E-01,
  5.500000000000E-01,  3.125000000000E-01,
  3.125000000000E-01, -5.500000000000E-01,
 -5.500000000000E-01, -3.000000000000E-01,
 -3.000000000000E-01,  5.500000000000E-01,
  5.500000000000E-01,  3.000000000000E-01,
  3.000000000000E-01, -5.500000000000E-01,
 -5.500000000000E-01, -2.875000000000E-01,
 -2.875000000000E-01,  5.500000000000E-01,
  5.500000000000E-01,  2.875000000000E-01,
  2.875000000000E-01, -5.500000000000E-01,
 -5.500000000000E-01, -2.750000000000E-01,
 -2.750000000000E-01,  5.500000000000E-01,
  5.500000000000E-01,  2.750000000000E-01,
  2.750000000000E-01, -5.500000000000E-01,
 -5.500000000000E-01, -2.625000000000E-01,
 -2.625000000000E-01,  5.500000000000E-01,
  5.500000000000E-01,  2.625000000000E-01,
  2.625000000000E-01, -5.500000000000E-01,
 -5.500000000000E-01, -2.500000000000E-01,
 -2.500000000000E-01,  5.500000000000E-01,
  5.500000000000E-01,  2.500000000000E-01,
  2.500000000000E-01, -5.500000000000E-01,
 -5.500000000000E-01, -2.375000000000E-01,
 -2.375000000000E-01,  5.500000000000E-01,
  5.500000000000E-01,  2.375000000000E-01,
  2.375000000000E-01, -5.500000000000E-01,
 -5.500000000000E-01, -2.250000000000E-01,
 -2.250000000000E-01,  5.500000000000E-01,
  5.500000000000E-01,  2.250000000000E-01,
  2.250000000000E-01, -5.500000000000E-01,
 -5.500000000000E-01, -2.125000000000E-01,
 -2.125000000000E-01,  5.500000000000E-01,
  5.500000000000E-01,  2.125000000000E-01,
  2.125000000000E-01, -5.500000000000E-01,
 -5.500000000000E-01, -2.000000000000E-01,
 -2.000000000000E-01,  5.500000000000E-01,
  5.500000000000E-01,  2.000000000000E-01,
  2.000000000000E-01, -5.500000000000E-01,
 -5.500000000000E-01, -1.875000000000E-01,
 -1.875000000000E-01,  5.500000000000E-01,
  5.500000000000E-01,  1.875000000000E-01,
  1.875000000000E-01, -5.500000000000E-01,
 -5.500000000000E-01, -1.750000000000E-01,
 -1.750000000000E-01,  5.500000000000E-01,
  5.500000000000E-01,  1.750000000000E-01,
  1.750000000000E-01, -5.500000000000E-01,
 -5.500000000000E-01, -1.625000000000E-01,
 -1.625000000000E-01,  5.500000000000E-01,
  5.500000000000E-01,  1.625000000000E-01,
  1.625000000000E-01, -5.500000000000E-01,
 -5.500000000000E-01, -1.500000000000E-01,
 -1.500000000000E-01,  5.500000000000E-01,
  5.500000000000E-01,  1.500000000000E-01,
  1.500000000000E-01, -5.500000000000E-01,
 -5.500000000000E-01, -1.375000000000E-01,
 -1.375000000000E-01,  5.500000000000E-01,
  5.500000000000E-01,  1.375000000000E-01,
  1.375000000000E-01, -5.500000000000E-01,
 -5.500000000000E-01, -1.250000000000E-01,
 -1.250000000000E-01,  5.500000000000E-01,
  5.500000000000E-01,  1.250000000000E-01,
  1.250000000000E-01, -5.500000000000E-01,
 -5.500000000000E-01, -1.125000000000E-01,
 -1.125000000000E-01,  5.500000000000E-01,
  5.500000000000E-01,  1.125000000000E-01,
  1.125000000000E-01, -5.500000000000E-01,
 -5.500000000000E-01, -1.000000000000E-01,
 -1.000000000000E-01,  5.500000000000E-01,
  5.500000000000E-01,  1.000000000000E-01,
  1.000000000000E-01, -5.500000000000E-01,
 -5.500000000000E-01, -8.750000000000E-02,
 -8.750000000000E-02,  5.500000000000E-01,
  5.500000000000E-01,  8.750000000000E-02,
  8.750000000000E-02, -5.500000000000E-01,
 -5.500000000000E-01, -7.500000000000E-02,
 -7.500000000000E-02,  5.500000000000E-01,
  5.500000000000E-01,  7.500000000000E-02,
  7.500000000000E-02, -5.500000000000E-01,
 -5.500000000000E-01, -6.250000000000E-02,
 -6.250000000000E-02,  5.500000000000E-01,
  5.500000000000E-01,  6.250000000000E-02,
  6.250000000000E-02, -5.500000000000E-01,
 -5.500000000000E-01, -5.000000000000E-02,
 -5.000000000000E-02,  5.500000000000E-01,
  5.500000000000E-01,  5.000000000000E-02,
  5.000000000000E-02, -5.500000000000E-01,
 -5.500000000000E-01, -3.750000000000E-02,
 -3.750000000000E-02,  5.500000000000E-01,
  5.500000000000E-01,  3.750000000000E-02,
  3.750000000000E-02, -5.500000000000E-01,
 -5.500000000000E-01, -2.500000000000E-02,
 -2.500000000000E-02,  5.500000000000E-01,
  5.500000000000E-01,  2.500000000000E-02,
  2.500000000000E-02, -5.500000000000E-01,
 -5.500000000000E-01, -1.250000000000E-02,
 -1.250000000000E-02,  5.500000000000E-01,
  5.500000000000E-01,  1.250000000000E-02,
  1.250000000000E-02, -5.500000000000E-01,
 -5.500000000000E-01,  0.000000000000E+00,
  0.000000000000E+00,  5.500000000000E-01,
  5.500000000000E-01,  0.000000000000E+00,
  0.000000000000E+00, -5.500000000000E-01,
 -5.500000000000E-01,  1.250000000000E-02,
  1.250000000000E-02,  5.500000000000E-01,
  5.500000000000E-01, -1.250000000000E-02,
 -1.250000000000E-02, -5.500000000000E-01,
 -5.500000000000E-01,  2.500000000000E-02,
  2.500000000000E-02,  5.500000000000E-01,
  5.500000000000E-01, -2.500000000000E-02,
 -2.500000000000E-02, -5.500000000000E-01,
 -5.500000000000E-01,  3.750000000000E-02,
  3.750000000000E-02,  5.500000000000E-01,
  5.500000000000E-01, -3.750000000000E-02,
 -3.750000000000E-02, -5.500000000000E-01,
 -5.500000000000E-01,  5.000000000000E-02,
  5.000000000000E-02,  5.500000000000E-01,
  5.500000000000E-01, -5.000000000000E-02,
 -5.000000000000E-02, -5.500000000000E-01,
 -5.500000000000E-01,  6.250000000000E-02,
  6.250000000000E-02,  5.500000000000E-01,
  5.500000000000E-01, -6.250000000000E-02,
 -6.250000000000E-02, -5.500000000000E-01,
 -5.500000000000E-01,  7.500000000000E-02,
  7.500000000000E-02,  5.500000000000E-01,
  5.500000000000E-01, -7.500000000000E-02,
 -7.500000000000E-02, -5.500000000000E-01,
 -5.500000000000E-01,  8.750000000000E-02,
  8.750000000000E-02,  5.500000000000E-01,
  5.500000000000E-01, -8.750000000000E-02,
 -8.750000000000E-02, -5.500000000000E-01,
 -5.500000000000E-01,  1.000000000000E-01,
  1.000000000000E-01,  5.500000000000E-01,
  5.500000000000E-01, -1.000000000000E-01,
 -1.000000000000E-01, -5.500000000000E-01,
 -5.500000000000E-01,  1.125000000000E-01,
  1.125000000000E-01,  5.500000000000E-01,
  5.500000000000E-01, -1.125000000000E-01,
 -1.125000000000E-01, -5.500000000000E-01,
 -5.500000000000E-01,  1.250000000000E-01,
  1.250000000000E-01,  5.500000000000E-01,
  5.500000000000E-01, -1.250000000000E-01,
 -1.250000000000E-01, -5.500000000000E-01,
 -5.500000000000E-01,  1.375000000000E-01,
  1.375000000000E-01,  5.500000000000E-01,
  5.500000000000E-01, -1.375000000000E-01,
 -1.375000000000E-01, -5.500000000000E-01,
 -5.500000000000E-01,  1.500000000000E-01,
  1.500000000000E-01,  5.500000000000E-01,
  5.500000000000E-01, -1.500000000000E-01,
 -1.500000000000E-01, -5.500000000000E-01,
 -5.500000000000E-01,  1.625000000000E-01,
  1.625000000000E-01,  5.500000000000E-01,
  5.500000000000E-01, -1.625000000000E-01,
 -1.625000000000E-01, -5.500000000000E-01,
 -5.500000000000E-01,  1.750000000000E-01,
  1.750000000000E-01,  5.500000000000E-01,
  5.500000000000E-01, -1.750000000000E-01,
 -1.750000000000E-01, -5.500000000000E-01,
 -5.500000000000E-01,  1.875000000000E-01,
  1.875000000000E-01,  5.500000000000E-01,
  5.500000000000E-01, -1.875000000000E-01,
 -1.875000000000E-01, -5.500000000000E-01,
 -5.500000000000E-01,  2.000000000000E-01,
  2.000000000000E-01,  5.500000000000E-01,
  5.500000000000E-01, -2.000000000000E-01,
 -2.000000000000E-01, -5.500000000000E-01,
 -5.500000000000E-01,  2.125000000000E-01,
  2.125000000000E-01,  5.500000000000E-01,
  5.500000000000E-01, -2.125000000000E-01,
 -2.125000000000E-01, -5.500000000000E-01,
 -5.500000000000E-01,  2.250000000000E-01,
  2.250000000000E-01,  5.500000000000E-01,
  5.500000000000E-01, -2.250000000000E-01,
 -2.250000000000E-01, -5.500000000000E-01,
 -5.500000000000E-01,  2.375000000000E-01,
  2.375000000000E-01,  5.500000000000E-01,
  5.500000000000E-01, -2.375000000000E-01,
 -2.375000000000E-01, -5.500000000000E-01,
 -5.500000000000E-01,  2.500000000000E-01,
  2.500000000000E-01,  5.500000000000E-01,
  5.500000000000E-01, -2.500000000000E-01,
 -2.500000000000E-01, -5.500000000000E-01,
 -5.500000000000E-01,  2.625000000000E-01,
  2.625000000000E-01,  5.500000000000E-01,
  5.500000000000E-01, -2.625000000000E-01,
 -2.625000000000E-01, -5.500000000000E-01,
 -5.500000000000E-01,  2.750000000000E-01,
  2.750000000000E-01,  5.500000000000E-01,
  5.500000000000E-01, -2.750000000000E-01,
 -2.750000000000E-01, -5.500000000000E-01,
 -5.500000000000E-01,  2.875000000000E-01,
  2.875000000000E-01,  5.500000000000E-01,
  5.500000000000E-01, -2.875000000000E-01,
 -2.875000000000E-01, -5.500000000000E-01,
 -5.500000000000E-01,  3.000000000000E-01,
  3.000000000000E-01,  5.500000000000E-01,
  5.500000000000E-01, -3.000000000000E-01,
 -3.000000000000E-01, -5.500000000000E-01,
 -5.500000000000E-01,  3.125000000000E-01,
  3.125000000000E-01,  5.500000000000E-01,
  5.500000000000E-01, -3.125000000000E-01,
 -3.125000000000E-01, -5.500000000000E-01,
 -5.500000000000E-01,  3.250000000000E-01,
  3.250000000000E-01,  5.500000000000E-01,
  5.500000000000E-01, -3.250000000000E-01,
 -3.250000000000E-01, -5.500000000000E-01,
 -5.500000000000E-01,  3.375000000000E-01,
  3.375000000000E-01,  5.500000000000E-01,
  5.500000000000E-01, -3.375000000000E-01,
 -3.375000000000E-01, -5.500000000000E-01,
 -5.500000000000E-01,  3.500000000000E-01,
  3.500000000000E-01,  5.500000000000E-01,
  5.500000000000E-01, -3.500000000000E-01,
 -3.500000000000E-01, -5.500000000000E-01,
 -5.500000000000E-01,  3.625000000000E-01,
  3.625000000000E-01,  5.500000000000E-01,
  5.500000000000E-01, -3.625000000000E-01,
 -3.625000000000E-01, -5.500000000000E-01,
 -5.500000000000E-01,  3.750000000000E-01,
  3.750000000000E-01,  5.500000000000E-01,
  5.500000000000E-01, -3.750000000000E-01,
 -3.750000000000E-01, -5.500000000000E-01,
 -5.500000000000E-01,  3.875000000000E-01,
  3.875000000000E-01,  5.500000000000E-01,
  5.500000000000E-01, -3.875000000000E-01,
 -3.875000000000E-01, -5.500000000000E-01,
 -5.500000000000E-01,  4.000000000000E-01,
  4.000000000000E-01,  5.500000000000E-01,
  5.500000000000E-01, -4.000000000000E-01,
 -4.000000000000E-01, -5.500000000000E-01,
 -5.500000000000E-01,  4.125000000000E-01,
  4.125000000000E-01,  5.500000000000E-01,
  5.500000000000E-01, -4.125000000000E-01,
 -4.125000000000E-01, -5.500000000000E-01,
 -5.500000000000E-01,  4.250000000000E-01,
  4.250000000000E-01,  5.500000000000E-01,
  5.500000000000E-01, -4.250000000000E-01,
 -4.250000000000E-01, -5.500000000000E-01,
 -5.500000000000E-01,  4.375000000000E-01,
  4.375000000000E-01,  5.500000000000E-01,
  5.500000000000E-01, -4.375000000000E-01,
 -4.375000000000E-01, -5.500000000000E-01,
 -5.500000000000E-01,  4.500000000000E-01,
  4.500000000000E-01,  5.500000000000E-01,
  5.500000000000E-01, -4.500000000000E-01,
 -4.500000000000E-01, -5.500000000000E-01,
 -5.500000000000E-01,  4.625000000000E-01,
  4.625000000000E-01,  5.500000000000E-01,
  5.500000000000E-01, -4.625000000000E-01,
 -4.625000000000E-01, -5.500000000000E-01,
 -5.500000000000E-01,  4.750000000000E-01,
  4.750000000000E-01,  5.500000000000E-01,
  5.500000000000E-01, -4.750000000000E-01,
 -4.750000000000E-01, -5.500000000000E-01,
 -5.500000000000E-01,  4.875000000000E-01,
  4.875000000000E-01,  5.500000000000E-01,
  5.500000000000E-01, -4.875000000000E-01,
 -4.875000000000E-01, -5.500000000000E-01,
 -5.500000000000E-01,  5.000000000000E-01,
  5.000000000000E-01,  5.500000000000E-01,
  5.500000000000E-01, -5.000000000000E-01,
 -5.000000000000E-01, -5.500000000000E-01,
 -5.500000000000E-01,  5.125000000000E-01,
  5.125000000000E-01,  5.500000000000E-01,
  5.500000000000E-01, -5.125000000000E-01,
 -5.125000000000E-01, -5.500000000000E-01,
 -5.500000000000E-01,  5.250000000000E-01,
  5.250000000000E-01,  5.500000000000E-01,
  5.500000000000E-01, -5.250000000000E-01,
 -5.250000000000E-01, -5.500000000000E-01,
 -5.500000000000E-01,  5.375000000000E-01,
  5.375000000000E-01,  5.500000000000E-01,
  5.500000000000E-01, -5.375000000000E-01,
 -5.375000000000E-01, -5.500000000000E-01,
 -5.500000000000E-01,  5.500000000000E-01,
  5.500000000000E-01,  5.500000000000E-01,
  5.500000000000E-01, -5.500000000000E-01,
 -5.500000000000E-01, -5.500000000000E-01,
