 -4.999100513920E-01, -5.032525428400E-01,
 -5.012017780325E-01, -4.777510305962E-01,
 -4.979592970336E-01, -4.471609526663E-01,
 -5.026620454211E-01, -4.265030262813E-01,
 -4.995250833867E-01, -4.020993513808E-01,
 -4.995428784379E-01, -3.748183066695E-01,
 -4.981011470491E-01, -3.520172448836E-01,
 -4.972959522070E-01, -3.245045574915E-01,
 -4.964219334006E-01, -2.984238005025E-01,
 -4.998349058348E-01, -2.742130853068E-01,
 -4.991547642503E-01, -2.517483112000E-01,
 -5.017136093833E-01, -2.269835754560E-01,
 -5.005047047458E-01, -1.988562186466E-01,
 -5.010876437030E-01, -1.769557801694E-01,
 -5.031495540360E-01, -1.536328607294E-01,
 -4.988211646367E-01, -1.287323951361E-01,
 -5.036801058386E-01, -1.018177867301E-01,
 -5.032093503401E-01, -7.218419260113E-02,
 -5.012013859688E-01, -4.850234238379E-02,
 -5.011314361657E-01, -2.595674798804E-02,
 -4.987351258523E-01,  1.803821366051E-03,
 -5.018911975234E-01,  2.320262268652E-02,
 -4.972618826638E-01,  5.135550951664E-02,
 -4.973868176042E-01,  7.265306389199E-02,
 -5.010319220069E-01,  1.007010098715E-01,
 -4.970695797156E-01,  1.266379695369E-01,
 -4.971067301566E-01,  1.482119702467E-01,
 -5.009144380642E-01,  1.724184079076E-01,
 -5.023459900985E-01,  2.000166763102E-01,
 -5.005958753456E-01,  2.271277344739E-01,
 -4.986370656136E-01,  2.467461767940E-01,
 -5.034453118149E-01,  2.712619733893E-01,
 -4.996549567630E-01,  3.027888121522E-01,
 -5.025904864093E-01,  3.250118404247E-01,
 -5.034345622543E-01,  3.478491023014E-01,
 -4.975132690094E-01,  3.757297830575E-01,
 -4.968070315036E-01,  4.001901065097E-01,
 -5.022497192642E-01,  4.228066445918E-01,
 -4.996487252728E-01,  4.511911054573E-01,
 -5.032421763449E-01,  4.738747714744E-01,
 -5.001691697716E-01,  4.978174029659E-01,
 -4.763262749231E-01, -5.008251110597E-01,
 -4.750689226256E-01, -4.743519729464E-01,
 -4.749062442280E-01, -4.467383478558E-01,
 -4.741930084430E-01, -4.247824928017E-01,
 -4.762957889269E-01, -3.974142993968E-01,
 -4.730302585182E-01, -3.746751980980E-01,
 -4.786886312231E-01, -3.515220535414E-01,
 -4.784998366925E-01, -3.274804057703E-01,
 -4.732195058265E-01, -2.999594768702E-01,
 -4.755113893867E-01, -2.738928977573E-01,
 -4.752315756631E-01, -2.515156678666E-01,
 -4.783042489632E-01, -2.242371531481E-01,
 -4.733006651112E-01, -2.012468065009E-01,
 -4.745802124132E-01, -1.719937545331E-01,
 -4.723277676734E-01, -1.464741550951E-01,
 -4.732373496035E-01, -1.278285801615E-01,
 -4.762082499193E-01, -1.036426632902E-01,
 -4.713075507326E-01, -7.279770874704E-02,
 -4.750556965590E-01, -5.309044888706E-02,
 -4.784896869001E-01, -2.773363083201E-02,
 -4.754189853217E-01,  8.558465486249E-04,
 -4.738687797821E-01,  2.206302163692E-02,
 -4.773152656963E-01,  4.750608128663E-02,
 -4.760637822295E-01,  7.722241772506E-02,
 -4.743150449059E-01,  1.012847302960E-01,
 -4.712851784832E-01,  1.284329258783E-01,
 -4.748385343428E-01,  1.495935746354E-01,
 -4.721859883793E-01,  1.753220364889E-01,
 -4.749718117857E-01,  2.005918361520E-01,
 -4.732824015567E-01,  2.271259597807E-01,
 -4.764566874855E-01,  2.537442334011E-01,
 -4.769346230043E-01,  2.777762095884E-01,
 -4.762326565331E-01,  2.992378161770E-01,
 -4.724949886815E-01,  3.251446685585E-01,
 -4.762633771277E-01,  3.491378678046E-01,
 -4.728818228810E-01,  3.749326607933E-01,
 -4.757243620186E-01,  4.025025226323E-01,
 -4.786566142788E-01,  4.262467953374E-01,
 -4.753013778877E-01,  4.480535465576E-01,
 -4.765142517890E-01,  4.730599418860E-01,
 -4.715057754381E-01,  5.001343290310E-01,
 -4.494048221518E-01, -5.000697765997E-01,
 -4.470726228274E-01, -4.713649609556E-01,
 -4.482696191604E-01, -4.478587789279E-01,
 -4.492628754242E-01, -4.278074578720E-01,
 -4.531296009986E-01, -3.971814225424E-01,
 -4.510756245927E-01, -3.750373290061E-01,
 -4.508095274888E-01, -3.463582850729E-01,
 -4.468346533428E-01, -3.246692002687E-01,
 -4.491759668673E-01, -2.964785024947E-01,
 -4.519768450517E-01, -2.784302981268E-01,
 -4.535003848700E-01, -2.496536529911E-01,
 -4.486777427255E-01, -2.261640164418E-01,
 -4.526972497892E-01, -2.002935071134E-01,
 -4.500268910320E-01, -1.735799288877E-01,
 -4.524154598646E-01, -1.515668272050E-01,
 -4.516820057640E-01, -1.279682125969E-01,
 -4.504508655958E-01, -1.004933057302E-01,
 -4.535256533084E-01, -7.387142208766E-02,
 -4.521758658389E-01, -5.014592624247E-02,
 -4.526445603276E-01, -2.324375560535E-02,
 -4.463729431068E-01, -3.534772356287E-03,
 -4.526751215561E-01,  2.282015228907E-02,
 -4.471984110930E-01,  5.000238606428E-02,
 -4.530307007764E-01,  7.190845444505E-02,
 -4.499690460213E-01,  9.743372047389E-02,
 -4.476862871446E-01,  1.228107794009E-01,
 -4.536575817749E-01,  1.506338337666E-01,
 -4.528768909660E-01,  1.717447447063E-01,
 -4.521180580375E-01,  1.991853723643E-01,
 -4.521750755708E-01,  2.276111987902E-01,
 -4.516422532508E-01,  2.493358610590E-01,
 -4.520685825343E-01,  2.757831393766E-01,
 -4.528371461559E-01,  3.013978368358E-01,
 -4.503138870961E-01,  3.238847609158E-01,
 -4.491295200052E-01,  3.492518534240E-01,
 -4.475016249197E-01,  3.753170692460E-01,
 -4.471029457555E-01,  3.990916787279E-01,
 -4.476710862686E-01,  4.233563763042E-01,
 -4.517196078981E-01,  4.515346441894E-01,
 -4.520952568341E-01,  4.784186244399E-01,
 -4.526454850490E-01,  5.015407149755E-01,
 -4.255850128579E-01, -4.968550500744E-01,
 -4.252691599149E-01, -4.714180294466E-01,
 -4.274991725527E-01, -4.512947179892E-01,
 -4.283451308700E-01, -4.213351346403E-01,
 -4.225503110073E-01, -3.968640833217E-01,
 -4.226131566888E-01, -3.753266871622E-01,
 -4.224638297457E-01, -3.533079065792E-01,
 -4.219294837159E-01, -3.214745029267E-01,
 -4.262443999544E-01, -3.024132332820E-01,
 -4.252697784162E-01, -2.779771922885E-01,
 -4.267462060391E-01, -2.464636138349E-01,
 -4.266726631539E-01, -2.255641876394E-01,
 -4.224700786816E-01, -1.963407831763E-01,
 -4.251950468680E-01, -1.784520929975E-01,
 -4.230994272657E-01, -1.475512981321E-01,
 -4.261494393117E-01, -1.229664906254E-01,
 -4.222165278491E-01, -9.897161757551E-02,
 -4.247701613497E-01, -7.597046287813E-02,
 -4.265796842319E-01, -5.009127459264E-02,
 -4.268492503643E-01, -2.856135503487E-02,
 -4.266015290680E-01, -2.425431134379E-03,
 -4.269861176608E-01,  2.568588494660E-02,
 -4.255259060404E-01,  5.301040491331E-02,
 -4.219259554462E-01,  7.809581693179E-02,
 -4.238636329684E-01,  9.860567514345E-02,
 -4.254061275888E-01,  1.245253548847E-01,
 -4.254722271066E-01,  1.522196614984E-01,
 -4.255939279842E-01,  1.728871358449E-01,
 -4.225260928384E-01,  2.019658783373E-01,
 -4.227471445957E-01,  2.239395657220E-01,
 -4.277904622673E-01,  2.527903312158E-01,
 -4.282561330113E-01,  2.745880028793E-01,
 -4.241185853688E-01,  2.996749170514E-01,
 -4.253606134398E-01,  3.270905009977E-01,
 -4.278995893824E-01,  3.504617276307E-01,
 -4.279975661572E-01,  3.721489469527E-01,
 -4.215290502458E-01,  3.993623388004E-01,
 -4.230994626307E-01,  4.283050013098E-01,
 -4.285957250780E-01,  4.483454030792E-01,
 -4.232087494214E-01,  4.761461116294E-01,
 -4.270195634417E-01,  4.978029171014E-01,
 -3.990892789228E-01, -5.007130081303E-01,
 -4.031077930856E-01, -4.761759648406E-01,
 -3.989340965733E-01, -4.525093681659E-01,
 -3.975181599241E-01, -4.225457747857E-01,
 -4.002022066885E-01, -4.034360907947E-01,
 -4.032686178216E-01, -3.761965931304E-01,
 -3.973799559003E-01, -3.488852313718E-01,
 -4.031288338952E-01, -3.268214550853E-01,
 -3.962504136375E-01, -2.996278468667E-01,
 -3.964708700047E-01, -2.774149439186E-01,
 -4.019546411136E-01, -2.518293752732E-01,
 -4.036537234985E-01, -2.276155495394E-01,
 -4.008771569025E-01, -2.012658164867E-01,
 -3.996404848380E-01, -1.734528538555E-01,
 -3.978506244551E-01, -1.512523176145E-01,
 -3.992641782984E-01, -1.238945138605E-01,
 -3.962955670661E-01, -9.661943683398E-02,
 -3.996305173701E-01, -7.404484039820E-02,
 -4.005262118984E-01, -5.186573284050E-02,
 -4.029001544963E-01, -2.716296527431E-02,
 -4.006192940456E-01, -2.441829878657E-03,
 -4.028358973629E-01,  2.332281963542E-02,
 -4.027168616825E-01,  4.908503728806E-02,
 -3.995575066885E-01,  7.593733156256E-02,
 -3.971294738500E-01,  1.017952763094E-01,
 -3.971261222514E-01,  1.271253544553E-01,
 -4.022243591444E-01,  1.470353393649E-01,
 -3.991423521819E-01,  1.780551116413E-01,
 -4.017668195015E-01,  2.023153340644E-01,
 -3.962865958583E-01,  2.285233285815E-01,
 -3.992213733802E-01,  2.521650890702E-01,
 -4.033957151813E-01,  2.750754530739E-01,
 -4.005807048090E-01,  2.971158782184E-01,
 -3.971225514323E-01,  3.256573165180E-01,
 -4.022523256079E-01,  3.463714338518E-01,
 -3.968811602235E-01,  3.766254867838E-01,
 -4.027077148965E-01,  4.015556882081E-01,
 -3.966001307718E-01,  4.216695219492E-01,
 -4.036581307679E-01,  4.509853951585E-01,
 -4.001446432380E-01,  4.747241268499E-01,
 -3.997869909696E-01,  4.994597206687E-01,
 -3.715967980453E-01, -5.011059505183E-01,
 -3.731641851220E-01, -4.761603363388E-01,
 -3.742923621309E-01, -4.493292849573E-01,
 -3.728613476189E-01, -4.249284655164E-01,
 -3.778922363179E-01, -4.030805281838E-01,
 -3.713511595913E-01, -3.774210061301E-01,
 -3.721793987439E-01, -3.499104391723E-01,
 -3.738496201754E-01, -3.279628292824E-01,
 -3.771573057053E-01, -3.012405818874E-01,
 -3.774785124792E-01, -2.719612586296E-01,
 -3.761415980826E-01, -2.534321833644E-01,
 -3.731430580283E-01, -2.241113424352E-01,
 -3.725419388996E-01, -1.985651016959E-01,
 -3.719465805875E-01, -1.731140108250E-01,
 -3.759068921223E-01, -1.469716919113E-01,
 -3.767315170549E-01, -1.278343896008E-01,
 -3.768428411784E-01, -1.007680962071E-01,
 -3.782387383347E-01, -7.263299659021E-02,
 -3.747787735345E-01, -5.146669783974E-02,
 -3.719520369125E-01, -2.829379000178E-02,
 -3.744923063054E-01,  1.652759119158E-03,
 -3.777339919958E-01,  2.290533441512E-02,
 -3.744579663906E-01,  4.983215597719E-02,
 -3.775124785519E-01,  7.815548268376E-02,
 -3.717275466462E-01,  9.660640833139E-02,
 -3.751231138316E-01,  1.224593222367E-01,
 -3.756480028201E-01,  1.528201457345E-01,
 -3.733841093640E-01,  1.732986869153E-01,
 -3.719112765126E-01,  1.966779583156E-01,
 -3.774622846494E-01,  2.236036952047E-01,
 -3.786866334162E-01,  2.516288590306E-01,
 -3.778691838873E-01,  2.718289310333E-01,
 -3.775889618183E-01,  2.974944111780E-01,
 -3.714091243289E-01,  3.233939634059E-01,
 -3.758266208613E-01,  3.473398193481E-01,
 -3.740435319311E-01,  3.753084059429E-01,
 -3.731245834465E-01,  3.997813287451E-01,
 -3.727148566492E-01,  4.282571696538E-01,
 -3.769640540666E-01,  4.488029057482E-01,
 -3.735316594038E-01,  4.764238910988E-01,
 -3.718597300188E-01,  5.036702519059E-01,
 -3.529032729855E-01, -5.008023717159E-01,
 -3.470998679469E-01, -4.735923510495E-01,
 -3.535324865394E-01, -4.488953366276E-01,
 -3.517151419129E-01, -4.264752856860E-01,
 -3.518288529112E-01, -4.007522335062E-01,
 -3.465579172781E-01, -3.743521310146E-01,
 -3.503673094175E-01, -3.491051098456E-01,
 -3.508273151877E-01, -3.241088947833E-01,
 -3.484358726047E-01, -3.003555179287E-01,
 -3.487247543931E-01, -2.777097909920E-01,
 -3.508475417900E-01, -2.522046609501E-01,
 -3.522946788844E-01, -2.273833631161E-01,
 -3.512476918352E-01, -2.032921591556E-01,
 -3.533179545041E-01, -1.742034215099E-01,
 -3.466343093610E-01, -1.472619628166E-01,
 -3.526063675741E-01, -1.236571923142E-01,
 -3.534602670366E-01, -9.859497095734E-02,
 -3.488600940872E-01, -7.691205099891E-02,
 -3.468974021513E-01, -5.106171448303E-02,
 -3.532953051110E-01, -2.781817832510E-02,
 -3.487091907282E-01,  3.428959905449E-03,
 -3.524459833650E-01,  2.139241247155E-02,
 -3.531366416781E-01,  5.239265045045E-02,
 -3.511789095674E-01,  7.704432060580E-02,
 -3.478631944956E-01,  1.014114565185E-01,
 -3.486780441503E-01,  1.268999985293E-01,
 -3.525845817329E-01,  1.468323302927E-01,
 -3.529797008476E-01,  1.736316547379E-01,
 -3.507575176055E-01,  1.971535098291E-01,
 -3.487710244029E-01,  2.265236809134E-01,
 -3.521027488094E-01,  2.480735699989E-01,
 -3.504252903719E-01,  2.716735024644E-01,
 -3.478424893743E-01,  3.014405670340E-01,
 -3.527522903772E-01,  3.243576221538E-01,
 -3.503691284022E-01,  3.502570950911E-01,
 -3.480132372756E-01,  3.762386627859E-01,
 -3.515936208602E-01,  3.997031411129E-01,
 -3.524588824390E-01,  4.277176883503E-01,
 -3.481078464511E-01,  4.495932836835E-01,
 -3.506786059389E-01,  4.748575004892E-01,
 -3.486325054593E-01,  4.994851343989E-01,
 -3.217842900609E-01, -4.982641507755E-01,
 -3.261565892716E-01, -4.716661275626E-01,
 -3.223560941117E-01, -4.514498476598E-01,
 -3.240662393983E-01, -4.250065261443E-01,
 -3.262139506988E-01, -3.997929419828E-01,
 -3.260487292489E-01, -3.740933429170E-01,
 -3.287143440208E-01, -3.512618435204E-01,
 -3.273158351373E-01, -3.237218732775E-01,
 -3.253885791875E-01, -3.031122349984E-01,
 -3.283165456909E-01, -2.760967095669E-01,
 -3.284933020176E-01, -2.515044456012E-01,
 -3.220752645953E-01, -2.215508292501E-01,
 -3.280097661920E-01, -2.011955938934E-01,
 -3.283404808929E-01, -1.719723802032E-01,
 -3.224379130266E-01, -1.534448095628E-01,
 -3.283496875282E-01, -1.278000836544E-01,
 -3.278377516587E-01, -1.011557004305E-01,
 -3.245898050297E-01, -7.337107766706E-02,
 -3.270696728226E-01, -4.645277996043E-02,
 -3.286650583888E-01, -2.852059149190E-02,
 -3.248260438605E-01,  3.636320412441E-03,
 -3.236856319015E-01,  2.537294319274E-02,
 -3.256174691590E-01,  5.122305968695E-02,
 -3.279386508611E-01,  7.356393595890E-02,
 -3.253267566577E-01,  1.019164689476E-01,
 -3.257975829929E-01,  1.286896369923E-01,
 -3.258022716584E-01,  1.477714165539E-01,
 -3.273213964966E-01,  1.743256800856E-01,
 -3.234047921446E-01,  2.011180737134E-01,
 -3.235270181011E-01,  2.229177332703E-01,
 -3.259899510661E-01,  2.530042542481E-01,
 -3.242139383397E-01,  2.736465437669E-01,
 -3.245734984378E-01,  2.964629195320E-01,
 -3.245883818055E-01,  3.274465347169E-01,
 -3.272288846902E-01,  3.504224818427E-01,
 -3.234407418943E-01,  3.755493480398E-01,
 -3.235459665763E-01,  4.013972796105E-01,
 -3.216323597141E-01,  4.254656177628E-01,
 -3.265015884702E-01,  4.463441184335E-01,
 -3.223306260217E-01,  4.747827597275E-01,
 -3.245359052690E-01,  5.015151260500E-01,
 -3.017694411631E-01, -4.980549576759E-01,
 -3.012913657937E-01, -4.730149243769E-01,
 -2.965992203827E-01, -4.483577373813E-01,
 -3.021240902733E-01, -4.269480497344E-01,
 -2.995016597399E-01, -3.971880789741E-01,
 -3.001577241633E-01, -3.719753184316E-01,
 -2.994272397566E-01, -3.525495864871E-01,
 -2.999371772346E-01, -3.229857549538E-01,
 -3.034793211252E-01, -2.973101124555E-01,
 -2.978308477344E-01, -2.748660234683E-01,
 -3.036784146794E-01, -2.509567396725E-01,
 -3.034255767864E-01, -2.213592847724E-01,
 -3.031988575590E-01, -2.008722277662E-01,
 -2.982981704604E-01, -1.719387311584E-01,
 -3.023652565702E-01, -1.481746455775E-01,
 -3.037308165147E-01, -1.223050817463E-01,
 -3.030866972559E-01, -9.885254616560E-02,
 -3.012932953475E-01, -7.685007412863E-02,
 -2.983104698614E-01, -5.154257079332E-02,
 -3.008514331652E-01, -2.148948789308E-02,
 -3.000401685398E-01,  2.072733694213E-03,
 -3.015044298162E-01,  2.470985613908E-02,
 -3.025007377540E-01,  5.369609278218E-02,
 -3.021658837000E-01,  7.134422571169E-02,
 -3.014164434232E-01,  1.028993371991E-01,
 -3.019503638628E-01,  1.286525429690E-01,
 -2.984963433306E-01,  1.482607193215E-01,
 -2.987518266742E-01,  1.770296015805E-01,
 -2.964115729571E-01,  2.035825374396E-01,
 -3.032954568065E-01,  2.261086051888E-01,
 -3.011913933897E-01,  2.503853954705E-01,
 -2.982044174941E-01,  2.763648457864E-01,
 -2.975596404433E-01,  3.010472173694E-01,
 -3.033944810402E-01,  3.214066296334E-01,
 -3.029930077811E-01,  3.462969788108E-01,
 -3.012864041100E-01,  3.776092689900E-01,
 -2.976307204693E-01,  3.999102709725E-01,
 -3.027845456911E-01,  4.248053080689E-01,
 -3.032555845432E-01,  4.503750298373E-01,
 -3.010524941138E-01,  4.782615461219E-01,
 -2.999112966856E-01,  4.990700760024E-01,
 -2.748791044781E-01, -4.968325966652E-01,
 -2.764325251865E-01, -4.736207116395E-01,
 -2.770950629225E-01, -4.516602748129E-01,
 -2.772945602715E-01, -4.224391409295E-01,
 -2.770345943172E-01, -4.031164864020E-01,
 -2.723743559075E-01, -3.724423106065E-01,
 -2.736705417208E-01, -3.474998918531E-01,
 -2.730184487217E-01, -3.259764261305E-01,
 -2.780593605166E-01, -3.010096507616E-01,
 -2.738248504194E-01, -2.724077587604E-01,
 -2.739756708148E-01, -2.514190189335E-01,
 -2.783426834399E-01, -2.243612502696E-01,
 -2.759912432008E-01, -1.994990096488E-01,
 -2.731775379610E-01, -1.752042394942E-01,
 -2.724732216993E-01, -1.469730675806E-01,
 -2.724714725752E-01, -1.238278394545E-01,
 -2.738087033860E-01, -1.015602248849E-01,
 -2.720301982467E-01, -7.853653107535E-02,
 -2.728819233260E-01, -5.107934466348E-02,
 -2.780008371693E-01, -2.760082763088E-02,
 -2.782208678498E-01, -1.363658994749E-04,
 -2.722321380226E-01,  2.345173035618E-02,
 -2.763487266301E-01,  5.247086527624E-02,
 -2.716908708938E-01,  7.844234530979E-02,
 -2.764343529068E-01,  1.006408004954E-01,
 -2.741008813910E-01,  1.251041077211E-01,
 -2.734797053747E-01,  1.530656167957E-01,
 -2.764801816859E-01,  1.729004869994E-01,
 -2.760570271008E-01,  1.968760458185E-01,
 -2.737552225839E-01,  2.218309157123E-01,
 -2.749702825918E-01,  2.526697993079E-01,
 -2.764745987560E-01,  2.770337764644E-01,
 -2.753694838073E-01,  3.012414932247E-01,
 -2.786824687103E-01,  3.284363861312E-01,
 -2.766375992402E-01,  3.511764181566E-01,
 -2.737849123264E-01,  3.712834090744E-01,
 -2.745620372466E-01,  4.009027446990E-01,
 -2.757067397253E-01,  4.240865670662E-01,
 -2.785888696566E-01,  4.507838064307E-01,
 -2.777557460625E-01,  4.770407318173E-01,
 -2.734709813737E-01,  4.972657406689E-01,
 -2.520278508110E-01, -5.029170317571E-01,
 -2.488882777958E-01, -4.758788139933E-01,
 -2.490426593041E-01, -4.490134512805E-01,
 -2.507694410370E-01, -4.222958729278E-01,
 -2.532975958738E-01, -3.968126630743E-01,
 -2.502980746871E-01, -3.747098489912E-01,
 -2.531190665352E-01, -3.531058611105E-01,
 -2.478681720051E-01, -3.272048808417E-01,
 -2.516746156686E-01, -2.979136651320E-01,
 -2.476363582266E-01, -2.763667386724E-01,
 -2.484755941971E-01, -2.497871772245E-01,
 -2.494749185392E-01, -2.232850491194E-01,
 -2.529077971718E-01, -2.018698340667E-01,
 -2.510455526227E-01, -1.755308400381E-01,
 -2.524222881977E-01, -1.486539955088E-01,
 -2.509433815424E-01, -1.216522181385E-01,
 -2.507644060211E-01, -1.023184135518E-01,
 -2.522856079404E-01, -7.282416791383E-02,
 -2.524542546111E-01, -4.655061411720E-02,
 -2.518185939249E-01, -2.211475513614E-02,
 -2.466830763980E-01,  2.297244067912E-03,
 -2.464131340738E-01,  2.543857604621E-02,
 -2.527778154791E-01,  5.034893025880E-02,
 -2.464664199714E-01,  7.842842991891E-02,
 -2.476477647561E-01,  1.004958410441E-01,
 -2.498541471106E-01,  1.286499992404E-01,
 -2.469652087697E-01,  1.477909413298E-01,
 -2.492494522816E-01,  1.780587842201E-01,
 -2.534447647987E-01,  1.967343163480E-01,
 -2.488098349069E-01,  2.279491988934E-01,
 -2.510978745412E-01,  2.488227349544E-01,
 -2.495439033342E-01,  2.776040590435E-01,
 -2.523015404648E-01,  3.027269141515E-01,
 -2.473686487272E-01,  3.225946427787E-01,
 -2.486120658405E-01,  3.528160249874E-01,
 -2.532771727162E-01,  3.722573780403E-01,
 -2.474241765203E-01,  4.003739606856E-01,
 -2.489325243093E-01,  4.274505965231E-01,
 -2.512037648925E-01,  4.472546306016E-01,
 -2.485518247704E-01,  4.716747473675E-01,
 -2.491612135217E-01,  4.987248428627E-01,
 -2.262117355451E-01, -5.000188611470E-01,
 -2.249491402291E-01, -4.785957930948E-01,
 -2.218539783724E-01, -4.500266514113E-01,
 -2.234581274754E-01, -4.228129841294E-01,
 -2.240272832680E-01, -3.973210922147E-01,
 -2.284451937352E-01, -3.716249152909E-01,
 -2.245815372100E-01, -3.474188664572E-01,
 -2.227929731010E-01, -3.216969305221E-01,
 -2.234095831760E-01, -2.964468254694E-01,
 -2.234875946270E-01, -2.712749084005E-01,
 -2.243802521715E-01, -2.489423525866E-01,
 -2.271874968884E-01, -2.216343410814E-01,
 -2.268547697629E-01, -1.999042297095E-01,
 -2.233253946186E-01, -1.787017559816E-01,
 -2.213862305100E-01, -1.508059904806E-01,
 -2.284329141924E-01, -1.224883147108E-01,
 -2.281915399009E-01, -1.024975527228E-01,
 -2.245633796729E-01, -7.277566050806E-02,
 -2.218228550899E-01, -4.931702240930E-02,
 -2.225878841612E-01, -2.373759864862E-02,
 -2.262136195796E-01, -6.841259058930E-04,
 -2.224633482574E-01,  2.230700242496E-02,
 -2.239617434789E-01,  4.970729669930E-02,
 -2.260197639411E-01,  7.652713153433E-02,
 -2.230380515649E-01,  9.805063460596E-02,
 -2.246041605584E-01,  1.287123470533E-01,
 -2.285064974578E-01,  1.526176955247E-01,
 -2.269221524182E-01,  1.773961926451E-01,
 -2.284066449363E-01,  2.028868880684E-01,
 -2.236936334681E-01,  2.271687624187E-01,
 -2.228773641842E-01,  2.517653079990E-01,
 -2.230349181529E-01,  2.739858020582E-01,
 -2.221315552707E-01,  2.979106098166E-01,
 -2.259705108165E-01,  3.255778632098E-01,
 -2.229768424863E-01,  3.509186202303E-01,
 -2.220277018592E-01,  3.773942870646E-01,
 -2.222228280320E-01,  4.035376792524E-01,
 -2.259096168588E-01,  4.215541660224E-01,
 -2.244047314265E-01,  4.529601268461E-01,
 -2.246505879570E-01,  4.778150618154E-01,
 -2.256907045415E-01,  5.012056287728E-01,
 -2.025622486290E-01, -4.995477008445E-01,
 -1.989153249001E-01, -4.714058267394E-01,
 -1.985574763317E-01, -4.520521342059E-01,
 -1.981843694852E-01, -4.252086923892E-01,
 -1.997490576176E-01, -3.964890100963E-01,
 -1.973904167804E-01, -3.718189417877E-01,
 -2.022662956247E-01, -3.463838336256E-01,
 -2.024953610282E-01, -3.267784157327E-01,
 -2.031273494064E-01, -3.034228383052E-01,
 -2.024121379138E-01, -2.781504429862E-01,
 -1.963210188137E-01, -2.465985115531E-01,
 -2.017668182630E-01, -2.253056232753E-01,
 -1.985038149552E-01, -1.969206707331E-01,
 -2.020949678947E-01, -1.721032558801E-01,
 -2.018610528816E-01, -1.505224379792E-01,
 -2.029839283942E-01, -1.228629551120E-01,
 -1.965685797657E-01, -1.036179795493E-01,
 -2.006108470534E-01, -7.759751967808E-02,
 -2.021732903213E-01, -5.373291163486E-02,
 -2.000633339001E-01, -2.683120643881E-02,
 -2.011495886623E-01, -2.771287821722E-03,
 -1.991021102447E-01,  2.775109239092E-02,
 -1.983572267694E-01,  5.153496725584E-02,
 -2.016301058942E-01,  7.281733846019E-02,
 -2.006500778394E-01,  1.017071377940E-01,
 -1.992508146763E-01,  1.255036025363E-01,
 -1.968295921870E-01,  1.479095185000E-01,
 -1.968563222926E-01,  1.734377202751E-01,
 -1.964956158626E-01,  2.022133089797E-01,
 -2.014616384217E-01,  2.251665322330E-01,
 -1.962958499755E-01,  2.487399366768E-01,
 -1.966032746577E-01,  2.754565404546E-01,
 -1.963612306062E-01,  3.026027463847E-01,
 -1.995696485076E-01,  3.275637558842E-01,
 -2.030665995800E-01,  3.483396403323E-01,
 -2.026296842602E-01,  3.772961347691E-01,
 -1.973261255257E-01,  4.006519376843E-01,
 -2.008379595242E-01,  4.285232089700E-01,
 -2.024494821166E-01,  4.511149917015E-01,
 -2.023207147356E-01,  4.714324110399E-01,
 -2.007208741743E-01,  4.990757270497E-01,
 -1.728994491524E-01, -4.985253111362E-01,
 -1.776874934542E-01, -4.781934756245E-01,
 -1.742612496604E-01, -4.476753506990E-01,
 -1.775359565520E-01, -4.283238676245E-01,
 -1.764280606325E-01, -4.027651532207E-01,
 -1.748048020228E-01, -3.715719844289E-01,
 -1.740393762855E-01, -3.500052950271E-01,
 -1.727553665692E-01, -3.277205120837E-01,
 -1.778704946316E-01, -3.008658208845E-01,
 -1.756411322195E-01, -2.760408438681E-01,
 -1.733771190710E-01, -2.502922218380E-01,
 -1.755194040459E-01, -2.246481937668E-01,
 -1.733049970427E-01, -2.004235298157E-01,
 -1.783952184715E-01, -1.745572428870E-01,
 -1.779489690838E-01, -1.472438026270E-01,
 -1.714671246922E-01, -1.212516387238E-01,
 -1.763838746713E-01, -1.012422094520E-01,
 -1.720086853062E-01, -7.501462868029E-02,
 -1.722233637893E-01, -5.095710909963E-02,
 -1.771338901765E-01, -2.764062913921E-02,
 -1.765634098654E-01, -3.310908819337E-03,
 -1.745200272713E-01,  2.319921262259E-02,
 -1.734607333044E-01,  4.731411459362E-02,
 -1.728792148072E-01,  7.657054713104E-02,
 -1.716562556813E-01,  1.009585823338E-01,
 -1.727131864559E-01,  1.275888982906E-01,
 -1.718085505120E-01,  1.531732339931E-01,
 -1.759209812527E-01,  1.749088143035E-01,
 -1.740002324422E-01,  1.973978724822E-01,
 -1.764977839922E-01,  2.219784111430E-01,
 -1.764694434983E-01,  2.527477671020E-01,
 -1.727533032209E-01,  2.722439423597E-01,
 -1.778550436568E-01,  2.989616701926E-01,
 -1.755307957862E-01,  3.213887711427E-01,
 -1.736999923794E-01,  3.502454477609E-01,
 -1.752536803312E-01,  3.765883924473E-01,
 -1.783118672890E-01,  4.006952090362E-01,
 -1.782569712805E-01,  4.246024195542E-01,
 -1.734092947292E-01,  4.467201947277E-01,
 -1.780092247435E-01,  4.756122251659E-01,
 -1.772692255750E-01,  5.030963664170E-01,
 -1.481545069448E-01, -4.995804470326E-01,
 -1.535996745783E-01, -4.737303692279E-01,
 -1.521511189850E-01, -4.493066200180E-01,
 -1.488059727573E-01, -4.220217523697E-01,
 -1.492560295362E-01, -3.966660659705E-01,
 -1.521389240495E-01, -3.716232036607E-01,
 -1.526062858181E-01, -3.468439041839E-01,
 -1.497992730913E-01, -3.214054336269E-01,
 -1.514008807129E-01, -2.971967136160E-01,
 -1.508269697294E-01, -2.747243433216E-01,
 -1.495463511412E-01, -2.527296116477E-01,
 -1.506958295090E-01, -2.235039585170E-01,
 -1.508558751167E-01, -1.964812537529E-01,
 -1.462955866456E-01, -1.731125057992E-01,
 -1.519305185235E-01, -1.464433079964E-01,
 -1.527373508394E-01, -1.249287166291E-01,
 -1.497395102362E-01, -9.854755962630E-02,
 -1.513540611999E-01, -7.439957109345E-02,
 -1.510577970766E-01, -4.773636567770E-02,
 -1.529039791004E-01, -2.800162176442E-02,
 -1.465634673883E-01,  1.285253517139E-03,
 -1.498196510125E-01,  2.798560049601E-02,
 -1.506998307022E-01,  5.165721195081E-02,
 -1.474387833720E-01,  7.859532623289E-02,
 -1.502395784006E-01,  9.816462722708E-02,
 -1.531862064564E-01,  1.222748436104E-01,
 -1.496134056130E-01,  1.514354268672E-01,
 -1.474062216063E-01,  1.715153236782E-01,
 -1.508603135597E-01,  1.994328018740E-01,
 -1.463847797494E-01,  2.275324770989E-01,
 -1.516408664036E-01,  2.494351596680E-01,
 -1.500170491319E-01,  2.760552803625E-01,
 -1.504056066364E-01,  2.962888969895E-01,
 -1.531516467046E-01,  3.270704808918E-01,
 -1.490073902564E-01,  3.497672684444E-01,
 -1.464283629790E-01,  3.786537765164E-01,
 -1.467007400087E-01,  4.000130609042E-01,
 -1.478626620787E-01,  4.233038579672E-01,
 -1.475210985959E-01,  4.477779434250E-01,
 -1.482733327728E-01,  4.786457426017E-01,
 -1.509660774757E-01,  4.979650211849E-01,
 -1.279674122759E-01, -5.035627394430E-01,
 -1.273115225252E-01, -4.774810769087E-01,
 -1.284835103025E-01, -4.480502179288E-01,
 -1.248757867930E-01, -4.281137044580E-01,
 -1.247697122942E-01, -3.980773526661E-01,
 -1.256338758404E-01, -3.784861544390E-01,
 -1.231012463791E-01, -3.503575102132E-01,
 -1.234862805419E-01, -3.224274370391E-01,
 -1.258097559423E-01, -2.966883776239E-01,
 -1.272888721663E-01, -2.730933771744E-01,
 -1.261768864030E-01, -2.493081908709E-01,
 -1.221823796203E-01, -2.244369877393E-01,
 -1.253850450570E-01, -2.036223693132E-01,
 -1.228820324964E-01, -1.769102537778E-01,
 -1.287271405930E-01, -1.474360352512E-01,
 -1.246540937802E-01, -1.259587846965E-01,
 -1.230030073950E-01, -9.790508302932E-02,
 -1.285719576599E-01, -7.297589906380E-02,
 -1.273611482318E-01, -5.188848608463E-02,
 -1.234960100675E-01, -2.444697376670E-02,
 -1.262114684492E-01,  1.575042115912E-03,
 -1.249730941471E-01,  2.606996820104E-02,
 -1.246222005898E-01,  4.718252305774E-02,
 -1.246994549726E-01,  7.478270578744E-02,
 -1.276060590192E-01,  1.024161220806E-01,
 -1.268033542172E-01,  1.217343997442E-01,
 -1.262708165287E-01,  1.462814858630E-01,
 -1.230766183259E-01,  1.784802904573E-01,
 -1.230580017704E-01,  2.030621828696E-01,
 -1.257490242119E-01,  2.244389730746E-01,
 -1.245520006349E-01,  2.523119002465E-01,
 -1.227973301544E-01,  2.769865167223E-01,
 -1.220236895826E-01,  3.031907551325E-01,
 -1.225760976133E-01,  3.233576991975E-01,
 -1.274991659550E-01,  3.469742997544E-01,
 -1.236006162916E-01,  3.757192375541E-01,
 -1.256014102685E-01,  3.998209664013E-01,
 -1.233502345365E-01,  4.276470503155E-01,
 -1.260406936752E-01,  4.532278714646E-01,
 -1.237836538079E-01,  4.715025044008E-01,
 -1.267710355574E-01,  4.981343849574E-01,
 -9.911255843401E-02, -4.976485499587E-01,
 -9.841977558390E-02, -4.726182116119E-01,
 -9.922245120557E-02, -4.475267981669E-01,
 -1.011947591214E-01, -4.255799395868E-01,
 -9.673247516675E-02, -3.972113443201E-01,
 -9.928002363097E-02, -3.759702647786E-01,
 -9.763973655683E-02, -3.534662108391E-01,
 -1.019919884590E-01, -3.219831804863E-01,
 -9.780546728931E-02, -2.999480955659E-01,
 -1.034393707131E-01, -2.787284054244E-01,
 -1.012108707083E-01, -2.467867564935E-01,
 -1.006752214371E-01, -2.225420471424E-01,
 -1.031660556988E-01, -1.984861780712E-01,
 -1.034803286233E-01, -1.756005286041E-01,
 -1.010105278815E-01, -1.503059360408E-01,
 -9.807848804329E-02, -1.279163565634E-01,
 -9.890422125977E-02, -1.002149004088E-01,
 -1.032398907319E-01, -7.367579241790E-02,
 -9.930923719911E-02, -5.182504945985E-02,
 -1.037207990509E-01, -2.529550922023E-02,
 -9.931720309980E-02, -2.530696418489E-03,
 -9.903119724101E-02,  2.256499965281E-02,
 -9.840623125037E-02,  5.349887303687E-02,
 -9.939205559565E-02,  7.181345390729E-02,
 -1.013124977366E-01,  9.726399614940E-02,
 -1.010698851216E-01,  1.282876390093E-01,
 -1.030887490434E-01,  1.494081392933E-01,
 -1.018262038663E-01,  1.776408350605E-01,
 -1.000875166483E-01,  1.967503006357E-01,
 -1.019538566247E-01,  2.281617549249E-01,
 -9.850629945505E-02,  2.518675497425E-01,
 -9.856674456315E-02,  2.723177957707E-01,
 -1.010088678016E-01,  3.030078914260E-01,
 -9.695597521264E-02,  3.256033757919E-01,
 -1.010136272248E-01,  3.499314514250E-01,
 -1.021737192453E-01,  3.759488428442E-01,
 -1.026181092875E-01,  3.971474556867E-01,
 -9.799598436571E-02,  4.214601207747E-01,
 -9.775243101504E-02,  4.522443244541E-01,
 -9.699982547165E-02,  4.731317634064E-01,
 -1.028964841309E-01,  4.974087720349E-01,
 -7.245431251906E-02, -5.030590548719E-01,
 -7.420955925956E-02, -4.738980138558E-01,
 -7.795380505918E-02, -4.499279026579E-01,
 -7.612861926887E-02, -4.284667131205E-01,
 -7.598657686252E-02, -4.000606122255E-01,
 -7.375223031987E-02, -3.756955441281E-01,
 -7.865555105389E-02, -3.517568783941E-01,
 -7.435692128633E-02, -3.247105893826E-01,
 -7.345514996556E-02, -2.970482887996E-01,
 -7.326648486467E-02, -2.778485427094E-01,
 -7.247591245022E-02, -2.468953668541E-01,
 -7.829567265675E-02, -2.223834551591E-01,
 -7.693044795498E-02, -1.994481771897E-01,
 -7.153322986189E-02, -1.742541390980E-01,
 -7.157786012586E-02, -1.490312229746E-01,
 -7.772276464663E-02, -1.217010902313E-01,
 -7.736774245170E-02, -1.012210542500E-01,
 -7.747303409068E-02, -7.813407069128E-02,
 -7.518208174434E-02, -4.970695257675E-02,
 -7.863598611463E-02, -2.142088456676E-02,
 -7.477961861965E-02,  2.229410590667E-03,
 -7.550035948105E-02,  2.696531486707E-02,
 -7.523813916235E-02,  5.015748713269E-02,
 -7.793528698562E-02,  7.480140630669E-02,
 -7.403151874459E-02,  1.001630099937E-01,
 -7.285493544988E-02,  1.215020101229E-01,
 -7.275157926600E-02,  1.513111688005E-01,
 -7.609651744132E-02,  1.715271887826E-01,
 -7.784838739546E-02,  2.015997779229E-01,
 -7.445185668417E-02,  2.239504973892E-01,
 -7.757549514951E-02,  2.483783561359E-01,
 -7.874637853752E-02,  2.744327741066E-01,
 -7.336639749631E-02,  3.024341573497E-01,
 -7.863192000996E-02,  3.274884085417E-01,
 -7.376597319609E-02,  3.516223146078E-01,
 -7.818311306654E-02,  3.716522682568E-01,
 -7.471576423207E-02,  3.978608428148E-01,
 -7.328554335154E-02,  4.278698897309E-01,
 -7.795431385792E-02,  4.530198237195E-01,
 -7.284444229198E-02,  4.766587177789E-01,
 -7.401415310518E-02,  5.017059378128E-01,
 -5.347681358596E-02, -4.972084147033E-01,
 -5.182987322962E-02, -4.763474476410E-01,
 -5.047457440604E-02, -4.523063879914E-01,
 -4.713756955016E-02, -4.242496411299E-01,
 -5.296924197816E-02, -3.998099276155E-01,
 -4.995014335125E-02, -3.730066991961E-01,
 -5.037711342280E-02, -3.519052355651E-01,
 -5.010953829878E-02, -3.276726694092E-01,
 -4.982625302846E-02, -3.033437653697E-01,
 -5.214641974501E-02, -2.785211974808E-01,
 -5.183319845872E-02, -2.525989391235E-01,
 -4.900534083027E-02, -2.228057476341E-01,
 -5.165224863312E-02, -2.036877075149E-01,
 -5.197281573497E-02, -1.772093135532E-01,
 -5.018280391518E-02, -1.502576036791E-01,
 -5.177493677894E-02, -1.228324186090E-01,
 -5.290746270607E-02, -1.029581137331E-01,
 -5.219171560837E-02, -7.592955733563E-02,
 -4.776110841016E-02, -5.072574416938E-02,
 -4.634144740876E-02, -2.255039891267E-02,
 -5.325806630676E-02,  2.190884488438E-03,
 -4.754358514784E-02,  2.617422088049E-02,
 -5.205185988811E-02,  4.692744610306E-02,
 -4.958271265883E-02,  7.735698754355E-02,
 -4.989952827691E-02,  1.036549325308E-01,
 -5.303512627394E-02,  1.268376354316E-01,
 -5.213473835282E-02,  1.472682009202E-01,
 -4.799736822429E-02,  1.776090613603E-01,
 -4.800310956726E-02,  2.016051330112E-01,
 -4.647603067754E-02,  2.231358410406E-01,
 -4.946036438419E-02,  2.511483304508E-01,
 -4.729640661784E-02,  2.759049107009E-01,
 -4.718041579073E-02,  3.032509178897E-01,
 -4.764085635956E-02,  3.221743372011E-01,
 -4.751956838403E-02,  3.522222847719E-01,
 -5.305541138265E-02,  3.776066829872E-01,
 -4.632337838505E-02,  4.028186309327E-01,
 -4.699770134183E-02,  4.249950416597E-01,
 -5.156893680013E-02,  4.532887070210E-01,
 -5.137602608131E-02,  4.714707667036E-01,
 -4.701751523056E-02,  5.016278718226E-01,
 -2.379495687313E-02, -5.017571783681E-01,
 -2.528997791717E-02, -4.727599629027E-01,
 -2.802273549792E-02, -4.534659779678E-01,
 -2.221524714757E-02, -4.256818092423E-01,
 -2.712727984131E-02, -4.023692972546E-01,
 -2.701616142423E-02, -3.756872740278E-01,
 -2.481624731875E-02, -3.484585589454E-01,
 -2.344206862134E-02, -3.234517709565E-01,
 -2.722731697580E-02, -3.020425521510E-01,
 -2.550867981644E-02, -2.742714788471E-01,
 -2.249652821464E-02, -2.531051470719E-01,
 -2.384128866405E-02, -2.245637831343E-01,
 -2.334051894043E-02, -1.994034037528E-01,
 -2.673473517239E-02, -1.735463838827E-01,
 -2.666279922536E-02, -1.518182481876E-01,
 -2.542728935199E-02, -1.225592762166E-01,
 -2.672986981768E-02, -9.920500220477E-02,
 -2.313555137988E-02, -7.264528011959E-02,
 -2.151173274414E-02, -5.133150282732E-02,
 -2.581653759964E-02, -2.228045078844E-02,
 -2.686957196443E-02, -2.884819150526E-03,
 -2.773497789091E-02,  2.441032909930E-02,
 -2.228961924143E-02,  4.626360625407E-02,
 -2.724264033337E-02,  7.618687902587E-02,
 -2.858303200350E-02,  9.920934603214E-02,
 -2.808733386938E-02,  1.255114084254E-01,
 -2.743477511586E-02,  1.489349286361E-01,
 -2.472068644357E-02,  1.783158632949E-01,
 -2.129478886637E-02,  2.024829255004E-01,
 -2.561724154376E-02,  2.220086867307E-01,
 -2.801779548485E-02,  2.469175259817E-01,
 -2.508761951425E-02,  2.713206046238E-01,
 -2.481925878087E-02,  2.979367042970E-01,
 -2.634322541068E-02,  3.257694572576E-01,
 -2.256906979504E-02,  3.473242667911E-01,
 -2.169349320681E-02,  3.768036171541E-01,
 -2.648534357036E-02,  4.013292799316E-01,
 -2.504677976268E-02,  4.231089043077E-01,
 -2.627085645948E-02,  4.484881509823E-01,
 -2.611532839415E-02,  4.782471827295E-01,
 -2.866601954380E-02,  4.972741976003E-01,
  1.544903165790E-03, -4.978571317700E-01,
  2.158119924240E-03, -4.773889035965E-01,
 -1.408539742641E-03, -4.491074803211E-01,
  1.692231215605E-03, -4.225247554979E-01,
  1.953677568884E-04, -3.963565256988E-01,
  1.563301298821E-03, -3.760398094360E-01,
 -2.964574729654E-03, -3.466490693619E-01,
  5.767177170848E-04, -3.255012753196E-01,
 -3.324748467960E-04, -3.030835659619E-01,
  1.159472456299E-04, -2.748602589451E-01,
 -6.875952424519E-04, -2.503101403167E-01,
 -3.058436900636E-03, -2.241671417106E-01,
 -3.576694822596E-03, -1.993413400270E-01,
 -2.477603857705E-03, -1.774601085500E-01,
  1.516078783553E-03, -1.514924505690E-01,
  1.227863269749E-03, -1.222823727041E-01,
 -1.307704070389E-03, -9.981563742582E-02,
 -8.931680213702E-04, -7.150641902839E-02,
  1.288774960412E-04, -5.228271302736E-02,
 -3.769088737356E-04, -2.610368182382E-02,
 -4.098335291051E-04,  5.547183757828E-04,
  1.551890940183E-03,  2.573455921935E-02,
  2.930729462084E-03,  5.167263464735E-02,
 -2.977720083808E-03,  7.644089874843E-02,
 -1.151913778592E-03,  1.012173580581E-01,
 -1.041691864111E-03,  1.286544317634E-01,
 -3.466292796071E-03,  1.529480422964E-01,
  1.593064899475E-04,  1.779571685787E-01,
  1.142897615812E-03,  2.009076062737E-01,
 -1.662895538140E-03,  2.280320200900E-01,
 -9.099458229709E-04,  2.503697007536E-01,
  2.343099856000E-03,  2.718426957759E-01,
 -6.162699916712E-04,  2.970794427987E-01,
  3.856547527282E-04,  3.279727762759E-01,
 -1.552414825020E-03,  3.485971384976E-01,
 -4.395611583927E-04,  3.783405322943E-01,
  2.330662592093E-03,  3.969977998593E-01,
  3.162427008457E-03,  4.250227859575E-01,
  2.101389964700E-03,  4.472176387517E-01,
  1.753890772993E-03,  4.760013416704E-01,
  1.653739419665E-03,  4.975005315317E-01,
  2.189705672476E-02, -4.964893221024E-01,
  2.135223133130E-02, -4.773560455667E-01,
  2.293148939122E-02, -4.478352843863E-01,
  2.403144132128E-02, -4.278636924342E-01,
  2.254911461868E-02, -3.983904998879E-01,
  2.831218970520E-02, -3.783629350875E-01,
  2.289392481168E-02, -3.493367385099E-01,
  2.499700381706E-02, -3.266033346874E-01,
  2.365079378879E-02, -3.033645595473E-01,
  2.249551369265E-02, -2.757679848803E-01,
  2.235193448847E-02, -2.505280910754E-01,
  2.806263170360E-02, -2.284197883857E-01,
  2.682024333600E-02, -2.018549152199E-01,
  2.657746348169E-02, -1.722791212653E-01,
  2.661210655796E-02, -1.536978910389E-01,
  2.333867356259E-02, -1.263990498742E-01,
  2.710610229253E-02, -1.003256454374E-01,
  2.381112669129E-02, -7.549737851998E-02,
  2.646870017898E-02, -5.338841467809E-02,
  2.870862357270E-02, -2.719953621700E-02,
  2.783122402262E-02,  2.450303748993E-03,
  2.715416562973E-02,  2.870757600982E-02,
  2.361035024277E-02,  4.999188007412E-02,
  2.584628664880E-02,  7.583955452681E-02,
  2.582304335233E-02,  1.000393420575E-01,
  2.771970988919E-02,  1.240387840637E-01,
  2.657000539441E-02,  1.469579454796E-01,
  2.250372560881E-02,  1.786988912572E-01,
  2.356725106718E-02,  1.989298527714E-01,
  2.616568716222E-02,  2.217798928464E-01,
  2.583077770961E-02,  2.479323161859E-01,
  2.723904133564E-02,  2.730573865390E-01,
  2.748155072218E-02,  2.989778737503E-01,
  2.530741663879E-02,  3.277719883148E-01,
  2.817606593883E-02,  3.494816305674E-01,
  2.685068572500E-02,  3.714043503279E-01,
  2.344794511380E-02,  3.971749523560E-01,
  2.517722733231E-02,  4.234483825780E-01,
  2.150503112045E-02,  4.535981015514E-01,
  2.818913127450E-02,  4.745347312684E-01,
  2.646788739382E-02,  4.977885686008E-01,
  4.804221551561E-02, -5.024369879780E-01,
  4.831070206938E-02, -4.716499812182E-01,
  4.903007206503E-02, -4.524201943360E-01,
  4.804914365403E-02, -4.283031727067E-01,
  5.359190020421E-02, -4.008041103676E-01,
  4.810054643093E-02, -3.729640226009E-01,
  4.967013065580E-02, -3.469138007468E-01,
  5.073953929695E-02, -3.263514273834E-01,
  4.915976502368E-02, -3.009564712399E-01,
  5.331242782287E-02, -2.725892952284E-01,
  4.819653282116E-02, -2.462965796527E-01,
  5.249711001488E-02, -2.224503485125E-01,
  5.336049261687E-02, -2.025891712493E-01,
  4.873087416021E-02, -1.727467399027E-01,
  4.660539838846E-02, -1.489208548177E-01,
  5.241179556978E-02, -1.227668659193E-01,
  4.741961289019E-02, -9.887590851143E-02,
  4.714078955605E-02, -7.332699689683E-02,
  5.069715042421E-02, -5.308142148456E-02,
  5.166522141359E-02, -2.664428343350E-02,
  4.943141553091E-02, -3.128161963303E-03,
  4.776012736944E-02,  2.208198905310E-02,
  5.075743662980E-02,  4.787860287915E-02,
  4.871186477829E-02,  7.509009275070E-02,
  4.861540068769E-02,  1.033661307844E-01,
  4.920188495194E-02,  1.228542816108E-01,
  5.244642759326E-02,  1.527300936627E-01,
  5.146022591227E-02,  1.777681016461E-01,
  4.879729395970E-02,  2.025622397073E-01,
  4.920761487896E-02,  2.238868391795E-01,
  4.785767961567E-02,  2.493366182843E-01,
  5.283533785907E-02,  2.717022741695E-01,
  4.806588374287E-02,  2.988483245806E-01,
  5.204464378536E-02,  3.265068006016E-01,
  5.223250953286E-02,  3.520585128833E-01,
  4.944315958804E-02,  3.785067271176E-01,
  5.165319166307E-02,  4.034022235662E-01,
  4.844375263103E-02,  4.273165258794E-01,
  4.956481241547E-02,  4.469300509966E-01,
  5.124101857831E-02,  4.741770847500E-01,
  4.706786625821E-02,  4.974467035930E-01,
  7.583907611467E-02, -4.974408246775E-01,
  7.344561579860E-02, -4.783055059511E-01,
  7.253576616230E-02, -4.478939735745E-01,
  7.589128088419E-02, -4.257791712030E-01,
  7.827797525647E-02, -4.019754563164E-01,
  7.273455851407E-02, -3.756580398150E-01,
  7.489569776892E-02, -3.471019723992E-01,
  7.213704149685E-02, -3.251518681153E-01,
  7.182685443494E-02, -2.985627969164E-01,
  7.785677912869E-02, -2.779662024570E-01,
  7.217986817930E-02, -2.503291423920E-01,
  7.499584349319E-02, -2.280540307280E-01,
  7.146599848702E-02, -1.989742125094E-01,
  7.864854208853E-02, -1.778460256621E-01,
  7.365936202101E-02, -1.478839897001E-01,
  7.316066671874E-02, -1.242365119761E-01,
  7.697443681634E-02, -9.741589842757E-02,
  7.730425510540E-02, -7.608395087888E-02,
  7.616750488914E-02, -4.875912292001E-02,
  7.845459274353E-02, -2.863752914433E-02,
  7.597013375823E-02, -2.210231500781E-03,
  7.138039979353E-02,  2.220061898871E-02,
  7.782584442501E-02,  4.822024193028E-02,
  7.314118374097E-02,  7.425235674653E-02,
  7.374226435522E-02,  9.830774121818E-02,
  7.265598670776E-02,  1.261491857317E-01,
  7.506067212243E-02,  1.537323775470E-01,
  7.302426192923E-02,  1.716945354437E-01,
  7.551236841927E-02,  1.968292453163E-01,
  7.830219221729E-02,  2.257404521226E-01,
  7.365260530666E-02,  2.514451576479E-01,
  7.482676045793E-02,  2.754242486961E-01,
  7.196158235969E-02,  2.982592067829E-01,
  7.511708127841E-02,  3.225777864449E-01,
  7.834932988441E-02,  3.499943107632E-01,
  7.457120193969E-02,  3.774902021777E-01,
  7.795706269770E-02,  4.034766553579E-01,
  7.250298047736E-02,  4.225249833698E-01,
  7.568429180451E-02,  4.467915720598E-01,
  7.463792060007E-02,  4.745664879087E-01,
  7.728746632351E-02,  5.004409246270E-01,
  9.879423130517E-02, -5.022357889443E-01,
  9.983530693021E-02, -4.727246268746E-01,
  1.035676377358E-01, -4.494394744822E-01,
  1.027992483079E-01, -4.230750812479E-01,
  1.019841712270E-01, -4.026483685193E-01,
  9.801690195951E-02, -3.718884447111E-01,
  9.995793710333E-02, -3.477563401440E-01,
  1.030980027109E-01, -3.241593446542E-01,
  9.952992612440E-02, -2.999958503835E-01,
  9.787053678261E-02, -2.718605368499E-01,
  9.988871825392E-02, -2.509818604501E-01,
  9.799136422419E-02, -2.283659847575E-01,
  9.715229290370E-02, -2.025944751591E-01,
  9.912396409575E-02, -1.772036192023E-01,
  9.765752385880E-02, -1.499050854023E-01,
  9.876155021520E-02, -1.264943585694E-01,
  1.035511327524E-01, -9.936883058064E-02,
  1.025483527261E-01, -7.470915976586E-02,
  9.778968741536E-02, -5.156328857692E-02,
  9.959255502125E-02, -2.227937887322E-02,
  1.003020438946E-01, -2.665749999837E-03,
  9.730033495828E-02,  2.335888931598E-02,
  9.731626124494E-02,  5.332528715051E-02,
  9.686663525385E-02,  7.839485166118E-02,
  1.025960599091E-01,  1.026937378778E-01,
  9.884585540334E-02,  1.285189744433E-01,
  9.944330481110E-02,  1.489548362932E-01,
  9.848717985559E-02,  1.780608563184E-01,
  9.949666125607E-02,  2.002366499873E-01,
  9.676578914739E-02,  2.284991174178E-01,
  9.812410464907E-02,  2.466528273543E-01,
  1.006397341454E-01,  2.785723794058E-01,
  9.821355119029E-02,  3.014833340203E-01,
  9.898081637153E-02,  3.258189030171E-01,
  1.027280387486E-01,  3.507471976332E-01,
  1.015256992378E-01,  3.727229391223E-01,
  1.009844109329E-01,  4.027662248919E-01,
  1.018968912364E-01,  4.213044120121E-01,
  1.016661793221E-01,  4.494567411218E-01,
  9.746660967550E-02,  4.718077302004E-01,
  1.006657609623E-01,  4.980068312749E-01,
  1.243466817298E-01, -4.965862068312E-01,
  1.216402749530E-01, -4.767501795237E-01,
  1.254174641293E-01, -4.523091350118E-01,
  1.236365248965E-01, -4.218170042746E-01,
  1.254645559811E-01, -4.035751822747E-01,
  1.256233932849E-01, -3.745282506179E-01,
  1.221933093855E-01, -3.520816092801E-01,
  1.258330900678E-01, -3.286762390055E-01,
  1.264790392370E-01, -2.988146784347E-01,
  1.251396900441E-01, -2.732262938667E-01,
  1.213134941482E-01, -2.534073144573E-01,
  1.269866374681E-01, -2.257121434497E-01,
  1.229633636331E-01, -2.002643032439E-01,
  1.232886126540E-01, -1.741082972008E-01,
  1.266186477906E-01, -1.522574485939E-01,
  1.226462199508E-01, -1.235859902776E-01,
  1.243367877852E-01, -9.679426738280E-02,
  1.270485441293E-01, -7.873227951787E-02,
  1.286663126144E-01, -4.646714235064E-02,
  1.245709558294E-01, -2.731766785776E-02,
  1.253127860165E-01, -9.779673034544E-04,
  1.273769638958E-01,  2.333066960573E-02,
  1.224566637255E-01,  5.351383367036E-02,
  1.251728011187E-01,  7.386515007706E-02,
  1.258170963382E-01,  9.773746006790E-02,
  1.235359601979E-01,  1.231352247591E-01,
  1.270459741480E-01,  1.501242018939E-01,
  1.228670126717E-01,  1.753300339987E-01,
  1.252901694131E-01,  2.019557430747E-01,
  1.236796430978E-01,  2.239198151010E-01,
  1.281739881812E-01,  2.466228805134E-01,
  1.225788810349E-01,  2.722528051199E-01,
  1.264262857248E-01,  2.983047016490E-01,
  1.251268313387E-01,  3.213271629895E-01,
  1.220553720810E-01,  3.490172513668E-01,
  1.221090569401E-01,  3.737523215168E-01,
  1.286691844578E-01,  4.023493049714E-01,
  1.214221727563E-01,  4.252237504179E-01,
  1.275601222389E-01,  4.465616817548E-01,
  1.269825707081E-01,  4.759187216893E-01,
  1.215589343290E-01,  4.980246713424E-01,
  1.482890790935E-01, -4.962529007514E-01,
  1.475987182007E-01, -4.781560212676E-01,
  1.535210759243E-01, -4.535073632830E-01,
  1.498714953029E-01, -4.284971255409E-01,
  1.504554251570E-01, -4.009493182017E-01,
  1.474102542833E-01, -3.774270540658E-01,
  1.486744252670E-01, -3.494906918562E-01,
  1.495938782507E-01, -3.236900689809E-01,
  1.508659433851E-01, -2.989490505787E-01,
  1.528627089899E-01, -2.743437839234E-01,
  1.526751210016E-01, -2.529268912407E-01,
  1.529917530281E-01, -2.263783185038E-01,
  1.509669380069E-01, -2.012218574263E-01,
  1.527513376883E-01, -1.752239263210E-01,
  1.499307704848E-01, -1.524944963058E-01,
  1.495795968570E-01, -1.263288931535E-01,
  1.536375436128E-01, -1.024326959675E-01,
  1.537399774214E-01, -7.729196348126E-02,
  1.505283529596E-01, -5.357100644405E-02,
  1.499146788689E-01, -2.821658188894E-02,
  1.483406300815E-01,  1.978643402736E-03,
  1.510022973443E-01,  2.595269682437E-02,
  1.492303778698E-01,  5.178311939852E-02,
  1.475159325337E-01,  7.388261014898E-02,
  1.474599002817E-01,  9.952558339085E-02,
  1.485787614895E-01,  1.227790281117E-01,
  1.515604714229E-01,  1.485696673480E-01,
  1.525023648013E-01,  1.754354781182E-01,
  1.522656753664E-01,  1.985028921617E-01,
  1.465711922528E-01,  2.223637424713E-01,
  1.476246391457E-01,  2.464077325465E-01,
  1.476096661747E-01,  2.758922200670E-01,
  1.487663649740E-01,  2.978739307712E-01,
  1.495384054870E-01,  3.217701744149E-01,
  1.532149444210E-01,  3.473299133845E-01,
  1.484084921988E-01,  3.751144211006E-01,
  1.487223979282E-01,  4.011795643029E-01,
  1.531920618711E-01,  4.218807505333E-01,
  1.499817768926E-01,  4.483355191030E-01,
  1.472307333782E-01,  4.766777852784E-01,
  1.506227056571E-01,  4.993585878024E-01,
  1.743867741421E-01, -4.992163913749E-01,
  1.765457553227E-01, -4.754737860861E-01,
  1.729388497769E-01, -4.468778632549E-01,
  1.781114881795E-01, -4.256034126810E-01,
  1.776248515134E-01, -4.001772070986E-01,
  1.765092793553E-01, -3.729507326581E-01,
  1.731442385027E-01, -3.501225087772E-01,
  1.781436203911E-01, -3.237923860831E-01,
  1.717124272297E-01, -3.033260050793E-01,
  1.772568052641E-01, -2.741491518458E-01,
  1.741397118082E-01, -2.468006736893E-01,
  1.764662578934E-01, -2.253273618677E-01,
  1.786044157976E-01, -2.007673887074E-01,
  1.736141746021E-01, -1.748474516387E-01,
  1.724605404696E-01, -1.481065705024E-01,
  1.767525045102E-01, -1.236313116571E-01,
  1.730722918834E-01, -9.706042152652E-02,
  1.742790683695E-01, -7.699859499956E-02,
  1.745501980736E-01, -4.713011545129E-02,
  1.774085941327E-01, -2.823988631091E-02,
  1.771919870143E-01, -2.227661956986E-04,
  1.771747035117E-01,  2.161833457347E-02,
  1.768979719311E-01,  5.090309330967E-02,
  1.765678425441E-01,  7.264535761932E-02,
  1.712527146195E-01,  9.840729665799E-02,
  1.763911633082E-01,  1.273107832719E-01,
  1.773267576956E-01,  1.519879134852E-01,
  1.719616805796E-01,  1.748959184340E-01,
  1.760212816381E-01,  1.972807237811E-01,
  1.779395145079E-01,  2.274322045260E-01,
  1.727313914869E-01,  2.536536471846E-01,
  1.781892669155E-01,  2.720168946897E-01,
  1.777030469876E-01,  3.005779194028E-01,
  1.712948467666E-01,  3.257061380074E-01,
  1.723985098430E-01,  3.479999490091E-01,
  1.740593371241E-01,  3.746977395473E-01,
  1.755118789605E-01,  4.030165892903E-01,
  1.737517444210E-01,  4.248720814136E-01,
  1.733121121278E-01,  4.463786487800E-01,
  1.770665486039E-01,  4.777613051343E-01,
  1.717099594158E-01,  4.984996933149E-01,
  2.025579732467E-01, -5.005651713072E-01,
  1.985689172847E-01, -4.738351434550E-01,
  2.002281725642E-01, -4.466164303565E-01,
  1.983268065217E-01, -4.272571808292E-01,
  1.963299079437E-01, -3.975821631158E-01,
  1.976998082635E-01, -3.721028349756E-01,
  2.033988289834E-01, -3.526749228453E-01,
  1.982327093980E-01, -3.215503486904E-01,
  2.005888244145E-01, -2.979865516734E-01,
  1.988501114477E-01, -2.785815619665E-01,
  2.022799901851E-01, -2.477446944349E-01,
  2.012773576498E-01, -2.278260853875E-01,
  1.982797760615E-01, -1.980595395075E-01,
  2.030766017655E-01, -1.734412197811E-01,
  1.989390804092E-01, -1.470225496031E-01,
  2.010757865882E-01, -1.245113514765E-01,
  1.987712767735E-01, -1.029347968796E-01,
  2.013745988012E-01, -7.422474540948E-02,
  1.972459363833E-01, -5.170450881804E-02,
  1.980373598716E-01, -2.542444187539E-02,
  1.978845643875E-01, -3.357439612736E-03,
  2.036094740240E-01,  2.601063429909E-02,
  2.016787524600E-01,  5.137117608789E-02,
  1.991993917642E-01,  7.509805180779E-02,
  2.027998721607E-01,  9.780454785429E-02,
  2.007426531304E-01,  1.278201227396E-01,
  2.016606668387E-01,  1.463998528431E-01,
  2.030119080128E-01,  1.749129334742E-01,
  1.993294022951E-01,  2.005358422904E-01,
  1.995814836104E-01,  2.224313952777E-01,
  1.968635675120E-01,  2.485589899619E-01,
  1.983367140505E-01,  2.719423797037E-01,
  1.969891292828E-01,  2.989064236501E-01,
  1.975762560378E-01,  3.224321180477E-01,
  2.004764071550E-01,  3.477180228664E-01,
  2.025722532817E-01,  3.736699246494E-01,
  2.026894928879E-01,  4.035674613109E-01,
  1.984585002243E-01,  4.269187846256E-01,
  2.035532636059E-01,  4.515196088911E-01,
  2.026443317575E-01,  4.771582638070E-01,
  1.985649758636E-01,  5.013650713553E-01,
  2.213731453629E-01, -4.964368645391E-01,
  2.251054720968E-01, -4.723416422153E-01,
  2.262716287740E-01, -4.465378726263E-01,
  2.283911206026E-01, -4.248174493860E-01,
  2.271586828599E-01, -3.991483657430E-01,
  2.283863392571E-01, -3.726298297502E-01,
  2.282110824023E-01, -3.473237364765E-01,
  2.229972826168E-01, -3.228950553962E-01,
  2.259049473457E-01, -2.963539242145E-01,
  2.237560912892E-01, -2.783323013029E-01,
  2.247948232402E-01, -2.499024969017E-01,
  2.268716856755E-01, -2.215859796798E-01,
  2.240077600600E-01, -1.997137804244E-01,
  2.235997592667E-01, -1.716652703116E-01,
  2.267343446094E-01, -1.506398339201E-01,
  2.218676992566E-01, -1.262606913907E-01,
  2.283002059112E-01, -9.995217595280E-02,
  2.221690148531E-01, -7.745697510881E-02,
  2.216094654239E-01, -5.120026275958E-02,
  2.262080030855E-01, -2.595540999149E-02,
  2.217557499617E-01, -6.387792718146E-05,
  2.249446652328E-01,  2.420515732688E-02,
  2.261814893709E-01,  5.128687676829E-02,
  2.216911798818E-01,  7.516644345280E-02,
  2.241225084092E-01,  9.984168555857E-02,
  2.232279096144E-01,  1.253887044987E-01,
  2.232060311121E-01,  1.494463132623E-01,
  2.261717070829E-01,  1.781417480778E-01,
  2.278133064948E-01,  2.007832632446E-01,
  2.256879479480E-01,  2.284325003052E-01,
  2.218999894736E-01,  2.492623448497E-01,
  2.233411246012E-01,  2.714799046160E-01,
  2.255507241792E-01,  2.967423413422E-01,
  2.233137911289E-01,  3.257821295722E-01,
  2.246225116720E-01,  3.516220847024E-01,
  2.258906370772E-01,  3.736150177298E-01,
  2.266729217916E-01,  3.972162546508E-01,
  2.275626846635E-01,  4.280854936030E-01,
  2.244114157529E-01,  4.536994512927E-01,
  2.227402300356E-01,  4.746206198029E-01,
  2.212819185821E-01,  5.019666051989E-01,
  2.502528938505E-01, -4.965216976201E-01,
  2.494614286630E-01, -4.772278130067E-01,
  2.529350624824E-01, -4.481455932860E-01,
  2.517291930254E-01, -4.239175616033E-01,
  2.515782328100E-01, -4.023060692992E-01,
  2.492103690514E-01, -3.777460746627E-01,
  2.524040233859E-01, -3.484298530406E-01,
  2.489062524246E-01, -3.280462152420E-01,
  2.480428411686E-01, -2.970586312709E-01,
  2.509153613050E-01, -2.715634241842E-01,
  2.509532087098E-01, -2.487761878508E-01,
  2.468914310492E-01, -2.216676971671E-01,
  2.519699624775E-01, -2.004837413650E-01,
  2.530122945744E-01, -1.759230826127E-01,
  2.516553252761E-01, -1.528386039211E-01,
  2.495769055100E-01, -1.265071641831E-01,
  2.523895611740E-01, -1.005138961902E-01,
  2.512666986691E-01, -7.826907987354E-02,
  2.527464349661E-01, -4.693925909554E-02,
  2.493611240613E-01, -2.147249653719E-02,
  2.478290975767E-01, -3.534566703690E-03,
  2.467243652483E-01,  2.235728888189E-02,
  2.479821178273E-01,  4.967461292049E-02,
  2.536775871192E-01,  7.384478671366E-02,
  2.508293070107E-01,  9.738668036710E-02,
  2.478655513945E-01,  1.237737671350E-01,
  2.478065029407E-01,  1.472327488773E-01,
  2.482134858070E-01,  1.716983903742E-01,
  2.516836356122E-01,  2.026095830816E-01,
  2.467673554739E-01,  2.223084432019E-01,
  2.496581528506E-01,  2.516348012655E-01,
  2.491738700825E-01,  2.747236606508E-01,
  2.524962587285E-01,  2.978998629639E-01,
  2.472361338314E-01,  3.253811336832E-01,
  2.534219958334E-01,  3.481189258439E-01,
  2.499200209674E-01,  3.734047941673E-01,
  2.514326641921E-01,  4.010711823609E-01,
  2.469306284490E-01,  4.283083511780E-01,
  2.492117514138E-01,  4.488869889546E-01,
  2.513347155459E-01,  4.748625146255E-01,
  2.491574880116E-01,  5.004411339252E-01,
  2.718991010747E-01, -4.991416435246E-01,
  2.745773639966E-01, -4.729134306712E-01,
  2.733418954138E-01, -4.510764014260E-01,
  2.780465521753E-01, -4.238312065335E-01,
  2.765758671226E-01, -4.027494530993E-01,
  2.719038161921E-01, -3.772636674505E-01,
  2.781115241690E-01, -3.522096590307E-01,
  2.772101161447E-01, -3.220439099560E-01,
  2.726052454933E-01, -2.962644878527E-01,
  2.726602295029E-01, -2.751401516824E-01,
  2.753802825561E-01, -2.502955246524E-01,
  2.769428283272E-01, -2.239852820394E-01,
  2.720665197505E-01, -2.034925970908E-01,
  2.785300075383E-01, -1.781670261020E-01,
  2.755287617317E-01, -1.485546768029E-01,
  2.741006533569E-01, -1.254668778500E-01,
  2.748901166160E-01, -9.855778095492E-02,
  2.740870641532E-01, -7.160332328457E-02,
  2.783771915262E-01, -4.949273852018E-02,
  2.769216264449E-01, -2.430355322604E-02,
  2.758934416482E-01, -2.221851825040E-04,
  2.780639146865E-01,  2.626017032608E-02,
  2.756763157887E-01,  5.167144993324E-02,
  2.733034673854E-01,  7.257329309504E-02,
  2.771716073334E-01,  9.695535256158E-02,
  2.756649507028E-01,  1.255997894635E-01,
  2.775825532675E-01,  1.497431336100E-01,
  2.739577441307E-01,  1.732379226570E-01,
  2.750683286842E-01,  1.997126813013E-01,
  2.750880836791E-01,  2.257683157637E-01,
  2.728691372053E-01,  2.534964733051E-01,
  2.769426294941E-01,  2.724439560432E-01,
  2.759256645050E-01,  2.998115677778E-01,
  2.738177984901E-01,  3.232976147020E-01,
  2.750386558074E-01,  3.500470127792E-01,
  2.765136231359E-01,  3.770538721099E-01,
  2.725966152826E-01,  4.003638506073E-01,
  2.756805287358E-01,  4.250659228220E-01,
  2.721983933507E-01,  4.517965896094E-01,
  2.764227249045E-01,  4.759130242372E-01,
  2.714742203108E-01,  4.968027067796E-01,
  3.033950496865E-01, -5.013521330560E-01,
  2.967269860812E-01, -4.756285560173E-01,
  3.030125885413E-01, -4.465125943973E-01,
  3.031464428946E-01, -4.278524171897E-01,
  2.998475204894E-01, -3.965145616938E-01,
  2.987876883392E-01, -3.716166082020E-01,
  3.007459041633E-01, -3.473559947782E-01,
  3.016819236375E-01, -3.246569646235E-01,
  2.983683022793E-01, -2.972324062712E-01,
  2.994186427539E-01, -2.731828512999E-01,
  2.987727634785E-01, -2.532053548511E-01,
  3.017246128732E-01, -2.227662170011E-01,
  2.984657258595E-01, -2.025838115640E-01,
  3.036924542640E-01, -1.774916887745E-01,
  2.998924752996E-01, -1.521134280046E-01,
  2.983615170585E-01, -1.282812657160E-01,
  2.984629286174E-01, -9.668491015061E-02,
  3.020425825728E-01, -7.775590506664E-02,
  2.968937869084E-01, -4.872267301826E-02,
  3.036626397405E-01, -2.381455439103E-02,
  2.976317245839E-01,  1.994581876700E-03,
  2.985621402126E-01,  2.537802302805E-02,
  2.980549849050E-01,  5.099554424102E-02,
  3.026093709041E-01,  7.361923653939E-02,
  3.031135504294E-01,  9.716828978234E-02,
  3.036989779807E-01,  1.253868616268E-01,
  2.986037530315E-01,  1.487231890232E-01,
  2.962947002838E-01,  1.763142543652E-01,
  3.021567952624E-01,  1.977184636739E-01,
  3.031803823859E-01,  2.227171332584E-01,
  2.981627972315E-01,  2.491988527714E-01,
  3.019336040529E-01,  2.733919846364E-01,
  2.999752216118E-01,  3.007163868169E-01,
  3.025726837496E-01,  3.265644588700E-01,
  3.013721584357E-01,  3.511165470593E-01,
  2.980656419621E-01,  3.762495329627E-01,
  2.968862386588E-01,  3.990389108607E-01,
  2.988346075111E-01,  4.249331916374E-01,
  2.986448943181E-01,  4.484737263394E-01,
  3.029560913725E-01,  4.716522771728E-01,
  2.993698290818E-01,  5.030544747472E-01,
  3.284177373817E-01, -5.034902162273E-01,
  3.244566599154E-01, -4.777162234359E-01,
  3.277215688860E-01, -4.471861129443E-01,
  3.257263533877E-01, -4.275532560145E-01,
  3.253443609659E-01, -3.979497073629E-01,
  3.272009955173E-01, -3.786720888547E-01,
  3.259751807229E-01, -3.469237342310E-01,
  3.249923177184E-01, -3.216930644899E-01,
  3.259160472448E-01, -2.966834152324E-01,
  3.261195765091E-01, -2.746524165189E-01,
  3.247428092161E-01, -2.487660826168E-01,
  3.218669029028E-01, -2.240271027726E-01,
  3.285650695589E-01, -2.031268684646E-01,
  3.272004368502E-01, -1.765221265464E-01,
  3.283380871621E-01, -1.532030678826E-01,
  3.235499553548E-01, -1.245582468361E-01,
  3.225896299563E-01, -1.008800161055E-01,
  3.268068971536E-01, -7.245492980868E-02,
  3.275464190618E-01, -4.802535430723E-02,
  3.230332748769E-01, -2.424853918797E-02,
  3.286649246388E-01, -1.846036470005E-03,
  3.260285124576E-01,  2.289980332428E-02,
  3.239172642852E-01,  4.923531943499E-02,
  3.241525498340E-01,  7.633213249094E-02,
  3.227809088623E-01,  9.872868078937E-02,
  3.245598442843E-01,  1.273607792070E-01,
  3.242090316231E-01,  1.469718231239E-01,
  3.269931706856E-01,  1.770446654564E-01,
  3.229697120059E-01,  1.977671801916E-01,
  3.284814782572E-01,  2.248436824336E-01,
  3.237675063945E-01,  2.476991250342E-01,
  3.243785091416E-01,  2.746820066732E-01,
  3.236262008567E-01,  2.990565513805E-01,
  3.264882766521E-01,  3.238731704977E-01,
  3.264746802069E-01,  3.484753703298E-01,
  3.284356985063E-01,  3.766295468828E-01,
  3.283741898172E-01,  3.980363431717E-01,
  3.247996578895E-01,  4.262876478560E-01,
  3.266693064026E-01,  4.524381305777E-01,
  3.237384443171E-01,  4.775521386716E-01,
  3.247484437483E-01,  5.030889374692E-01,
  3.533656821466E-01, -5.028319391573E-01,
  3.536076909796E-01, -4.738114815728E-01,
  3.470702454273E-01, -4.487860338996E-01,
  3.492014890585E-01, -4.273394467480E-01,
  3.489305454285E-01, -3.970110069157E-01,
  3.526116704043E-01, -3.760169695799E-01,
  3.482693598106E-01, -3.529382371754E-01,
  3.493001493455E-01, -3.285653408617E-01,
  3.505786853226E-01, -3.026455915446E-01,
  3.501755879070E-01, -2.747231242916E-01,
  3.526165075764E-01, -2.487236768579E-01,
  3.532767058422E-01, -2.240051115744E-01,
  3.525168261365E-01, -2.009523374045E-01,
  3.490479189183E-01, -1.761889964889E-01,
  3.526259121079E-01, -1.509371225346E-01,
  3.482713502113E-01, -1.231834871957E-01,
  3.499265282751E-01, -1.034711459419E-01,
  3.466332674047E-01, -7.386031613252E-02,
  3.472336208816E-01, -5.266615911193E-02,
  3.530433092975E-01, -2.576571384538E-02,
  3.528480891224E-01,  2.439292227479E-03,
  3.503008531925E-01,  2.708340900183E-02,
  3.537071980014E-01,  4.728805456711E-02,
  3.497214656224E-01,  7.859319977706E-02,
  3.527654174627E-01,  9.667741073514E-02,
  3.527019985944E-01,  1.242727950133E-01,
  3.505289766929E-01,  1.480119905615E-01,
  3.499548634232E-01,  1.781733584773E-01,
  3.526882892247E-01,  1.973860585470E-01,
  3.508045981324E-01,  2.229615666113E-01,
  3.471011638889E-01,  2.518849168759E-01,
  3.530671589876E-01,  2.728613639056E-01,
  3.466947045828E-01,  3.025992092327E-01,
  3.523720080645E-01,  3.259706044402E-01,
  3.497829013197E-01,  3.471905788982E-01,
  3.494013804004E-01,  3.770702225006E-01,
  3.464476713140E-01,  3.990823711340E-01,
  3.517425287764E-01,  4.218230819563E-01,
  3.499186114247E-01,  4.480356993144E-01,
  3.510779158686E-01,  4.731855276598E-01,
  3.509751068938E-01,  4.988554773224E-01,
  3.713977466539E-01, -4.984641727341E-01,
  3.721538027470E-01, -4.783896032709E-01,
  3.753167606720E-01, -4.486694759725E-01,
  3.782819459262E-01, -4.279685089978E-01,
  3.714508695212E-01, -3.991779030883E-01,
  3.779539105730E-01, -3.747741520466E-01,
  3.744567785999E-01, -3.495276040878E-01,
  3.751735618904E-01, -3.269306195702E-01,
  3.775890045700E-01, -3.017531861794E-01,
  3.714014373822E-01, -2.713754070515E-01,
  3.776724451214E-01, -2.471258705173E-01,
  3.738889670688E-01, -2.254976154935E-01,
  3.733218034351E-01, -1.967602831192E-01,
  3.724021527674E-01, -1.733181514756E-01,
  3.720520616264E-01, -1.517803852300E-01,
  3.727856365007E-01, -1.251707754614E-01,
  3.713262281021E-01, -1.000261079730E-01,
  3.735970205932E-01, -7.428500545339E-02,
  3.734051800617E-01, -5.278938617809E-02,
  3.729323721297E-01, -2.227087295328E-02,
  3.770838627283E-01, -1.729423498187E-03,
  3.722184740415E-01,  2.598740339466E-02,
  3.760556166340E-01,  5.337312707117E-02,
  3.740664666465E-01,  7.666920510450E-02,
  3.784219521141E-01,  1.012234371923E-01,
  3.713805963915E-01,  1.275775208597E-01,
  3.744304333768E-01,  1.476713737104E-01,
  3.721086101431E-01,  1.749377578622E-01,
  3.770550671545E-01,  2.034931897412E-01,
  3.767770444644E-01,  2.283151889830E-01,
  3.739696783802E-01,  2.481962534000E-01,
  3.715548532467E-01,  2.763203176491E-01,
  3.749096173795E-01,  2.979994026682E-01,
  3.774003741807E-01,  3.272434786230E-01,
  3.745112335736E-01,  3.498216424887E-01,
  3.740624973491E-01,  3.780309141293E-01,
  3.756801451370E-01,  3.967932013094E-01,
  3.775487884699E-01,  4.246928142708E-01,
  3.777510793783E-01,  4.483104187994E-01,
  3.764746746506E-01,  4.735560090490E-01,
  3.741872932558E-01,  5.000923644304E-01,
  3.971263409346E-01, -5.001715545855E-01,
  4.002415071453E-01, -4.744210139362E-01,
  4.018340404037E-01, -4.462867021244E-01,
  4.000343405717E-01, -4.236169135674E-01,
  3.966037902416E-01, -4.007594226830E-01,
  4.036002610877E-01, -3.775866172734E-01,
  4.032245733480E-01, -3.481883748427E-01,
  3.991826793297E-01, -3.212521425519E-01,
  4.032004171093E-01, -3.016672293031E-01,
  4.037420875739E-01, -2.714029574304E-01,
  3.993013464820E-01, -2.520485890302E-01,
  4.015144772537E-01, -2.232401749034E-01,
  4.029888825672E-01, -2.012945026699E-01,
  3.977867333187E-01, -1.712654828211E-01,
  4.005641540566E-01, -1.510216623696E-01,
  3.986841248838E-01, -1.235981238750E-01,
  4.026800876291E-01, -1.020067886337E-01,
  4.022121517335E-01, -7.241408876439E-02,
  3.979021419921E-01, -4.769950020552E-02,
  3.994035839245E-01, -2.510396468190E-02,
  3.984437052649E-01, -2.895170263173E-03,
  4.007819266447E-01,  2.635484201610E-02,
  4.031969160610E-01,  5.086258720378E-02,
  3.985332903875E-01,  7.413916122875E-02,
  3.973443225418E-01,  9.965766098206E-02,
  3.997284887793E-01,  1.283126556052E-01,
  4.024702170976E-01,  1.514950926442E-01,
  3.974316595807E-01,  1.765104920728E-01,
  4.015743653755E-01,  1.968762952719E-01,
  4.036478742976E-01,  2.218350722759E-01,
  3.995950098568E-01,  2.472380037164E-01,
  4.014081928750E-01,  2.741727294662E-01,
  4.004960934931E-01,  3.004036642926E-01,
  4.028615374933E-01,  3.246159681152E-01,
  3.995883517489E-01,  3.510155232908E-01,
  3.973054639402E-01,  3.729376853623E-01,
  4.018822748012E-01,  4.016786404605E-01,
  3.990378216504E-01,  4.262058394797E-01,
  4.035133318673E-01,  4.512454243931E-01,
  4.010938888198E-01,  4.719399192633E-01,
  4.027146847694E-01,  5.017748983857E-01,
  4.251342646345E-01, -4.982453333783E-01,
  4.229759620356E-01, -4.717821459202E-01,
  4.276902562676E-01, -4.511035331557E-01,
  4.213283247585E-01, -4.237858721363E-01,
  4.214776495362E-01, -4.018025486424E-01,
  4.262131540974E-01, -3.770131021174E-01,
  4.262172519214E-01, -3.479019327178E-01,
  4.219777384505E-01, -3.263433294171E-01,
  4.254205807429E-01, -2.984683407936E-01,
  4.250886648983E-01, -2.786046924198E-01,
  4.243710234119E-01, -2.472911724328E-01,
  4.267116177477E-01, -2.222798928348E-01,
  4.270050529045E-01, -1.998223398477E-01,
  4.213656094932E-01, -1.722739680134E-01,
  4.253922203753E-01, -1.507959362687E-01,
  4.278415635299E-01, -1.285137466651E-01,
  4.217488851115E-01, -9.713636931332E-02,
  4.228272239481E-01, -7.853403939733E-02,
  4.223816869157E-01, -5.362967625526E-02,
  4.249644661482E-01, -2.786966526821E-02,
  4.277665347010E-01, -3.499995214995E-03,
  4.219640015051E-01,  2.634580010046E-02,
  4.269469125403E-01,  5.033435720200E-02,
  4.245222608216E-01,  7.133584165550E-02,
  4.251808614358E-01,  9.926431589584E-02,
  4.269052265697E-01,  1.218825495837E-01,
  4.213553214291E-01,  1.510881336607E-01,
  4.250443262671E-01,  1.771741906800E-01,
  4.216499335936E-01,  2.037399648302E-01,
  4.257594187059E-01,  2.278532461283E-01,
  4.255082980545E-01,  2.465378615507E-01,
  4.214400313396E-01,  2.745840465942E-01,
  4.219674626324E-01,  2.985033546883E-01,
  4.239340948845E-01,  3.256574678138E-01,
  4.223913885505E-01,  3.498996448734E-01,
  4.226669791559E-01,  3.737581387375E-01,
  4.251510939965E-01,  3.987275268651E-01,
  4.233086574729E-01,  4.238810929227E-01,
  4.276422594410E-01,  4.485293340221E-01,
  4.215654608042E-01,  4.730535451776E-01,
  4.271876158927E-01,  4.982104274093E-01,
  4.524627092284E-01, -5.036075778381E-01,
  4.534475970907E-01, -4.739080727005E-01,
  4.484341760957E-01, -4.467599821652E-01,
  4.503269921932E-01, -4.274327626518E-01,
  4.520922615816E-01, -3.965070563413E-01,
  4.513036418411E-01, -3.751366956992E-01,
  4.532776006107E-01, -3.477800460143E-01,
  4.501011476920E-01, -3.272581107487E-01,
  4.466878682777E-01, -3.004841203601E-01,
  4.505698411210E-01, -2.732587044025E-01,
  4.483010161969E-01, -2.492941098444E-01,
  4.486174847172E-01, -2.275849801125E-01,
  4.485980976160E-01, -2.032257785817E-01,
  4.505730846369E-01, -1.761676366542E-01,
  4.524808406239E-01, -1.491653196606E-01,
  4.478195242776E-01, -1.252044924108E-01,
  4.475304599569E-01, -1.022456268397E-01,
  4.523057977241E-01, -7.485429672917E-02,
  4.478525841326E-01, -4.989219243888E-02,
  4.500949769567E-01, -2.508875726747E-02,
  4.535799688830E-01,  8.488289162925E-04,
  4.477182219838E-01,  2.481515466647E-02,
  4.534514457979E-01,  5.066151578771E-02,
  4.533258989050E-01,  7.610379564376E-02,
  4.527646842374E-01,  9.928968376502E-02,
  4.469517409807E-01,  1.214854872472E-01,
  4.463062497090E-01,  1.521758768492E-01,
  4.503224141116E-01,  1.715297381104E-01,
  4.483711631859E-01,  1.973627847677E-01,
  4.521135905536E-01,  2.280717585779E-01,
  4.462994187840E-01,  2.512670335703E-01,
  4.476677056289E-01,  2.719660808298E-01,
  4.463537737250E-01,  2.983430149090E-01,
  4.478331750671E-01,  3.257063864343E-01,
  4.509900601048E-01,  3.506561599718E-01,
  4.536627727009E-01,  3.754929628286E-01,
  4.523951043888E-01,  3.975432271656E-01,
  4.525425399512E-01,  4.276019881661E-01,
  4.523300372705E-01,  4.536140958470E-01,
  4.533999924809E-01,  4.784298486765E-01,
  4.519694165386E-01,  4.992038503757E-01,
  4.739351229335E-01, -4.976066005758E-01,
  4.784272471701E-01, -4.764417716581E-01,
  4.718199104199E-01, -4.507859825865E-01,
  4.728302521919E-01, -4.239914438785E-01,
  4.730595388107E-01, -3.978971103976E-01,
  4.752040623999E-01, -3.740664523597E-01,
  4.784429276760E-01, -3.468525912412E-01,
  4.777851366760E-01, -3.223382628425E-01,
  4.731127392933E-01, -3.006758232707E-01,
  4.761878567823E-01, -2.728313794127E-01,
  4.753934247380E-01, -2.511789611037E-01,
  4.712905043702E-01, -2.247037200776E-01,
  4.745079275437E-01, -1.986040955335E-01,
  4.784788352570E-01, -1.760359371534E-01,
  4.780460248289E-01, -1.529150895957E-01,
  4.737398718395E-01, -1.229753903655E-01,
  4.740833397406E-01, -1.031057755264E-01,
  4.787343887780E-01, -7.283385508241E-02,
  4.786720244868E-01, -5.236498302284E-02,
  4.742192224692E-01, -2.631500024636E-02,
  4.751225958622E-01, -1.591354235735E-03,
  4.745684718178E-01,  2.438483968024E-02,
  4.747723993572E-01,  4.672609516953E-02,
  4.761922070259E-01,  7.405421850460E-02,
  4.740812577633E-01,  9.843619447532E-02,
  4.737337836302E-01,  1.244236901169E-01,
  4.750177013202E-01,  1.502519048009E-01,
  4.721430740398E-01,  1.784353168273E-01,
  4.777925931624E-01,  2.034382118477E-01,
  4.761316114446E-01,  2.258852096711E-01,
  4.765181471014E-01,  2.513396454853E-01,
  4.773847834915E-01,  2.774316449669E-01,
  4.730050919378E-01,  3.027314964912E-01,
  4.714939195953E-01,  3.237158715635E-01,
  4.779208096880E-01,  3.534459312507E-01,
  4.763672427513E-01,  3.725335692554E-01,
  4.756862450285E-01,  3.965623367518E-01,
  4.745651882173E-01,  4.231959384868E-01,
  4.731420911987E-01,  4.468540640613E-01,
  4.748826973984E-01,  4.736203148854E-01,
  4.723314869689E-01,  5.013390731181E-01,
  4.980736100467E-01, -4.989294843225E-01,
  5.008568182392E-01, -4.770921706129E-01,
  5.022396342659E-01, -4.470019734158E-01,
  4.972387052764E-01, -4.271085498983E-01,
  5.033355208125E-01, -4.022474412374E-01,
  4.973550708718E-01, -3.748230970746E-01,
  4.995244724111E-01, -3.480257732843E-01,
  4.997342289170E-01, -3.222828895901E-01,
  5.018545880060E-01, -3.003797339093E-01,
  5.019511329419E-01, -2.770875953963E-01,
  5.010142302989E-01, -2.504793621604E-01,
  4.991918453293E-01, -2.216885709243E-01,
  4.974218123851E-01, -2.009576593605E-01,
  5.014158307384E-01, -1.783902299221E-01,
  4.985840670483E-01, -1.514117855650E-01,
  5.009012110266E-01, -1.252771318409E-01,
  5.023666652221E-01, -1.016797424409E-01,
  4.988613274407E-01, -7.800652874595E-02,
  4.977662968150E-01, -5.121091102759E-02,
  5.029587337391E-01, -2.287745941045E-02,
  4.993258533898E-01,  2.111211879796E-03,
  5.002690815477E-01,  2.168923703084E-02,
  5.037470083057E-01,  5.300915591782E-02,
  5.003388705793E-01,  7.739197536478E-02,
  5.011728064729E-01,  1.034159920068E-01,
  5.006042274651E-01,  1.277365369268E-01,
  5.021835114498E-01,  1.528781803175E-01,
  4.967898898057E-01,  1.721747422173E-01,
  5.035371810665E-01,  1.976062411529E-01,
  4.993231107548E-01,  2.228033045908E-01,
  5.031340657288E-01,  2.495739007202E-01,
  5.037333843202E-01,  2.781668552488E-01,
  5.022870845906E-01,  2.977111344658E-01,
  4.971106694713E-01,  3.253580227145E-01,
  4.971786000343E-01,  3.499388426070E-01,
  4.968770174871E-01,  3.786909875526E-01,
  5.009537322182E-01,  4.000305434130E-01,
  4.962746794099E-01,  4.246461108946E-01,
  5.026587801849E-01,  4.466887103937E-01,
  4.991688503443E-01,  4.740961836292E-01,
  4.985847841795E-01,  5.017585663509E-01,
 -5.250000000000E-01, -5.000000000000E-01,
 -5.000000000000E-01,  5.250000000000E-01,
  5.250000000000E-01,  5.000000000000E-01,
  5.000000000000E-01, -5.250000000000E-01,
 -5.250000000000E-01, -4.750000000000E-01,
 -4.750000000000E-01,  5.250000000000E-01,
  5.250000000000E-01,  4.750000000000E-01,
  4.750000000000E-01, -5.250000000000E-01,
 -5.250000000000E-01, -4.500000000000E-01,
 -4.500000000000E-01,  5.250000000000E-01,
  5.250000000000E-01,  4.500000000000E-01,
  4.500000000000E-01, -5.250000000000E-01,
 -5.250000000000E-01, -4.250000000000E-01,
 -4.250000000000E-01,  5.250000000000E-01,
  5.250000000000E-01,  4.250000000000E-01,
  4.250000000000E-01, -5.250000000000E-01,
 -5.250000000000E-01, -4.000000000000E-01,
 -4.000000000000E-01,  5.250000000000E-01,
  5.250000000000E-01,  4.000000000000E-01,
  4.000000000000E-01, -5.250000000000E-01,
 -5.250000000000E-01, -3.750000000000E-01,
 -3.750000000000E-01,  5.250000000000E-01,
  5.250000000000E-01,  3.750000000000E-01,
  3.750000000000E-01, -5.250000000000E-01,
 -5.250000000000E-01, -3.500000000000E-01,
 -3.500000000000E-01,  5.250000000000E-01,
  5.250000000000E-01,  3.500000000000E-01,
  3.500000000000E-01, -5.250000000000E-01,
 -5.250000000000E-01, -3.250000000000E-01,
 -3.250000000000E-01,  5.250000000000E-01,
  5.250000000000E-01,  3.250000000000E-01,
  3.250000000000E-01, -5.250000000000E-01,
 -5.250000000000E-01, -3.000000000000E-01,
 -3.000000000000E-01,  5.250000000000E-01,
  5.250000000000E-01,  3.000000000000E-01,
  3.000000000000E-01, -5.250000000000E-01,
 -5.250000000000E-01, -2.750000000000E-01,
 -2.750000000000E-01,  5.250000000000E-01,
  5.250000000000E-01,  2.750000000000E-01,
  2.750000000000E-01, -5.250000000000E-01,
 -5.250000000000E-01, -2.500000000000E-01,
 -2.500000000000E-01,  5.250000000000E-01,
  5.250000000000E-01,  2.500000000000E-01,
  2.500000000000E-01, -5.250000000000E-01,
 -5.250000000000E-01, -2.250000000000E-01,
 -2.250000000000E-01,  5.250000000000E-01,
  5.250000000000E-01,  2.250000000000E-01,
  2.250000000000E-01, -5.250000000000E-01,
 -5.250000000000E-01, -2.000000000000E-01,
 -2.000000000000E-01,  5.250000000000E-01,
  5.250000000000E-01,  2.000000000000E-01,
  2.000000000000E-01, -5.250000000000E-01,
 -5.250000000000E-01, -1.750000000000E-01,
 -1.750000000000E-01,  5.250000000000E-01,
  5.250000000000E-01,  1.750000000000E-01,
  1.750000000000E-01, -5.250000000000E-01,
 -5.250000000000E-01, -1.500000000000E-01,
 -1.500000000000E-01,  5.250000000000E-01,
  5.250000000000E-01,  1.500000000000E-01,
  1.500000000000E-01, -5.250000000000E-01,
 -5.250000000000E-01, -1.250000000000E-01,
 -1.250000000000E-01,  5.250000000000E-01,
  5.250000000000E-01,  1.250000000000E-01,
  1.250000000000E-01, -5.250000000000E-01,
 -5.250000000000E-01, -1.000000000000E-01,
 -1.000000000000E-01,  5.250000000000E-01,
  5.250000000000E-01,  1.000000000000E-01,
  1.000000000000E-01, -5.250000000000E-01,
 -5.250000000000E-01, -7.500000000000E-02,
 -7.500000000000E-02,  5.250000000000E-01,
  5.250000000000E-01,  7.500000000000E-02,
  7.500000000000E-02, -5.250000000000E-01,
 -5.250000000000E-01, -5.000000000000E-02,
 -5.000000000000E-02,  5.250000000000E-01,
  5.250000000000E-01,  5.000000000000E-02,
  5.000000000000E-02, -5.250000000000E-01,
 -5.250000000000E-01, -2.500000000000E-02,
 -2.500000000000E-02,  5.250000000000E-01,
  5.250000000000E-01,  2.500000000000E-02,
  2.500000000000E-02, -5.250000000000E-01,
 -5.250000000000E-01,  0.000000000000E+00,
  0.000000000000E+00,  5.250000000000E-01,
  5.250000000000E-01,  0.000000000000E+00,
  0.000000000000E+00, -5.250000000000E-01,
 -5.250000000000E-01,  2.500000000000E-02,
  2.500000000000E-02,  5.250000000000E-01,
  5.250000000000E-01, -2.500000000000E-02,
 -2.500000000000E-02, -5.250000000000E-01,
 -5.250000000000E-01,  5.000000000000E-02,
  5.000000000000E-02,  5.250000000000E-01,
  5.250000000000E-01, -5.000000000000E-02,
 -5.000000000000E-02, -5.250000000000E-01,
 -5.250000000000E-01,  7.500000000000E-02,
  7.500000000000E-02,  5.250000000000E-01,
  5.250000000000E-01, -7.500000000000E-02,
 -7.500000000000E-02, -5.250000000000E-01,
 -5.250000000000E-01,  1.000000000000E-01,
  1.000000000000E-01,  5.250000000000E-01,
  5.250000000000E-01, -1.000000000000E-01,
 -1.000000000000E-01, -5.250000000000E-01,
 -5.250000000000E-01,  1.250000000000E-01,
  1.250000000000E-01,  5.250000000000E-01,
  5.250000000000E-01, -1.250000000000E-01,
 -1.250000000000E-01, -5.250000000000E-01,
 -5.250000000000E-01,  1.500000000000E-01,
  1.500000000000E-01,  5.250000000000E-01,
  5.250000000000E-01, -1.500000000000E-01,
 -1.500000000000E-01, -5.250000000000E-01,
 -5.250000000000E-01,  1.750000000000E-01,
  1.750000000000E-01,  5.250000000000E-01,
  5.250000000000E-01, -1.750000000000E-01,
 -1.750000000000E-01, -5.250000000000E-01,
 -5.250000000000E-01,  2.000000000000E-01,
  2.000000000000E-01,  5.250000000000E-01,
  5.250000000000E-01, -2.000000000000E-01,
 -2.000000000000E-01, -5.250000000000E-01,
 -5.250000000000E-01,  2.250000000000E-01,
  2.250000000000E-01,  5.250000000000E-01,
  5.250000000000E-01, -2.250000000000E-01,
 -2.250000000000E-01, -5.250000000000E-01,
 -5.250000000000E-01,  2.500000000000E-01,
  2.500000000000E-01,  5.250000000000E-01,
  5.250000000000E-01, -2.500000000000E-01,
 -2.500000000000E-01, -5.250000000000E-01,
 -5.250000000000E-01,  2.750000000000E-01,
  2.750000000000E-01,  5.250000000000E-01,
  5.250000000000E-01, -2.750000000000E-01,
 -2.750000000000E-01, -5.250000000000E-01,
 -5.250000000000E-01,  3.000000000000E-01,
  3.000000000000E-01,  5.250000000000E-01,
  5.250000000000E-01, -3.000000000000E-01,
 -3.000000000000E-01, -5.250000000000E-01,
 -5.250000000000E-01,  3.250000000000E-01,
  3.250000000000E-01,  5.250000000000E-01,
  5.250000000000E-01, -3.250000000000E-01,
 -3.250000000000E-01, -5.250000000000E-01,
 -5.250000000000E-01,  3.500000000000E-01,
  3.500000000000E-01,  5.250000000000E-01,
  5.250000000000E-01, -3.500000000000E-01,
 -3.500000000000E-01, -5.250000000000E-01,
 -5.250000000000E-01,  3.750000000000E-01,
  3.750000000000E-01,  5.250000000000E-01,
  5.250000000000E-01, -3.750000000000E-01,
 -3.750000000000E-01, -5.250000000000E-01,
 -5.250000000000E-01,  4.000000000000E-01,
  4.000000000000E-01,  5.250000000000E-01,
  5.250000000000E-01, -4.000000000000E-01,
 -4.000000000000E-01, -5.250000000000E-01,
 -5.250000000000E-01,  4.250000000000E-01,
  4.250000000000E-01,  5.250000000000E-01,
  5.250000000000E-01, -4.250000000000E-01,
 -4.250000000000E-01, -5.250000000000E-01,
 -5.250000000000E-01,  4.500000000000E-01,
  4.500000000000E-01,  5.250000000000E-01,
  5.250000000000E-01, -4.500000000000E-01,
 -4.500000000000E-01, -5.250000000000E-01,
 -5.250000000000E-01,  4.750000000000E-01,
  4.750000000000E-01,  5.250000000000E-01,
  5.250000000000E-01, -4.750000000000E-01,
 -4.750000000000E-01, -5.250000000000E-01,
 -5.250000000000E-01,  5.000000000000E-01,
  5.000000000000E-01,  5.250000000000E-01,
  5.250000000000E-01, -5.000000000000E-01,
 -5.000000000000E-01, -5.250000000000E-01,
 -5.250000000000E-01,  5.250000000000E-01,
  5.250000000000E-01,  5.250000000000E-01,
  5.250000000000E-01, -5.250000000000E-01,
 -5.250000000000E-01, -5.250000000000E-01,
 -5.250000000000E-01,  5.500000000000E-01,
  5.500000000000E-01,  5.250000000000E-01,
  5.250000000000E-01, -5.500000000000E-01,
 -5.500000000000E-01, -5.250000000000E-01,
 -5.250000000000E-01,  5.750000000000E-01,
  5.750000000000E-01,  5.250000000000E-01,
  5.250000000000E-01, -5.750000000000E-01,
 -5.750000000000E-01, -5.250000000000E-01,
 -5.250000000000E-01,  6.000000000000E-01,
  6.000000000000E-01,  5.250000000000E-01,
  5.250000000000E-01, -6.000000000000E-01,
 -6.000000000000E-01, -5.250000000000E-01,
 -5.500000000000E-01, -5.000000000000E-01,
 -5.000000000000E-01,  5.500000000000E-01,
  5.500000000000E-01,  5.000000000000E-01,
  5.000000000000E-01, -5.500000000000E-01,
 -5.500000000000E-01, -4.750000000000E-01,
 -4.750000000000E-01,  5.500000000000E-01,
  5.500000000000E-01,  4.750000000000E-01,
  4.750000000000E-01, -5.500000000000E-01,
 -5.500000000000E-01, -4.500000000000E-01,
 -4.500000000000E-01,  5.500000000000E-01,
  5.500000000000E-01,  4.500000000000E-01,
  4.500000000000E-01, -5.500000000000E-01,
 -5.500000000000E-01, -4.250000000000E-01,
 -4.250000000000E-01,  5.500000000000E-01,
  5.500000000000E-01,  4.250000000000E-01,
  4.250000000000E-01, -5.500000000000E-01,
 -5.500000000000E-01, -4.000000000000E-01,
 -4.000000000000E-01,  5.500000000000E-01,
  5.500000000000E-01,  4.000000000000E-01,
  4.000000000000E-01, -5.500000000000E-01,
 -5.500000000000E-01, -3.750000000000E-01,
 -3.750000000000E-01,  5.500000000000E-01,
  5.500000000000E-01,  3.750000000000E-01,
  3.750000000000E-01, -5.500000000000E-01,
 -5.500000000000E-01, -3.500000000000E-01,
 -3.500000000000E-01,  5.500000000000E-01,
  5.500000000000E-01,  3.500000000000E-01,
  3.500000000000E-01, -5.500000000000E-01,
 -5.500000000000E-01, -3.250000000000E-01,
 -3.250000000000E-01,  5.500000000000E-01,
  5.500000000000E-01,  3.250000000000E-01,
  3.250000000000E-01, -5.500000000000E-01,
 -5.500000000000E-01, -3.000000000000E-01,
 -3.000000000000E-01,  5.500000000000E-01,
  5.500000000000E-01,  3.000000000000E-01,
  3.000000000000E-01, -5.500000000000E-01,
 -5.500000000000E-01, -2.750000000000E-01,
 -2.750000000000E-01,  5.500000000000E-01,
  5.500000000000E-01,  2.750000000000E-01,
  2.750000000000E-01, -5.500000000000E-01,
 -5.500000000000E-01, -2.500000000000E-01,
 -2.500000000000E-01,  5.500000000000E-01,
  5.500000000000E-01,  2.500000000000E-01,
  2.500000000000E-01, -5.500000000000E-01,
 -5.500000000000E-01, -2.250000000000E-01,
 -2.250000000000E-01,  5.500000000000E-01,
  5.500000000000E-01,  2.250000000000E-01,
  2.250000000000E-01, -5.500000000000E-01,
 -5.500000000000E-01, -2.000000000000E-01,
 -2.000000000000E-01,  5.500000000000E-01,
  5.500000000000E-01,  2.000000000000E-01,
  2.000000000000E-01, -5.500000000000E-01,
 -5.500000000000E-01, -1.750000000000E-01,
 -1.750000000000E-01,  5.500000000000E-01,
  5.500000000000E-01,  1.750000000000E-01,
  1.750000000000E-01, -5.500000000000E-01,
 -5.500000000000E-01, -1.500000000000E-01,
 -1.500000000000E-01,  5.500000000000E-01,
  5.500000000000E-01,  1.500000000000E-01,
  1.500000000000E-01, -5.500000000000E-01,
 -5.500000000000E-01, -1.250000000000E-01,
 -1.250000000000E-01,  5.500000000000E-01,
  5.500000000000E-01,  1.250000000000E-01,
  1.250000000000E-01, -5.500000000000E-01,
 -5.500000000000E-01, -1.000000000000E-01,
 -1.000000000000E-01,  5.500000000000E-01,
  5.500000000000E-01,  1.000000000000E-01,
  1.000000000000E-01, -5.500000000000E-01,
 -5.500000000000E-01, -7.500000000000E-02,
 -7.500000000000E-02,  5.500000000000E-01,
  5.500000000000E-01,  7.500000000000E-02,
  7.500000000000E-02, -5.500000000000E-01,
 -5.500000000000E-01, -5.000000000000E-02,
 -5.000000000000E-02,  5.500000000000E-01,
  5.500000000000E-01,  5.000000000000E-02,
  5.000000000000E-02, -5.500000000000E-01,
 -5.500000000000E-01, -2.500000000000E-02,
 -2.500000000000E-02,  5.500000000000E-01,
  5.500000000000E-01,  2.500000000000E-02,
  2.500000000000E-02, -5.500000000000E-01,
 -5.500000000000E-01,  0.000000000000E+00,
  0.000000000000E+00,  5.500000000000E-01,
  5.500000000000E-01,  0.000000000000E+00,
  0.000000000000E+00, -5.500000000000E-01,
 -5.500000000000E-01,  2.500000000000E-02,
  2.500000000000E-02,  5.500000000000E-01,
  5.500000000000E-01, -2.500000000000E-02,
 -2.500000000000E-02, -5.500000000000E-01,
 -5.500000000000E-01,  5.000000000000E-02,
  5.000000000000E-02,  5.500000000000E-01,
  5.500000000000E-01, -5.000000000000E-02,
 -5.000000000000E-02, -5.500000000000E-01,
 -5.500000000000E-01,  7.500000000000E-02,
  7.500000000000E-02,  5.500000000000E-01,
  5.500000000000E-01, -7.500000000000E-02,
 -7.500000000000E-02, -5.500000000000E-01,
 -5.500000000000E-01,  1.000000000000E-01,
  1.000000000000E-01,  5.500000000000E-01,
  5.500000000000E-01, -1.000000000000E-01,
 -1.000000000000E-01, -5.500000000000E-01,
 -5.500000000000E-01,  1.250000000000E-01,
  1.250000000000E-01,  5.500000000000E-01,
  5.500000000000E-01, -1.250000000000E-01,
 -1.250000000000E-01, -5.500000000000E-01,
 -5.500000000000E-01,  1.500000000000E-01,
  1.500000000000E-01,  5.500000000000E-01,
  5.500000000000E-01, -1.500000000000E-01,
 -1.500000000000E-01, -5.500000000000E-01,
 -5.500000000000E-01,  1.750000000000E-01,
  1.750000000000E-01,  5.500000000000E-01,
  5.500000000000E-01, -1.750000000000E-01,
 -1.750000000000E-01, -5.500000000000E-01,
 -5.500000000000E-01,  2.000000000000E-01,
  2.000000000000E-01,  5.500000000000E-01,
  5.500000000000E-01, -2.000000000000E-01,
 -2.000000000000E-01, -5.500000000000E-01,
 -5.500000000000E-01,  2.250000000000E-01,
  2.250000000000E-01,  5.500000000000E-01,
  5.500000000000E-01, -2.250000000000E-01,
 -2.250000000000E-01, -5.500000000000E-01,
 -5.500000000000E-01,  2.500000000000E-01,
  2.500000000000E-01,  5.500000000000E-01,
  5.500000000000E-01, -2.500000000000E-01,
 -2.500000000000E-01, -5.500000000000E-01,
 -5.500000000000E-01,  2.750000000000E-01,
  2.750000000000E-01,  5.500000000000E-01,
  5.500000000000E-01, -2.750000000000E-01,
 -2.750000000000E-01, -5.500000000000E-01,
 -5.500000000000E-01,  3.000000000000E-01,
  3.000000000000E-01,  5.500000000000E-01,
  5.500000000000E-01, -3.000000000000E-01,
 -3.000000000000E-01, -5.500000000000E-01,
 -5.500000000000E-01,  3.250000000000E-01,
  3.250000000000E-01,  5.500000000000E-01,
  5.500000000000E-01, -3.250000000000E-01,
 -3.250000000000E-01, -5.500000000000E-01,
 -5.500000000000E-01,  3.500000000000E-01,
  3.500000000000E-01,  5.500000000000E-01,
  5.500000000000E-01, -3.500000000000E-01,
 -3.500000000000E-01, -5.500000000000E-01,
 -5.500000000000E-01,  3.750000000000E-01,
  3.750000000000E-01,  5.500000000000E-01,
  5.500000000000E-01, -3.750000000000E-01,
 -3.750000000000E-01, -5.500000000000E-01,
 -5.500000000000E-01,  4.000000000000E-01,
  4.000000000000E-01,  5.500000000000E-01,
  5.500000000000E-01, -4.000000000000E-01,
 -4.000000000000E-01, -5.500000000000E-01,
 -5.500000000000E-01,  4.250000000000E-01,
  4.250000000000E-01,  5.500000000000E-01,
  5.500000000000E-01, -4.250000000000E-01,
 -4.250000000000E-01, -5.500000000000E-01,
 -5.500000000000E-01,  4.500000000000E-01,
  4.500000000000E-01,  5.500000000000E-01,
  5.500000000000E-01, -4.500000000000E-01,
 -4.500000000000E-01, -5.500000000000E-01,
 -5.500000000000E-01,  4.750000000000E-01,
  4.750000000000E-01,  5.500000000000E-01,
  5.500000000000E-01, -4.750000000000E-01,
 -4.750000000000E-01, -5.500000000000E-01,
 -5.500000000000E-01,  5.000000000000E-01,
  5.000000000000E-01,  5.500000000000E-01,
  5.500000000000E-01, -5.000000000000E-01,
 -5.000000000000E-01, -5.500000000000E-01,
 -5.500000000000E-01,  5.250000000000E-01,
  5.250000000000E-01,  5.500000000000E-01,
  5.500000000000E-01, -5.250000000000E-01,
 -5.250000000000E-01, -5.500000000000E-01,
 -5.500000000000E-01,  5.500000000000E-01,
  5.500000000000E-01,  5.500000000000E-01,
  5.500000000000E-01, -5.500000000000E-01,
 -5.500000000000E-01, -5.500000000000E-01,
 -5.500000000000E-01,  5.750000000000E-01,
  5.750000000000E-01,  5.500000000000E-01,
  5.500000000000E-01, -5.750000000000E-01,
 -5.750000000000E-01, -5.500000000000E-01,
 -5.500000000000E-01,  6.000000000000E-01,
  6.000000000000E-01,  5.500000000000E-01,
  5.500000000000E-01, -6.000000000000E-01,
 -6.000000000000E-01, -5.500000000000E-01,
 -5.750000000000E-01, -5.000000000000E-01,
 -5.000000000000E-01,  5.750000000000E-01,
  5.750000000000E-01,  5.000000000000E-01,
  5.000000000000E-01, -5.750000000000E-01,
 -5.750000000000E-01, -4.750000000000E-01,
 -4.750000000000E-01,  5.750000000000E-01,
  5.750000000000E-01,  4.750000000000E-01,
  4.750000000000E-01, -5.750000000000E-01,
 -5.750000000000E-01, -4.500000000000E-01,
 -4.500000000000E-01,  5.750000000000E-01,
  5.750000000000E-01,  4.500000000000E-01,
  4.500000000000E-01, -5.750000000000E-01,
 -5.750000000000E-01, -4.250000000000E-01,
 -4.250000000000E-01,  5.750000000000E-01,
  5.750000000000E-01,  4.250000000000E-01,
  4.250000000000E-01, -5.750000000000E-01,
 -5.750000000000E-01, -4.000000000000E-01,
 -4.000000000000E-01,  5.750000000000E-01,
  5.750000000000E-01,  4.000000000000E-01,
  4.000000000000E-01, -5.750000000000E-01,
 -5.750000000000E-01, -3.750000000000E-01,
 -3.750000000000E-01,  5.750000000000E-01,
  5.750000000000E-01,  3.750000000000E-01,
  3.750000000000E-01, -5.750000000000E-01,
 -5.750000000000E-01, -3.500000000000E-01,
 -3.500000000000E-01,  5.750000000000E-01,
  5.750000000000E-01,  3.500000000000E-01,
  3.500000000000E-01, -5.750000000000E-01,
 -5.750000000000E-01, -3.250000000000E-01,
 -3.250000000000E-01,  5.750000000000E-01,
  5.750000000000E-01,  3.250000000000E-01,
  3.250000000000E-01, -5.750000000000E-01,
 -5.750000000000E-01, -3.000000000000E-01,
 -3.000000000000E-01,  5.750000000000E-01,
  5.750000000000E-01,  3.000000000000E-01,
  3.000000000000E-01, -5.750000000000E-01,
 -5.750000000000E-01, -2.750000000000E-01,
 -2.750000000000E-01,  5.750000000000E-01,
  5.750000000000E-01,  2.750000000000E-01,
  2.750000000000E-01, -5.750000000000E-01,
 -5.750000000000E-01, -2.500000000000E-01,
 -2.500000000000E-01,  5.750000000000E-01,
  5.750000000000E-01,  2.500000000000E-01,
  2.500000000000E-01, -5.750000000000E-01,
 -5.750000000000E-01, -2.250000000000E-01,
 -2.250000000000E-01,  5.750000000000E-01,
  5.750000000000E-01,  2.250000000000E-01,
  2.250000000000E-01, -5.750000000000E-01,
 -5.750000000000E-01, -2.000000000000E-01,
 -2.000000000000E-01,  5.750000000000E-01,
  5.750000000000E-01,  2.000000000000E-01,
  2.000000000000E-01, -5.750000000000E-01,
 -5.750000000000E-01, -1.750000000000E-01,
 -1.750000000000E-01,  5.750000000000E-01,
  5.750000000000E-01,  1.750000000000E-01,
  1.750000000000E-01, -5.750000000000E-01,
 -5.750000000000E-01, -1.500000000000E-01,
 -1.500000000000E-01,  5.750000000000E-01,
  5.750000000000E-01,  1.500000000000E-01,
  1.500000000000E-01, -5.750000000000E-01,
 -5.750000000000E-01, -1.250000000000E-01,
 -1.250000000000E-01,  5.750000000000E-01,
  5.750000000000E-01,  1.250000000000E-01,
  1.250000000000E-01, -5.750000000000E-01,
 -5.750000000000E-01, -1.000000000000E-01,
 -1.000000000000E-01,  5.750000000000E-01,
  5.750000000000E-01,  1.000000000000E-01,
  1.000000000000E-01, -5.750000000000E-01,
 -5.750000000000E-01, -7.500000000000E-02,
 -7.500000000000E-02,  5.750000000000E-01,
  5.750000000000E-01,  7.500000000000E-02,
  7.500000000000E-02, -5.750000000000E-01,
 -5.750000000000E-01, -5.000000000000E-02,
 -5.000000000000E-02,  5.750000000000E-01,
  5.750000000000E-01,  5.000000000000E-02,
  5.000000000000E-02, -5.750000000000E-01,
 -5.750000000000E-01, -2.500000000000E-02,
 -2.500000000000E-02,  5.750000000000E-01,
  5.750000000000E-01,  2.500000000000E-02,
  2.500000000000E-02, -5.750000000000E-01,
 -5.750000000000E-01,  0.000000000000E+00,
  0.000000000000E+00,  5.750000000000E-01,
  5.750000000000E-01,  0.000000000000E+00,
  0.000000000000E+00, -5.750000000000E-01,
 -5.750000000000E-01,  2.500000000000E-02,
  2.500000000000E-02,  5.750000000000E-01,
  5.750000000000E-01, -2.500000000000E-02,
 -2.500000000000E-02, -5.750000000000E-01,
 -5.750000000000E-01,  5.000000000000E-02,
  5.000000000000E-02,  5.750000000000E-01,
  5.750000000000E-01, -5.000000000000E-02,
 -5.000000000000E-02, -5.750000000000E-01,
 -5.750000000000E-01,  7.500000000000E-02,
  7.500000000000E-02,  5.750000000000E-01,
  5.750000000000E-01, -7.500000000000E-02,
 -7.500000000000E-02, -5.750000000000E-01,
 -5.750000000000E-01,  1.000000000000E-01,
  1.000000000000E-01,  5.750000000000E-01,
  5.750000000000E-01, -1.000000000000E-01,
 -1.000000000000E-01, -5.750000000000E-01,
 -5.750000000000E-01,  1.250000000000E-01,
  1.250000000000E-01,  5.750000000000E-01,
  5.750000000000E-01, -1.250000000000E-01,
 -1.250000000000E-01, -5.750000000000E-01,
 -5.750000000000E-01,  1.500000000000E-01,
  1.500000000000E-01,  5.750000000000E-01,
  5.750000000000E-01, -1.500000000000E-01,
 -1.500000000000E-01, -5.750000000000E-01,
 -5.750000000000E-01,  1.750000000000E-01,
  1.750000000000E-01,  5.750000000000E-01,
  5.750000000000E-01, -1.750000000000E-01,
 -1.750000000000E-01, -5.750000000000E-01,
 -5.750000000000E-01,  2.000000000000E-01,
  2.000000000000E-01,  5.750000000000E-01,
  5.750000000000E-01, -2.000000000000E-01,
 -2.000000000000E-01, -5.750000000000E-01,
 -5.750000000000E-01,  2.250000000000E-01,
  2.250000000000E-01,  5.750000000000E-01,
  5.750000000000E-01, -2.250000000000E-01,
 -2.250000000000E-01, -5.750000000000E-01,
 -5.750000000000E-01,  2.500000000000E-01,
  2.500000000000E-01,  5.750000000000E-01,
  5.750000000000E-01, -2.500000000000E-01,
 -2.500000000000E-01, -5.750000000000E-01,
 -5.750000000000E-01,  2.750000000000E-01,
  2.750000000000E-01,  5.750000000000E-01,
  5.750000000000E-01, -2.750000000000E-01,
 -2.750000000000E-01, -5.750000000000E-01,
 -5.750000000000E-01,  3.000000000000E-01,
  3.000000000000E-01,  5.750000000000E-01,
  5.750000000000E-01, -3.000000000000E-01,
 -3.000000000000E-01, -5.750000000000E-01,
 -5.750000000000E-01,  3.250000000000E-01,
  3.250000000000E-01,  5.750000000000E-01,
  5.750000000000E-01, -3.250000000000E-01,
 -3.250000000000E-01, -5.750000000000E-01,
 -5.750000000000E-01,  3.500000000000E-01,
  3.500000000000E-01,  5.750000000000E-01,
  5.750000000000E-01, -3.500000000000E-01,
 -3.500000000000E-01, -5.750000000000E-01,
 -5.750000000000E-01,  3.750000000000E-01,
  3.750000000000E-01,  5.750000000000E-01,
  5.750000000000E-01, -3.750000000000E-01,
 -3.750000000000E-01, -5.750000000000E-01,
 -5.750000000000E-01,  4.000000000000E-01,
  4.000000000000E-01,  5.750000000000E-01,
  5.750000000000E-01, -4.000000000000E-01,
 -4.000000000000E-01, -5.750000000000E-01,
 -5.750000000000E-01,  4.250000000000E-01,
  4.250000000000E-01,  5.750000000000E-01,
  5.750000000000E-01, -4.250000000000E-01,
 -4.250000000000E-01, -5.750000000000E-01,
 -5.750000000000E-01,  4.500000000000E-01,
  4.500000000000E-01,  5.750000000000E-01,
  5.750000000000E-01, -4.500000000000E-01,
 -4.500000000000E-01, -5.750000000000E-01,
 -5.750000000000E-01,  4.750000000000E-01,
  4.750000000000E-01,  5.750000000000E-01,
  5.750000000000E-01, -4.750000000000E-01,
 -4.750000000000E-01, -5.750000000000E-01,
 -5.750000000000E-01,  5.000000000000E-01,
  5.000000000000E-01,  5.750000000000E-01,
  5.750000000000E-01, -5.000000000000E-01,
 -5.000000000000E-01, -5.750000000000E-01,
 -5.750000000000E-01,  5.250000000000E-01,
  5.250000000000E-01,  5.750000000000E-01,
  5.750000000000E-01, -5.250000000000E-01,
 -5.250000000000E-01, -5.750000000000E-01,
 -5.750000000000E-01,  5.500000000000E-01,
  5.500000000000E-01,  5.750000000000E-01,
  5.750000000000E-01, -5.500000000000E-01,
 -5.500000000000E-01, -5.750000000000E-01,
 -5.750000000000E-01,  5.750000000000E-01,
  5.750000000000E-01,  5.750000000000E-01,
  5.750000000000E-01, -5.750000000000E-01,
 -5.750000000000E-01, -5.750000000000E-01,
 -5.750000000000E-01,  6.000000000000E-01,
  6.000000000000E-01,  5.750000000000E-01,
  5.750000000000E-01, -6.000000000000E-01,
 -6.000000000000E-01, -5.750000000000E-01,
 -6.000000000000E-01, -5.000000000000E-01,
 -5.000000000000E-01,  6.000000000000E-01,
  6.000000000000E-01,  5.000000000000E-01,
  5.000000000000E-01, -6.000000000000E-01,
 -6.000000000000E-01, -4.750000000000E-01,
 -4.750000000000E-01,  6.000000000000E-01,
  6.000000000000E-01,  4.750000000000E-01,
  4.750000000000E-01, -6.000000000000E-01,
 -6.000000000000E-01, -4.500000000000E-01,
 -4.500000000000E-01,  6.000000000000E-01,
  6.000000000000E-01,  4.500000000000E-01,
  4.500000000000E-01, -6.000000000000E-01,
 -6.000000000000E-01, -4.250000000000E-01,
 -4.250000000000E-01,  6.000000000000E-01,
  6.000000000000E-01,  4.250000000000E-01,
  4.250000000000E-01, -6.000000000000E-01,
 -6.000000000000E-01, -4.000000000000E-01,
 -4.000000000000E-01,  6.000000000000E-01,
  6.000000000000E-01,  4.000000000000E-01,
  4.000000000000E-01, -6.000000000000E-01,
 -6.000000000000E-01, -3.750000000000E-01,
 -3.750000000000E-01,  6.000000000000E-01,
  6.000000000000E-01,  3.750000000000E-01,
  3.750000000000E-01, -6.000000000000E-01,
 -6.000000000000E-01, -3.500000000000E-01,
 -3.500000000000E-01,  6.000000000000E-01,
  6.000000000000E-01,  3.500000000000E-01,
  3.500000000000E-01, -6.000000000000E-01,
 -6.000000000000E-01, -3.250000000000E-01,
 -3.250000000000E-01,  6.000000000000E-01,
  6.000000000000E-01,  3.250000000000E-01,
  3.250000000000E-01, -6.000000000000E-01,
 -6.000000000000E-01, -3.000000000000E-01,
 -3.000000000000E-01,  6.000000000000E-01,
  6.000000000000E-01,  3.000000000000E-01,
  3.000000000000E-01, -6.000000000000E-01,
 -6.000000000000E-01, -2.750000000000E-01,
 -2.750000000000E-01,  6.000000000000E-01,
  6.000000000000E-01,  2.750000000000E-01,
  2.750000000000E-01, -6.000000000000E-01,
 -6.000000000000E-01, -2.500000000000E-01,
 -2.500000000000E-01,  6.000000000000E-01,
  6.000000000000E-01,  2.500000000000E-01,
  2.500000000000E-01, -6.000000000000E-01,
 -6.000000000000E-01, -2.250000000000E-01,
 -2.250000000000E-01,  6.000000000000E-01,
  6.000000000000E-01,  2.250000000000E-01,
  2.250000000000E-01, -6.000000000000E-01,
 -6.000000000000E-01, -2.000000000000E-01,
 -2.000000000000E-01,  6.000000000000E-01,
  6.000000000000E-01,  2.000000000000E-01,
  2.000000000000E-01, -6.000000000000E-01,
 -6.000000000000E-01, -1.750000000000E-01,
 -1.750000000000E-01,  6.000000000000E-01,
  6.000000000000E-01,  1.750000000000E-01,
  1.750000000000E-01, -6.000000000000E-01,
 -6.000000000000E-01, -1.500000000000E-01,
 -1.500000000000E-01,  6.000000000000E-01,
  6.000000000000E-01,  1.500000000000E-01,
  1.500000000000E-01, -6.000000000000E-01,
 -6.000000000000E-01, -1.250000000000E-01,
 -1.250000000000E-01,  6.000000000000E-01,
  6.000000000000E-01,  1.250000000000E-01,
  1.250000000000E-01, -6.000000000000E-01,
 -6.000000000000E-01, -1.000000000000E-01,
 -1.000000000000E-01,  6.000000000000E-01,
  6.000000000000E-01,  1.000000000000E-01,
  1.000000000000E-01, -6.000000000000E-01,
 -6.000000000000E-01, -7.500000000000E-02,
 -7.500000000000E-02,  6.000000000000E-01,
  6.000000000000E-01,  7.500000000000E-02,
  7.500000000000E-02, -6.000000000000E-01,
 -6.000000000000E-01, -5.000000000000E-02,
 -5.000000000000E-02,  6.000000000000E-01,
  6.000000000000E-01,  5.000000000000E-02,
  5.000000000000E-02, -6.000000000000E-01,
 -6.000000000000E-01, -2.500000000000E-02,
 -2.500000000000E-02,  6.000000000000E-01,
  6.000000000000E-01,  2.500000000000E-02,
  2.500000000000E-02, -6.000000000000E-01,
 -6.000000000000E-01,  0.000000000000E+00,
  0.000000000000E+00,  6.000000000000E-01,
  6.000000000000E-01,  0.000000000000E+00,
  0.000000000000E+00, -6.000000000000E-01,
 -6.000000000000E-01,  2.500000000000E-02,
  2.500000000000E-02,  6.000000000000E-01,
  6.000000000000E-01, -2.500000000000E-02,
 -2.500000000000E-02, -6.000000000000E-01,
 -6.000000000000E-01,  5.000000000000E-02,
  5.000000000000E-02,  6.000000000000E-01,
  6.000000000000E-01, -5.000000000000E-02,
 -5.000000000000E-02, -6.000000000000E-01,
 -6.000000000000E-01,  7.500000000000E-02,
  7.500000000000E-02,  6.000000000000E-01,
  6.000000000000E-01, -7.500000000000E-02,
 -7.500000000000E-02, -6.000000000000E-01,
 -6.000000000000E-01,  1.000000000000E-01,
  1.000000000000E-01,  6.000000000000E-01,
  6.000000000000E-01, -1.000000000000E-01,
 -1.000000000000E-01, -6.000000000000E-01,
 -6.000000000000E-01,  1.250000000000E-01,
  1.250000000000E-01,  6.000000000000E-01,
  6.000000000000E-01, -1.250000000000E-01,
 -1.250000000000E-01, -6.000000000000E-01,
 -6.000000000000E-01,  1.500000000000E-01,
  1.500000000000E-01,  6.000000000000E-01,
  6.000000000000E-01, -1.500000000000E-01,
 -1.500000000000E-01, -6.000000000000E-01,
 -6.000000000000E-01,  1.750000000000E-01,
  1.750000000000E-01,  6.000000000000E-01,
  6.000000000000E-01, -1.750000000000E-01,
 -1.750000000000E-01, -6.000000000000E-01,
 -6.000000000000E-01,  2.000000000000E-01,
  2.000000000000E-01,  6.000000000000E-01,
  6.000000000000E-01, -2.000000000000E-01,
 -2.000000000000E-01, -6.000000000000E-01,
 -6.000000000000E-01,  2.250000000000E-01,
  2.250000000000E-01,  6.000000000000E-01,
  6.000000000000E-01, -2.250000000000E-01,
 -2.250000000000E-01, -6.000000000000E-01,
 -6.000000000000E-01,  2.500000000000E-01,
  2.500000000000E-01,  6.000000000000E-01,
  6.000000000000E-01, -2.500000000000E-01,
 -2.500000000000E-01, -6.000000000000E-01,
 -6.000000000000E-01,  2.750000000000E-01,
  2.750000000000E-01,  6.000000000000E-01,
  6.000000000000E-01, -2.750000000000E-01,
 -2.750000000000E-01, -6.000000000000E-01,
 -6.000000000000E-01,  3.000000000000E-01,
  3.000000000000E-01,  6.000000000000E-01,
  6.000000000000E-01, -3.000000000000E-01,
 -3.000000000000E-01, -6.000000000000E-01,
 -6.000000000000E-01,  3.250000000000E-01,
  3.250000000000E-01,  6.000000000000E-01,
  6.000000000000E-01, -3.250000000000E-01,
 -3.250000000000E-01, -6.000000000000E-01,
 -6.000000000000E-01,  3.500000000000E-01,
  3.500000000000E-01,  6.000000000000E-01,
  6.000000000000E-01, -3.500000000000E-01,
 -3.500000000000E-01, -6.000000000000E-01,
 -6.000000000000E-01,  3.750000000000E-01,
  3.750000000000E-01,  6.000000000000E-01,
  6.000000000000E-01, -3.750000000000E-01,
 -3.750000000000E-01, -6.000000000000E-01,
 -6.000000000000E-01,  4.000000000000E-01,
  4.000000000000E-01,  6.000000000000E-01,
  6.000000000000E-01, -4.000000000000E-01,
 -4.000000000000E-01, -6.000000000000E-01,
 -6.000000000000E-01,  4.250000000000E-01,
  4.250000000000E-01,  6.000000000000E-01,
  6.000000000000E-01, -4.250000000000E-01,
 -4.250000000000E-01, -6.000000000000E-01,
 -6.000000000000E-01,  4.500000000000E-01,
  4.500000000000E-01,  6.000000000000E-01,
  6.000000000000E-01, -4.500000000000E-01,
 -4.500000000000E-01, -6.000000000000E-01,
 -6.000000000000E-01,  4.750000000000E-01,
  4.750000000000E-01,  6.000000000000E-01,
  6.000000000000E-01, -4.750000000000E-01,
 -4.750000000000E-01, -6.000000000000E-01,
 -6.000000000000E-01,  5.000000000000E-01,
  5.000000000000E-01,  6.000000000000E-01,
  6.000000000000E-01, -5.000000000000E-01,
 -5.000000000000E-01, -6.000000000000E-01,
 -6.000000000000E-01,  5.250000000000E-01,
  5.250000000000E-01,  6.000000000000E-01,
  6.000000000000E-01, -5.250000000000E-01,
 -5.250000000000E-01, -6.000000000000E-01,
 -6.000000000000E-01,  5.500000000000E-01,
  5.500000000000E-01,  6.000000000000E-01,
  6.000000000000E-01, -5.500000000000E-01,
 -5.500000000000E-01, -6.000000000000E-01,
 -6.000000000000E-01,  5.750000000000E-01,
  5.750000000000E-01,  6.000000000000E-01,
  6.000000000000E-01, -5.750000000000E-01,
 -5.750000000000E-01, -6.000000000000E-01,
 -6.000000000000E-01,  6.000000000000E-01,
  6.000000000000E-01,  6.000000000000E-01,
  6.000000000000E-01, -6.000000000000E-01,
 -6.000000000000E-01, -6.000000000000E-01,
